"EC_MEASURE";"FREQ";"GEO";"GEO_OBJECT";"OBS_STATUS_FR";"TIME_PERIOD";"OBS_VALUE"
"LVB";"M";"05";"DEP";"D";2023-12;90
"LVB";"M";"05";"DEP";"D";2023-02;94
"LVB";"A";"02";"DEP";"D";2018;5571
"LVB_CUMR";"A";"30";"DEP";"D";2020;590
"LVB";"M";"05";"DEP";"D";2024-07;100
"LVB";"M";"26";"DEP";"D";2024-09;409
"LVB";"A";"06";"DEP";"D";2020;11216
"LVB";"A";"30";"DEP";"D";2019;7484
"LVB";"M";"27";"DEP";"PROV";2025-04;407
"LVB";"A";"05";"DEP";"D";2018;1235
"LVB";"A";"2B";"DEP";"PROV";2025;1169
"LVB";"M";"01";"DEP";"D";2024-05;557
"LVB";"M";"26";"DEP";"D";2024-12;362
"LVB";"M";"03";"DEP";"D";2024-12;184
"LVB";"M";"05";"DEP";"D";2021-11;132
"LVB";"M";"30";"DEP";"D";2022-01;643
"LVB";"M";"38";"DEP";"PROV";2026-01;1020
"LVB";"M";"03";"DEP";"D";2022-03;199
"LVB";"M";"2A";"DEP";"D";2024-07;112
"LVB";"M";"41";"DEP";"PROV";2025-07;221
"LVB_CUMR";"A";"05";"DEP";"D";2020;100
"LVB";"M";"2B";"DEP";"D";2021-11;141
"LVB";"M";"02";"DEP";"D";2023-03;449
"LVB";"M";"39";"DEP";"D";2024-10;170
"LVB";"M";"2B";"DEP";"D";2022-01;120
"LVB_CUMR";"A";"23";"DEP";"PROV";2025;64
"LVB";"A";"02";"DEP";"D";2021;5348
"LVB";"M";"08";"DEP";"D";2021-04;200
"LVB";"M";"38";"DEP";"D";2023-06;1046
"LVB_CUMR";"A";"29";"DEP";"D";2016;724
"LVB";"M";"23";"DEP";"D";2022-12;56
"LVB";"A";"37";"DEP";"D";2022;5848
"LVB";"M";"11";"DEP";"D";2023-12;246
"LVB";"A";"04";"DEP";"D";2017;1447
"LVB";"M";"26";"DEP";"D";2024-08;397
"LVB";"M";"25";"DEP";"D";2022-10;403
"LVB";"M";"41";"DEP";"D";2022-03;235
"LVB_CUMR";"A";"28";"DEP";"PROV";2026;363
"LVB";"M";"10";"DEP";"D";2024-09;205
"LVB";"M";"03";"DEP";"D";2021-06;209
"LVB";"M";"23";"DEP";"D";2021-03;72
"LVB";"M";"29";"DEP";"D";2021-11;710
"LVB";"M";"39";"DEP";"D";2022-02;185
"LVB";"M";"09";"DEP";"D";2021-07;121
"LVB_CUMR";"A";"06";"DEP";"PROV";2025;929
"LVB_CUMR";"A";"22";"DEP";"D";2020;409
"LVB";"A";"27";"DEP";"D";2020;6181
"LVB";"M";"06";"DEP";"D";2024-07;871
"LVB";"M";"11";"DEP";"D";2022-02;241
"LVB";"M";"38";"DEP";"D";2022-10;1142
"LVB_CUMR";"A";"26";"DEP";"D";2024;401
"LVB";"M";"22";"DEP";"PROV";2025-04;365
"LVB";"M";"03";"DEP";"PROV";2025-05;211
"LVB";"M";"07";"DEP";"D";2024-04;183
"LVB";"M";"28";"DEP";"D";2021-01;337
"LVB";"M";"42";"DEP";"D";2023-04;564
"LVB";"A";"05";"DEP";"D";2024;1122
"LVB";"M";"23";"DEP";"PROV";2025-01;64
"LVB";"A";"12";"DEP";"PROV";2025;1862
"LVB";"M";"37";"DEP";"D";2021-07;559
"LVB_CUMR";"A";"26";"DEP";"D";2023;382
"LVB";"M";"06";"DEP";"D";2022-11;922
"LVB";"M";"23";"DEP";"D";2024-02;40
"LVB";"M";"07";"DEP";"D";2023-01;227
"LVB";"M";"39";"DEP";"D";2023-05;177
"LVB";"M";"25";"DEP";"D";2023-07;494
"LVB";"M";"03";"DEP";"D";2023-10;216
"LVB";"M";"2A";"DEP";"D";2022-09;128
"LVB";"M";"10";"DEP";"D";2022-09;275
"LVB";"M";"40";"DEP";"D";2024-10;270
"LVB";"M";"22";"DEP";"D";2022-11;379
"LVB";"M";"01";"DEP";"D";2022-05;559
"LVB";"A";"07";"DEP";"D";2021;2890
"LVB";"M";"28";"DEP";"D";2024-11;299
"LVB";"M";"27";"DEP";"D";2023-01;480
"LVB";"M";"22";"DEP";"D";2021-09;485
"LVB";"A";"37";"DEP";"D";2016;6400
"LVB";"M";"02";"DEP";"D";2023-08;453
"LVB";"M";"09";"DEP";"D";2022-09;94
"LVB";"A";"2A";"DEP";"PROV";2025;1125
"LVB";"M";"05";"DEP";"D";2023-07;96
"LVB";"M";"21";"DEP";"PROV";2025-07;380
"LVB";"M";"12";"DEP";"D";2023-07;171
"LVB";"A";"39";"DEP";"D";2019;2364
"LVB";"A";"19";"DEP";"D";2023;1690
"LVB";"M";"26";"DEP";"PROV";2025-03;361
"LVB_CUMR";"A";"07";"DEP";"D";2019;260
"LVB";"M";"21";"DEP";"D";2023-10;410
"LVB";"A";"17";"DEP";"D";2023;4628
"LVB_CUMR";"A";"37";"DEP";"D";2020;493
"LVB";"M";"16";"DEP";"D";2023-09;234
"LVB";"M";"02";"DEP";"D";2022-07;498
"LVB";"M";"12";"DEP";"D";2021-07;215
"LVB";"M";"69";"DEP";"D";2021-04;1975
"LVB";"M";"95";"DEP";"D";2023-08;1537
"LVB";"M";"973";"DEP";"D";2022-07;616
"LVB";"M";"23";"DEP";"PROV";2025-09;50
"LVB";"M";"29";"DEP";"PROV";2025-11;557
"LVB";"A";"68";"DEP";"D";2019;7705
"LVB";"M";"79";"DEP";"D";2023-07;302
"LVB";"M";"01";"DEP";"D";2024-11;533
"LVB";"M";"38";"DEP";"D";2021-04;1128
"LVB_CUMR";"A";"13";"DEP";"D";2019;2104
"LVB";"M";"18";"DEP";"D";2023-09;205
"LVB";"A";"973";"DEP";"PROV";2025;6627
"LVB";"M";"91";"DEP";"PROV";2025-03;1440
"LVB";"M";"41";"DEP";"D";2024-04;225
"LVB";"M";"84";"DEP";"D";2022-07;531
"LVB";"M";"69";"DEP";"D";2024-05;1821
"LVB";"M";"26";"DEP";"D";2022-11;413
"LVB_CUMR";"A";"21";"DEP";"D";2018;419
"LVB";"M";"02";"DEP";"D";2021-05;434
"LVB_CUMR";"A";"972";"DEP";"PROV";2025;250
"LVB";"M";"10";"DEP";"D";2021-01;225
"LVB";"M";"82";"DEP";"PROV";2025-10;179
"LVB";"M";"15";"DEP";"D";2022-06;99
"LVB_CUMR";"A";"94";"DEP";"D";2018;1695
"LVB";"M";"36";"DEP";"PROV";2025-10;116
"LVB";"M";"23";"DEP";"D";2023-02;61
"LVB";"M";"70";"DEP";"PROV";2025-06;159
"LVB_CUMR";"A";"84";"DEP";"D";2023;486
"LVB";"A";"972";"DEP";"PROV";2025;2921
"LVB";"M";"12";"DEP";"D";2022-09;175
"LVB";"M";"28";"DEP";"D";2024-01;348
"LVB";"M";"37";"DEP";"D";2022-03;483
"LVB";"A";"01";"DEP";"D";2021;7022
"LVB";"M";"15";"DEP";"D";2024-07;75
"LVB";"M";"11";"DEP";"D";2024-09;242
"LVB";"M";"21";"DEP";"D";2021-10;442
"LVB";"M";"94";"DEP";"PROV";2025-07;1522
"LVB";"M";"67";"DEP";"D";2024-11;836
"LVB_CUMR";"A";"85";"DEP";"D";2020;490
"LVB";"M";"03";"DEP";"PROV";2025-09;192
"LVB";"A";"29";"DEP";"D";2016;8419
"LVB";"M";"93";"DEP";"D";2021-11;2266
"LVB_MEAN1";"M";"F";"FRANCE";"PROV";2025-04;1724
"LVB";"M";"36";"DEP";"D";2024-08;139
"LVB";"M";"18";"DEP";"D";2022-06;229
"LVB_CUMR";"A";"26";"DEP";"D";2021;385
"LVB";"M";"12";"DEP";"D";2023-02;151
"LVB";"M";"68";"DEP";"PROV";2026-01;497
"LVB";"M";"26";"DEP";"PROV";2025-09;369
"LVB";"M";"80";"DEP";"D";2023-12;430
"LVB";"M";"22";"DEP";"D";2023-04;365
"LVB_CUMR";"A";"15";"DEP";"D";2023;68
"LVB_CUMR";"A";"974";"DEP";"D";2019;1140
"LVB";"M";"02";"DEP";"D";2024-01;384
"LVB";"M";"38";"DEP";"PROV";2025-04;940
"LVB";"M";"95";"DEP";"D";2022-02;1421
"LVB";"M";"08";"DEP";"D";2021-02;184
"LVB";"M";"70";"DEP";"D";2021-09;160
"LVB";"M";"973";"DEP";"D";2022-06;553
"LVB";"M";"81";"DEP";"D";2021-04;265
"LVB";"M";"25";"DEP";"PROV";2025-10;424
"LVB";"M";"29";"DEP";"D";2022-08;684
"LVB_CUMR";"A";"07";"DEP";"D";2016;247
"LVB";"M";"40";"DEP";"D";2021-04;260
"LVB";"M";"17";"DEP";"D";2022-08;457
"LVB";"M";"08";"DEP";"D";2022-06;219
"LVB";"M";"71";"DEP";"D";2021-04;392
"LVB";"M";"93";"DEP";"D";2023-12;2170
"LVB";"A";"974";"DEP";"D";2017;13708
"LVB_CUMR";"A";"79";"DEP";"D";2023;258
"LVB";"M";"21";"DEP";"PROV";2025-11;352
"LVB";"M";"36";"DEP";"D";2024-05;121
"LVB";"M";"70";"DEP";"D";2022-11;165
"LVB";"M";"22";"DEP";"D";2021-11;446
"LVB";"M";"28";"DEP";"D";2023-11;337
"LVB";"A";"02";"DEP";"D";2024;4696
"LVB";"M";"14";"DEP";"D";2024-11;456
"LVB";"M";"07";"DEP";"D";2021-10;271
"LVB_CUMR";"A";"972";"DEP";"D";2023;319
"LVB";"M";"70";"DEP";"D";2024-09;146
"LVB";"A";"99";"OTHER";"D";2020;1339
"LVB";"M";"79";"DEP";"D";2022-01;297
"LVB";"A";"16";"DEP";"D";2021;2984
"LVB";"M";"94";"DEP";"D";2024-09;1480
"LVB";"M";"22";"DEP";"D";2024-10;405
"LVB";"M";"39";"DEP";"D";2021-09;198
"LVB_CUMR";"A";"04";"DEP";"D";2019;127
"LVB";"M";"2A";"DEP";"PROV";2025-09;121
"LVB";"M";"23";"DEP";"D";2021-12;76
"LVB";"M";"71";"DEP";"D";2023-12;363
"LVB";"M";"11";"DEP";"D";2022-03;247
"LVB";"M";"18";"DEP";"D";2024-08;198
"LVB";"M";"F";"FRANCE";"D";2021-11;63232
"LVB";"M";"83";"DEP";"D";2021-11;936
"LVB";"M";"93";"DEP";"D";2023-08;2166
"LVB";"M";"01";"DEP";"D";2024-07;530
"LVB";"M";"41";"DEP";"D";2021-04;263
"LVB";"M";"2B";"DEP";"D";2022-08;105
"LVB";"M";"19";"DEP";"D";2024-12;131
"LVB";"M";"72";"DEP";"D";2021-04;432
"LVB_CUMR";"A";"16";"DEP";"PROV";2025;194
"LVB";"M";"12";"DEP";"PROV";2025-01;153
"LVB";"M";"F";"FRANCE";"D";2022-06;61596
"LVB";"M";"94";"DEP";"D";2023-08;1495
"LVB";"M";"80";"DEP";"D";2024-09;439
"LVB";"M";"37";"DEP";"PROV";2025-02;427
"LVB";"M";"68";"DEP";"PROV";2025-10;545
"LVB";"M";"06";"DEP";"PROV";2025-07;891
"LVB_CUMR";"A";"19";"DEP";"D";2024;165
"LVB";"M";"974";"DEP";"PROV";2025-01;997
"LVB";"M";"2A";"DEP";"PROV";2025-03;93
"LVB";"M";"24";"DEP";"D";2022-07;253
"LVB";"A";"94";"DEP";"D";2021;19280
"LVB";"M";"14";"DEP";"D";2024-10;509
"LVB";"M";"08";"DEP";"PROV";2025-04;144
"LVB_CUMR";"A";"42";"DEP";"D";2018;686
"LVB";"A";"01";"DEP";"D";2020;6806
"LVB_CUMR";"A";"99";"OTHER";"D";2017;174
"LVB";"M";"84";"DEP";"D";2023-07;458
"LVB_CUMR";"A";"69";"DEP";"D";2016;2168
"LVB";"A";"976";"DEP";"D";2020;9184
"LVB";"A";"08";"DEP";"D";2016;2747
"LVB";"M";"93";"DEP";"D";2024-09;2087
"LVB";"A";"16";"DEP";"D";2023;2833
"LVB";"M";"28";"DEP";"D";2023-10;376
"LVB";"M";"22";"DEP";"D";2024-01;371
"LVB";"M";"40";"DEP";"D";2023-04;240
"LVB";"M";"04";"DEP";"D";2021-10;133
"LVB";"M";"99";"OTHER";"D";2023-01;108
"LVB";"M";"91";"DEP";"PROV";2025-04;1340
"LVB";"M";"67";"DEP";"D";2021-11;942
"LVB";"M";"82";"DEP";"D";2024-12;175
"LVB";"M";"68";"DEP";"D";2021-04;606
"LVB";"A";"18";"DEP";"D";2020;2601
"LVB";"M";"2A";"DEP";"D";2021-02;85
"LVB";"M";"08";"DEP";"D";2021-06;229
"LVB";"A";"24";"DEP";"D";2021;3073
"LVB_CUMR";"A";"36";"DEP";"D";2024;132
"LVB";"M";"83";"DEP";"D";2024-07;814
"LVB";"M";"92";"DEP";"D";2023-05;1661
"LVB_CUMR";"A";"976";"DEP";"D";2020;654
"LVB";"M";"04";"DEP";"D";2024-11;98
"LVB";"M";"71";"DEP";"D";2023-01;379
"LVB";"M";"13";"DEP";"D";2023-05;1841
"LVB";"M";"18";"DEP";"D";2021-11;221
"LVB_CUMR";"A";"23";"DEP";"D";2018;62
"LVB";"A";"93";"DEP";"D";2017;28951
"LVB_CUMR";"A";"07";"DEP";"D";2020;210
"LVB_CUMR";"A";"19";"DEP";"D";2020;162
"LVB";"A";"38";"DEP";"PROV";2025;11855
"LVB";"M";"30";"DEP";"D";2021-11;655
"LVB";"M";"81";"DEP";"D";2024-05;264
"LVB";"M";"68";"DEP";"PROV";2025-02;525
"LVB";"A";"05";"DEP";"D";2021;1282
"LVB";"M";"15";"DEP";"PROV";2025-10;61
"LVB";"M";"F";"FRANCE";"D";2022-09;60181
"LVB_CUMR";"A";"17";"DEP";"D";2017;397
"LVB_CUMR";"A";"02";"DEP";"D";2019;491
"LVB";"M";"95";"DEP";"D";2021-10;1712
"LVB";"M";"38";"DEP";"D";2024-05;1049
"LVB";"M";"24";"DEP";"D";2021-05;260
"LVB";"M";"07";"DEP";"D";2021-07;264
"LVB";"M";"81";"DEP";"D";2021-03;284
"LVB";"M";"99";"OTHER";"PROV";2025-05;65
"LVB";"M";"68";"DEP";"D";2021-09;616
"LVB";"M";"16";"DEP";"D";2023-05;252
"LVB";"M";"2A";"DEP";"PROV";2025-05;70
"LVB";"M";"05";"DEP";"PROV";2025-03;93
"LVB_MEAN1";"M";"F";"FRANCE";"D";2021-03;1982
"LVB";"A";"15";"DEP";"D";2021;1039
"LVB";"M";"25";"DEP";"PROV";2025-01;377
"LVB_CUMR";"A";"93";"DEP";"D";2021;1774
"LVB";"A";"40";"DEP";"D";2017;3390
"LVB";"M";"12";"DEP";"D";2024-02;165
"LVB";"M";"82";"DEP";"D";2023-10;179
"LVB";"M";"71";"DEP";"D";2024-08;357
"LVB";"A";"19";"DEP";"D";2024;1614
"LVB";"M";"93";"DEP";"D";2023-11;2214
"LVB";"M";"27";"DEP";"PROV";2026-01;428
"LVB_CUMR";"A";"16";"DEP";"D";2019;248
"LVB";"M";"976";"DEP";"PROV";2025-02;742
"LVB";"M";"06";"DEP";"D";2021-06;887
"LVB";"M";"04";"DEP";"PROV";2025-11;107
"LVB";"A";"42";"DEP";"D";2024;7304
"LVB";"M";"68";"DEP";"D";2023-07;565
"LVB";"M";"79";"DEP";"D";2022-12;243
"LVB";"M";"23";"DEP";"D";2023-07;56
"LVB_CUMR";"A";"12";"DEP";"D";2024;160
"LVB";"M";"14";"DEP";"D";2022-03;568
"LVB";"M";"83";"DEP";"D";2021-06;830
"LVB";"M";"93";"DEP";"D";2021-02;1926
"LVB";"A";"974";"DEP";"PROV";2025;11790
"LVB";"M";"03";"DEP";"D";2023-02;194
"LVB";"M";"29";"DEP";"D";2024-10;605
"LVB";"M";"69";"DEP";"D";2023-04;1691
"LVB";"M";"36";"DEP";"PROV";2025-06;138
"LVB";"M";"11";"DEP";"D";2023-08;255
"LVB";"M";"18";"DEP";"D";2021-07;252
"LVB";"M";"83";"DEP";"D";2022-02;829
"LVB";"M";"05";"DEP";"D";2024-12;86
"LVB";"M";"23";"DEP";"D";2022-09;54
"LVB";"M";"F";"FRANCE";"D";2024-09;55232
"LVB";"M";"72";"DEP";"D";2024-10;437
"LVB";"M";"92";"DEP";"PROV";2025-05;1653
"LVB_CUMR";"A";"2B";"DEP";"D";2020;124
"LVB";"M";"40";"DEP";"D";2024-04;252
"LVB";"M";"F";"FRANCE";"D";2022-04;57666
"LVB";"M";"07";"DEP";"D";2024-08;217
"LVB";"M";"972";"DEP";"D";2021-05;248
"LVB";"M";"39";"DEP";"D";2021-11;199
"LVB";"M";"13";"DEP";"D";2024-01;1945
"LVB";"M";"81";"DEP";"D";2022-12;282
"LVB";"M";"23";"DEP";"D";2024-07;63
"LVB";"M";"69";"DEP";"D";2022-07;2079
"LVB";"M";"06";"DEP";"D";2024-04;736
"LVB";"M";"F";"FRANCE";"D";2023-07;59250
"LVB";"M";"2B";"DEP";"D";2023-11;98
"LVB";"M";"39";"DEP";"D";2024-08;166
"LVB_CUMR";"A";"10";"DEP";"D";2023;247
"LVB";"M";"93";"DEP";"PROV";2025-11;1927
"LVB";"M";"13";"DEP";"D";2022-09;2085
"LVB";"A";"70";"DEP";"D";2019;2044
"LVB";"M";"93";"DEP";"D";2022-07;2304
"LVB";"M";"84";"DEP";"D";2021-10;536
"LVB";"M";"22";"DEP";"D";2024-04;400
"LVB";"M";"05";"DEP";"D";2021-04;101
"LVB";"M";"67";"DEP";"PROV";2025-04;771
"LVB";"M";"F";"FRANCE";"PROV";2025-07;57262
"LVB";"M";"28";"DEP";"D";2021-04;414
"LVB";"M";"F";"FRANCE";"D";2023-02;52667
"LVB";"M";"36";"DEP";"PROV";2025-11;135
"LVB";"A";"12";"DEP";"D";2024;1869
"LVB";"M";"85";"DEP";"D";2022-02;436
"LVB";"M";"13";"DEP";"D";2022-07;2286
"LVB";"M";"93";"DEP";"D";2024-06;2012
"LVB";"M";"71";"DEP";"D";2022-06;380
"LVB";"M";"24";"DEP";"D";2021-02;205
"LVB_MEAN1";"M";"F";"FRANCE";"PROV";2026-01;1751
"LVB";"M";"2A";"DEP";"PROV";2025-01;87
"LVB";"M";"01";"DEP";"PROV";2025-07;572
"LVB";"M";"38";"DEP";"D";2024-11;985
"LVB";"A";"09";"DEP";"D";2020;1196
"LVB";"M";"972";"DEP";"D";2021-03;256
"LVB";"M";"80";"DEP";"PROV";2025-04;426
"LVB";"M";"16";"DEP";"D";2022-08;262
"LVB";"A";"92";"DEP";"D";2022;20475
"LVB";"M";"70";"DEP";"D";2023-01;152
"LVB_CUMR";"A";"40";"DEP";"D";2024;263
"LVB";"M";"27";"DEP";"D";2023-08;520
"LVB";"M";"21";"DEP";"D";2024-02;330
"LVB";"M";"69";"DEP";"D";2024-12;1756
"LVB";"A";"99";"OTHER";"D";2024;1056
"LVB";"M";"82";"DEP";"D";2023-06;204
"LVB";"M";"08";"DEP";"PROV";2025-10;170
"LVB";"M";"05";"DEP";"D";2023-01;97
"LVB";"A";"94";"DEP";"D";2023;17682
"LVB";"M";"13";"DEP";"D";2021-05;2003
"LVB";"M";"84";"DEP";"D";2023-06;454
"LVB";"M";"95";"DEP";"D";2021-01;1357
"LVB";"M";"99";"OTHER";"D";2022-04;97
"LVB";"M";"41";"DEP";"PROV";2026-01;220
"LVB_CUMR";"A";"70";"DEP";"D";2021;145
"LVB";"A";"05";"DEP";"D";2019;1221
"LVB";"M";"23";"DEP";"PROV";2025-07;61
"LVB";"M";"971";"DEP";"D";2024-08;316
"LVB";"M";"2A";"DEP";"D";2021-12;121
"LVB";"A";"17";"DEP";"D";2016;5474
"LVB";"M";"79";"DEP";"D";2023-12;248
"LVB";"M";"11";"DEP";"D";2022-08;278
"LVB";"M";"974";"DEP";"D";2024-05;1043
"LVB";"A";"04";"DEP";"D";2018;1395
"LVB";"M";"67";"DEP";"D";2023-07;872
"LVB";"M";"93";"DEP";"PROV";2025-12;2082
"LVB";"M";"41";"DEP";"D";2023-04;198
"LVB_CUMR";"A";"81";"DEP";"PROV";2025;263
"LVB_CUMR";"A";"21";"DEP";"D";2016;458
"LVB";"M";"17";"DEP";"D";2022-05;420
"LVB";"M";"30";"DEP";"D";2022-07;656
"LVB_CUMR";"A";"82";"DEP";"D";2019;214
"LVB";"M";"99";"OTHER";"D";2022-03;81
"LVB";"M";"07";"DEP";"D";2024-11;176
"LVB";"M";"72";"DEP";"D";2021-07;497
"LVB";"M";"23";"DEP";"D";2024-11;65
"LVB_CUMR";"A";"06";"DEP";"D";2017;1009
"LVB";"A";"971";"DEP";"D";2017;4126
"LVB";"M";"18";"DEP";"D";2022-03;222
"LVB";"A";"40";"DEP";"D";2022;3602
"LVB_CUMR";"A";"82";"DEP";"D";2020;231
"LVB";"A";"29";"DEP";"D";2018;8095
"LVB";"M";"13";"DEP";"PROV";2026-01;1876
"LVB";"M";"973";"DEP";"D";2022-09;699
"LVB";"M";"68";"DEP";"D";2022-01;614
"LVB";"M";"95";"DEP";"PROV";2025-06;1432
"LVB";"M";"12";"DEP";"D";2022-05;180
"LVB";"A";"24";"DEP";"D";2022;3073
"LVB";"M";"24";"DEP";"PROV";2026-01;229
"LVB_CUMR";"A";"99";"OTHER";"D";2020;137
"LVB";"M";"04";"DEP";"D";2021-12;111
"LVB";"M";"83";"DEP";"PROV";2025-04;678
"LVB";"A";"37";"DEP";"D";2024;5423
"LVB";"M";"13";"DEP";"D";2024-02;1740
"LVB_CUMR";"A";"972";"DEP";"D";2017;264
"LVB";"M";"2A";"DEP";"D";2024-11;106
"LVB";"M";"973";"DEP";"D";2023-07;605
"LVB";"M";"68";"DEP";"D";2024-12;531
"LVB";"M";"23";"DEP";"PROV";2025-04;61
"LVB";"M";"10";"DEP";"D";2021-07;277
"LVB";"M";"84";"DEP";"PROV";2025-06;392
"LVB_CUMR";"A";"92";"DEP";"D";2019;1888
"LVB";"M";"05";"DEP";"PROV";2025-08;86
"LVB";"M";"36";"DEP";"D";2024-07;129
"LVB";"M";"976";"DEP";"D";2021-11;742
"LVB";"M";"67";"DEP";"D";2021-04;983
"LVB_CUMR";"A";"18";"DEP";"D";2024;205
"LVB";"M";"2B";"DEP";"D";2023-06;118
"LVB_CUMR";"A";"22";"DEP";"D";2022;421
"LVB";"M";"09";"DEP";"D";2023-10;103
"LVB";"M";"28";"DEP";"D";2021-07;340
"LVB";"M";"81";"DEP";"D";2024-04;203
"LVB";"M";"971";"DEP";"D";2023-10;370
"LVB";"M";"40";"DEP";"PROV";2025-03;227
"LVB";"M";"974";"DEP";"D";2023-09;1061
"LVB";"M";"06";"DEP";"D";2024-01;843
"LVB";"A";"83";"DEP";"D";2020;10282
"LVB";"M";"17";"DEP";"D";2021-10;462
"LVB_CUMR";"A";"72";"DEP";"D";2016;528
"LVB";"M";"81";"DEP";"D";2022-04;281
"LVB";"A";"22";"DEP";"D";2024;4599
"LVB";"M";"11";"DEP";"PROV";2025-05;201
"LVB";"M";"26";"DEP";"D";2023-01;382
"LVB";"M";"37";"DEP";"D";2024-04;437
"LVB";"M";"71";"DEP";"PROV";2025-11;338
"LVB";"M";"972";"DEP";"D";2021-04;249
"LVB_MEAN1";"M";"F";"FRANCE";"D";2021-08;2122
"LVB_CUMR";"A";"04";"DEP";"D";2022;106
"LVB";"M";"13";"DEP";"D";2023-08;1956
"LVB";"A";"85";"DEP";"D";2022;5896
"LVB";"M";"11";"DEP";"D";2024-01;235
"LVB";"A";"19";"DEP";"D";2021;1863
"LVB";"M";"23";"DEP";"D";2023-03;63
"LVB";"M";"971";"DEP";"D";2024-12;319
"LVB";"M";"36";"DEP";"PROV";2025-08;116
"LVB_CUMR";"A";"27";"DEP";"D";2024;460
"LVB";"M";"67";"DEP";"D";2021-01;830
"LVB_CUMR";"A";"974";"DEP";"D";2023;1034
"LVB";"M";"80";"DEP";"PROV";2025-09;417
"LVB";"M";"05";"DEP";"D";2023-05;93
"LVB_CUMR";"A";"19";"DEP";"D";2019;185
"LVB";"M";"30";"DEP";"D";2021-07;676
"LVB";"M";"11";"DEP";"PROV";2025-09;212
"LVB";"M";"91";"DEP";"D";2023-08;1468
"LVB";"A";"25";"DEP";"D";2016;6344
"LVB_CUMR";"A";"41";"DEP";"D";2023;238
"LVB";"M";"82";"DEP";"D";2024-06;189
"LVB";"M";"99";"OTHER";"PROV";2025-06;89
"LVB";"M";"69";"DEP";"D";2021-01;1702
"LVB";"M";"06";"DEP";"D";2024-02;743
"LVB";"A";"94";"DEP";"D";2018;20368
"LVB";"M";"10";"DEP";"D";2024-02;225
"LVB";"M";"17";"DEP";"D";2021-08;494
"LVB";"M";"23";"DEP";"D";2022-11;67
"LVB";"M";"2A";"DEP";"D";2023-01;106
"LVB";"A";"42";"DEP";"D";2023;7326
"LVB";"M";"83";"DEP";"D";2021-10;998
"LVB";"M";"F";"FRANCE";"D";2023-12;55454
"LVB";"M";"95";"DEP";"D";2024-05;1482
"LVB";"M";"69";"DEP";"D";2021-05;2045
"LVB";"M";"02";"DEP";"D";2023-07;478
"LVB";"M";"10";"DEP";"D";2023-07;264
"LVB";"M";"14";"DEP";"D";2021-09;590
"LVB";"M";"974";"DEP";"D";2023-12;1004
"LVB_CUMR";"A";"27";"DEP";"D";2022;545
"LVB";"M";"38";"DEP";"PROV";2025-09;950
"LVB";"M";"18";"DEP";"PROV";2025-10;227
"LVB";"A";"24";"DEP";"PROV";2025;2646
"LVB";"M";"83";"DEP";"D";2022-05;872
"LVB";"M";"71";"DEP";"D";2021-10;415
"LVB";"M";"93";"DEP";"D";2023-04;1926
"LVB";"M";"12";"DEP";"D";2024-06;141
"LVB";"M";"95";"DEP";"D";2023-03;1488
"LVB";"M";"F";"FRANCE";"D";2024-12;54025
"LVB";"M";"36";"DEP";"PROV";2025-01;137
"LVB";"M";"68";"DEP";"PROV";2025-11;498
"LVB";"M";"02";"DEP";"D";2024-06;373
"LVB";"M";"15";"DEP";"PROV";2025-04;79
"LVB";"M";"21";"DEP";"D";2023-01;357
"LVB";"M";"85";"DEP";"D";2021-09;515
"LVB";"M";"27";"DEP";"D";2023-09;426
"LVB";"M";"99";"OTHER";"D";2023-03;85
"LVB";"M";"92";"DEP";"D";2021-01;1472
"LVB";"M";"82";"DEP";"D";2022-02;190
"LVB";"M";"18";"DEP";"D";2024-10;203
"LVB";"M";"37";"DEP";"D";2021-05;469
"LVB";"M";"12";"DEP";"D";2022-04;160
"LVB";"M";"71";"DEP";"PROV";2026-01;362
"LVB";"A";"04";"DEP";"PROV";2025;1269
"LVB_CUMR";"A";"21";"DEP";"PROV";2026;342
"LVB";"M";"13";"DEP";"D";2021-03;2019
"LVB";"A";"27";"DEP";"PROV";2025;5249
"LVB";"M";"972";"DEP";"D";2024-07;246
"LVB";"M";"14";"DEP";"D";2022-07;537
"LVB_CUMR";"A";"92";"DEP";"D";2022;1622
"LVB";"M";"80";"DEP";"D";2023-05;482
"LVB";"M";"07";"DEP";"D";2023-08;201
"LVB";"A";"39";"DEP";"D";2024;1895
"LVB";"M";"05";"DEP";"D";2022-05;111
"LVB";"M";"67";"DEP";"D";2023-02;827
"LVB";"M";"976";"DEP";"D";2024-12;533
"LVB";"M";"83";"DEP";"D";2022-11;905
"LVB";"M";"29";"DEP";"D";2024-07;656
"LVB";"M";"26";"DEP";"D";2022-03;448
"LVB";"M";"13";"DEP";"PROV";2025-03;1812
"LVB";"A";"06";"DEP";"D";2023;10380
"LVB_CUMR";"A";"94";"DEP";"D";2021;1369
"LVB";"M";"09";"DEP";"D";2023-05;99
"LVB";"M";"18";"DEP";"D";2024-02;202
"LVB";"M";"973";"DEP";"D";2024-05;550
"LVB";"M";"40";"DEP";"D";2023-12;300
"LVB";"A";"71";"DEP";"D";2017;4949
"LVB";"A";"85";"DEP";"D";2018;6106
"LVB";"M";"91";"DEP";"PROV";2025-07;1423
"LVB";"M";"29";"DEP";"D";2024-03;614
"LVB";"M";"25";"DEP";"D";2022-08;464
"LVB";"A";"15";"DEP";"D";2022;1033
"LVB_CUMR";"A";"974";"DEP";"PROV";2025;997
"LVB";"M";"04";"DEP";"PROV";2025-02;102
"LVB";"M";"10";"DEP";"D";2022-04;249
"LVB";"M";"38";"DEP";"D";2023-05;1053
"LVB";"M";"94";"DEP";"D";2024-01;1490
"LVB";"M";"84";"DEP";"D";2022-09;497
"LVB_CUMR";"A";"70";"DEP";"D";2024;183
"LVB";"M";"26";"DEP";"D";2023-07;429
"LVB_CUMR";"A";"16";"DEP";"D";2023;237
"LVB_CUMR";"A";"40";"DEP";"PROV";2026;249
"LVB";"M";"24";"DEP";"D";2021-10;289
"LVB";"M";"09";"DEP";"PROV";2025-12;78
"LVB";"M";"04";"DEP";"D";2021-03;108
"LVB";"M";"99";"OTHER";"D";2021-12;118
"LVB";"M";"71";"DEP";"D";2021-08;456
"LVB";"M";"19";"DEP";"D";2021-01;136
"LVB_CUMR";"A";"971";"DEP";"D";2023;373
"LVB";"A";"84";"DEP";"D";2017;6442
"LVB";"M";"68";"DEP";"D";2022-03;597
"LVB";"M";"01";"DEP";"D";2023-05;522
"LVB";"M";"23";"DEP";"D";2021-08;72
"LVB_CUMR";"A";"2B";"DEP";"D";2023;104
"LVB_CUMR";"A";"14";"DEP";"D";2018;548
"LVB_CUMR";"A";"68";"DEP";"D";2019;624
"LVB_CUMR";"A";"39";"DEP";"D";2024;124
"LVB";"A";"11";"DEP";"D";2024;2794
"LVB";"M";"974";"DEP";"D";2021-11;1105
"LVB";"A";"81";"DEP";"D";2023;3044
"LVB";"M";"94";"DEP";"PROV";2025-12;1441
"LVB";"M";"40";"DEP";"D";2021-11;308
"LVB";"M";"71";"DEP";"PROV";2025-08;372
"LVB";"M";"24";"DEP";"D";2023-08;253
"LVB";"M";"36";"DEP";"PROV";2025-07;135
"LVB";"M";"06";"DEP";"PROV";2025-12;824
"LVB";"M";"15";"DEP";"D";2022-08;99
"LVB";"M";"26";"DEP";"D";2022-09;459
"LVB";"M";"69";"DEP";"PROV";2025-12;1737
"LVB_CUMR";"A";"09";"DEP";"PROV";2025;107
"LVB";"M";"80";"DEP";"D";2024-02;406
"LVB_CUMR";"A";"972";"DEP";"D";2020;308
"LVB";"M";"99";"OTHER";"D";2022-08;138
"LVB";"M";"94";"DEP";"D";2023-09;1447
"LVB";"M";"03";"DEP";"D";2022-04;189
"LVB";"M";"24";"DEP";"D";2023-01;229
"LVB";"A";"82";"DEP";"D";2022;2601
"LVB";"M";"40";"DEP";"D";2023-02;247
"LVB";"M";"16";"DEP";"D";2024-11;210
"LVB_CUMR";"A";"73";"DEP";"D";2018;342
"LVB";"M";"09";"DEP";"PROV";2025-06;89
"LVB";"M";"26";"DEP";"PROV";2025-04;342
"LVB";"M";"92";"DEP";"D";2023-07;1700
"LVB";"M";"976";"DEP";"D";2022-08;868
"LVB";"M";"976";"DEP";"D";2024-01;762
"LVB_CUMR";"A";"40";"DEP";"PROV";2025;270
"LVB";"A";"17";"DEP";"D";2018;5061
"LVB_CUMR";"A";"04";"DEP";"D";2016;97
"LVB_CUMR";"A";"82";"DEP";"D";2021;196
"LVB_CUMR";"A";"25";"DEP";"D";2016;516
"LVB";"M";"09";"DEP";"PROV";2025-01;107
"LVB";"M";"93";"DEP";"D";2024-03;2017
"LVB_CUMR";"A";"28";"DEP";"D";2020;370
"LVB";"M";"69";"DEP";"D";2022-12;1853
"LVB_CUMR";"A";"973";"DEP";"D";2019;680
"LVB";"M";"18";"DEP";"D";2021-10;237
"LVB";"M";"38";"DEP";"D";2022-03;1152
"LVB";"M";"03";"DEP";"D";2022-06;204
"LVB";"M";"79";"DEP";"PROV";2025-02;220
"LVB";"M";"22";"DEP";"D";2023-11;388
"LVB";"M";"08";"DEP";"PROV";2025-05;166
"LVB";"M";"95";"DEP";"PROV";2025-01;1444
"LVB_CUMR";"A";"73";"DEP";"D";2021;314
"LVB_CUMR";"A";"26";"DEP";"PROV";2026;379
"LVB";"M";"08";"DEP";"PROV";2025-01;171
"LVB";"M";"974";"DEP";"D";2023-10;1037
"LVB_CUMR";"A";"06";"DEP";"D";2020;918
"LVB";"M";"42";"DEP";"D";2022-03;666
"LVB";"M";"15";"DEP";"D";2023-05;79
"LVB";"A";"25";"DEP";"D";2020;5671
"LVB";"M";"84";"DEP";"PROV";2025-03;421
"LVB";"M";"71";"DEP";"D";2023-10;373
"LVB";"M";"972";"DEP";"D";2022-11;307
"LVB";"M";"08";"DEP";"D";2023-08;185
"LVB";"M";"974";"DEP";"D";2023-05;1131
"LVB";"M";"2A";"DEP";"D";2022-01;114
"LVB";"M";"14";"DEP";"PROV";2025-07;528
"LVB";"M";"03";"DEP";"D";2021-04;231
"LVB";"M";"973";"DEP";"D";2024-12;634
"LVB_CUMR";"A";"42";"DEP";"D";2021;589
"LVB";"M";"79";"DEP";"D";2024-08;223
"LVB";"M";"26";"DEP";"D";2021-11;444
"LVB_CUMR";"A";"93";"DEP";"PROV";2026;2044
"LVB";"M";"12";"DEP";"PROV";2025-04;147
"LVB";"M";"68";"DEP";"D";2021-02;538
"LVB";"M";"11";"DEP";"D";2021-12;295
"LVB";"M";"83";"DEP";"D";2023-01;785
"LVB";"M";"29";"DEP";"D";2021-03;650
"LVB";"A";"68";"DEP";"D";2020;7536
"LVB";"M";"18";"DEP";"D";2021-09;245
"LVB";"M";"05";"DEP";"D";2021-09;110
"LVB";"M";"41";"DEP";"D";2023-01;238
"LVB";"M";"973";"DEP";"D";2024-11;594
"LVB";"M";"23";"DEP";"D";2022-07;88
"LVB";"M";"971";"DEP";"D";2021-06;322
"LVB";"M";"27";"DEP";"D";2024-12;453
"LVB";"M";"18";"DEP";"PROV";2025-12;215
"LVB_CUMR";"A";"81";"DEP";"D";2022;272
"LVB";"M";"67";"DEP";"D";2023-08;993
"LVB";"M";"08";"DEP";"D";2021-05;186
"LVB";"M";"03";"DEP";"PROV";2025-10;220
"LVB";"M";"37";"DEP";"D";2023-07;475
"LVB";"M";"976";"DEP";"D";2024-02;790
"LVB_CUMR";"A";"69";"DEP";"D";2023;1762
"LVB";"M";"23";"DEP";"D";2022-01;49
"LVB";"M";"71";"DEP";"D";2024-03;324
"LVB";"A";"09";"DEP";"D";2024;1024
"LVB";"M";"971";"DEP";"D";2021-08;378
"LVB";"M";"24";"DEP";"D";2024-05;243
"LVB";"M";"15";"DEP";"D";2022-07;103
"LVB";"M";"10";"DEP";"D";2024-11;208
"LVB";"A";"82";"DEP";"D";2019;2555
"LVB";"M";"2B";"DEP";"D";2021-02;104
"LVB";"M";"976";"DEP";"PROV";2025-11;570
"LVB";"M";"41";"DEP";"D";2022-05;264
"LVB";"A";"04";"DEP";"D";2019;1369
"LVB";"M";"03";"DEP";"D";2021-10;259
"LVB";"M";"68";"DEP";"D";2024-06;559
"LVB";"M";"2B";"DEP";"D";2021-04;128
"LVB_CUMR";"A";"14";"DEP";"D";2017;525
"LVB";"M";"95";"DEP";"D";2024-08;1471
"LVB";"M";"23";"DEP";"D";2022-02;54
"LVB";"M";"08";"DEP";"D";2023-04;176
"LVB";"A";"976";"DEP";"D";2016;9496
"LVB_CUMR";"A";"80";"DEP";"D";2018;508
"LVB_CUMR";"A";"40";"DEP";"D";2018;232
"LVB";"M";"04";"DEP";"PROV";2025-08;122
"LVB";"M";"25";"DEP";"D";2024-10;466
"LVB";"M";"71";"DEP";"D";2021-01;307
"LVB";"M";"11";"DEP";"PROV";2026-01;237
"LVB";"M";"94";"DEP";"D";2023-05;1514
"LVB";"M";"28";"DEP";"PROV";2025-08;335
"LVB_CUMR";"A";"14";"DEP";"D";2024;449
"LVB";"M";"80";"DEP";"D";2022-05;482
"LVB";"M";"99";"OTHER";"PROV";2025-03;88
"LVB";"M";"38";"DEP";"D";2022-01;1140
"LVB";"M";"05";"DEP";"PROV";2026-01;77
"LVB";"M";"971";"DEP";"D";2024-03;301
"LVB";"M";"24";"DEP";"D";2024-07;237
"LVB";"A";"974";"DEP";"D";2021;13470
"LVB";"A";"09";"DEP";"D";2023;1092
"LVB";"M";"70";"DEP";"PROV";2025-03;138
"LVB";"M";"14";"DEP";"D";2022-08;611
"LVB";"M";"42";"DEP";"D";2023-12;634
"LVB";"M";"79";"DEP";"PROV";2025-09;210
"LVB";"M";"94";"DEP";"PROV";2025-01;1490
"LVB";"M";"03";"DEP";"D";2021-07;254
"LVB";"M";"19";"DEP";"PROV";2025-07;128
"LVB";"M";"973";"DEP";"D";2024-01;623
"LVB_CUMR";"A";"2B";"DEP";"D";2024;125
"LVB_CUMR";"A";"81";"DEP";"D";2018;282
"LVB";"M";"10";"DEP";"PROV";2025-03;232
"LVB";"M";"14";"DEP";"D";2023-11;517
"LVB";"M";"69";"DEP";"D";2023-10;1927
"LVB";"M";"94";"DEP";"D";2022-01;1469
"LVB";"M";"37";"DEP";"D";2023-11;512
"LVB_CUMR";"A";"81";"DEP";"D";2017;307
"LVB";"M";"93";"DEP";"D";2021-12;2289
"LVB_CUMR";"A";"972";"DEP";"D";2024;280
"LVB";"M";"04";"DEP";"D";2023-11;94
"LVB";"A";"15";"DEP";"D";2019;1016
"LVB_CUMR";"A";"26";"DEP";"D";2016;441
"LVB";"M";"80";"DEP";"D";2024-11;366
"LVB";"M";"11";"DEP";"PROV";2025-11;227
"LVB_CUMR";"A";"71";"DEP";"D";2024;354
"LVB";"M";"28";"DEP";"D";2021-08;413
"LVB_CUMR";"A";"39";"DEP";"D";2022;174
"LVB";"M";"95";"DEP";"D";2024-09;1428
"LVB";"M";"02";"DEP";"D";2023-06;425
"LVB";"M";"99";"OTHER";"D";2021-11;100
"LVB";"M";"15";"DEP";"D";2024-08;71
"LVB";"M";"09";"DEP";"D";2022-12;101
"LVB_CUMR";"A";"25";"DEP";"D";2023;435
"LVB";"M";"67";"DEP";"D";2023-05;886
"LVB_CUMR";"A";"79";"DEP";"D";2024;267
"LVB";"M";"05";"DEP";"PROV";2025-05;81
"LVB";"M";"95";"DEP";"D";2024-11;1435
"LVB";"A";"26";"DEP";"PROV";2025;4423
"LVB";"M";"80";"DEP";"D";2022-11;475
"LVB";"M";"42";"DEP";"D";2021-09;698
"LVB";"M";"972";"DEP";"D";2024-04;218
"LVB_CUMR";"A";"13";"DEP";"D";2020;2085
"LVB_CUMR";"A";"F";"FRANCE";"PROV";2026;54280
"LVB";"M";"70";"DEP";"D";2021-02;137
"LVB";"M";"42";"DEP";"D";2023-11;594
"LVB";"M";"17";"DEP";"D";2022-06;407
"LVB";"M";"21";"DEP";"D";2023-08;422
"LVB";"M";"03";"DEP";"D";2023-11;198
"LVB";"M";"94";"DEP";"D";2024-05;1499
"LVB";"M";"38";"DEP";"D";2023-12;1045
"LVB";"M";"79";"DEP";"D";2024-07;271
"LVB";"M";"41";"DEP";"PROV";2025-06;225
"LVB";"A";"973";"DEP";"D";2018;7995
"LVB";"M";"2A";"DEP";"D";2021-08;121
"LVB_CUMR";"A";"09";"DEP";"D";2022;100
"LVB";"M";"01";"DEP";"D";2024-04;493
"LVB";"M";"23";"DEP";"PROV";2025-11;70
"LVB";"M";"11";"DEP";"PROV";2025-02;210
"LVB";"A";"70";"DEP";"D";2018;2112
"LVB";"A";"18";"DEP";"PROV";2025;2322
"LVB_CUMR";"A";"92";"DEP";"PROV";2025;1631
"LVB";"M";"82";"DEP";"D";2024-07;188
"LVB";"M";"976";"DEP";"PROV";2025-10;644
"LVB_CUMR";"A";"37";"DEP";"D";2016;525
"LVB_CUMR";"A";"28";"DEP";"D";2023;373
"LVB";"M";"82";"DEP";"PROV";2025-11;192
"LVB";"M";"71";"DEP";"PROV";2025-09;297
"LVB";"M";"17";"DEP";"D";2023-09;378
"LVB";"M";"25";"DEP";"D";2022-11;414
"LVB";"M";"10";"DEP";"D";2022-06;258
"LVB";"M";"01";"DEP";"D";2024-10;528
"LVB";"M";"971";"DEP";"D";2021-11;401
"LVB";"A";"02";"DEP";"PROV";2025;4585
"LVB";"A";"29";"DEP";"D";2022;7964
"LVB";"A";"42";"DEP";"D";2016;8575
"LVB_MEAN1";"M";"F";"FRANCE";"D";2021-05;1974
"LVB";"M";"72";"DEP";"D";2022-11;470
"LVB_CUMR";"A";"15";"DEP";"D";2021;94
"LVB";"M";"83";"DEP";"D";2023-02;740
"LVB";"A";"05";"DEP";"D";2023;1097
"LVB";"M";"69";"DEP";"PROV";2025-08;1807
"LVB_CUMR";"A";"12";"DEP";"D";2019;179
"LVB";"M";"24";"DEP";"D";2022-10;283
"LVB";"M";"94";"DEP";"D";2023-10;1520
"LVB";"M";"26";"DEP";"D";2023-06;413
"LVB";"M";"F";"FRANCE";"D";2021-09;65180
"LVB";"A";"41";"DEP";"D";2018;3016
"LVB";"M";"83";"DEP";"D";2024-12;787
"LVB";"M";"23";"DEP";"D";2021-06;69
"LVB_CUMR";"A";"05";"DEP";"D";2017;106
"LVB";"M";"29";"DEP";"PROV";2025-07;650
"LVB";"M";"F";"FRANCE";"D";2021-05;61204
"LVB_CUMR";"A";"12";"DEP";"D";2021;156
"LVB";"M";"72";"DEP";"PROV";2025-01;439
"LVB_CUMR";"A";"16";"DEP";"D";2021;226
"LVB";"M";"14";"DEP";"D";2022-01;496
"LVB";"M";"972";"DEP";"D";2021-11;363
"LVB";"M";"68";"DEP";"D";2023-12;505
"LVB";"M";"09";"DEP";"D";2024-04;88
"LVB_CUMR";"A";"84";"DEP";"D";2019;540
"LVB";"A";"41";"DEP";"D";2017;3105
"LVB";"M";"29";"DEP";"D";2022-06;677
"LVB";"M";"974";"DEP";"D";2024-12;939
"LVB";"M";"25";"DEP";"D";2021-07;515
"LVB";"M";"84";"DEP";"D";2023-11;467
"LVB";"A";"09";"DEP";"D";2017;1257
"LVB";"M";"03";"DEP";"D";2023-05;198
"LVB";"M";"72";"DEP";"D";2024-09;430
"LVB";"A";"17";"DEP";"PROV";2025;4398
"LVB";"M";"91";"DEP";"D";2023-07;1497
"LVB";"A";"40";"DEP";"D";2019;3483
"LVB";"M";"85";"DEP";"D";2021-07;515
"LVB";"M";"99";"OTHER";"D";2022-02;95
"LVB";"A";"11";"DEP";"D";2017;3313
"LVB";"M";"93";"DEP";"D";2021-07;2293
"LVB";"A";"68";"DEP";"D";2017;8159
"LVB";"M";"02";"DEP";"D";2024-07;410
"LVB";"M";"28";"DEP";"D";2022-06;378
"LVB";"M";"15";"DEP";"D";2021-02;59
"LVB";"M";"24";"DEP";"D";2024-03;220
"LVB";"A";"38";"DEP";"D";2021;13742
"LVB";"M";"84";"DEP";"D";2022-01;501
"LVB_CUMR";"A";"12";"DEP";"D";2022;178
"LVB";"A";"24";"DEP";"D";2016;3228
"LVB";"M";"94";"DEP";"D";2022-07;1646
"LVB";"M";"71";"DEP";"PROV";2025-06;343
"LVB";"M";"17";"DEP";"D";2022-02;408
"LVB";"M";"05";"DEP";"D";2022-08;112
"LVB";"M";"976";"DEP";"PROV";2025-09;664
"LVB";"M";"28";"DEP";"D";2022-07;419
"LVB";"M";"38";"DEP";"PROV";2025-08;1041
"LVB";"M";"21";"DEP";"D";2021-01;412
"LVB";"M";"85";"DEP";"D";2022-01;537
"LVB_CUMR";"A";"38";"DEP";"D";2017;1197
"LVB";"M";"08";"DEP";"D";2023-10;186
"LVB";"M";"93";"DEP";"D";2021-05;2191
"LVB";"M";"69";"DEP";"D";2021-09;2117
"LVB";"M";"19";"DEP";"D";2021-04;149
"LVB_CUMR";"A";"99";"OTHER";"D";2016;142
"LVB";"M";"06";"DEP";"D";2022-07;1073
"LVB";"A";"11";"DEP";"D";2022;3187
"LVB";"M";"79";"DEP";"PROV";2025-03;204
"LVB";"M";"36";"DEP";"D";2023-11;117
"LVB";"M";"22";"DEP";"D";2022-12;394
"LVB";"A";"95";"DEP";"D";2019;19758
"LVB";"M";"28";"DEP";"PROV";2025-07;334
"LVB";"M";"81";"DEP";"D";2023-03;254
"LVB";"M";"973";"DEP";"D";2022-02;584
"LVB";"M";"06";"DEP";"D";2023-10;895
"LVB";"M";"08";"DEP";"D";2024-04;173
"LVB";"A";"70";"DEP";"D";2021;1995
"LVB";"M";"15";"DEP";"D";2023-12;74
"LVB_CUMR";"A";"971";"DEP";"D";2016;426
"LVB";"M";"19";"DEP";"PROV";2025-03;151
"LVB_CUMR";"A";"01";"DEP";"D";2016;582
"LVB";"M";"37";"DEP";"D";2023-09;439
"LVB";"M";"27";"DEP";"PROV";2025-09;479
"LVB";"A";"79";"DEP";"D";2024;2847
"LVB";"M";"11";"DEP";"D";2023-05;229
"LVB_MEAN1";"M";"F";"FRANCE";"D";2021-12;2084
"LVB";"A";"67";"DEP";"D";2022;11298
"LVB";"M";"16";"DEP";"PROV";2025-04;214
"LVB_CUMR";"A";"05";"DEP";"D";2021;93
"LVB";"M";"971";"DEP";"D";2023-04;289
"LVB";"M";"24";"DEP";"D";2023-02;208
"LVB";"M";"40";"DEP";"D";2021-03;280
"LVB";"M";"2A";"DEP";"D";2022-08;116
"LVB";"M";"F";"FRANCE";"D";2024-06;52793
"LVB";"M";"79";"DEP";"D";2022-11;246
"LVB";"A";"69";"DEP";"D";2016;26121
"LVB";"M";"12";"DEP";"D";2021-01;156
"LVB";"M";"15";"DEP";"D";2021-04;85
"LVB";"M";"93";"DEP";"PROV";2025-05;2012
"LVB";"M";"976";"DEP";"D";2022-09;779
"LVB";"M";"2A";"DEP";"D";2023-09;106
"LVB";"M";"05";"DEP";"D";2022-12;92
"LVB_CUMR";"A";"37";"DEP";"D";2017;529
"LVB";"M";"24";"DEP";"D";2024-06;206
"LVB_CUMR";"A";"80";"DEP";"D";2024;445
"LVB";"M";"09";"DEP";"D";2023-07;85
"LVB";"M";"71";"DEP";"PROV";2025-05;328
"LVB";"M";"93";"DEP";"D";2021-06;2155
"LVB_CUMR";"A";"26";"DEP";"PROV";2025;370
"LVB";"M";"82";"DEP";"D";2024-11;198
"LVB_MEAN1";"M";"F";"FRANCE";"D";2023-03;1820
"LVB";"M";"15";"DEP";"PROV";2025-11;67
"LVB";"M";"06";"DEP";"D";2023-04;782
"LVB";"M";"19";"DEP";"PROV";2025-12;125
"LVB";"M";"10";"DEP";"D";2022-07;285
"LVB";"M";"37";"DEP";"D";2022-11;484
"LVB";"M";"68";"DEP";"D";2021-08;632
"LVB";"M";"2A";"DEP";"D";2024-01;109
"LVB";"A";"82";"DEP";"D";2020;2449
"LVB";"M";"94";"DEP";"D";2022-06;1619
"LVB";"M";"99";"OTHER";"D";2022-05;103
"LVB_CUMR";"A";"15";"DEP";"D";2022;75
"LVB";"M";"25";"DEP";"D";2024-01;431
"LVB";"M";"08";"DEP";"D";2021-03;187
"LVB";"M";"37";"DEP";"D";2023-01;464
"LVB";"A";"971";"DEP";"D";2020;4678
"LVB";"M";"67";"DEP";"D";2024-08;900
"LVB";"M";"05";"DEP";"PROV";2025-09;102
"LVB";"M";"26";"DEP";"D";2023-09;358
"LVB";"M";"82";"DEP";"PROV";2025-09;207
"LVB";"M";"973";"DEP";"D";2021-06;656
"LVB";"M";"41";"DEP";"D";2021-12;243
"LVB";"M";"15";"DEP";"D";2024-01;91
"LVB";"M";"19";"DEP";"D";2023-09;134
"LVB";"A";"95";"DEP";"D";2017;19644
"LVB";"A";"72";"DEP";"D";2016;6054
"LVB";"M";"12";"DEP";"D";2023-09;169
"LVB_CUMR";"A";"99";"OTHER";"D";2018;170
"LVB";"A";"06";"DEP";"D";2018;11631
"LVB_CUMR";"A";"84";"DEP";"D";2022;501
"LVB";"A";"73";"DEP";"D";2016;4536
"LVB";"A";"972";"DEP";"D";2023;3335
"LVB";"A";"14";"DEP";"PROV";2025;5670
"LVB";"M";"2A";"DEP";"D";2024-02;96
"LVB";"M";"22";"DEP";"PROV";2026-01;370
"LVB";"M";"38";"DEP";"D";2023-03;1050
"LVB";"M";"973";"DEP";"PROV";2025-04;522
"LVB_MEAN1";"M";"F";"FRANCE";"D";2023-01;1833
"LVB";"M";"09";"DEP";"PROV";2025-05;86
"LVB_CUMR";"A";"02";"DEP";"D";2018;479
"LVB";"A";"85";"DEP";"D";2019;5973
"LVB";"M";"91";"DEP";"D";2024-11;1361
"LVB";"A";"14";"DEP";"D";2021;6760
"LVB";"M";"71";"DEP";"PROV";2025-07;410
"LVB";"A";"971";"DEP";"D";2021;4344
"LVB";"M";"28";"DEP";"D";2022-03;360
"LVB";"M";"21";"DEP";"D";2023-07;365
"LVB";"M";"03";"DEP";"D";2022-01;253
"LVB";"M";"40";"DEP";"D";2024-01;263
"LVB_CUMR";"A";"99";"OTHER";"D";2022;94
"LVB";"M";"81";"DEP";"D";2021-09;280
"LVB";"A";"26";"DEP";"D";2016;5548
"LVB";"M";"06";"DEP";"D";2022-08;1011
"LVB_CUMR";"A";"72";"DEP";"D";2022;497
"LVB";"M";"82";"DEP";"D";2023-03;186
"LVB";"M";"15";"DEP";"D";2023-06;85
"LVB";"M";"11";"DEP";"D";2021-03;280
"LVB";"M";"27";"DEP";"D";2022-04;504
"LVB";"M";"92";"DEP";"PROV";2025-09;1521
"LVB";"M";"972";"DEP";"PROV";2025-09;278
"LVB";"A";"37";"DEP";"D";2019;5970
"LVB_CUMR";"A";"67";"DEP";"D";2019;1003
"LVB";"M";"70";"DEP";"D";2024-08;161
"LVB";"M";"07";"DEP";"D";2024-09;180
"LVB_CUMR";"A";"01";"DEP";"D";2022;594
"LVB";"M";"22";"DEP";"D";2023-05;380
"LVB";"M";"14";"DEP";"D";2024-01;449
"LVB";"M";"2A";"DEP";"D";2023-04;85
"LVB";"M";"83";"DEP";"D";2022-03;911
"LVB";"M";"41";"DEP";"D";2021-02;195
"LVB";"M";"19";"DEP";"D";2021-08;176
"LVB";"A";"94";"DEP";"D";2020;19553
"LVB";"M";"974";"DEP";"D";2022-01;1112
"LVB";"M";"06";"DEP";"D";2021-10;1076
"LVB_CUMR";"A";"08";"DEP";"D";2024;198
"LVB";"A";"68";"DEP";"D";2023;6740
"LVB_CUMR";"A";"94";"DEP";"D";2019;1718
"LVB";"A";"22";"DEP";"D";2016;5409
"LVB";"M";"08";"DEP";"D";2023-12;173
"LVB";"M";"85";"DEP";"D";2021-08;553
"LVB";"M";"40";"DEP";"D";2024-08;248
"LVB";"M";"973";"DEP";"D";2023-04;599
"LVB";"M";"71";"DEP";"D";2021-05;410
"LVB";"A";"2B";"DEP";"D";2019;1503
"LVB";"M";"16";"DEP";"PROV";2025-03;204
"LVB_CUMR";"A";"04";"DEP";"D";2024;111
"LVB";"M";"72";"DEP";"D";2021-01;414
"LVB";"M";"79";"DEP";"PROV";2025-08;282
"LVB_CUMR";"A";"95";"DEP";"D";2020;1639
"LVB";"M";"25";"DEP";"PROV";2025-11;394
"LVB";"M";"971";"DEP";"D";2021-05;280
"LVB";"M";"09";"DEP";"D";2023-02;75
"LVB";"M";"38";"DEP";"D";2024-04;1034
"LVB_CUMR";"A";"976";"DEP";"D";2022;740
"LVB_CUMR";"A";"10";"DEP";"D";2021;225
"LVB";"M";"971";"DEP";"D";2022-06;325
"LVB";"M";"26";"DEP";"D";2023-08;429
"LVB";"M";"15";"DEP";"D";2021-12;80
"LVB";"M";"70";"DEP";"PROV";2025-04;119
"LVB";"M";"82";"DEP";"D";2021-08;244
"LVB";"M";"24";"DEP";"D";2022-11;254
"LVB";"A";"99";"OTHER";"D";2021;1192
"LVB";"A";"06";"DEP";"D";2016;11956
"LVB";"M";"08";"DEP";"D";2022-04;187
"LVB";"M";"37";"DEP";"D";2022-05;515
"LVB";"M";"971";"DEP";"D";2022-10;397
"LVB";"M";"19";"DEP";"D";2023-06;146
"LVB";"M";"81";"DEP";"D";2021-07;309
"LVB";"M";"71";"DEP";"D";2021-03;398
"LVB";"M";"17";"DEP";"D";2023-06;349
"LVB_CUMR";"A";"29";"DEP";"D";2020;658
"LVB";"M";"36";"DEP";"PROV";2026-01;135
"LVB";"M";"F";"FRANCE";"D";2022-11;59296
"LVB";"A";"971";"DEP";"D";2023;4061
"LVB";"M";"08";"DEP";"D";2024-01;198
"LVB";"M";"83";"DEP";"D";2023-06;886
"LVB";"M";"02";"DEP";"D";2022-02;408
"LVB";"M";"24";"DEP";"D";2022-02;223
"LVB_CUMR";"A";"42";"DEP";"D";2022;674
"LVB_CUMR";"A";"2A";"DEP";"PROV";2025;87
"LVB";"M";"18";"DEP";"D";2024-09;219
"LVB";"M";"95";"DEP";"D";2023-09;1512
"LVB";"A";"71";"DEP";"D";2020;4655
"LVB";"M";"80";"DEP";"PROV";2026-01;388
"LVB";"M";"976";"DEP";"D";2022-04;1116
"LVB";"M";"08";"DEP";"D";2023-05;194
"LVB";"M";"23";"DEP";"D";2022-05;60
"LVB";"M";"01";"DEP";"D";2023-10;572
"LVB";"M";"40";"DEP";"D";2023-06;278
"LVB";"M";"13";"DEP";"D";2023-02;1798
"LVB";"M";"27";"DEP";"PROV";2025-06;456
"LVB";"M";"95";"DEP";"D";2023-11;1481
"LVB";"M";"79";"DEP";"PROV";2025-10;244
"LVB";"A";"24";"DEP";"D";2023;2746
"LVB";"M";"67";"DEP";"D";2022-05;974
"LVB";"M";"05";"DEP";"D";2024-01;91
"LVB";"M";"09";"DEP";"D";2022-08;115
"LVB";"M";"973";"DEP";"D";2022-01;714
"LVB";"M";"37";"DEP";"D";2021-03;507
"LVB";"M";"974";"DEP";"PROV";2025-04;1036
"LVB";"M";"71";"DEP";"D";2024-09;357
"LVB";"M";"18";"DEP";"D";2023-06;217
"LVB";"M";"95";"DEP";"D";2021-07;1653
"LVB";"M";"84";"DEP";"D";2024-08;481
"LVB";"M";"27";"DEP";"D";2024-08;502
"LVB";"M";"24";"DEP";"D";2023-04;226
"LVB";"M";"F";"FRANCE";"D";2024-02;52804
"LVB_CUMR";"A";"05";"DEP";"D";2024;91
"LVB";"A";"08";"DEP";"D";2022;2394
"LVB_CUMR";"A";"40";"DEP";"D";2022;287
"LVB_CUMR";"A";"68";"DEP";"D";2017;666
"LVB";"M";"82";"DEP";"D";2022-03;225
"LVB";"M";"971";"DEP";"D";2022-04;317
"LVB_CUMR";"A";"13";"DEP";"D";2023;1851
"LVB";"M";"79";"DEP";"D";2023-05;246
"LVB";"M";"2A";"DEP";"D";2021-06;105
"LVB";"M";"06";"DEP";"D";2022-12;853
"LVB";"M";"12";"DEP";"D";2024-03;165
"LVB";"M";"973";"DEP";"PROV";2026-01;529
"LVB";"M";"25";"DEP";"D";2024-07;419
"LVB";"M";"41";"DEP";"D";2024-01;206
"LVB";"M";"71";"DEP";"D";2024-07;379
"LVB";"A";"14";"DEP";"D";2017;6680
"LVB_CUMR";"A";"83";"DEP";"D";2019;852
"LVB";"M";"94";"DEP";"D";2023-02;1391
"LVB";"M";"972";"DEP";"PROV";2025-12;266
"LVB";"M";"80";"DEP";"PROV";2025-05;423
"LVB";"M";"42";"DEP";"D";2021-12;657
"LVB";"A";"10";"DEP";"D";2019;3107
"LVB";"M";"971";"DEP";"PROV";2025-05;253
"LVB";"M";"04";"DEP";"D";2024-07;116
"LVB";"M";"72";"DEP";"D";2024-05;426
"LVB";"M";"27";"DEP";"D";2023-05;434
"LVB";"M";"19";"DEP";"D";2022-02;141
"LVB";"M";"70";"DEP";"D";2021-01;145
"LVB";"M";"13";"DEP";"D";2022-08;2178
"LVB";"M";"972";"DEP";"D";2024-12;240
"LVB";"M";"81";"DEP";"PROV";2025-06;243
"LVB";"A";"37";"DEP";"D";2017;6206
"LVB";"M";"11";"DEP";"PROV";2025-10;242
"LVB";"A";"21";"DEP";"D";2019;5062
"LVB";"M";"91";"DEP";"D";2024-04;1441
"LVB";"M";"04";"DEP";"D";2024-03;107
"LVB";"M";"68";"DEP";"D";2023-05;559
"LVB";"M";"976";"DEP";"D";2022-03;1123
"LVB_CUMR";"A";"08";"DEP";"D";2018;228
"LVB";"A";"36";"DEP";"PROV";2025;1522
"LVB";"A";"84";"DEP";"D";2021;6201
"LVB";"A";"13";"DEP";"D";2022;24420
"LVB";"A";"29";"DEP";"D";2017;8370
"LVB_CUMR";"A";"22";"DEP";"D";2016;423
"LVB_CUMR";"A";"70";"DEP";"D";2018;171
"LVB";"M";"07";"DEP";"D";2023-07;213
"LVB";"A";"06";"DEP";"PROV";2025;10037
"LVB";"M";"95";"DEP";"PROV";2025-04;1347
"LVB";"M";"39";"DEP";"D";2021-03;195
"LVB";"A";"08";"DEP";"D";2023;2175
"LVB";"M";"84";"DEP";"D";2021-06;502
"LVB_CUMR";"A";"39";"DEP";"D";2023;182
"LVB";"M";"29";"DEP";"D";2022-04;615
"LVB";"M";"14";"DEP";"D";2022-12;521
"LVB";"M";"972";"DEP";"PROV";2025-02;226
"LVB";"M";"70";"DEP";"D";2023-08;144
"LVB";"M";"22";"DEP";"D";2024-11;345
"LVB";"M";"09";"DEP";"D";2024-11;100
"LVB";"M";"42";"DEP";"D";2021-10;726
"LVB";"M";"92";"DEP";"PROV";2025-08;1662
"LVB";"M";"976";"DEP";"PROV";2025-03;1007
"LVB";"M";"70";"DEP";"D";2024-12;137
"LVB";"M";"03";"DEP";"PROV";2025-01;166
"LVB";"M";"17";"DEP";"D";2021-07;455
"LVB";"M";"80";"DEP";"D";2023-06;441
"LVB";"M";"29";"DEP";"D";2022-09;727
"LVB";"M";"24";"DEP";"PROV";2025-06;211
"LVB";"M";"95";"DEP";"D";2021-09;1708
"LVB_MEAN1";"M";"F";"FRANCE";"D";2024-10;1846
"LVB";"M";"85";"DEP";"D";2021-12;519
"LVB";"M";"40";"DEP";"PROV";2025-12;251
"LVB";"M";"12";"DEP";"PROV";2025-10;150
"LVB";"A";"05";"DEP";"D";2016;1298
"LVB";"M";"69";"DEP";"D";2023-03;1747
"LVB";"M";"15";"DEP";"D";2024-12;80
"LVB_CUMR";"A";"24";"DEP";"D";2020;264
"LVB";"M";"971";"DEP";"D";2022-07;337
"LVB";"M";"40";"DEP";"D";2023-08;239
"LVB";"M";"99";"OTHER";"D";2021-01;62
"LVB";"M";"84";"DEP";"D";2021-12;573
"LVB";"M";"41";"DEP";"PROV";2025-05;220
"LVB";"M";"29";"DEP";"D";2021-05;693
"LVB";"M";"11";"DEP";"D";2022-10;281
"LVB";"M";"67";"DEP";"D";2021-02;820
"LVB";"M";"05";"DEP";"D";2023-11;79
"LVB";"A";"68";"DEP";"D";2024;6633
"LVB";"A";"92";"DEP";"D";2017;23122
"LVB_CUMR";"A";"16";"DEP";"D";2017;274
"LVB";"M";"41";"DEP";"D";2022-01;258
"LVB";"M";"23";"DEP";"D";2021-05;70
"LVB";"M";"973";"DEP";"D";2024-06;530
"LVB";"M";"83";"DEP";"D";2022-06;864
"LVB";"M";"12";"DEP";"D";2024-12;134
"LVB";"M";"01";"DEP";"D";2022-01;594
"LVB";"M";"2A";"DEP";"D";2023-10;101
"LVB";"M";"69";"DEP";"D";2021-08;2065
"LVB";"M";"38";"DEP";"D";2022-11;1069
"LVB_CUMR";"A";"92";"DEP";"D";2021;1472
"LVB";"M";"18";"DEP";"D";2022-12;219
"LVB";"A";"82";"DEP";"PROV";2025;2209
"LVB";"M";"07";"DEP";"D";2023-04;198
"LVB_CUMR";"A";"976";"DEP";"D";2017;645
"LVB";"A";"21";"DEP";"D";2016;5378
"LVB_CUMR";"A";"971";"DEP";"D";2017;337
"LVB";"M";"29";"DEP";"D";2022-02;609
"LVB";"A";"07";"DEP";"D";2024;2466
"LVB";"A";"69";"DEP";"D";2019;25152
"LVB";"A";"05";"DEP";"D";2022;1234
"LVB";"M";"37";"DEP";"D";2021-09;589
"LVB";"M";"17";"DEP";"PROV";2025-04;357
"LVB_CUMR";"A";"24";"DEP";"D";2023;229
"LVB";"M";"81";"DEP";"D";2023-11;234
"LVB_MEAN1";"M";"F";"FRANCE";"D";2024-02;1821
"LVB";"M";"17";"DEP";"D";2023-10;391
"LVB";"M";"93";"DEP";"D";2021-01;1774
"LVB";"A";"12";"DEP";"D";2020;2178
"LVB";"M";"84";"DEP";"D";2023-10;473
"LVB";"M";"2B";"DEP";"D";2023-03;106
"LVB";"A";"71";"DEP";"D";2022;4586
"LVB";"M";"42";"DEP";"D";2024-01;651
"LVB";"M";"04";"DEP";"D";2022-03;105
"LVB";"M";"99";"OTHER";"PROV";2025-04;64
"LVB";"M";"25";"DEP";"D";2021-05;443
"LVB_CUMR";"A";"13";"DEP";"PROV";2025;1837
"LVB";"M";"29";"DEP";"PROV";2025-04;580
"LVB_CUMR";"A";"68";"DEP";"PROV";2026;497
"LVB";"M";"09";"DEP";"D";2022-10;89
"LVB";"M";"84";"DEP";"D";2023-04;448
"LVB";"M";"94";"DEP";"D";2023-11;1490
"LVB";"M";"38";"DEP";"D";2021-09;1155
"LVB";"M";"02";"DEP";"D";2021-08;442
"LVB";"M";"973";"DEP";"D";2024-04;522
"LVB";"M";"24";"DEP";"D";2021-07;260
"LVB";"M";"2A";"DEP";"D";2022-05;114
"LVB";"A";"14";"DEP";"D";2023;6097
"LVB";"M";"69";"DEP";"D";2021-06;1930
"LVB";"M";"81";"DEP";"D";2022-11;280
"LVB";"M";"07";"DEP";"PROV";2025-08;246
"LVB";"M";"41";"DEP";"PROV";2025-10;230
"LVB";"A";"92";"DEP";"D";2021;21290
"LVB";"M";"2A";"DEP";"D";2021-01;97
"LVB";"M";"973";"DEP";"D";2021-11;765
"LVB";"M";"26";"DEP";"D";2021-05;476
"LVB";"M";"04";"DEP";"D";2021-02;108
"LVB";"A";"13";"DEP";"PROV";2025;21780
"LVB";"M";"81";"DEP";"D";2023-10;271
"LVB";"M";"67";"DEP";"D";2023-09;927
"LVB";"M";"41";"DEP";"D";2022-04;231
"LVB";"M";"10";"DEP";"D";2024-04;233
"LVB";"M";"93";"DEP";"D";2022-01;2033
"LVB";"M";"81";"DEP";"D";2023-08;286
"LVB_MEAN1";"M";"F";"FRANCE";"D";2022-10;1947
"LVB_CUMR";"A";"73";"DEP";"D";2019;347
"LVB";"M";"2B";"DEP";"D";2023-01;104
"LVB_CUMR";"A";"82";"DEP";"D";2024;191
"LVB";"M";"25";"DEP";"D";2024-03;398
"LVB";"M";"F";"FRANCE";"D";2022-10;60360
"LVB";"A";"06";"DEP";"D";2019;11580
"LVB";"M";"13";"DEP";"D";2022-10;1939
"LVB";"M";"02";"DEP";"PROV";2025-02;359
"LVB";"A";"38";"DEP";"D";2017;14634
"LVB";"M";"67";"DEP";"D";2024-03;855
"LVB";"M";"12";"DEP";"D";2023-08;189
"LVB";"M";"971";"DEP";"D";2022-09;373
"LVB_MEAN1";"M";"F";"FRANCE";"PROV";2025-09;1784
"LVB";"M";"29";"DEP";"D";2024-08;589
"LVB_CUMR";"A";"85";"DEP";"D";2017;470
"LVB";"M";"972";"DEP";"PROV";2025-11;286
"LVB";"M";"973";"DEP";"PROV";2025-10;609
"LVB";"M";"15";"DEP";"PROV";2025-06;76
"LVB";"M";"06";"DEP";"D";2023-12;827
"LVB_CUMR";"A";"26";"DEP";"D";2019;433
"LVB";"M";"91";"DEP";"D";2024-03;1438
"LVB";"M";"67";"DEP";"D";2022-11;881
"LVB";"M";"07";"DEP";"D";2023-12;221
"LVB";"M";"40";"DEP";"D";2024-05;281
"LVB";"M";"81";"DEP";"PROV";2026-01;235
"LVB_CUMR";"A";"28";"DEP";"D";2018;424
"LVB_MEAN1";"M";"F";"FRANCE";"D";2024-12;1743
"LVB";"A";"19";"DEP";"PROV";2025;1697
"LVB";"M";"05";"DEP";"D";2024-04;105
"LVB_CUMR";"A";"17";"DEP";"D";2022;451
"LVB";"M";"11";"DEP";"D";2021-04;255
"LVB";"M";"91";"DEP";"D";2024-12;1416
"LVB";"M";"71";"DEP";"D";2021-06;411
"LVB";"M";"84";"DEP";"D";2024-07;463
"LVB_CUMR";"A";"15";"DEP";"D";2018;91
"LVB";"M";"41";"DEP";"D";2021-03;246
"LVB";"M";"2B";"DEP";"D";2024-06;93
"LVB";"M";"02";"DEP";"PROV";2025-08;401
"LVB";"M";"99";"OTHER";"D";2024-04;81
"LVB";"M";"23";"DEP";"D";2021-02;61
"LVB_CUMR";"A";"72";"DEP";"D";2018;464
"LVB";"M";"81";"DEP";"D";2023-12;248
"LVB";"M";"12";"DEP";"D";2021-08;229
"LVB";"M";"15";"DEP";"D";2022-04;79
"LVB";"M";"972";"DEP";"D";2022-12;288
"LVB";"M";"05";"DEP";"D";2021-12;121
"LVB";"M";"974";"DEP";"D";2021-10;1114
"LVB";"M";"24";"DEP";"D";2024-10;242
"LVB";"M";"27";"DEP";"PROV";2025-03;423
"LVB";"M";"41";"DEP";"D";2022-07;276
"LVB";"M";"13";"DEP";"D";2022-02;1867
"LVB_CUMR";"A";"72";"DEP";"D";2024;455
"LVB";"M";"94";"DEP";"D";2021-12;1684
"LVB";"M";"83";"DEP";"PROV";2025-01;767
"LVB";"M";"09";"DEP";"D";2021-12;107
"LVB_CUMR";"A";"25";"DEP";"D";2020;502
"LVB_MEAN1";"M";"F";"FRANCE";"D";2022-03;1951
"LVB";"M";"15";"DEP";"D";2022-10;68
"LVB";"A";"09";"DEP";"D";2016;1317
"LVB";"M";"95";"DEP";"D";2024-12;1451
"LVB";"M";"05";"DEP";"D";2022-04;95
"LVB_CUMR";"A";"39";"DEP";"PROV";2025;184
"LVB";"M";"23";"DEP";"PROV";2025-05;50
"LVB";"A";"72";"DEP";"D";2022;5647
"LVB";"M";"37";"DEP";"D";2024-05;464
"LVB";"M";"28";"DEP";"D";2023-04;315
"LVB";"M";"83";"DEP";"PROV";2025-08;809
"LVB";"M";"976";"DEP";"D";2024-04;879
"LVB";"M";"05";"DEP";"D";2022-09;111
"LVB";"A";"30";"DEP";"D";2016;8005
"LVB_CUMR";"A";"72";"DEP";"D";2019;485
"LVB";"A";"14";"DEP";"D";2018;6680
"LVB";"A";"10";"DEP";"D";2022;3049
"LVB";"M";"971";"DEP";"D";2022-05;283
"LVB";"M";"19";"DEP";"D";2024-02;127
"LVB";"M";"83";"DEP";"D";2022-04;853
"LVB_CUMR";"A";"40";"DEP";"D";2021;267
"LVB_CUMR";"A";"82";"DEP";"D";2016;246
"LVB";"M";"973";"DEP";"D";2021-02;617
"LVB";"M";"05";"DEP";"D";2024-11;95
"LVB";"M";"2B";"DEP";"D";2024-03;115
"LVB";"M";"69";"DEP";"PROV";2025-09;1795
"LVB";"M";"14";"DEP";"D";2023-04;500
"LVB";"M";"07";"DEP";"D";2024-01;227
"LVB";"M";"26";"DEP";"D";2021-04;429
"LVB";"M";"91";"DEP";"D";2023-11;1391
"LVB";"M";"40";"DEP";"D";2023-03;246
"LVB";"M";"16";"DEP";"D";2021-02;195
"LVB";"M";"38";"DEP";"D";2023-08;1043
"LVB";"M";"83";"DEP";"PROV";2025-03;747
"LVB";"M";"973";"DEP";"D";2021-05;638
"LVB";"A";"72";"DEP";"D";2019;5749
"LVB_CUMR";"A";"08";"DEP";"D";2020;219
"LVB_CUMR";"A";"04";"DEP";"D";2021;112
"LVB";"A";"92";"DEP";"D";2016;23830
"LVB";"A";"80";"DEP";"D";2020;5433
"LVB";"M";"39";"DEP";"D";2023-11;155
"LVB";"M";"27";"DEP";"PROV";2025-07;499
"LVB";"M";"25";"DEP";"D";2023-06;399
"LVB";"M";"15";"DEP";"D";2024-09;83
"LVB";"M";"79";"DEP";"D";2024-03;224
"LVB";"M";"11";"DEP";"D";2023-07;281
"LVB";"M";"F";"FRANCE";"D";2024-08;56829
"LVB";"M";"25";"DEP";"PROV";2025-05;356
"LVB";"M";"14";"DEP";"PROV";2025-03;489
"LVB";"M";"69";"DEP";"D";2023-08;1875
"LVB";"M";"06";"DEP";"PROV";2025-03;750
"LVB";"M";"92";"DEP";"D";2024-09;1623
"LVB_CUMR";"A";"38";"DEP";"D";2021;973
"LVB";"A";"95";"DEP";"D";2016;19676
"LVB_CUMR";"A";"2B";"DEP";"D";2017;127
"LVB";"A";"974";"DEP";"D";2016;13742
"LVB";"A";"24";"DEP";"D";2020;3012
"LVB";"A";"80";"DEP";"D";2019;5591
"LVB";"M";"10";"DEP";"D";2021-02;231
"LVB";"M";"71";"DEP";"D";2024-05;342
"LVB";"M";"17";"DEP";"PROV";2025-03;330
"LVB";"M";"01";"DEP";"D";2021-05;556
"LVB";"M";"37";"DEP";"D";2022-06;478
"LVB";"M";"79";"DEP";"D";2022-07;296
"LVB";"M";"93";"DEP";"D";2022-09;2140
"LVB";"M";"08";"DEP";"D";2021-10;197
"LVB";"M";"16";"DEP";"D";2021-07;293
"LVB";"M";"25";"DEP";"D";2023-04;388
"LVB";"M";"71";"DEP";"D";2024-02;324
"LVB";"M";"972";"DEP";"D";2024-01;280
"LVB";"A";"27";"DEP";"D";2019;6175
"LVB";"M";"16";"DEP";"D";2023-03;230
"LVB";"M";"42";"DEP";"D";2024-02;571
"LVB";"M";"92";"DEP";"PROV";2025-02;1544
"LVB_CUMR";"A";"12";"DEP";"PROV";2026;169
"LVB";"M";"85";"DEP";"D";2021-01;465
"LVB";"M";"21";"DEP";"PROV";2025-08;327
"LVB";"M";"06";"DEP";"D";2021-04;912
"LVB";"M";"73";"DEP";"D";2021-02;299
"LVB";"M";"28";"DEP";"D";2022-05;390
"LVB_MEAN1";"M";"F";"FRANCE";"D";2023-11;1880
"LVB";"M";"15";"DEP";"D";2023-04;77
"LVB";"M";"92";"DEP";"D";2022-02;1523
"LVB";"M";"39";"DEP";"D";2024-05;156
"LVB";"M";"09";"DEP";"PROV";2025-04;77
"LVB";"M";"81";"DEP";"D";2022-05;274
"LVB";"M";"23";"DEP";"D";2021-11;64
"LVB";"M";"974";"DEP";"D";2022-12;1012
"LVB";"M";"06";"DEP";"D";2022-06;1005
"LVB";"M";"26";"DEP";"PROV";2025-11;349
"LVB";"M";"70";"DEP";"D";2021-05;161
"LVB";"M";"81";"DEP";"D";2021-02;212
"LVB";"M";"38";"DEP";"D";2022-08;1208
"LVB_CUMR";"A";"91";"DEP";"PROV";2025;1415
"LVB";"M";"09";"DEP";"D";2023-01;97
"LVB";"M";"19";"DEP";"D";2021-02;143
"LVB";"A";"21";"DEP";"PROV";2025;4239
"LVB";"A";"06";"DEP";"D";2024;9920
"LVB";"M";"976";"DEP";"D";2024-10;652
"LVB";"A";"16";"DEP";"D";2024;2662
"LVB";"M";"37";"DEP";"D";2024-07;469
"LVB";"M";"68";"DEP";"D";2024-07;612
"LVB";"M";"91";"DEP";"PROV";2025-09;1270
"LVB";"M";"2B";"DEP";"D";2021-08;128
"LVB";"M";"80";"DEP";"PROV";2025-08;394
"LVB";"M";"23";"DEP";"D";2021-07;56
"LVB_CUMR";"A";"41";"DEP";"D";2016;264
"LVB";"M";"03";"DEP";"D";2022-12;225
"LVB";"M";"11";"DEP";"PROV";2025-12;257
"LVB";"M";"19";"DEP";"D";2022-08;152
"LVB_CUMR";"A";"15";"DEP";"D";2024;91
"LVB_CUMR";"A";"976";"DEP";"D";2023;761
"LVB";"M";"2A";"DEP";"D";2022-12;92
"LVB_CUMR";"A";"39";"DEP";"D";2017;186
"LVB";"M";"09";"DEP";"D";2021-04;93
"LVB_CUMR";"A";"92";"DEP";"D";2017;1885
"LVB";"M";"67";"DEP";"PROV";2025-01;843
"LVB";"M";"83";"DEP";"D";2021-09;1006
"LVB";"A";"02";"DEP";"D";2019;5394
"LVB_CUMR";"A";"94";"DEP";"PROV";2025;1490
"LVB";"M";"F";"FRANCE";"D";2021-04;60365
"LVB_CUMR";"A";"2B";"DEP";"D";2016;157
"LVB";"A";"14";"DEP";"D";2016;6927
"LVB";"M";"69";"DEP";"PROV";2025-01;1788
"LVB";"M";"21";"DEP";"D";2021-12;423
"LVB";"M";"83";"DEP";"D";2022-10;870
"LVB";"A";"92";"DEP";"D";2018;22878
"LVB";"M";"02";"DEP";"D";2021-11;488
"LVB";"M";"11";"DEP";"D";2023-02;264
"LVB_CUMR";"A";"41";"DEP";"PROV";2025;224
"LVB";"M";"84";"DEP";"D";2024-05;468
"LVB";"M";"08";"DEP";"D";2023-01;164
"LVB";"M";"69";"DEP";"PROV";2025-04;1714
"LVB";"M";"976";"DEP";"D";2021-07;892
"LVB";"M";"29";"DEP";"D";2021-02;581
"LVB";"M";"69";"DEP";"D";2021-02;1705
"LVB";"M";"40";"DEP";"D";2022-05;329
"LVB";"M";"18";"DEP";"D";2023-10;185
"LVB";"M";"07";"DEP";"D";2022-11;207
"LVB";"M";"04";"DEP";"D";2023-05;111
"LVB";"M";"23";"DEP";"D";2023-10;61
"LVB";"M";"91";"DEP";"PROV";2025-08;1375
"LVB_CUMR";"A";"82";"DEP";"D";2023;188
"LVB";"M";"12";"DEP";"D";2022-11;176
"LVB";"M";"976";"DEP";"D";2021-09;779
"LVB";"M";"67";"DEP";"D";2022-03;932
"LVB";"M";"24";"DEP";"D";2022-09;275
"LVB";"M";"27";"DEP";"D";2023-12;484
"LVB";"M";"01";"DEP";"PROV";2025-04;495
"LVB";"M";"972";"DEP";"D";2021-08;332
"LVB";"M";"10";"DEP";"D";2021-05;267
"LVB";"M";"80";"DEP";"D";2023-10;466
"LVB";"M";"40";"DEP";"PROV";2025-11;220
"LVB";"M";"15";"DEP";"D";2022-11;84
"LVB";"M";"F";"FRANCE";"D";2023-04;53843
"LVB";"M";"70";"DEP";"D";2024-03;153
"LVB";"M";"67";"DEP";"D";2023-01;968
"LVB";"M";"94";"DEP";"D";2021-06;1578
"LVB";"M";"19";"DEP";"PROV";2025-01;141
"LVB";"M";"06";"DEP";"D";2023-09;868
"LVB";"M";"12";"DEP";"D";2024-08;150
"LVB";"M";"27";"DEP";"D";2021-04;451
"LVB";"A";"81";"DEP";"D";2017;3421
"LVB";"M";"15";"DEP";"D";2022-03;92
"LVB";"M";"99";"OTHER";"D";2024-01;75
"LVB";"M";"72";"DEP";"PROV";2026-01;415
"LVB";"M";"38";"DEP";"D";2021-10;1249
"LVB";"M";"92";"DEP";"D";2022-04;1671
"LVB";"M";"973";"DEP";"D";2024-10;599
"LVB_CUMR";"A";"02";"DEP";"D";2021;378
"LVB";"A";"11";"DEP";"D";2016;3385
"LVB";"M";"21";"DEP";"D";2021-04;425
"LVB";"M";"17";"DEP";"D";2024-12;391
"LVB_CUMR";"A";"80";"DEP";"D";2017;491
"LVB";"M";"27";"DEP";"D";2023-06;528
"LVB";"M";"68";"DEP";"D";2022-05;615
"LVB";"M";"93";"DEP";"D";2023-02;1944
"LVB";"M";"41";"DEP";"PROV";2025-08;238
"LVB";"M";"974";"DEP";"PROV";2025-08;1002
"LVB_CUMR";"A";"05";"DEP";"PROV";2026;77
"LVB_CUMR";"A";"17";"DEP";"D";2023;368
"LVB";"M";"10";"DEP";"D";2022-02;235
"LVB";"M";"92";"DEP";"D";2021-03;1840
"LVB_CUMR";"A";"68";"DEP";"D";2020;610
"LVB_CUMR";"A";"29";"DEP";"PROV";2025;582
"LVB";"A";"80";"DEP";"D";2024;5026
"LVB";"M";"36";"DEP";"PROV";2025-02;121
"LVB";"M";"25";"DEP";"PROV";2026-01;369
"LVB";"M";"23";"DEP";"D";2022-10;73
"LVB";"M";"976";"DEP";"D";2023-05;1061
"LVB_CUMR";"A";"82";"DEP";"PROV";2026;185
"LVB";"M";"95";"DEP";"PROV";2025-09;1345
"LVB";"M";"04";"DEP";"D";2023-02;114
"LVB";"M";"10";"DEP";"D";2023-04;217
"LVB";"M";"68";"DEP";"D";2023-09;554
"LVB";"M";"41";"DEP";"PROV";2025-03;210
"LVB";"M";"15";"DEP";"D";2021-01;94
"LVB";"M";"29";"DEP";"D";2023-02;560
"LVB";"M";"99";"OTHER";"D";2023-05;98
"LVB";"M";"25";"DEP";"D";2021-06;455
"LVB";"M";"83";"DEP";"D";2024-06;773
"LVB_CUMR";"A";"94";"DEP";"D";2024;1490
"LVB";"M";"68";"DEP";"D";2024-08;546
"LVB";"M";"01";"DEP";"D";2024-09;529
"LVB";"M";"37";"DEP";"D";2023-10;483
"LVB";"A";"09";"DEP";"D";2021;1205
"LVB";"M";"14";"DEP";"D";2023-08;504
"LVB";"A";"06";"DEP";"D";2017;11888
"LVB";"M";"27";"DEP";"D";2021-08;550
"LVB";"A";"08";"DEP";"D";2020;2458
"LVB";"M";"81";"DEP";"PROV";2025-11;217
"LVB_CUMR";"A";"976";"DEP";"PROV";2026;713
"LVB";"M";"72";"DEP";"D";2023-09;423
"LVB";"M";"92";"DEP";"D";2022-11;1746
"LVB";"M";"24";"DEP";"D";2022-01;243
"LVB";"M";"39";"DEP";"PROV";2025-05;151
"LVB";"M";"17";"DEP";"PROV";2026-01;372
"LVB";"M";"02";"DEP";"D";2023-10;418
"LVB";"M";"2B";"DEP";"PROV";2025-03;89
"LVB";"M";"71";"DEP";"D";2024-04;330
"LVB_CUMR";"A";"85";"DEP";"D";2016;504
"LVB_CUMR";"A";"09";"DEP";"D";2017;112
"LVB";"M";"27";"DEP";"D";2022-07;552
"LVB";"M";"71";"DEP";"D";2022-04;377
"LVB";"M";"976";"DEP";"PROV";2025-08;695
"LVB";"A";"94";"DEP";"D";2019;20399
"LVB";"M";"19";"DEP";"D";2023-10;144
"LVB";"A";"19";"DEP";"D";2020;1864
"LVB";"M";"06";"DEP";"D";2022-01;902
"LVB";"M";"40";"DEP";"PROV";2025-04;217
"LVB";"M";"84";"DEP";"D";2022-08;550
"LVB";"M";"972";"DEP";"D";2022-10;303
"LVB";"M";"68";"DEP";"D";2022-10;579
"LVB_CUMR";"A";"29";"DEP";"D";2017;754
"LVB";"M";"99";"OTHER";"D";2023-08;129
"LVB";"M";"08";"DEP";"PROV";2025-08;203
"LVB";"M";"01";"DEP";"PROV";2025-12;460
"LVB_CUMR";"A";"16";"DEP";"D";2020;240
"LVB";"M";"24";"DEP";"D";2023-05;250
"LVB";"M";"82";"DEP";"D";2021-07;238
"LVB_CUMR";"A";"38";"DEP";"D";2019;1188
"LVB";"M";"10";"DEP";"PROV";2026-01;247
"LVB_CUMR";"A";"972";"DEP";"D";2022;320
"LVB";"M";"974";"DEP";"D";2021-09;1133
"LVB";"M";"69";"DEP";"D";2023-02;1680
"LVB";"M";"28";"DEP";"PROV";2026-01;363
"LVB";"A";"04";"DEP";"D";2020;1329
"LVB";"M";"15";"DEP";"PROV";2025-03;63
"LVB";"M";"68";"DEP";"D";2024-01;554
"LVB";"M";"79";"DEP";"PROV";2025-01;233
"LVB";"M";"976";"DEP";"D";2021-05;1089
"LVB";"M";"21";"DEP";"D";2022-03;393
"LVB";"M";"41";"DEP";"D";2023-11;242
"LVB";"M";"12";"DEP";"D";2024-07;155
"LVB";"A";"95";"DEP";"PROV";2025;17066
"LVB";"M";"2A";"DEP";"D";2024-09;93
"LVB";"M";"04";"DEP";"PROV";2025-06;118
"LVB";"M";"39";"DEP";"D";2022-07;216
"LVB";"M";"99";"OTHER";"D";2022-10;81
"LVB";"M";"17";"DEP";"D";2024-05;378
"LVB";"M";"80";"DEP";"D";2023-09;382
"LVB";"M";"07";"DEP";"D";2021-09;288
"LVB_CUMR";"A";"72";"DEP";"D";2021;414
"LVB_CUMR";"A";"24";"DEP";"D";2024;221
"LVB";"M";"91";"DEP";"D";2024-10;1518
"LVB";"M";"2B";"DEP";"D";2024-09;98
"LVB";"M";"03";"DEP";"D";2023-04;194
"LVB";"M";"37";"DEP";"D";2022-01;480
"LVB";"M";"18";"DEP";"D";2022-08;231
"LVB";"A";"974";"DEP";"D";2018;13364
"LVB";"A";"80";"DEP";"PROV";2025;4978
"LVB";"M";"07";"DEP";"D";2022-07;243
"LVB";"A";"974";"DEP";"D";2022;13205
"LVB_CUMR";"A";"971";"DEP";"D";2024;331
"LVB_CUMR";"A";"70";"DEP";"D";2022;171
"LVB";"M";"30";"DEP";"D";2021-05;612
"LVB";"M";"21";"DEP";"PROV";2025-02;337
"LVB";"A";"99";"OTHER";"D";2022;1220
"LVB";"M";"42";"DEP";"D";2022-01;674
"LVB";"M";"14";"DEP";"D";2021-10;633
"LVB";"M";"06";"DEP";"D";2024-06;815
"LVB";"M";"84";"DEP";"D";2023-12;463
"LVB";"M";"92";"DEP";"D";2021-05;1890
"LVB";"M";"10";"DEP";"D";2022-12;249
"LVB";"M";"70";"DEP";"D";2023-07;163
"LVB";"A";"08";"DEP";"D";2019;2566
"LVB_CUMR";"A";"973";"DEP";"PROV";2026;529
"LVB";"M";"26";"DEP";"D";2021-10;471
"LVB";"M";"2A";"DEP";"D";2022-10;101
"LVB";"M";"13";"DEP";"PROV";2025-10;1848
"LVB";"M";"01";"DEP";"D";2024-02;519
"LVB";"M";"40";"DEP";"D";2021-09;291
"LVB";"M";"81";"DEP";"D";2022-08;314
"LVB";"A";"93";"DEP";"PROV";2025;24204
"LVB";"M";"09";"DEP";"PROV";2025-03;81
"LVB";"M";"67";"DEP";"D";2024-01;876
"LVB";"M";"973";"DEP";"D";2023-08;657
"LVB";"M";"23";"DEP";"D";2024-05;64
"LVB";"M";"03";"DEP";"D";2022-02;201
"LVB";"M";"39";"DEP";"D";2021-05;190
"LVB";"M";"29";"DEP";"D";2021-06;722
"LVB";"M";"17";"DEP";"D";2023-01;368
"LVB";"M";"84";"DEP";"D";2022-10;534
"LVB";"A";"94";"DEP";"D";2022;18696
"LVB";"M";"12";"DEP";"D";2021-12;207
"LVB";"M";"38";"DEP";"D";2023-09;1068
"LVB";"M";"70";"DEP";"D";2023-02;149
"LVB_MEAN1";"M";"F";"FRANCE";"D";2022-11;1977
"LVB";"M";"08";"DEP";"D";2023-06;183
"LVB_CUMR";"A";"03";"DEP";"D";2024;202
"LVB";"M";"16";"DEP";"D";2024-07;226
"LVB";"M";"2B";"DEP";"D";2024-10;130
"LVB";"M";"82";"DEP";"D";2024-03;163
"LVB";"M";"23";"DEP";"PROV";2025-10;52
"LVB_CUMR";"A";"92";"DEP";"D";2023;1640
"LVB_CUMR";"A";"82";"DEP";"PROV";2025;190
"LVB";"A";"69";"DEP";"D";2018;25513
"LVB";"M";"40";"DEP";"D";2022-04;287
"LVB";"A";"01";"DEP";"D";2019;6907
"LVB";"M";"08";"DEP";"D";2022-01;204
"LVB_CUMR";"A";"99";"OTHER";"D";2024;75
"LVB";"M";"972";"DEP";"D";2021-06;257
"LVB";"A";"27";"DEP";"D";2021;6211
"LVB";"M";"14";"DEP";"PROV";2025-08;501
"LVB";"A";"26";"DEP";"D";2017;5571
"LVB";"M";"83";"DEP";"D";2023-11;813
"LVB_CUMR";"A";"08";"DEP";"D";2019;211
"LVB";"M";"67";"DEP";"D";2024-12;824
"LVB";"M";"41";"DEP";"D";2022-09;239
"LVB";"M";"08";"DEP";"PROV";2025-09;176
"LVB";"A";"07";"DEP";"D";2019;2982
"LVB";"M";"93";"DEP";"PROV";2025-01;2066
"LVB";"A";"2B";"DEP";"D";2016;1541
"LVB_CUMR";"A";"974";"DEP";"D";2022;1112
"LVB_CUMR";"A";"23";"DEP";"D";2021;71
"LVB";"M";"17";"DEP";"PROV";2025-02;375
"LVB";"M";"84";"DEP";"D";2024-02;444
"LVB";"M";"37";"DEP";"PROV";2026-01;434
"LVB_CUMR";"A";"68";"DEP";"D";2024;554
"LVB";"M";"974";"DEP";"D";2022-07;1118
"LVB_CUMR";"A";"92";"DEP";"D";2018;1866
"LVB";"M";"83";"DEP";"D";2021-02;736
"LVB";"M";"02";"DEP";"PROV";2026-01;399
"LVB";"M";"11";"DEP";"D";2024-12;218
"LVB_CUMR";"A";"15";"DEP";"D";2016;86
"LVB";"M";"2A";"DEP";"PROV";2025-04;85
"LVB";"M";"22";"DEP";"D";2023-10;402
"LVB_CUMR";"A";"41";"DEP";"D";2020;275
"LVB_MEAN1";"M";"F";"FRANCE";"D";2021-10;2166
"LVB";"M";"92";"DEP";"D";2024-06;1614
"LVB";"A";"72";"DEP";"D";2020;5547
"LVB";"M";"17";"DEP";"D";2023-12;389
"LVB";"M";"05";"DEP";"D";2023-09;92
"LVB";"M";"84";"DEP";"D";2021-03;481
"LVB";"M";"08";"DEP";"D";2022-10;188
"LVB";"M";"37";"DEP";"D";2024-02;376
"LVB";"A";"26";"DEP";"D";2023;4816
"LVB_CUMR";"A";"23";"DEP";"D";2024;58
"LVB";"M";"974";"DEP";"PROV";2025-02;929
"LVB";"M";"14";"DEP";"D";2024-05;514
"LVB";"M";"95";"DEP";"D";2024-06;1411
"LVB";"M";"67";"DEP";"D";2023-04;829
"LVB";"M";"13";"DEP";"D";2021-02;1738
"LVB";"M";"04";"DEP";"D";2023-06;93
"LVB";"M";"80";"DEP";"D";2024-05;432
"LVB";"M";"41";"DEP";"D";2024-11;206
"LVB";"M";"2B";"DEP";"D";2021-03;96
"LVB";"M";"26";"DEP";"D";2021-01;385
"LVB";"M";"72";"DEP";"D";2023-12;461
"LVB";"M";"95";"DEP";"D";2022-07;1708
"LVB";"M";"973";"DEP";"D";2024-02;546
"LVB";"M";"38";"DEP";"D";2022-09;1122
"LVB_CUMR";"A";"19";"DEP";"D";2017;174
"LVB";"A";"01";"DEP";"PROV";2025;6129
"LVB";"M";"08";"DEP";"D";2023-11;196
"LVB";"M";"81";"DEP";"D";2024-06;218
"LVB";"M";"2B";"DEP";"PROV";2025-05;102
"LVB";"M";"40";"DEP";"D";2021-02;243
"LVB";"M";"95";"DEP";"D";2023-06;1524
"LVB";"M";"19";"DEP";"PROV";2025-04;147
"LVB";"M";"99";"OTHER";"D";2021-06;100
"LVB";"M";"68";"DEP";"D";2023-04;560
"LVB";"A";"17";"DEP";"D";2022;5086
"LVB";"M";"03";"DEP";"D";2024-10;215
"LVB";"M";"08";"DEP";"D";2022-12;197
"LVB";"M";"38";"DEP";"D";2023-04;948
"LVB";"A";"27";"DEP";"D";2022;6237
"LVB";"M";"80";"DEP";"PROV";2025-01;433
"LVB";"M";"973";"DEP";"D";2021-08;698
"LVB";"M";"71";"DEP";"D";2024-06;335
"LVB";"M";"92";"DEP";"D";2022-06;1803
"LVB";"M";"25";"DEP";"D";2021-04;517
"LVB";"M";"05";"DEP";"D";2021-07;120
"LVB";"M";"17";"DEP";"D";2024-08;409
"LVB";"M";"37";"DEP";"D";2024-12;442
"LVB";"M";"80";"DEP";"PROV";2025-10;407
"LVB";"A";"12";"DEP";"D";2022;2109
"LVB";"M";"70";"DEP";"D";2021-04;163
"LVB";"M";"99";"OTHER";"D";2023-02;85
"LVB";"A";"29";"DEP";"D";2023;7273
"LVB";"M";"91";"DEP";"D";2024-08;1419
"LVB";"M";"06";"DEP";"D";2024-11;802
"LVB_CUMR";"A";"21";"DEP";"D";2019;431
"LVB";"M";"38";"DEP";"D";2021-08;1252
"LVB";"A";"72";"DEP";"PROV";2025;5098
"LVB";"M";"14";"DEP";"PROV";2025-04;448
"LVB";"M";"971";"DEP";"PROV";2025-11;339
"LVB";"M";"12";"DEP";"PROV";2026-01;169
"LVB";"M";"81";"DEP";"D";2021-06;270
"LVB";"A";"40";"DEP";"D";2016;3498
"LVB";"M";"2A";"DEP";"D";2024-08;78
"LVB";"M";"972";"DEP";"PROV";2025-04;216
"LVB";"M";"01";"DEP";"D";2023-11;514
"LVB_CUMR";"A";"06";"DEP";"D";2018;938
"LVB";"A";"16";"DEP";"D";2016;3183
"LVB";"M";"974";"DEP";"PROV";2025-05;1057
"LVB";"M";"69";"DEP";"D";2024-09;1800
"LVB";"M";"02";"DEP";"PROV";2025-06;384
"LVB";"M";"92";"DEP";"D";2022-12;1684
"LVB";"M";"11";"DEP";"D";2024-03;231
"LVB_CUMR";"A";"38";"DEP";"PROV";2026;1020
"LVB";"M";"82";"DEP";"D";2021-12;224
"LVB_CUMR";"A";"25";"DEP";"PROV";2025;377
"LVB";"M";"26";"DEP";"PROV";2025-12;379
"LVB";"M";"69";"DEP";"D";2022-09;1862
"LVB";"M";"92";"DEP";"PROV";2025-10;1634
"LVB";"M";"04";"DEP";"D";2023-01;120
"LVB";"M";"974";"DEP";"D";2021-02;1006
"LVB_CUMR";"A";"68";"DEP";"D";2021;567
"LVB";"A";"14";"DEP";"D";2020;6552
"LVB_CUMR";"A";"10";"DEP";"D";2017;273
"LVB";"M";"39";"DEP";"PROV";2025-04;150
"LVB";"M";"84";"DEP";"D";2024-09;424
"LVB_CUMR";"A";"93";"DEP";"D";2019;2326
"LVB_CUMR";"A";"23";"DEP";"PROV";2026;58
"LVB";"M";"69";"DEP";"D";2022-04;1814
"LVB";"M";"29";"DEP";"D";2022-05;675
"LVB_CUMR";"A";"84";"DEP";"D";2024;470
"LVB";"A";"99";"OTHER";"D";2017;2160
"LVB";"M";"11";"DEP";"D";2024-07;264
"LVB";"M";"14";"DEP";"PROV";2025-12;422
"LVB_CUMR";"A";"F";"FRANCE";"D";2020;62199
"LVB";"M";"01";"DEP";"D";2022-06;579
"LVB";"A";"41";"DEP";"D";2023;2786
"LVB";"M";"94";"DEP";"D";2022-09;1559
"LVB_CUMR";"A";"84";"DEP";"PROV";2026;420
"LVB_CUMR";"A";"72";"DEP";"D";2017;496
"LVB";"M";"976";"DEP";"D";2024-08;652
"LVB";"M";"15";"DEP";"PROV";2025-02;59
"LVB";"M";"02";"DEP";"D";2021-12;471
"LVB";"M";"13";"DEP";"D";2022-05;2036
"LVB";"M";"81";"DEP";"D";2024-07;244
"LVB";"M";"26";"DEP";"D";2022-01;399
"LVB";"M";"07";"DEP";"PROV";2025-09;189
"LVB_CUMR";"A";"28";"DEP";"D";2017;411
"LVB_CUMR";"A";"37";"DEP";"D";2021;431
"LVB";"M";"971";"DEP";"PROV";2025-06;226
"LVB";"A";"67";"DEP";"PROV";2025;9898
"LVB";"M";"14";"DEP";"PROV";2026-01;466
"LVB";"M";"974";"DEP";"PROV";2026-01;890
"LVB";"M";"08";"DEP";"D";2022-08;212
"LVB";"M";"03";"DEP";"PROV";2025-04;192
"LVB";"M";"05";"DEP";"D";2021-02;84
"LVB";"M";"85";"DEP";"D";2021-02;410
"LVB";"M";"41";"DEP";"D";2024-06;239
"LVB";"M";"973";"DEP";"PROV";2025-05;551
"LVB";"A";"29";"DEP";"PROV";2025;7030
"LVB";"M";"69";"DEP";"PROV";2026-01;1750
"LVB";"M";"95";"DEP";"PROV";2025-02;1391
"LVB";"M";"16";"DEP";"D";2021-01;226
"LVB";"M";"12";"DEP";"PROV";2025-06;149
"LVB";"M";"F";"FRANCE";"PROV";2025-11;51370
"LVB";"M";"19";"DEP";"D";2024-04;134
"LVB_CUMR";"A";"01";"DEP";"D";2018;563
"LVB";"M";"42";"DEP";"D";2021-03;718
"LVB_MEAN1";"M";"F";"FRANCE";"D";2022-09;2006
"LVB";"M";"80";"DEP";"D";2021-10;515
"LVB";"M";"25";"DEP";"D";2024-04;371
"LVB";"M";"72";"DEP";"PROV";2025-05;446
"LVB_CUMR";"A";"92";"DEP";"D";2024;1578
"LVB";"M";"28";"DEP";"D";2024-03;302
"LVB";"M";"08";"DEP";"D";2024-06;179
"LVB";"M";"19";"DEP";"D";2021-07;170
"LVB";"M";"67";"DEP";"D";2024-02;826
"LVB";"M";"04";"DEP";"D";2022-11;126
"LVB";"M";"82";"DEP";"D";2024-02;178
"LVB";"A";"99";"OTHER";"D";2016;2008
"LVB_CUMR";"A";"42";"DEP";"D";2020;692
"LVB";"M";"23";"DEP";"D";2023-04;67
"LVB";"M";"92";"DEP";"D";2021-06;1764
"LVB";"M";"05";"DEP";"PROV";2025-11;97
"LVB";"A";"10";"DEP";"PROV";2025;2599
"LVB";"M";"2B";"DEP";"D";2023-09;102
"LVB";"M";"15";"DEP";"D";2021-11;88
"LVB";"M";"70";"DEP";"D";2021-03;168
"LVB";"M";"81";"DEP";"D";2023-07;273
"LVB";"M";"25";"DEP";"PROV";2025-07;479
"LVB";"M";"974";"DEP";"D";2023-11;964
"LVB";"M";"69";"DEP";"D";2024-07;1934
"LVB_CUMR";"A";"95";"DEP";"PROV";2025;1444
"LVB";"M";"39";"DEP";"D";2023-12;181
"LVB";"M";"04";"DEP";"D";2021-04;126
"LVB";"M";"07";"DEP";"PROV";2025-12;190
"LVB";"M";"27";"DEP";"D";2024-01;460
"LVB";"M";"19";"DEP";"PROV";2025-08;132
"LVB";"A";"F";"FRANCE";"D";2023;677803
"LVB";"A";"69";"DEP";"D";2024;21420
"LVB";"M";"971";"DEP";"PROV";2025-08;314
"LVB";"M";"85";"DEP";"D";2021-03;510
"LVB";"M";"16";"DEP";"D";2023-04;238
"LVB_CUMR";"A";"04";"DEP";"D";2020;122
"LVB";"M";"09";"DEP";"D";2022-03;89
"LVB";"M";"72";"DEP";"D";2024-06;383
"LVB_CUMR";"A";"23";"DEP";"D";2016;74
"LVB";"M";"37";"DEP";"D";2022-04;447
"LVB";"M";"973";"DEP";"D";2023-10;644
"LVB";"M";"26";"DEP";"D";2024-01;401
"LVB";"M";"95";"DEP";"D";2023-04;1427
"LVB";"M";"82";"DEP";"D";2021-02;215
"LVB";"M";"72";"DEP";"D";2021-06;451
"LVB_CUMR";"A";"02";"DEP";"D";2023;417
"LVB";"M";"13";"DEP";"D";2023-10;1971
"LVB";"M";"23";"DEP";"D";2024-04;59
"LVB";"M";"84";"DEP";"D";2021-02;427
"LVB";"M";"07";"DEP";"D";2024-12;188
"LVB";"M";"38";"DEP";"D";2021-12;1172
"LVB";"A";"94";"DEP";"PROV";2025;17069
"LVB";"M";"976";"DEP";"PROV";2025-04;999
"LVB";"M";"27";"DEP";"D";2021-10;560
"LVB";"M";"02";"DEP";"D";2022-08;464
"LVB_CUMR";"A";"70";"DEP";"D";2020;165
"LVB_CUMR";"A";"18";"DEP";"D";2017;221
"LVB";"M";"41";"DEP";"D";2023-10;203
"LVB_CUMR";"A";"21";"DEP";"D";2024;368
"LVB";"A";"72";"DEP";"D";2024;5088
"LVB";"M";"79";"DEP";"D";2022-05;254
"LVB";"A";"12";"DEP";"D";2021;2272
"LVB";"M";"971";"DEP";"D";2021-09;407
"LVB";"M";"68";"DEP";"D";2024-05;554
"LVB";"M";"974";"DEP";"PROV";2025-03;1045
"LVB_CUMR";"A";"03";"DEP";"PROV";2026;193
"LVB";"M";"2A";"DEP";"D";2024-03;91
"LVB";"M";"83";"DEP";"D";2024-05;809
"LVB";"A";"14";"DEP";"D";2024;5792
"LVB_MEAN1";"M";"F";"FRANCE";"PROV";2025-12;1725
"LVB";"M";"37";"DEP";"D";2024-10;476
"LVB_CUMR";"A";"10";"DEP";"D";2020;274
"LVB";"M";"24";"DEP";"D";2023-03;205
"LVB_CUMR";"A";"94";"DEP";"D";2016;1670
"LVB";"M";"68";"DEP";"D";2021-10;672
"LVB";"M";"04";"DEP";"D";2021-01;112
"LVB";"M";"972";"DEP";"PROV";2025-07;212
"LVB";"A";"19";"DEP";"D";2019;1831
"LVB";"M";"F";"FRANCE";"D";2021-06;60857
"LVB";"M";"38";"DEP";"D";2022-02;1011
"LVB";"M";"2A";"DEP";"D";2022-04;102
"LVB";"M";"79";"DEP";"D";2024-05;242
"LVB";"M";"09";"DEP";"D";2022-04;112
"LVB";"M";"24";"DEP";"D";2023-07;212
"LVB";"A";"972";"DEP";"D";2019;3749
"LVB";"M";"03";"DEP";"D";2023-08;221
"LVB";"M";"71";"DEP";"D";2023-04;343
"LVB_MEAN1";"M";"F";"FRANCE";"D";2023-12;1789
"LVB";"M";"80";"DEP";"D";2022-09;470
"LVB";"M";"39";"DEP";"D";2023-09;167
"LVB";"M";"14";"DEP";"D";2021-12;586
"LVB";"M";"24";"DEP";"D";2023-06;216
"LVB";"A";"91";"DEP";"D";2024;17071
"LVB";"M";"27";"DEP";"D";2022-03;489
"LVB";"M";"12";"DEP";"D";2024-01;160
"LVB";"M";"95";"DEP";"D";2022-09;1562
"LVB";"M";"06";"DEP";"D";2024-08;870
"LVB_CUMR";"A";"71";"DEP";"D";2019;402
"LVB";"A";"38";"DEP";"D";2018;14062
"LVB";"M";"973";"DEP";"D";2021-01;619
"LVB_CUMR";"A";"79";"DEP";"PROV";2025;233
"LVB";"A";"27";"DEP";"D";2024;5461
"LVB";"M";"21";"DEP";"D";2023-02;358
"LVB";"M";"14";"DEP";"D";2021-01;530
"LVB";"M";"07";"DEP";"D";2021-02;196
"LVB";"A";"92";"DEP";"D";2024;19804
"LVB";"A";"01";"DEP";"D";2022;6881
"LVB";"M";"29";"DEP";"D";2023-06;601
"LVB";"A";"40";"DEP";"D";2018;3356
"LVB";"A";"99";"OTHER";"PROV";2025;1000
"LVB";"A";"73";"DEP";"D";2018;4509
"LVB";"M";"79";"DEP";"D";2024-11;237
"LVB";"M";"09";"DEP";"D";2024-07;86
"LVB";"M";"21";"DEP";"D";2022-09;437
"LVB";"M";"13";"DEP";"D";2024-08;2008
"LVB";"M";"23";"DEP";"D";2024-12;68
"LVB";"A";"70";"DEP";"D";2024;1784
"LVB";"M";"95";"DEP";"PROV";2025-08;1433
"LVB";"A";"38";"DEP";"D";2016;14943
"LVB";"M";"02";"DEP";"D";2023-09;354
"LVB";"A";"99";"OTHER";"D";2018;1927
"LVB";"M";"09";"DEP";"PROV";2025-08;99
"LVB";"M";"29";"DEP";"D";2022-03;654
"LVB";"A";"83";"DEP";"D";2022;10677
"LVB";"M";"12";"DEP";"D";2022-12;188
"LVB";"M";"17";"DEP";"PROV";2025-11;375
"LVB";"M";"04";"DEP";"D";2024-10;110
"LVB";"M";"93";"DEP";"PROV";2025-04;1937
"LVB";"M";"69";"DEP";"D";2024-01;1855
"LVB";"M";"22";"DEP";"D";2024-07;431
"LVB";"M";"08";"DEP";"PROV";2026-01;195
"LVB";"M";"37";"DEP";"D";2024-08;479
"LVB";"M";"974";"DEP";"D";2024-02;934
"LVB";"A";"81";"DEP";"D";2019;3345
"LVB";"M";"2B";"DEP";"D";2024-07;115
"LVB_CUMR";"A";"07";"DEP";"D";2017;279
"LVB";"M";"16";"DEP";"D";2022-02;229
"LVB";"M";"971";"DEP";"PROV";2025-01;274
"LVB";"M";"07";"DEP";"D";2023-10;197
"LVB";"M";"72";"DEP";"D";2022-03;477
"LVB";"M";"19";"DEP";"D";2022-06;176
"LVB";"M";"39";"DEP";"D";2024-09;153
"LVB";"A";"976";"DEP";"D";2019;9768
"LVB";"M";"80";"DEP";"D";2022-03;474
"LVB_CUMR";"A";"03";"DEP";"D";2017;197
"LVB";"M";"971";"DEP";"D";2023-06;298
"LVB";"M";"15";"DEP";"D";2021-06;86
"LVB";"A";"30";"DEP";"D";2023;6709
"LVB";"M";"67";"DEP";"D";2021-05;954
"LVB";"M";"41";"DEP";"PROV";2025-04;221
"LVB";"M";"11";"DEP";"D";2022-06;237
"LVB";"M";"25";"DEP";"D";2021-11;481
"LVB";"A";"976";"DEP";"D";2021;10613
"LVB";"M";"82";"DEP";"PROV";2025-07;189
"LVB";"M";"91";"DEP";"D";2023-01;1520
"LVB_CUMR";"A";"04";"DEP";"D";2018;132
"LVB";"M";"28";"DEP";"D";2022-04;338
"LVB_CUMR";"A";"68";"DEP";"D";2018;652
"LVB";"M";"16";"DEP";"D";2024-09;234
"LVB";"M";"42";"DEP";"D";2023-05;604
"LVB";"M";"21";"DEP";"D";2023-06;408
"LVB";"M";"12";"DEP";"D";2022-06;179
"LVB_CUMR";"A";"973";"DEP";"D";2017;586
"LVB";"A";"80";"DEP";"D";2018;5781
"LVB";"M";"68";"DEP";"PROV";2025-07;604
"LVB";"A";"93";"DEP";"D";2024;24946
"LVB";"M";"42";"DEP";"D";2022-12;638
"LVB";"M";"03";"DEP";"D";2022-08;228
"LVB";"A";"23";"DEP";"PROV";2025;685
"LVB_CUMR";"A";"29";"DEP";"D";2019;680
"LVB";"A";"15";"DEP";"PROV";2025;869
"LVB";"M";"92";"DEP";"D";2023-02;1519
"LVB";"M";"10";"DEP";"D";2024-12;220
"LVB";"M";"39";"DEP";"D";2022-11;165
"LVB";"M";"973";"DEP";"D";2023-05;618
"LVB";"A";"83";"DEP";"D";2024;9435
"LVB";"M";"68";"DEP";"D";2023-03;591
"LVB";"M";"04";"DEP";"D";2022-05;122
"LVB";"M";"25";"DEP";"PROV";2025-03;421
"LVB";"M";"93";"DEP";"D";2023-03;2110
"LVB";"M";"27";"DEP";"D";2021-11;544
"LVB";"M";"15";"DEP";"D";2021-05;79
"LVB";"M";"95";"DEP";"D";2022-11;1600
"LVB";"A";"68";"DEP";"D";2016;8285
"LVB";"M";"F";"FRANCE";"D";2022-08;64081
"LVB_CUMR";"A";"79";"DEP";"D";2022;297
"LVB";"M";"41";"DEP";"D";2024-12;222
"LVB";"A";"10";"DEP";"D";2016;3341
"LVB";"M";"05";"DEP";"D";2023-10;102
"LVB";"M";"28";"DEP";"D";2021-10;407
"LVB";"A";"23";"DEP";"D";2017;834
"LVB";"M";"41";"DEP";"D";2023-03;239
"LVB_CUMR";"A";"02";"DEP";"D";2020;488
"LVB";"M";"92";"DEP";"D";2024-10;1736
"LVB";"M";"72";"DEP";"D";2023-07;416
"LVB";"M";"81";"DEP";"D";2021-01;255
"LVB_MEAN1";"M";"F";"FRANCE";"D";2021-01;1742
"LVB";"M";"13";"DEP";"D";2021-10;2327
"LVB";"M";"68";"DEP";"D";2021-05;583
"LVB";"M";"10";"DEP";"D";2021-06;212
"LVB";"M";"26";"DEP";"D";2024-03;393
"LVB";"A";"38";"DEP";"D";2023;12486
"LVB";"M";"16";"DEP";"D";2022-05;254
"LVB";"M";"24";"DEP";"D";2021-03;220
"LVB";"M";"92";"DEP";"D";2023-01;1640
"LVB";"A";"04";"DEP";"D";2016;1499
"LVB_MEAN1";"M";"F";"FRANCE";"D";2024-06;1760
"LVB";"M";"971";"DEP";"D";2024-09;331
"LVB_CUMR";"A";"81";"DEP";"PROV";2026;235
"LVB";"M";"67";"DEP";"D";2022-10;894
"LVB";"M";"05";"DEP";"D";2021-10;111
"LVB_CUMR";"A";"41";"DEP";"D";2022;258
"LVB_CUMR";"A";"10";"DEP";"D";2019;256
"LVB";"M";"17";"DEP";"D";2022-09;447
"LVB";"A";"25";"DEP";"D";2022;5394
"LVB";"M";"29";"DEP";"PROV";2026-01;636
"LVB";"M";"92";"DEP";"D";2022-01;1622
"LVB";"M";"976";"DEP";"PROV";2025-05;874
"LVB";"M";"81";"DEP";"D";2023-09;236
"LVB";"M";"67";"DEP";"D";2021-03;957
"LVB";"M";"F";"FRANCE";"D";2021-02;52225
"LVB";"M";"02";"DEP";"D";2022-11;475
"LVB";"M";"71";"DEP";"D";2023-03;366
"LVB";"M";"40";"DEP";"D";2022-02;267
"LVB_CUMR";"A";"13";"DEP";"D";2022;2027
"LVB";"A";"09";"DEP";"D";2018;1234
"LVB";"M";"23";"DEP";"D";2023-09;62
"LVB";"M";"83";"DEP";"PROV";2025-12;744
"LVB";"M";"72";"DEP";"PROV";2025-08;462
"LVB";"M";"91";"DEP";"D";2023-09;1407
"LVB";"M";"29";"DEP";"D";2024-02;567
"LVB";"A";"974";"DEP";"D";2020;13142
"LVB_CUMR";"A";"93";"DEP";"D";2022;2033
"LVB";"M";"41";"DEP";"D";2023-08;251
"LVB";"M";"16";"DEP";"D";2021-05;237
"LVB";"M";"02";"DEP";"PROV";2025-04;376
"LVB";"M";"F";"FRANCE";"PROV";2025-05;53875
"LVB";"M";"21";"DEP";"D";2024-11;346
"LVB";"M";"80";"DEP";"D";2024-12;422
"LVB";"M";"08";"DEP";"D";2021-07;215
"LVB";"M";"02";"DEP";"PROV";2025-05;420
"LVB";"M";"70";"DEP";"D";2024-06;126
"LVB";"M";"F";"FRANCE";"D";2024-04;53301
"LVB";"A";"28";"DEP";"PROV";2025;3904
"LVB";"M";"19";"DEP";"D";2023-07;135
"LVB";"A";"92";"DEP";"D";2020;21439
"LVB";"M";"01";"DEP";"D";2022-02;514
"LVB";"M";"41";"DEP";"D";2022-11;269
"LVB_CUMR";"A";"14";"DEP";"D";2023;531
"LVB";"M";"29";"DEP";"D";2022-01;652
"LVB";"M";"974";"DEP";"D";2021-01;964
"LVB";"M";"72";"DEP";"PROV";2025-03;418
"LVB";"M";"22";"DEP";"D";2023-09;376
"LVB";"A";"85";"DEP";"D";2016;6314
"LVB";"M";"12";"DEP";"D";2023-12;135
"LVB";"M";"14";"DEP";"D";2024-02;478
"LVB";"M";"41";"DEP";"D";2022-12;233
"LVB";"M";"91";"DEP";"D";2023-04;1374
"LVB";"M";"973";"DEP";"D";2022-12;712
"LVB";"M";"02";"DEP";"D";2023-12;439
"LVB";"M";"71";"DEP";"D";2021-09;427
"LVB";"M";"28";"DEP";"D";2022-09;397
"LVB";"M";"22";"DEP";"D";2024-09;381
"LVB";"M";"79";"DEP";"D";2024-09;210
"LVB";"M";"09";"DEP";"D";2022-07;119
"LVB";"M";"91";"DEP";"D";2024-05;1363
"LVB_CUMR";"A";"71";"DEP";"D";2023;379
"LVB";"M";"06";"DEP";"D";2021-09;986
"LVB";"M";"17";"DEP";"D";2024-04;372
"LVB";"M";"976";"DEP";"D";2023-01;761
"LVB";"M";"39";"DEP";"D";2021-08;195
"LVB";"M";"82";"DEP";"PROV";2025-01;190
"LVB_CUMR";"A";"36";"DEP";"PROV";2026;135
"LVB";"M";"26";"DEP";"PROV";2025-07;405
"LVB";"A";"973";"DEP";"D";2022;7718
"LVB";"M";"12";"DEP";"PROV";2025-02;162
"LVB";"M";"21";"DEP";"D";2024-08;406
"LVB_CUMR";"A";"69";"DEP";"PROV";2025;1788
"LVB_CUMR";"A";"10";"DEP";"PROV";2026;247
"LVB";"A";"2A";"DEP";"D";2021;1307
"LVB";"A";"972";"DEP";"D";2022;3493
"LVB";"M";"13";"DEP";"D";2021-11;2061
"LVB";"M";"01";"DEP";"D";2024-06;502
"LVB";"M";"38";"DEP";"D";2021-02;1014
"LVB";"M";"07";"DEP";"PROV";2025-02;199
"LVB";"M";"23";"DEP";"D";2023-12;63
"LVB";"M";"84";"DEP";"D";2021-09;596
"LVB";"A";"973";"DEP";"D";2023;7689
"LVB";"M";"24";"DEP";"PROV";2025-02;195
"LVB_CUMR";"A";"68";"DEP";"PROV";2025;546
"LVB";"M";"28";"DEP";"D";2022-12;373
"LVB";"M";"971";"DEP";"D";2023-07;341
"LVB";"M";"15";"DEP";"D";2021-09;93
"LVB";"A";"03";"DEP";"D";2017;2877
"LVB";"M";"973";"DEP";"PROV";2025-03;535
"LVB";"M";"23";"DEP";"D";2024-10;59
"LVB";"M";"93";"DEP";"D";2021-03;2196
"LVB";"M";"39";"DEP";"D";2022-08;194
"LVB";"M";"72";"DEP";"D";2022-01;497
"LVB_CUMR";"A";"09";"DEP";"D";2024;73
"LVB";"M";"2B";"DEP";"D";2023-10;135
"LVB";"M";"79";"DEP";"D";2022-09;264
"LVB";"M";"28";"DEP";"D";2024-02;344
"LVB";"M";"12";"DEP";"D";2022-03;172
"LVB";"M";"30";"DEP";"D";2021-03;630
"LVB";"M";"04";"DEP";"D";2021-06;116
"LVB";"A";"972";"DEP";"D";2017;3640
"LVB";"M";"25";"DEP";"PROV";2025-12;407
"LVB";"M";"18";"DEP";"D";2024-11;195
"LVB";"M";"41";"DEP";"D";2023-12;224
"LVB";"M";"973";"DEP";"D";2024-09;588
"LVB";"A";"68";"DEP";"D";2018;8054
"LVB";"M";"85";"DEP";"D";2022-04;495
"LVB";"A";"30";"DEP";"D";2017;7708
"LVB";"M";"971";"DEP";"PROV";2025-12;308
"LVB";"M";"11";"DEP";"D";2022-12;258
"LVB";"M";"93";"DEP";"PROV";2025-02;1807
"LVB";"M";"10";"DEP";"D";2023-06;221
"LVB";"M";"05";"DEP";"D";2021-05;103
"LVB";"A";"25";"DEP";"D";2021;5589
"LVB";"M";"973";"DEP";"D";2021-07;683
"LVB";"M";"16";"DEP";"D";2022-09;271
"LVB";"M";"38";"DEP";"PROV";2025-03;969
"LVB";"M";"70";"DEP";"PROV";2025-11;122
"LVB";"M";"85";"DEP";"D";2021-11;538
"LVB";"A";"2B";"DEP";"D";2023;1307
"LVB_CUMR";"A";"19";"DEP";"D";2018;169
"LVB";"M";"95";"DEP";"PROV";2025-11;1405
"LVB";"M";"973";"DEP";"D";2023-01;705
"LVB";"A";"13";"DEP";"D";2019;25288
"LVB_CUMR";"A";"39";"DEP";"PROV";2026;191
"LVB";"M";"24";"DEP";"D";2024-08;206
"LVB";"M";"02";"DEP";"D";2024-09;440
"LVB";"M";"72";"DEP";"PROV";2025-04;405
"LVB";"M";"26";"DEP";"D";2024-07;388
"LVB";"M";"92";"DEP";"D";2024-07;1716
"LVB";"M";"13";"DEP";"D";2021-06;2092
"LVB";"M";"84";"DEP";"D";2024-11;429
"LVB";"M";"974";"DEP";"D";2022-10;925
"LVB";"M";"11";"DEP";"D";2023-01;261
"LVB";"M";"22";"DEP";"D";2021-07;473
"LVB";"M";"40";"DEP";"D";2023-07;274
"LVB";"M";"72";"DEP";"D";2024-08;423
"LVB_MEAN1";"M";"F";"FRANCE";"D";2022-07;2088
"LVB";"M";"21";"DEP";"D";2022-12;389
"LVB";"M";"2A";"DEP";"PROV";2025-11;100
"LVB_CUMR";"A";"18";"DEP";"D";2019;246
"LVB";"M";"92";"DEP";"D";2024-03;1601
"LVB";"M";"04";"DEP";"D";2021-09;129
"LVB";"M";"82";"DEP";"PROV";2025-04;189
"LVB_CUMR";"A";"69";"DEP";"PROV";2026;1750
"LVB_CUMR";"A";"41";"DEP";"D";2024;206
"LVB";"M";"11";"DEP";"D";2024-04;214
"LVB";"A";"03";"DEP";"D";2021;2772
"LVB_CUMR";"A";"F";"FRANCE";"D";2016;65963
"LVB";"M";"971";"DEP";"D";2021-03;354
"LVB";"M";"23";"DEP";"D";2024-06;58
"LVB";"M";"16";"DEP";"D";2021-12;237
"LVB";"M";"30";"DEP";"D";2022-12;619
"LVB_CUMR";"A";"81";"DEP";"D";2024;253
"LVB";"M";"40";"DEP";"D";2021-07;317
"LVB";"M";"67";"DEP";"PROV";2025-07;886
"LVB_CUMR";"A";"972";"DEP";"D";2019;314
"LVB";"M";"976";"DEP";"D";2023-11;684
"LVB";"M";"12";"DEP";"PROV";2025-08;158
"LVB";"M";"05";"DEP";"PROV";2025-12;93
"LVB";"M";"41";"DEP";"D";2021-08;272
"LVB";"A";"81";"DEP";"PROV";2025;2897
"LVB";"M";"21";"DEP";"D";2024-04;311
"LVB";"A";"2A";"DEP";"D";2023;1193
"LVB";"M";"13";"DEP";"D";2023-06;1969
"LVB";"M";"67";"DEP";"PROV";2025-12;798
"LVB";"M";"99";"OTHER";"D";2022-09;101
"LVB_CUMR";"A";"95";"DEP";"D";2021;1357
"LVB";"A";"12";"DEP";"D";2017;2316
"LVB_CUMR";"A";"04";"DEP";"D";2023;120
"LVB_CUMR";"A";"27";"DEP";"PROV";2025;465
"LVB";"M";"70";"DEP";"D";2023-09;162
"LVB";"M";"36";"DEP";"D";2024-02;125
"LVB";"M";"23";"DEP";"D";2024-08;68
"LVB";"M";"82";"DEP";"D";2023-01;188
"LVB";"A";"973";"DEP";"D";2019;8104
"LVB";"M";"14";"DEP";"D";2023-12;461
"LVB";"M";"972";"DEP";"D";2022-06;252
"LVB";"M";"10";"DEP";"D";2022-08;232
"LVB";"M";"F";"FRANCE";"D";2023-06;57242
"LVB";"A";"69";"DEP";"PROV";2025;20828
"LVB";"M";"80";"DEP";"D";2024-08;415
"LVB";"M";"19";"DEP";"D";2022-10;180
"LVB";"M";"29";"DEP";"D";2023-10;593
"LVB";"M";"40";"DEP";"D";2021-12;317
"LVB";"M";"01";"DEP";"PROV";2025-10;528
"LVB";"M";"95";"DEP";"D";2023-07;1621
"LVB";"M";"16";"DEP";"D";2022-11;243
"LVB_MEAN1";"M";"F";"FRANCE";"D";2024-09;1841
"LVB";"M";"08";"DEP";"D";2024-12;197
"LVB_CUMR";"A";"72";"DEP";"D";2020;449
"LVB";"A";"25";"DEP";"PROV";2025;4853
"LVB";"M";"85";"DEP";"D";2021-05;536
"LVB";"M";"95";"DEP";"D";2021-06;1649
"LVB";"M";"28";"DEP";"PROV";2025-04;290
"LVB";"M";"03";"DEP";"D";2023-12;210
"LVB_CUMR";"A";"38";"DEP";"D";2020;1147
"LVB";"M";"80";"DEP";"D";2023-01;463
"LVB_CUMR";"A";"974";"DEP";"D";2016;1165
"LVB";"M";"08";"DEP";"D";2021-01;167
"LVB";"A";"71";"DEP";"D";2023;4337
"LVB";"A";"F";"FRANCE";"D";2019;753383
"LVB";"M";"22";"DEP";"D";2022-05;412
"LVB";"M";"16";"DEP";"D";2024-08;233
"LVB";"M";"972";"DEP";"D";2022-05;269
"LVB";"M";"2B";"DEP";"D";2021-09;125
"LVB_CUMR";"A";"05";"DEP";"D";2018;99
"LVB";"M";"37";"DEP";"D";2024-03;439
"LVB";"M";"81";"DEP";"D";2023-02;230
"LVB";"M";"974";"DEP";"D";2021-06;1161
"LVB_CUMR";"A";"10";"DEP";"D";2022;254
"LVB";"M";"972";"DEP";"D";2023-05;262
"LVB";"M";"24";"DEP";"D";2024-09;210
"LVB_CUMR";"A";"73";"DEP";"D";2016;361
"LVB";"A";"29";"DEP";"D";2020;7885
"LVB";"A";"79";"DEP";"D";2022;3107
"LVB";"M";"15";"DEP";"PROV";2025-09;67
"LVB_CUMR";"A";"06";"DEP";"PROV";2026;870
"LVB";"M";"41";"DEP";"D";2022-08;274
"LVB";"M";"91";"DEP";"D";2024-09;1426
"LVB";"M";"24";"DEP";"PROV";2025-01;199
"LVB";"M";"41";"DEP";"D";2021-10;264
"LVB_CUMR";"A";"12";"DEP";"D";2023;156
"LVB";"A";"99";"OTHER";"D";2023;1160
"LVB";"M";"70";"DEP";"D";2024-07;137
"LVB_CUMR";"A";"83";"DEP";"PROV";2026;756
"LVB";"M";"38";"DEP";"D";2022-04;1067
"LVB";"M";"30";"DEP";"D";2021-06;635
"LVB";"M";"81";"DEP";"D";2021-10;292
"LVB";"M";"05";"DEP";"PROV";2025-10;91
"LVB";"M";"13";"DEP";"D";2024-11;1892
"LVB";"M";"95";"DEP";"D";2022-01;1548
"LVB";"M";"19";"DEP";"D";2024-07;133
"LVB";"M";"36";"DEP";"D";2024-12;127
"LVB";"M";"09";"DEP";"D";2023-03;69
"LVB_MEAN1";"M";"F";"FRANCE";"PROV";2025-10;1782
"LVB";"M";"27";"DEP";"D";2022-12;500
"LVB";"M";"72";"DEP";"D";2023-08;471
"LVB";"M";"82";"DEP";"D";2024-08;193
"LVB";"A";"971";"DEP";"D";2018;4249
"LVB";"M";"973";"DEP";"D";2023-11;671
"LVB";"M";"02";"DEP";"D";2023-05;418
"LVB";"M";"25";"DEP";"D";2022-02;428
"LVB";"M";"13";"DEP";"D";2022-06;2060
"LVB";"M";"94";"DEP";"PROV";2025-11;1395
"LVB";"M";"971";"DEP";"PROV";2026-01;294
"LVB";"M";"40";"DEP";"PROV";2025-09;245
"LVB";"M";"09";"DEP";"D";2021-11;110
"LVB";"M";"95";"DEP";"D";2023-10;1524
"LVB";"M";"81";"DEP";"D";2021-08;332
"LVB";"M";"67";"DEP";"D";2023-11;901
"LVB";"M";"F";"FRANCE";"D";2023-05;57252
"LVB";"M";"28";"DEP";"D";2021-06;356
"LVB";"M";"21";"DEP";"D";2022-02;378
"LVB";"M";"06";"DEP";"D";2021-02;796
"LVB_CUMR";"A";"2A";"DEP";"D";2020;118
"LVB";"A";"08";"DEP";"D";2024;2161
"LVB";"M";"15";"DEP";"D";2022-12;80
"LVB";"M";"37";"DEP";"D";2021-08;506
"LVB";"M";"80";"DEP";"PROV";2025-12;427
"LVB";"M";"68";"DEP";"D";2021-07;656
"LVB";"M";"91";"DEP";"PROV";2025-10;1334
"LVB_CUMR";"A";"974";"DEP";"D";2024;1035
"LVB";"M";"973";"DEP";"D";2024-07;523
"LVB";"M";"21";"DEP";"D";2024-06;358
"LVB";"A";"93";"DEP";"D";2018;28735
"LVB";"M";"17";"DEP";"PROV";2025-08;361
"LVB_CUMR";"A";"974";"DEP";"D";2021;964
"LVB";"M";"05";"DEP";"D";2022-03;115
"LVB";"M";"10";"DEP";"PROV";2025-02;188
"LVB";"M";"82";"DEP";"D";2023-11;201
"LVB";"M";"39";"DEP";"D";2023-03;159
"LVB";"M";"2B";"DEP";"D";2022-05;101
"LVB";"M";"69";"DEP";"D";2024-06;1732
"LVB";"M";"22";"DEP";"D";2022-09;423
"LVB_CUMR";"A";"92";"DEP";"D";2016;1990
"LVB";"M";"F";"FRANCE";"D";2023-10;58047
"LVB";"A";"85";"DEP";"D";2020;5916
"LVB";"M";"02";"DEP";"PROV";2025-01;410
"LVB";"M";"12";"DEP";"D";2023-03;162
"LVB";"M";"18";"DEP";"D";2021-01;215
"LVB";"M";"38";"DEP";"PROV";2025-05;977
"LVB";"M";"27";"DEP";"D";2021-12;580
"LVB";"M";"70";"DEP";"D";2023-03;132
"LVB";"M";"25";"DEP";"D";2024-06;397
"LVB";"M";"92";"DEP";"D";2024-12;1650
"LVB";"M";"F";"FRANCE";"D";2021-08;65767
"LVB";"M";"41";"DEP";"D";2023-06;234
"LVB";"A";"84";"DEP";"D";2018;6392
"LVB";"A";"04";"DEP";"D";2023;1282
"LVB";"M";"18";"DEP";"D";2024-04;217
"LVB";"M";"79";"DEP";"D";2022-02;229
"LVB_CUMR";"A";"10";"DEP";"PROV";2025;213
"LVB";"M";"70";"DEP";"D";2024-04;153
"LVB_CUMR";"A";"30";"DEP";"D";2023;534
"LVB";"M";"94";"DEP";"D";2024-03;1403
"LVB";"M";"25";"DEP";"D";2022-07;512
"LVB";"M";"40";"DEP";"D";2024-09;240
"LVB_CUMR";"A";"99";"OTHER";"D";2019;171
"LVB";"M";"22";"DEP";"D";2023-12;374
"LVB_CUMR";"A";"03";"DEP";"D";2020;230
"LVB";"M";"42";"DEP";"D";2022-05;711
"LVB";"A";"72";"DEP";"D";2023;5271
"LVB";"M";"85";"DEP";"D";2021-10;532
"LVB";"M";"15";"DEP";"D";2023-08;74
"LVB";"A";"84";"DEP";"PROV";2025;5171
"LVB";"A";"11";"DEP";"D";2021;3246
"LVB";"M";"91";"DEP";"D";2023-12;1444
"LVB";"M";"24";"DEP";"D";2021-11;283
"LVB_CUMR";"A";"973";"DEP";"D";2023;705
"LVB";"M";"69";"DEP";"D";2021-07;2086
"LVB";"M";"38";"DEP";"PROV";2025-01;1037
"LVB";"M";"28";"DEP";"D";2021-03;383
"LVB";"M";"03";"DEP";"D";2024-02;195
"LVB";"M";"84";"DEP";"D";2024-06;427
"LVB";"M";"92";"DEP";"D";2021-11;1729
"LVB";"M";"12";"DEP";"D";2022-02;178
"LVB";"M";"14";"DEP";"PROV";2025-11;421
"LVB";"M";"19";"DEP";"D";2023-08;165
"LVB_CUMR";"A";"72";"DEP";"PROV";2025;439
"LVB";"M";"01";"DEP";"D";2021-11;613
"LVB";"M";"39";"DEP";"PROV";2025-11;169
"LVB";"M";"973";"DEP";"D";2021-09;737
"LVB";"M";"30";"DEP";"D";2021-01;547
"LVB_CUMR";"A";"94";"DEP";"D";2017;1693
"LVB";"M";"83";"DEP";"D";2021-12;914
"LVB";"M";"10";"DEP";"D";2022-10;263
"LVB";"M";"23";"DEP";"D";2023-08;80
"LVB";"M";"18";"DEP";"D";2022-01;252
"LVB";"M";"04";"DEP";"PROV";2025-01;82
"LVB";"M";"28";"DEP";"D";2024-12;348
"LVB";"M";"99";"OTHER";"D";2022-11;100
"LVB";"M";"70";"DEP";"PROV";2025-07;182
"LVB";"M";"39";"DEP";"D";2022-03;185
"LVB";"A";"22";"DEP";"D";2019;5132
"LVB";"M";"04";"DEP";"D";2022-04;107
"LVB";"M";"93";"DEP";"D";2021-09;2295
"LVB";"M";"82";"DEP";"PROV";2025-12;170
"LVB";"M";"10";"DEP";"PROV";2025-06;191
"LVB_MEAN1";"M";"F";"FRANCE";"D";2024-07;1860
"LVB";"M";"18";"DEP";"D";2022-07;254
"LVB";"A";"70";"DEP";"D";2020;1954
"LVB_CUMR";"A";"91";"DEP";"D";2023;1520
"LVB";"M";"41";"DEP";"PROV";2025-12;219
"LVB";"M";"06";"DEP";"D";2024-10;928
"LVB";"M";"29";"DEP";"D";2023-11;599
"LVB";"M";"67";"DEP";"D";2021-08;1064
"LVB";"M";"81";"DEP";"PROV";2025-08;252
"LVB_CUMR";"A";"21";"DEP";"D";2021;412
"LVB";"M";"10";"DEP";"PROV";2025-09;205
"LVB";"M";"976";"DEP";"D";2021-08;893
"LVB";"M";"95";"DEP";"D";2024-02;1437
"LVB";"M";"17";"DEP";"D";2021-05;404
"LVB_CUMR";"A";"92";"DEP";"D";2020;1761
"LVB";"M";"01";"DEP";"D";2023-08;518
"LVB_CUMR";"A";"37";"DEP";"D";2022;480
"LVB_CUMR";"A";"24";"DEP";"D";2022;243
"LVB";"M";"92";"DEP";"D";2022-10;1809
"LVB_CUMR";"A";"67";"DEP";"D";2023;968
"LVB";"A";"28";"DEP";"D";2022;4602
"LVB";"M";"84";"DEP";"D";2023-08;458
"LVB";"M";"974";"DEP";"D";2023-03;1211
"LVB";"M";"07";"DEP";"D";2021-06;195
"LVB";"M";"70";"DEP";"D";2023-05;156
"LVB";"M";"04";"DEP";"D";2024-06;99
"LVB_CUMR";"A";"14";"DEP";"D";2020;573
"LVB";"M";"21";"DEP";"D";2024-07;407
"LVB";"A";"41";"DEP";"D";2021;2969
"LVB";"M";"2A";"DEP";"D";2021-05;91
"LVB_CUMR";"A";"971";"DEP";"D";2021;338
"LVB";"M";"80";"DEP";"D";2021-01;421
"LVB";"M";"974";"DEP";"D";2022-03;1306
"LVB_CUMR";"A";"11";"DEP";"D";2021;238
"LVB";"M";"67";"DEP";"D";2024-09;909
"LVB";"M";"974";"DEP";"D";2022-06;1206
"LVB";"M";"80";"DEP";"PROV";2025-03;406
"LVB";"M";"37";"DEP";"PROV";2025-07;462
"LVB";"A";"16";"DEP";"D";2018;2955
"LVB";"M";"06";"DEP";"PROV";2025-06;856
"LVB_CUMR";"A";"22";"DEP";"D";2024;371
"LVB";"M";"91";"DEP";"D";2024-06;1328
"LVB";"M";"F";"FRANCE";"PROV";2025-12;53475
"LVB";"M";"30";"DEP";"D";2021-12;626
"LVB";"M";"72";"DEP";"D";2022-09;467
"LVB";"M";"93";"DEP";"D";2023-06;2139
"LVB";"M";"40";"DEP";"D";2024-06;223
"LVB";"M";"13";"DEP";"D";2023-12;1944
"LVB";"A";"01";"DEP";"D";2018;7101
"LVB";"M";"29";"DEP";"PROV";2025-01;582
"LVB";"M";"23";"DEP";"D";2023-05;55
"LVB";"M";"12";"DEP";"D";2024-11;177
"LVB_CUMR";"A";"80";"DEP";"PROV";2025;433
"LVB_CUMR";"A";"F";"FRANCE";"D";2017;63379
"LVB";"M";"95";"DEP";"D";2021-03;1587
"LVB";"M";"69";"DEP";"D";2022-02;1848
"LVB";"M";"04";"DEP";"D";2023-03;111
"LVB";"M";"973";"DEP";"D";2021-10;792
"LVB_CUMR";"A";"42";"DEP";"D";2016;715
"LVB_CUMR";"A";"2B";"DEP";"PROV";2026;98
"LVB_CUMR";"A";"13";"DEP";"D";2018;2143
"LVB";"M";"22";"DEP";"D";2023-06;338
"LVB";"M";"16";"DEP";"D";2021-09;290
"LVB";"M";"95";"DEP";"PROV";2025-07;1567
"LVB_CUMR";"A";"84";"DEP";"D";2018;565
"LVB";"M";"976";"DEP";"D";2023-10;807
"LVB";"A";"73";"DEP";"D";2019;4383
"LVB";"M";"04";"DEP";"PROV";2025-12;112
"LVB";"M";"36";"DEP";"D";2024-04;129
"LVB";"M";"27";"DEP";"D";2024-03;421
"LVB";"M";"09";"DEP";"D";2021-03;97
"LVB";"A";"24";"DEP";"D";2018;2942
"LVB";"A";"F";"FRANCE";"D";2017;769553
"LVB";"M";"95";"DEP";"D";2023-05;1507
"LVB";"M";"18";"DEP";"D";2022-10;225
"LVB_CUMR";"A";"79";"DEP";"PROV";2026;212
"LVB";"M";"04";"DEP";"D";2022-09;101
"LVB";"M";"72";"DEP";"PROV";2025-11;395
"LVB";"M";"F";"FRANCE";"D";2022-07;64728
"LVB";"M";"41";"DEP";"D";2021-01;244
"LVB";"A";"27";"DEP";"D";2018;6434
"LVB";"M";"08";"DEP";"D";2024-05;169
"LVB";"M";"19";"DEP";"D";2023-04;120
"LVB";"M";"02";"DEP";"D";2021-07;477
"LVB";"M";"95";"DEP";"D";2021-05;1606
"LVB";"M";"83";"DEP";"D";2022-09;930
"LVB";"M";"17";"DEP";"PROV";2025-07;375
"LVB_MEAN1";"M";"F";"FRANCE";"D";2023-02;1881
"LVB";"M";"67";"DEP";"D";2023-06;893
"LVB";"M";"28";"DEP";"D";2023-02;319
"LVB";"M";"42";"DEP";"D";2023-03;589
"LVB";"M";"976";"DEP";"D";2023-09;708
"LVB";"M";"18";"DEP";"PROV";2025-01;203
"LVB_CUMR";"A";"12";"DEP";"D";2016;193
"LVB";"M";"23";"DEP";"D";2022-08;82
"LVB";"M";"79";"DEP";"D";2023-04;248
"LVB_CUMR";"A";"972";"DEP";"D";2016;348
"LVB";"M";"02";"DEP";"D";2022-01;462
"LVB";"M";"99";"OTHER";"D";2024-11;89
"LVB";"M";"72";"DEP";"D";2022-04;442
"LVB";"M";"08";"DEP";"PROV";2025-03;162
"LVB";"A";"28";"DEP";"D";2018;4730
"LVB";"A";"37";"DEP";"D";2020;6020
"LVB";"M";"16";"DEP";"PROV";2025-06;230
"LVB";"M";"25";"DEP";"D";2021-03;456
"LVB";"M";"79";"DEP";"D";2024-12;259
"LVB";"M";"03";"DEP";"D";2024-03;225
"LVB";"A";"976";"DEP";"D";2018;9590
"LVB";"M";"68";"DEP";"D";2022-11;567
"LVB";"A";"91";"DEP";"D";2023;17227
"LVB";"M";"70";"DEP";"D";2024-11;122
"LVB";"M";"39";"DEP";"D";2024-03;167
"LVB";"M";"11";"DEP";"D";2024-11;221
"LVB";"M";"16";"DEP";"D";2023-01;237
"LVB";"M";"2A";"DEP";"D";2021-09;131
"LVB";"M";"84";"DEP";"D";2022-06;493
"LVB";"M";"03";"DEP";"D";2024-08;212
"LVB";"M";"19";"DEP";"D";2024-08;128
"LVB";"M";"972";"DEP";"D";2024-06;183
"LVB";"M";"70";"DEP";"D";2022-08;162
"LVB";"A";"41";"DEP";"PROV";2025;2622
"LVB";"M";"94";"DEP";"D";2022-08;1617
"LVB_CUMR";"A";"01";"DEP";"D";2019;605
"LVB";"M";"16";"DEP";"D";2024-04;209
"LVB";"M";"07";"DEP";"D";2021-03;211
"LVB";"M";"28";"DEP";"PROV";2025-06;358
"LVB";"M";"24";"DEP";"PROV";2025-12;202
"LVB";"M";"85";"DEP";"D";2021-06;492
"LVB";"M";"67";"DEP";"PROV";2025-02;799
"LVB";"M";"36";"DEP";"PROV";2025-03;146
"LVB";"M";"67";"DEP";"D";2021-12;1035
"LVB";"M";"F";"FRANCE";"PROV";2025-01;54850
"LVB";"A";"16";"DEP";"D";2022;3016
"LVB";"M";"91";"DEP";"D";2024-07;1484
"LVB";"A";"09";"DEP";"D";2022;1201
"LVB";"M";"04";"DEP";"D";2022-10;132
"LVB";"M";"22";"DEP";"D";2021-08;483
"LVB";"M";"2A";"DEP";"D";2024-10;112
"LVB";"M";"38";"DEP";"D";2022-07;1211
"LVB";"A";"80";"DEP";"D";2021;5420
"LVB";"M";"71";"DEP";"PROV";2025-01;332
"LVB";"M";"974";"DEP";"PROV";2025-12;929
"LVB";"M";"14";"DEP";"D";2023-09;506
"LVB";"M";"95";"DEP";"PROV";2025-03;1381
"LVB_CUMR";"A";"85";"DEP";"D";2022;537
"LVB";"M";"2A";"DEP";"D";2021-10;120
"LVB";"M";"25";"DEP";"D";2022-06;440
"LVB";"A";"07";"DEP";"D";2020;2754
"LVB";"M";"36";"DEP";"D";2023-12;131
"LVB_CUMR";"A";"05";"DEP";"D";2016;103
"LVB";"M";"99";"OTHER";"D";2022-12;98
"LVB";"M";"17";"DEP";"PROV";2025-06;358
"LVB";"M";"69";"DEP";"D";2021-11;2082
"LVB";"M";"93";"DEP";"PROV";2025-06;2049
"LVB";"M";"29";"DEP";"D";2023-01;642
"LVB";"M";"09";"DEP";"PROV";2025-09;79
"LVB";"M";"83";"DEP";"D";2024-09;831
"LVB_CUMR";"A";"37";"DEP";"D";2024;494
"LVB";"M";"25";"DEP";"D";2021-12;471
"LVB_CUMR";"A";"17";"DEP";"D";2016;455
"LVB";"M";"973";"DEP";"D";2023-06;638
"LVB";"M";"83";"DEP";"D";2022-08;986
"LVB";"M";"70";"DEP";"D";2021-11;169
"LVB";"M";"01";"DEP";"D";2021-07;615
"LVB";"M";"16";"DEP";"PROV";2025-01;194
"LVB";"M";"92";"DEP";"D";2024-02;1545
"LVB";"M";"26";"DEP";"D";2023-03;404
"LVB";"A";"08";"DEP";"D";2018;2464
"LVB";"M";"18";"DEP";"D";2023-05;195
"LVB";"M";"22";"DEP";"PROV";2025-10;360
"LVB";"M";"37";"DEP";"D";2023-02;413
"LVB";"M";"83";"DEP";"D";2023-07;880
"LVB";"A";"F";"FRANCE";"PROV";2025;643877
"LVB";"M";"2A";"DEP";"D";2021-11;122
"LVB";"M";"69";"DEP";"D";2023-01;1762
"LVB";"M";"91";"DEP";"PROV";2025-06;1355
"LVB_CUMR";"A";"09";"DEP";"D";2023;97
"LVB";"M";"02";"DEP";"D";2024-04;358
"LVB_CUMR";"A";"23";"DEP";"D";2019;69
"LVB";"M";"16";"DEP";"D";2024-06;195
"LVB";"M";"38";"DEP";"D";2021-11;1160
"LVB";"M";"971";"DEP";"D";2023-09;343
"LVB";"M";"83";"DEP";"D";2021-03;811
"LVB";"M";"99";"OTHER";"D";2024-12;86
"LVB";"A";"22";"DEP";"D";2020;5082
"LVB";"M";"10";"DEP";"D";2024-07;232
"LVB";"M";"2B";"DEP";"D";2024-04;103
"LVB";"A";"69";"DEP";"D";2022;22986
"LVB";"M";"17";"DEP";"D";2023-04;359
"LVB";"M";"41";"DEP";"PROV";2025-09;228
"LVB";"A";"972";"DEP";"D";2020;3529
"LVB";"M";"03";"DEP";"D";2024-05;203
"LVB";"M";"22";"DEP";"D";2021-01;414
"LVB";"M";"84";"DEP";"PROV";2025-07;455
"LVB";"M";"07";"DEP";"D";2021-11;250
"LVB_MEAN1";"M";"F";"FRANCE";"PROV";2025-08;1788
"LVB";"M";"70";"DEP";"PROV";2026-01;153
"LVB";"M";"2A";"DEP";"D";2021-07;109
"LVB";"M";"01";"DEP";"D";2022-04;542
"LVB";"M";"91";"DEP";"D";2023-05;1456
"LVB";"M";"17";"DEP";"D";2022-10;421
"LVB";"M";"39";"DEP";"D";2024-04;155
"LVB";"M";"22";"DEP";"D";2022-04;379
"LVB";"M";"80";"DEP";"D";2023-11;389
"LVB";"M";"08";"DEP";"D";2021-12;210
"LVB";"M";"F";"FRANCE";"D";2022-05;62049
"LVB";"M";"28";"DEP";"D";2024-05;343
"LVB";"M";"10";"DEP";"D";2023-03;217
"LVB";"M";"15";"DEP";"D";2023-02;86
"LVB";"M";"95";"DEP";"D";2021-02;1344
"LVB";"M";"68";"DEP";"PROV";2025-09;546
"LVB";"M";"19";"DEP";"PROV";2025-10;155
"LVB";"M";"36";"DEP";"D";2023-09;140
"LVB";"M";"05";"DEP";"PROV";2025-04;92
"LVB";"M";"99";"OTHER";"D";2023-10;100
"LVB";"M";"28";"DEP";"D";2024-08;331
"LVB";"M";"80";"DEP";"D";2023-04;415
"LVB";"M";"18";"DEP";"D";2022-11;201
"LVB";"M";"23";"DEP";"D";2021-10;50
"LVB";"M";"09";"DEP";"D";2021-06;111
"LVB";"M";"69";"DEP";"D";2021-03;2000
"LVB";"M";"93";"DEP";"D";2024-08;2138
"LVB";"M";"37";"DEP";"D";2024-01;494
"LVB";"M";"99";"OTHER";"D";2024-07;99
"LVB";"M";"22";"DEP";"PROV";2025-06;401
"LVB";"M";"04";"DEP";"D";2024-05;106
"LVB";"M";"80";"DEP";"D";2022-02;470
"LVB";"A";"28";"DEP";"D";2019;4583
"LVB";"M";"39";"DEP";"D";2024-11;171
"LVB";"M";"09";"DEP";"D";2024-05;82
"LVB";"M";"16";"DEP";"PROV";2025-08;223
"LVB";"M";"92";"DEP";"D";2023-09;1546
"LVB_CUMR";"A";"71";"DEP";"PROV";2026;362
"LVB";"M";"26";"DEP";"D";2022-05;424
"LVB";"M";"976";"DEP";"D";2021-03;1136
"LVB";"M";"82";"DEP";"D";2023-12;199
"LVB";"M";"37";"DEP";"D";2021-02;442
"LVB";"M";"10";"DEP";"D";2024-10;217
"LVB";"M";"2A";"DEP";"D";2024-05;92
"LVB_CUMR";"A";"24";"DEP";"PROV";2026;229
"LVB";"M";"92";"DEP";"D";2023-04;1580
"LVB_CUMR";"A";"05";"DEP";"PROV";2025;96
"LVB";"M";"18";"DEP";"PROV";2025-03;195
"LVB";"M";"69";"DEP";"D";2023-07;1873
"LVB";"M";"42";"DEP";"D";2022-08;701
"LVB";"M";"21";"DEP";"PROV";2025-01;382
"LVB";"M";"11";"DEP";"D";2022-04;247
"LVB";"M";"99";"OTHER";"D";2024-02;67
"LVB";"M";"80";"DEP";"D";2022-07;534
"LVB";"M";"18";"DEP";"D";2023-03;194
"LVB";"M";"06";"DEP";"D";2022-05;1006
"LVB_CUMR";"A";"28";"DEP";"D";2019;377
"LVB";"M";"40";"DEP";"D";2023-01;237
"LVB_CUMR";"A";"93";"DEP";"D";2018;2455
"LVB";"M";"68";"DEP";"D";2021-12;641
"LVB";"M";"24";"DEP";"D";2021-08;267
"LVB_CUMR";"A";"80";"DEP";"D";2021;421
"LVB_CUMR";"A";"07";"DEP";"PROV";2025;191
"LVB";"M";"976";"DEP";"D";2022-02;920
"LVB";"M";"14";"DEP";"PROV";2025-09;455
"LVB";"M";"93";"DEP";"D";2023-05;2087
"LVB";"M";"67";"DEP";"D";2022-07;1038
"LVB";"M";"2B";"DEP";"D";2023-02;105
"LVB";"M";"39";"DEP";"D";2023-10;189
"LVB";"M";"02";"DEP";"D";2024-05;383
"LVB";"M";"23";"DEP";"PROV";2026-01;58
"LVB";"M";"974";"DEP";"D";2021-05;1178
"LVB";"M";"09";"DEP";"D";2021-01;89
"LVB";"M";"17";"DEP";"D";2022-04;401
"LVB";"M";"83";"DEP";"D";2022-07;943
"LVB";"M";"84";"DEP";"D";2021-11;571
"LVB";"M";"28";"DEP";"D";2022-10;370
"LVB";"M";"69";"DEP";"D";2022-08;2002
"LVB";"M";"37";"DEP";"PROV";2025-09;480
"LVB";"M";"23";"DEP";"D";2024-03;56
"LVB";"M";"95";"DEP";"D";2022-06;1615
"LVB";"M";"976";"DEP";"D";2024-09;619
"LVB";"M";"07";"DEP";"D";2022-03;223
"LVB";"M";"06";"DEP";"D";2023-08;924
"LVB";"M";"30";"DEP";"D";2022-06;597
"LVB";"M";"16";"DEP";"D";2021-04;216
"LVB";"M";"83";"DEP";"D";2024-11;745
"LVB";"M";"70";"DEP";"PROV";2025-05;154
"LVB";"A";"22";"DEP";"D";2021;5398
"LVB";"M";"38";"DEP";"PROV";2025-02;888
"LVB";"M";"99";"OTHER";"D";2021-07;117
"LVB";"M";"13";"DEP";"PROV";2025-07;1956
"LVB";"M";"94";"DEP";"PROV";2025-04;1344
"LVB";"M";"12";"DEP";"D";2021-11;188
"LVB";"M";"27";"DEP";"D";2021-02;447
"LVB";"M";"42";"DEP";"D";2021-02;603
"LVB";"M";"83";"DEP";"PROV";2025-11;728
"LVB";"M";"22";"DEP";"D";2024-02;373
"LVB";"M";"06";"DEP";"D";2021-08;1022
"LVB";"M";"F";"FRANCE";"D";2022-01;60445
"LVB";"M";"93";"DEP";"D";2021-08;2293
"LVB";"A";"16";"DEP";"D";2019;2987
"LVB";"A";"71";"DEP";"D";2021;4790
"LVB";"M";"11";"DEP";"D";2021-07;297
"LVB";"M";"2B";"DEP";"PROV";2026-01;98
"LVB";"M";"17";"DEP";"PROV";2025-05;341
"LVB";"M";"39";"DEP";"PROV";2025-06;172
"LVB";"A";"21";"DEP";"D";2021;4977
"LVB";"M";"84";"DEP";"D";2023-01;486
"LVB";"M";"F";"FRANCE";"D";2024-03;54749
"LVB";"M";"08";"DEP";"D";2024-09;185
"LVB";"M";"72";"DEP";"D";2023-06;442
"LVB";"M";"2B";"DEP";"D";2024-08;102
"LVB";"M";"94";"DEP";"D";2021-03;1683
"LVB_MEAN1";"M";"F";"FRANCE";"D";2022-01;1950
"LVB";"M";"01";"DEP";"PROV";2025-05;538
"LVB";"M";"16";"DEP";"D";2024-01;220
"LVB_CUMR";"A";"24";"DEP";"D";2019;253
"LVB_CUMR";"A";"37";"DEP";"D";2023;464
"LVB";"M";"83";"DEP";"D";2023-04;735
"LVB";"M";"10";"DEP";"D";2024-05;217
"LVB_CUMR";"A";"71";"DEP";"PROV";2025;332
"LVB_CUMR";"A";"29";"DEP";"D";2018;648
"LVB";"M";"42";"DEP";"D";2023-01;592
"LVB";"M";"974";"DEP";"D";2023-07;1066
"LVB";"M";"95";"DEP";"D";2024-03;1450
"LVB";"M";"17";"DEP";"D";2024-09;369
"LVB_CUMR";"A";"07";"DEP";"D";2018;232
"LVB";"M";"23";"DEP";"D";2024-01;58
"LVB";"M";"07";"DEP";"D";2023-03;233
"LVB";"A";"83";"DEP";"D";2021;10561
"LVB";"M";"72";"DEP";"D";2023-02;414
"LVB";"M";"2A";"DEP";"D";2023-07;95
"LVB";"M";"39";"DEP";"PROV";2025-12;180
"LVB";"M";"972";"DEP";"D";2023-12;295
"LVB";"M";"17";"DEP";"D";2022-11;381
"LVB";"M";"04";"DEP";"D";2024-04;97
"LVB";"M";"07";"DEP";"PROV";2026-01;193
"LVB_CUMR";"A";"22";"DEP";"D";2018;437
"LVB";"M";"95";"DEP";"D";2023-12;1498
"LVB";"M";"28";"DEP";"D";2023-01;373
"LVB";"M";"83";"DEP";"D";2021-01;792
"LVB";"M";"72";"DEP";"D";2022-08;552
"LVB";"M";"37";"DEP";"PROV";2025-12;475
"LVB";"M";"974";"DEP";"D";2023-01;1034
"LVB";"M";"06";"DEP";"PROV";2025-02;767
"LVB";"M";"09";"DEP";"PROV";2025-10;97
"LVB";"M";"18";"DEP";"D";2024-06;187
"LVB";"M";"28";"DEP";"PROV";2025-10;284
"LVB";"M";"23";"DEP";"D";2021-09;66
"LVB";"M";"92";"DEP";"PROV";2025-04;1574
"LVB";"M";"80";"DEP";"D";2021-05;449
"LVB_CUMR";"A";"974";"DEP";"PROV";2026;890
"LVB";"M";"71";"DEP";"D";2024-10;356
"LVB";"M";"38";"DEP";"PROV";2025-07;1076
"LVB";"A";"07";"DEP";"D";2018;2891
"LVB_CUMR";"A";"26";"DEP";"D";2022;399
"LVB";"M";"12";"DEP";"D";2021-05;179
"LVB";"M";"14";"DEP";"D";2023-02;462
"LVB";"M";"2B";"DEP";"PROV";2025-11;89
"LVB_CUMR";"A";"68";"DEP";"D";2023;570
"LVB";"A";"95";"DEP";"D";2023;17929
"LVB";"A";"36";"DEP";"D";2024;1533
"LVB";"M";"81";"DEP";"D";2021-11;285
"LVB";"M";"F";"FRANCE";"D";2022-03;60480
"LVB";"M";"24";"DEP";"PROV";2025-07;251
"LVB";"M";"08";"DEP";"D";2024-07;168
"LVB";"M";"05";"DEP";"D";2022-06;124
"LVB";"A";"2B";"DEP";"D";2018;1480
"LVB";"M";"13";"DEP";"D";2021-07;2157
"LVB";"M";"01";"DEP";"PROV";2025-02;486
"LVB";"M";"82";"DEP";"D";2022-10;219
"LVB";"M";"93";"DEP";"D";2023-07;2187
"LVB";"M";"72";"DEP";"D";2024-02;434
"LVB";"M";"07";"DEP";"D";2021-05;235
"LVB";"M";"39";"DEP";"PROV";2025-07;180
"LVB";"M";"99";"OTHER";"D";2023-09;111
"LVB";"M";"22";"DEP";"D";2021-02;393
"LVB";"M";"28";"DEP";"D";2024-07;364
"LVB";"M";"14";"DEP";"D";2022-06;545
"LVB_CUMR";"A";"03";"DEP";"D";2021;212
"LVB";"M";"94";"DEP";"D";2022-03;1553
"LVB";"M";"70";"DEP";"D";2022-07;149
"LVB";"M";"972";"DEP";"D";2024-02;220
"LVB";"M";"82";"DEP";"D";2024-09;188
"LVB_CUMR";"A";"08";"DEP";"D";2023;164
"LVB";"A";"40";"DEP";"D";2020;3405
"LVB";"M";"19";"DEP";"D";2022-12;145
"LVB_CUMR";"A";"42";"DEP";"D";2019;685
"LVB";"M";"29";"DEP";"D";2024-09;579
"LVB";"M";"11";"DEP";"D";2023-09;241
"LVB";"A";"70";"DEP";"D";2016;2271
"LVB";"M";"17";"DEP";"D";2024-03;408
"LVB_CUMR";"A";"01";"DEP";"D";2023;539
"LVB";"M";"68";"DEP";"D";2024-11;523
"LVB";"A";"973";"DEP";"D";2024;6849
"LVB";"A";"93";"DEP";"D";2023;25215
"LVB";"M";"80";"DEP";"D";2022-01;440
"LVB";"M";"19";"DEP";"D";2024-11;141
"LVB";"M";"40";"DEP";"D";2022-08;315
"LVB";"M";"07";"DEP";"D";2022-08;244
"LVB_CUMR";"A";"30";"DEP";"D";2017;637
"LVB";"M";"17";"DEP";"D";2024-06;346
"LVB_CUMR";"A";"67";"DEP";"D";2022;1000
"LVB_MEAN1";"M";"F";"FRANCE";"D";2023-04;1795
"LVB";"M";"93";"DEP";"D";2021-04;2136
"LVB";"M";"02";"DEP";"D";2022-03;435
"LVB";"M";"84";"DEP";"PROV";2025-12;410
"LVB_CUMR";"A";"24";"DEP";"D";2018;228
"LVB";"A";"41";"DEP";"D";2019;2936
"LVB";"M";"07";"DEP";"PROV";2025-03;218
"LVB_CUMR";"A";"27";"DEP";"D";2019;528
"LVB_CUMR";"A";"69";"DEP";"D";2024;1855
"LVB";"M";"13";"DEP";"PROV";2025-06;1802
"LVB";"M";"971";"DEP";"D";2023-03;339
"LVB";"M";"83";"DEP";"D";2022-01;866
"LVB";"M";"973";"DEP";"D";2024-08;558
"LVB";"M";"71";"DEP";"D";2022-01;400
"LVB";"M";"02";"DEP";"PROV";2025-11;365
"LVB_CUMR";"A";"10";"DEP";"D";2016;264
"LVB";"A";"22";"DEP";"D";2018;5313
"LVB";"A";"39";"DEP";"D";2021;2232
"LVB";"M";"26";"DEP";"D";2023-04;396
"LVB";"A";"18";"DEP";"D";2023;2348
"LVB";"M";"92";"DEP";"PROV";2025-06;1655
"LVB";"A";"976";"DEP";"D";2023;10278
"LVB";"M";"72";"DEP";"D";2024-12;411
"LVB";"M";"80";"DEP";"D";2022-06;434
"LVB";"M";"09";"DEP";"D";2022-11;95
"LVB";"M";"19";"DEP";"D";2022-03;167
"LVB";"M";"04";"DEP";"D";2023-12;94
"LVB";"M";"13";"DEP";"D";2023-09;1914
"LVB";"M";"08";"DEP";"D";2022-07;222
"LVB";"M";"93";"DEP";"D";2023-01;2130
"LVB_CUMR";"A";"42";"DEP";"D";2017;674
"LVB";"M";"27";"DEP";"D";2022-10;560
"LVB_CUMR";"A";"974";"DEP";"D";2020;1069
"LVB";"A";"10";"DEP";"D";2020;3088
"LVB";"M";"67";"DEP";"D";2024-07;907
"LVB_CUMR";"A";"85";"DEP";"D";2018;515
"LVB";"M";"27";"DEP";"D";2022-05;509
"LVB";"A";"26";"DEP";"D";2018;5411
"LVB";"M";"41";"DEP";"D";2022-02;218
"LVB";"M";"92";"DEP";"D";2024-11;1693
"LVB";"M";"06";"DEP";"D";2021-07;1037
"LVB";"M";"16";"DEP";"D";2023-12;212
"LVB";"M";"973";"DEP";"PROV";2025-11;558
"LVB";"M";"07";"DEP";"D";2024-07;237
"LVB";"M";"72";"DEP";"D";2021-09;513
"LVB";"M";"07";"DEP";"D";2024-05;200
"LVB";"A";"29";"DEP";"D";2024;7119
"LVB";"M";"79";"DEP";"D";2022-04;243
"LVB";"M";"21";"DEP";"D";2021-06;398
"LVB";"A";"41";"DEP";"D";2020;2935
"LVB_CUMR";"A";"95";"DEP";"D";2019;1590
"LVB";"M";"72";"DEP";"D";2024-04;422
"LVB";"M";"13";"DEP";"D";2024-07;1943
"LVB";"M";"976";"DEP";"PROV";2026-01;713
"LVB";"M";"03";"DEP";"PROV";2025-08;202
"LVB";"M";"11";"DEP";"D";2021-06;259
"LVB";"M";"974";"DEP";"D";2023-02;1006
"LVB";"M";"21";"DEP";"D";2021-08;416
"LVB";"M";"38";"DEP";"D";2024-12;1009
"LVB";"M";"93";"DEP";"D";2024-01;2162
"LVB";"M";"2B";"DEP";"D";2024-01;125
"LVB";"A";"971";"DEP";"PROV";2025;3389
"LVB";"M";"82";"DEP";"D";2021-04;224
"LVB";"A";"18";"DEP";"D";2024;2374
"LVB";"M";"69";"DEP";"D";2022-11;1925
"LVB";"M";"08";"DEP";"PROV";2025-11;165
"LVB";"M";"05";"DEP";"D";2023-06;77
"LVB_MEAN1";"M";"F";"FRANCE";"D";2022-12;1905
"LVB_CUMR";"A";"39";"DEP";"D";2018;168
"LVB";"M";"21";"DEP";"PROV";2025-03;336
"LVB";"M";"18";"DEP";"D";2024-03;181
"LVB";"M";"972";"DEP";"D";2023-02;267
"LVB";"M";"2A";"DEP";"PROV";2025-07;101
"LVB";"M";"21";"DEP";"D";2023-12;381
"LVB_CUMR";"A";"11";"DEP";"D";2017;281
"LVB";"M";"68";"DEP";"PROV";2025-12;513
"LVB";"M";"82";"DEP";"D";2022-05;210
"LVB";"M";"976";"DEP";"D";2024-03;902
"LVB";"M";"06";"DEP";"D";2024-03;805
"LVB";"M";"38";"DEP";"D";2024-01;1038
"LVB";"M";"91";"DEP";"D";2023-06;1384
"LVB";"M";"18";"DEP";"D";2021-05;191
"LVB";"M";"10";"DEP";"D";2022-05;218
"LVB";"M";"26";"DEP";"D";2023-12;393
"LVB";"M";"25";"DEP";"D";2023-08;465
"LVB";"M";"99";"OTHER";"D";2021-10;111
"LVB";"M";"71";"DEP";"D";2023-02;363
"LVB";"M";"79";"DEP";"D";2024-06;222
"LVB";"M";"971";"DEP";"D";2024-01;331
"LVB";"M";"39";"DEP";"D";2023-06;177
"LVB_CUMR";"A";"01";"DEP";"D";2017;560
"LVB_CUMR";"A";"12";"DEP";"D";2017;192
"LVB";"A";"19";"DEP";"D";2018;1907
"LVB";"M";"26";"DEP";"D";2023-11;424
"LVB";"M";"976";"DEP";"D";2023-08;816
"LVB";"M";"71";"DEP";"PROV";2025-10;321
"LVB";"M";"19";"DEP";"PROV";2026-01;139
"LVB";"M";"80";"DEP";"PROV";2025-02;374
"LVB";"M";"92";"DEP";"PROV";2025-07;1754
"LVB";"M";"972";"DEP";"D";2024-10;267
"LVB";"M";"39";"DEP";"D";2022-06;199
"LVB";"M";"91";"DEP";"D";2023-10;1448
"LVB";"M";"02";"DEP";"D";2024-02;372
"LVB";"M";"09";"DEP";"D";2023-04;90
"LVB_CUMR";"A";"18";"DEP";"D";2020;231
"LVB";"A";"12";"DEP";"D";2023;1926
"LVB";"M";"2B";"DEP";"D";2022-09;119
"LVB";"M";"10";"DEP";"D";2023-11;243
"LVB_CUMR";"A";"67";"DEP";"PROV";2025;843
"LVB";"A";"82";"DEP";"D";2016;2674
"LVB";"M";"976";"DEP";"D";2021-02;803
"LVB";"M";"37";"DEP";"D";2024-11;451
"LVB";"M";"92";"DEP";"PROV";2025-11;1560
"LVB";"M";"01";"DEP";"D";2023-04;557
"LVB";"M";"19";"DEP";"D";2021-12;180
"LVB_CUMR";"A";"22";"DEP";"D";2021;414
"LVB";"A";"2A";"DEP";"D";2020;1286
"LVB_CUMR";"A";"11";"DEP";"D";2019;295
"LVB";"M";"84";"DEP";"PROV";2025-11;401
"LVB";"A";"972";"DEP";"D";2024;2898
"LVB";"M";"08";"DEP";"D";2021-11;207
"LVB";"M";"40";"DEP";"D";2022-12;288
"LVB_CUMR";"A";"95";"DEP";"D";2018;1649
"LVB";"A";"67";"DEP";"D";2019;12019
"LVB";"M";"04";"DEP";"D";2021-05;116
"LVB";"M";"2A";"DEP";"D";2024-06;85
"LVB_CUMR";"A";"14";"DEP";"PROV";2025;474
"LVB";"M";"15";"DEP";"D";2023-11;74
"LVB_CUMR";"A";"22";"DEP";"PROV";2025;361
"LVB";"M";"80";"DEP";"D";2022-08;460
"LVB";"M";"25";"DEP";"D";2024-09;426
"LVB";"M";"92";"DEP";"D";2022-03;1654
"LVB";"M";"11";"DEP";"PROV";2025-04;210
"LVB";"M";"974";"DEP";"D";2021-04;1192
"LVB_CUMR";"A";"70";"DEP";"D";2016;180
"LVB";"M";"40";"DEP";"D";2022-01;287
"LVB";"M";"04";"DEP";"D";2023-10;111
"LVB";"M";"16";"DEP";"D";2023-10;248
"LVB";"M";"29";"DEP";"D";2023-08;601
"LVB";"M";"84";"DEP";"PROV";2025-04;444
"LVB";"M";"09";"DEP";"D";2023-12;90
"LVB";"M";"94";"DEP";"D";2022-02;1391
"LVB";"M";"24";"DEP";"D";2023-11;244
"LVB";"M";"973";"DEP";"PROV";2025-06;534
"LVB";"M";"69";"DEP";"D";2022-03;1898
"LVB";"M";"04";"DEP";"PROV";2025-10;122
"LVB";"A";"42";"DEP";"D";2019;8404
"LVB";"A";"30";"DEP";"D";2022;7422
"LVB_CUMR";"A";"15";"DEP";"D";2020;95
"LVB";"M";"81";"DEP";"D";2023-06;251
"LVB";"M";"10";"DEP";"D";2022-11;253
"LVB";"M";"972";"DEP";"D";2021-09;347
"LVB";"M";"F";"FRANCE";"PROV";2025-02;49284
"LVB";"M";"16";"DEP";"D";2022-06;246
"LVB";"M";"02";"DEP";"D";2024-10;394
"LVB_CUMR";"A";"71";"DEP";"D";2017;429
"LVB_CUMR";"A";"F";"FRANCE";"D";2018;62976
"LVB";"M";"971";"DEP";"D";2024-06;268
"LVB";"M";"25";"DEP";"PROV";2025-09;415
"LVB";"M";"39";"DEP";"PROV";2025-02;148
"LVB";"M";"28";"DEP";"D";2022-02;361
"LVB";"M";"81";"DEP";"D";2024-12;224
"LVB";"M";"10";"DEP";"PROV";2025-01;213
"LVB_CUMR";"A";"27";"DEP";"D";2017;555
"LVB";"M";"15";"DEP";"D";2022-05;92
"LVB";"M";"971";"DEP";"D";2023-12;354
"LVB";"M";"06";"DEP";"D";2021-11;945
"LVB_CUMR";"A";"41";"DEP";"PROV";2026;220
"LVB";"M";"72";"DEP";"D";2024-03;411
"LVB";"A";"973";"DEP";"D";2016;7270
"LVB";"M";"11";"DEP";"D";2022-07;289
"LVB";"M";"79";"DEP";"D";2023-08;244
"LVB";"M";"23";"DEP";"D";2021-01;71
"LVB";"M";"26";"DEP";"PROV";2026-01;379
"LVB";"M";"18";"DEP";"D";2023-02;190
"LVB";"M";"16";"DEP";"D";2024-03;231
"LVB_CUMR";"A";"95";"DEP";"D";2022;1548
"LVB";"M";"27";"DEP";"D";2023-07;490
"LVB_CUMR";"A";"13";"DEP";"D";2017;2103
"LVB";"M";"04";"DEP";"PROV";2025-04;85
"LVB";"M";"83";"DEP";"D";2023-05;852
"LVB";"M";"99";"OTHER";"D";2023-12;73
"LVB";"M";"71";"DEP";"D";2022-12;379
"LVB_CUMR";"A";"26";"DEP";"D";2017;441
"LVB_CUMR";"A";"38";"DEP";"D";2022;1140
"LVB";"M";"972";"DEP";"D";2021-10;376
"LVB";"M";"2B";"DEP";"D";2021-07;135
"LVB";"M";"16";"DEP";"D";2024-02;240
"LVB";"A";"13";"DEP";"D";2017;25790
"LVB";"M";"27";"DEP";"D";2023-10;486
"LVB";"M";"05";"DEP";"PROV";2025-06;104
"LVB";"M";"83";"DEP";"PROV";2025-09;758
"LVB";"M";"973";"DEP";"D";2022-11;690
"LVB";"M";"71";"DEP";"D";2022-08;443
"LVB";"M";"28";"DEP";"PROV";2025-05;332
"LVB";"M";"39";"DEP";"D";2021-01;155
"LVB";"M";"16";"DEP";"D";2022-01;252
"LVB";"M";"92";"DEP";"D";2021-04;1821
"LVB";"M";"06";"DEP";"PROV";2025-10;949
"LVB";"M";"21";"DEP";"D";2023-03;360
"LVB";"A";"11";"DEP";"D";2020;3237
"LVB";"M";"80";"DEP";"D";2021-11;457
"LVB";"M";"972";"DEP";"PROV";2025-10;275
"LVB_CUMR";"A";"71";"DEP";"D";2020;428
"LVB";"M";"14";"DEP";"PROV";2025-02;456
"LVB";"M";"39";"DEP";"D";2021-12;205
"LVB";"M";"93";"DEP";"D";2024-11;2088
"LVB";"M";"28";"DEP";"D";2024-10;335
"LVB";"M";"80";"DEP";"D";2021-08;497
"LVB";"M";"12";"DEP";"PROV";2025-05;153
"LVB";"M";"03";"DEP";"D";2022-09;217
"LVB_MEAN1";"M";"F";"FRANCE";"D";2021-07;2130
"LVB_CUMR";"A";"30";"DEP";"D";2021;547
"LVB";"M";"72";"DEP";"D";2022-07;472
"LVB";"M";"83";"DEP";"D";2023-08;879
"LVB";"M";"15";"DEP";"PROV";2025-05;69
"LVB";"M";"24";"DEP";"PROV";2025-11;248
"LVB";"M";"972";"DEP";"D";2022-08;292
"LVB";"M";"11";"DEP";"D";2021-11;290
"LVB";"M";"05";"DEP";"D";2021-03;86
"LVB";"M";"84";"DEP";"PROV";2026-01;420
"LVB";"M";"41";"DEP";"D";2024-03;209
"LVB";"M";"68";"DEP";"D";2023-01;570
"LVB";"M";"974";"DEP";"D";2022-02;1043
"LVB";"A";"18";"DEP";"D";2017;2788
"LVB";"M";"29";"DEP";"D";2024-12;537
"LVB";"M";"94";"DEP";"D";2023-12;1413
"LVB";"M";"25";"DEP";"D";2022-03;502
"LVB_CUMR";"A";"01";"DEP";"D";2021;546
"LVB";"M";"12";"DEP";"PROV";2025-09;169
"LVB";"M";"81";"DEP";"D";2022-01;272
"LVB";"M";"70";"DEP";"D";2022-09;155
"LVB";"M";"976";"DEP";"D";2022-01;740
"LVB";"M";"14";"DEP";"D";2022-09;541
"LVB_CUMR";"A";"69";"DEP";"D";2017;2152
"LVB";"M";"14";"DEP";"D";2023-06;528
"LVB";"M";"40";"DEP";"PROV";2025-05;266
"LVB";"A";"94";"DEP";"D";2016;20639
"LVB";"M";"02";"DEP";"D";2021-09;513
"LVB";"M";"07";"DEP";"PROV";2025-10;212
"LVB";"A";"26";"DEP";"D";2022;5276
"LVB";"M";"2A";"DEP";"D";2023-03;106
"LVB";"M";"82";"DEP";"D";2024-10;195
"LVB";"A";"18";"DEP";"D";2019;2771
"LVB_CUMR";"A";"974";"DEP";"D";2017;1105
"LVB";"M";"71";"DEP";"D";2023-07;362
"LVB";"M";"79";"DEP";"PROV";2025-11;220
"LVB";"M";"971";"DEP";"PROV";2025-02;213
"LVB";"M";"42";"DEP";"D";2022-09;635
"LVB";"M";"09";"DEP";"D";2021-10;100
"LVB";"M";"19";"DEP";"D";2023-01;140
"LVB";"M";"04";"DEP";"D";2022-01;106
"LVB_CUMR";"A";"972";"DEP";"D";2021;293
"LVB";"M";"28";"DEP";"D";2023-09;338
"LVB";"M";"14";"DEP";"D";2024-09;476
"LVB";"M";"72";"DEP";"D";2022-05;437
"LVB";"A";"F";"FRANCE";"D";2024;660787
"LVB";"A";"81";"DEP";"D";2024;2818
"LVB";"M";"69";"DEP";"D";2024-11;1755
"LVB";"M";"11";"DEP";"D";2023-04;230
"LVB_CUMR";"A";"13";"DEP";"PROV";2026;1876
"LVB";"M";"40";"DEP";"D";2022-10;320
"LVB";"M";"05";"DEP";"D";2024-09;96
"LVB";"M";"972";"DEP";"D";2021-02;272
"LVB_CUMR";"A";"2A";"DEP";"D";2024;109
"LVB";"M";"22";"DEP";"D";2023-03;375
"LVB";"M";"F";"FRANCE";"D";2024-05;56539
"LVB";"M";"67";"DEP";"PROV";2025-09;857
"LVB";"M";"84";"DEP";"PROV";2025-09;450
"LVB";"M";"12";"DEP";"PROV";2025-07;160
"LVB";"M";"18";"DEP";"D";2023-11;187
"LVB";"M";"02";"DEP";"D";2022-10;431
"LVB";"M";"95";"DEP";"D";2022-05;1642
"LVB_CUMR";"A";"70";"DEP";"D";2023;152
"LVB";"M";"23";"DEP";"PROV";2025-03;56
"LVB";"A";"84";"DEP";"D";2016;6602
"LVB";"M";"26";"DEP";"D";2024-10;423
"LVB";"M";"F";"FRANCE";"PROV";2025-09;53523
"LVB";"A";"42";"DEP";"D";2017;8391
"LVB";"M";"08";"DEP";"D";2022-03;184
"LVB";"M";"13";"DEP";"D";2024-12;1934
"LVB";"M";"01";"DEP";"D";2021-03;586
"LVB";"M";"70";"DEP";"D";2023-04;142
"LVB";"M";"94";"DEP";"D";2023-04;1456
"LVB_CUMR";"A";"99";"OTHER";"D";2023;108
"LVB";"M";"26";"DEP";"D";2024-05;439
"LVB";"A";"83";"DEP";"PROV";2025;9066
"LVB";"M";"10";"DEP";"PROV";2025-04;211
"LVB_CUMR";"A";"38";"DEP";"D";2018;1170
"LVB";"M";"14";"DEP";"D";2021-07;576
"LVB";"M";"25";"DEP";"D";2023-03;425
"LVB";"A";"01";"DEP";"D";2017;6949
"LVB";"A";"68";"DEP";"D";2021;7360
"LVB";"A";"94";"DEP";"D";2017;20704
"LVB";"M";"11";"DEP";"D";2024-08;240
"LVB";"M";"85";"DEP";"D";2021-04;458
"LVB";"M";"19";"DEP";"D";2021-06;152
"LVB";"M";"99";"OTHER";"D";2024-03;86
"LVB";"M";"37";"DEP";"D";2021-11;560
"LVB_CUMR";"A";"01";"DEP";"D";2020;551
"LVB";"M";"27";"DEP";"D";2021-09;544
"LVB";"M";"95";"DEP";"D";2021-08;1709
"LVB";"M";"69";"DEP";"D";2022-05;1957
"LVB";"M";"972";"DEP";"D";2024-03;228
"LVB_CUMR";"A";"16";"DEP";"D";2016;273
"LVB";"M";"82";"DEP";"D";2024-05;200
"LVB";"M";"08";"DEP";"D";2024-02;162
"LVB";"M";"70";"DEP";"D";2022-01;171
"LVB";"M";"22";"DEP";"D";2022-01;421
"LVB";"A";"01";"DEP";"D";2023;6328
"LVB";"M";"30";"DEP";"D";2021-08;640
"LVB";"M";"38";"DEP";"D";2024-08;1064
"LVB_CUMR";"A";"91";"DEP";"PROV";2026;1391
"LVB";"M";"14";"DEP";"D";2021-08;581
"LVB";"M";"976";"DEP";"PROV";2025-07;758
"LVB";"A";"84";"DEP";"D";2024;5401
"LVB";"M";"08";"DEP";"PROV";2025-12;167
"LVB";"A";"93";"DEP";"D";2022;26247
"LVB";"M";"67";"DEP";"D";2022-06;947
"LVB";"M";"06";"DEP";"D";2023-02;786
"LVB";"A";"27";"DEP";"D";2017;6594
"LVB";"M";"95";"DEP";"PROV";2025-10;1442
"LVB";"M";"17";"DEP";"D";2022-03;405
"LVB_MEAN1";"M";"F";"FRANCE";"D";2024-11;1781
"LVB";"M";"82";"DEP";"D";2021-09;204
"LVB";"A";"08";"DEP";"D";2017;2521
"LVB";"M";"22";"DEP";"D";2021-05;437
"LVB";"M";"67";"DEP";"D";2022-12;916
"LVB";"M";"02";"DEP";"D";2023-04;386
"LVB";"M";"2A";"DEP";"D";2022-06;120
"LVB";"M";"39";"DEP";"D";2024-12;147
"LVB";"M";"18";"DEP";"D";2023-08;208
"LVB";"M";"971";"DEP";"D";2024-05;251
"LVB";"M";"84";"DEP";"D";2022-11;486
"LVB";"M";"09";"DEP";"D";2022-01;100
"LVB";"M";"F";"FRANCE";"PROV";2025-08;55433
"LVB";"M";"68";"DEP";"PROV";2025-05;533
"LVB_CUMR";"A";"40";"DEP";"D";2023;237
"LVB";"M";"02";"DEP";"PROV";2025-10;354
"LVB_CUMR";"A";"2A";"DEP";"D";2019;103
"LVB_CUMR";"A";"23";"DEP";"D";2017;67
"LVB";"M";"14";"DEP";"PROV";2025-06;454
"LVB";"M";"12";"DEP";"D";2021-09;191
"LVB";"M";"93";"DEP";"D";2022-12;2234
"LVB";"A";"84";"DEP";"D";2019;6315
"LVB";"M";"03";"DEP";"D";2024-09;247
"LVB";"M";"72";"DEP";"D";2021-11;507
"LVB";"M";"974";"DEP";"D";2024-10;979
"LVB";"A";"26";"DEP";"D";2021;5308
"LVB";"M";"42";"DEP";"D";2021-04;605
"LVB";"M";"29";"DEP";"D";2024-05;600
"LVB";"M";"15";"DEP";"D";2024-05;72
"LVB";"M";"10";"DEP";"D";2022-01;254
"LVB";"M";"971";"DEP";"D";2024-02;290
"LVB";"M";"01";"DEP";"D";2021-10;654
"LVB";"M";"13";"DEP";"D";2021-12;2189
"LVB";"M";"80";"DEP";"D";2021-04;436
"LVB_CUMR";"A";"69";"DEP";"D";2018;2113
"LVB";"M";"15";"DEP";"PROV";2026-01;74
"LVB";"M";"976";"DEP";"PROV";2025-06;854
"LVB_CUMR";"A";"67";"DEP";"D";2020;1087
"LVB";"M";"25";"DEP";"PROV";2025-06;416
"LVB";"M";"38";"DEP";"D";2023-02;953
"LVB";"M";"11";"DEP";"D";2021-05;269
"LVB";"M";"29";"DEP";"PROV";2025-05;587
"LVB";"M";"94";"DEP";"D";2021-07;1738
"LVB";"M";"01";"DEP";"D";2023-01;539
"LVB";"M";"83";"DEP";"PROV";2025-02;701
"LVB";"M";"14";"DEP";"D";2023-03;490
"LVB";"M";"72";"DEP";"D";2024-07;446
"LVB";"M";"08";"DEP";"PROV";2025-02;151
"LVB";"A";"92";"DEP";"D";2019;22251
"LVB";"M";"25";"DEP";"D";2021-08;480
"LVB";"M";"39";"DEP";"D";2021-06;176
"LVB";"M";"28";"DEP";"D";2022-11;395
"LVB";"M";"05";"DEP";"D";2022-11;102
"LVB";"M";"08";"DEP";"D";2023-07;175
"LVB";"M";"82";"DEP";"PROV";2025-02;165
"LVB";"M";"68";"DEP";"D";2023-02;509
"LVB";"M";"972";"DEP";"D";2023-10;289
"LVB";"M";"15";"DEP";"PROV";2025-08;90
"LVB";"M";"971";"DEP";"D";2024-07;266
"LVB";"M";"39";"DEP";"D";2024-01;124
"LVB_CUMR";"A";"28";"DEP";"D";2021;337
"LVB";"M";"82";"DEP";"D";2022-07;219
"LVB";"M";"21";"DEP";"D";2022-06;433
"LVB";"M";"03";"DEP";"D";2021-03;196
"LVB";"M";"69";"DEP";"D";2023-09;1744
"LVB";"A";"15";"DEP";"D";2020;1029
"LVB_CUMR";"A";"11";"DEP";"D";2023;261
"LVB";"M";"68";"DEP";"D";2022-08;609
"LVB";"M";"79";"DEP";"D";2024-02;240
"LVB";"M";"92";"DEP";"D";2021-08;1841
"LVB_MEAN1";"M";"F";"FRANCE";"PROV";2025-01;1769
"LVB";"M";"30";"DEP";"D";2022-10;604
"LVB";"M";"37";"DEP";"D";2023-08;466
"LVB";"M";"17";"DEP";"PROV";2025-01;392
"LVB";"M";"05";"DEP";"D";2024-06;94
"LVB";"M";"24";"DEP";"D";2024-12;227
"LVB";"M";"10";"DEP";"D";2021-08;269
"LVB_CUMR";"A";"83";"DEP";"D";2017;869
"LVB_CUMR";"A";"73";"DEP";"D";2020;363
"LVB";"M";"95";"DEP";"D";2022-04;1515
"LVB";"M";"29";"DEP";"D";2022-12;622
"LVB";"M";"17";"DEP";"D";2024-10;390
"LVB";"A";"39";"DEP";"D";2017;2403
"LVB";"M";"02";"DEP";"D";2023-11;456
"LVB";"M";"10";"DEP";"PROV";2025-12;219
"LVB_CUMR";"A";"21";"DEP";"D";2022;412
"LVB";"A";"81";"DEP";"D";2021;3352
"LVB_CUMR";"A";"18";"DEP";"D";2016;268
"LVB";"M";"976";"DEP";"PROV";2025-12;630
"LVB";"A";"93";"DEP";"D";2019;28456
"LVB";"M";"73";"DEP";"D";2021-01;314
"LVB";"M";"2A";"DEP";"PROV";2025-06;98
"LVB";"A";"37";"DEP";"D";2023;5619
"LVB";"A";"07";"DEP";"D";2023;2551
"LVB";"M";"03";"DEP";"D";2022-07;225
"LVB_CUMR";"A";"25";"DEP";"D";2022;469
"LVB";"M";"84";"DEP";"D";2024-10;456
"LVB";"M";"18";"DEP";"D";2021-02;176
"LVB_CUMR";"A";"2A";"DEP";"D";2022;114
"LVB";"M";"72";"DEP";"D";2023-01;447
"LVB";"M";"971";"DEP";"PROV";2025-04;261
"LVB";"M";"974";"DEP";"D";2022-08;1080
"LVB";"M";"41";"DEP";"D";2024-10;232
"LVB";"A";"07";"DEP";"PROV";2025;2450
"LVB";"M";"79";"DEP";"D";2022-08;259
"LVB";"M";"05";"DEP";"D";2022-01;92
"LVB";"M";"26";"DEP";"PROV";2025-05;357
"LVB_CUMR";"A";"19";"DEP";"PROV";2025;141
"LVB";"M";"16";"DEP";"PROV";2025-10;246
"LVB";"M";"69";"DEP";"PROV";2025-06;1716
"LVB";"M";"92";"DEP";"D";2023-03;1660
"LVB";"M";"83";"DEP";"PROV";2026-01;756
"LVB";"M";"10";"DEP";"D";2023-01;247
"LVB";"M";"972";"DEP";"D";2024-08;254
"LVB";"M";"16";"DEP";"D";2023-11;229
"LVB";"M";"28";"DEP";"D";2024-06;322
"LVB";"M";"19";"DEP";"D";2024-10;143
"LVB";"M";"67";"DEP";"PROV";2025-03;782
"LVB";"M";"40";"DEP";"D";2022-07;329
"LVB";"M";"06";"DEP";"D";2022-03;877
"LVB";"M";"82";"DEP";"D";2022-09;219
"LVB";"A";"09";"DEP";"PROV";2025;1069
"LVB_CUMR";"A";"14";"DEP";"D";2022;496
"LVB";"M";"94";"DEP";"PROV";2025-09;1384
"LVB";"M";"67";"DEP";"D";2021-07;1092
"LVB_CUMR";"A";"26";"DEP";"D";2020;441
"LVB";"M";"27";"DEP";"PROV";2025-10;471
"LVB";"M";"09";"DEP";"D";2024-12;82
"LVB_CUMR";"A";"02";"DEP";"D";2022;462
"LVB";"M";"40";"DEP";"D";2021-05;273
"LVB";"M";"83";"DEP";"D";2024-04;724
"LVB";"M";"10";"DEP";"D";2022-03;278
"LVB";"M";"971";"DEP";"D";2024-04;259
"LVB_CUMR";"A";"17";"DEP";"PROV";2025;392
"LVB";"M";"70";"DEP";"D";2022-06;155
"LVB";"M";"976";"DEP";"D";2024-11;633
"LVB";"A";"95";"DEP";"D";2022;19089
"LVB";"M";"22";"DEP";"PROV";2025-11;378
"LVB";"A";"81";"DEP";"D";2022;3383
"LVB";"M";"14";"DEP";"D";2022-10;500
"LVB";"M";"38";"DEP";"D";2023-10;1086
"LVB";"M";"10";"DEP";"D";2023-08;273
"LVB";"M";"29";"DEP";"D";2021-01;591
"LVB";"M";"70";"DEP";"PROV";2025-09;140
"LVB_CUMR";"A";"94";"DEP";"D";2022;1469
"LVB";"M";"02";"DEP";"D";2021-04;422
"LVB";"M";"23";"DEP";"PROV";2025-12;55
"LVB";"M";"79";"DEP";"PROV";2025-07;240
"LVB";"M";"38";"DEP";"PROV";2025-12;1011
"LVB";"A";"17";"DEP";"D";2017;5151
"LVB";"M";"95";"DEP";"D";2024-10;1497
"LVB";"M";"12";"DEP";"PROV";2025-12;147
"LVB";"M";"28";"DEP";"D";2022-01;397
"LVB";"M";"99";"OTHER";"D";2021-05;80
"LVB";"A";"72";"DEP";"D";2018;5635
"LVB";"A";"22";"DEP";"PROV";2025;4429
"LVB";"M";"02";"DEP";"D";2022-09;445
"LVB";"M";"80";"DEP";"D";2021-02;415
"LVB";"M";"41";"DEP";"PROV";2025-11;189
"LVB";"M";"18";"DEP";"D";2022-09;190
"LVB";"M";"91";"DEP";"PROV";2026-01;1391
"LVB";"M";"2B";"DEP";"D";2021-01;113
"LVB";"M";"67";"DEP";"D";2022-08;970
"LVB_CUMR";"A";"07";"DEP";"D";2022;258
"LVB";"M";"22";"DEP";"PROV";2025-07;381
"LVB";"M";"04";"DEP";"PROV";2025-09;104
"LVB";"M";"41";"DEP";"D";2023-02;216
"LVB";"M";"79";"DEP";"D";2023-03;256
"LVB_CUMR";"A";"26";"DEP";"D";2018;461
"LVB_CUMR";"A";"16";"DEP";"PROV";2026;205
"LVB";"M";"94";"DEP";"D";2023-07;1582
"LVB";"M";"71";"DEP";"D";2021-07;432
"LVB";"M";"F";"FRANCE";"PROV";2025-04;51707
"LVB";"M";"37";"DEP";"D";2024-09;478
"LVB";"M";"07";"DEP";"D";2024-03;256
"LVB_CUMR";"A";"81";"DEP";"D";2016;304
"LVB";"M";"06";"DEP";"D";2023-11;921
"LVB_CUMR";"A";"2B";"DEP";"D";2018;101
"LVB_CUMR";"A";"19";"DEP";"PROV";2026;139
"LVB";"M";"17";"DEP";"D";2023-07;444
"LVB";"M";"69";"DEP";"D";2023-06;1791
"LVB";"M";"93";"DEP";"D";2022-04;2156
"LVB_CUMR";"A";"83";"DEP";"D";2024;787
"LVB";"M";"83";"DEP";"D";2021-05;853
"LVB";"A";"13";"DEP";"D";2021;24766
"LVB_CUMR";"A";"37";"DEP";"D";2019;537
"LVB";"M";"05";"DEP";"D";2024-05;87
"LVB";"M";"2A";"DEP";"D";2022-03;95
"LVB";"M";"19";"DEP";"D";2023-05;150
"LVB";"M";"13";"DEP";"D";2024-06;1792
"LVB";"M";"72";"DEP";"D";2022-12;460
"LVB";"M";"84";"DEP";"D";2022-04;473
"LVB";"M";"974";"DEP";"D";2024-03;1060
"LVB";"M";"92";"DEP";"D";2024-05;1710
"LVB";"M";"10";"DEP";"D";2021-03;238
"LVB";"M";"21";"DEP";"D";2022-08;418
"LVB_CUMR";"A";"14";"DEP";"D";2016;589
"LVB";"M";"2B";"DEP";"PROV";2025-09;91
"LVB";"M";"39";"DEP";"D";2024-02;156
"LVB";"M";"72";"DEP";"D";2022-02;380
"LVB";"M";"14";"DEP";"D";2024-06;450
"LVB";"M";"02";"DEP";"D";2021-03;469
"LVB";"M";"80";"DEP";"D";2021-07;495
"LVB";"M";"12";"DEP";"D";2024-09;151
"LVB_CUMR";"A";"25";"DEP";"D";2021;418
"LVB";"A";"974";"DEP";"D";2019;13171
"LVB";"M";"93";"DEP";"D";2023-10;2128
"LVB";"M";"84";"DEP";"D";2024-03;485
"LVB_CUMR";"A";"68";"DEP";"D";2016;709
"LVB";"M";"23";"DEP";"PROV";2025-08;56
"LVB";"A";"02";"DEP";"D";2023;5082
"LVB";"M";"29";"DEP";"D";2021-04;668
"LVB";"M";"16";"DEP";"D";2022-04;237
"LVB";"M";"37";"DEP";"D";2022-10;477
"LVB";"M";"70";"DEP";"D";2021-12;167
"LVB_CUMR";"A";"08";"DEP";"D";2017;191
"LVB";"M";"37";"DEP";"PROV";2025-11;413
"LVB";"M";"971";"DEP";"D";2021-02;324
"LVB";"M";"83";"DEP";"D";2024-10;795
"LVB";"M";"974";"DEP";"D";2024-06;996
"LVB_CUMR";"A";"21";"DEP";"PROV";2025;382
"LVB";"A";"05";"DEP";"PROV";2025;1105
"LVB_CUMR";"A";"17";"DEP";"D";2024;387
"LVB";"M";"99";"OTHER";"D";2021-02;78
"LVB";"M";"13";"DEP";"D";2021-04;2002
"LVB";"A";"2A";"DEP";"D";2022;1333
"LVB";"M";"40";"DEP";"PROV";2025-01;270
"LVB";"M";"70";"DEP";"PROV";2025-02;118
"LVB";"M";"25";"DEP";"D";2023-02;397
"LVB";"M";"94";"DEP";"D";2022-12;1545
"LVB_CUMR";"A";"83";"DEP";"D";2018;857
"LVB_CUMR";"A";"17";"DEP";"D";2020;423
"LVB_CUMR";"A";"02";"DEP";"D";2016;483
"LVB";"M";"91";"DEP";"PROV";2025-12;1382
"LVB";"M";"07";"DEP";"D";2021-12;247
"LVB";"M";"71";"DEP";"D";2023-08;343
"LVB";"M";"26";"DEP";"D";2022-06;452
"LVB";"M";"2A";"DEP";"D";2022-02;106
"LVB";"M";"93";"DEP";"D";2022-10;2177
"LVB_CUMR";"A";"11";"DEP";"D";2024;235
"LVB";"M";"81";"DEP";"PROV";2025-02;219
"LVB_CUMR";"A";"40";"DEP";"D";2017;269
"LVB";"M";"06";"DEP";"PROV";2025-09;864
"LVB";"M";"18";"DEP";"D";2024-07;188
"LVB";"M";"68";"DEP";"D";2023-10;562
"LVB";"M";"976";"DEP";"D";2023-12;628
"LVB";"M";"2B";"DEP";"PROV";2025-01;77
"LVB";"M";"23";"DEP";"D";2023-01;54
"LVB";"M";"95";"DEP";"D";2024-04;1399
"LVB";"M";"82";"DEP";"D";2021-11;211
"LVB";"M";"15";"DEP";"D";2021-03;84
"LVB";"M";"09";"DEP";"D";2021-09;98
"LVB";"A";"38";"DEP";"D";2024;12459
"LVB_CUMR";"A";"30";"DEP";"D";2019;657
"LVB_CUMR";"A";"01";"DEP";"PROV";2025;505
"LVB";"A";"67";"DEP";"D";2020;11797
"LVB";"M";"22";"DEP";"D";2022-02;375
"LVB";"M";"972";"DEP";"D";2022-02;266
"LVB_CUMR";"A";"81";"DEP";"D";2021;255
"LVB";"M";"99";"OTHER";"D";2023-07;111
"LVB";"M";"16";"DEP";"D";2023-02;208
"LVB";"M";"08";"DEP";"D";2024-11;190
"LVB";"A";"71";"DEP";"D";2018;4854
"LVB_CUMR";"A";"21";"DEP";"D";2023;357
"LVB";"M";"29";"DEP";"D";2023-03;638
"LVB";"M";"01";"DEP";"D";2024-01;504
"LVB_CUMR";"A";"40";"DEP";"D";2016;295
"LVB";"M";"84";"DEP";"D";2023-09;479
"LVB";"M";"93";"DEP";"PROV";2026-01;2044
"LVB_CUMR";"A";"19";"DEP";"D";2016;179
"LVB";"M";"19";"DEP";"D";2021-10;164
"LVB";"M";"11";"DEP";"D";2022-11;250
"LVB";"M";"25";"DEP";"D";2021-10;481
"LVB";"M";"68";"DEP";"D";2024-10;566
"LVB";"M";"972";"DEP";"D";2023-09;271
"LVB";"M";"06";"DEP";"D";2021-05;935
"LVB";"M";"2B";"DEP";"PROV";2025-06;99
"LVB";"M";"38";"DEP";"D";2021-06;1176
"LVB";"M";"82";"DEP";"D";2022-04;244
"LVB";"M";"94";"DEP";"D";2024-02;1436
"LVB";"M";"18";"DEP";"D";2021-03;222
"LVB";"M";"11";"DEP";"D";2024-10;276
"LVB_CUMR";"A";"22";"DEP";"D";2017;460
"LVB";"M";"71";"DEP";"D";2024-11;307
"LVB";"M";"02";"DEP";"D";2022-12;417
"LVB_CUMR";"A";"973";"DEP";"D";2018;722
"LVB_CUMR";"A";"2B";"DEP";"PROV";2025;77
"LVB";"M";"81";"DEP";"D";2021-05;282
"LVB";"M";"41";"DEP";"D";2021-09;249
"LVB";"M";"93";"DEP";"D";2023-09;2014
"LVB";"M";"14";"DEP";"D";2024-07;497
"LVB";"M";"12";"DEP";"D";2021-02;156
"LVB";"M";"26";"DEP";"D";2021-06;433
"LVB_CUMR";"A";"82";"DEP";"D";2018;207
"LVB";"M";"2B";"DEP";"D";2023-05;98
"LVB";"M";"971";"DEP";"PROV";2025-07;292
"LVB";"M";"05";"DEP";"D";2022-10;106
"LVB_CUMR";"A";"70";"DEP";"D";2019;170
"LVB";"M";"99";"OTHER";"D";2022-07;111
"LVB";"M";"38";"DEP";"D";2022-12;1066
"LVB";"M";"18";"DEP";"D";2023-07;216
"LVB";"M";"26";"DEP";"D";2021-08;438
"LVB";"M";"79";"DEP";"D";2022-03;239
"LVB";"M";"09";"DEP";"PROV";2025-07;94
"LVB";"M";"91";"DEP";"D";2023-02;1397
"LVB";"M";"69";"DEP";"PROV";2025-05;1787
"LVB";"M";"17";"DEP";"D";2021-11;469
"LVB";"A";"22";"DEP";"D";2017;5332
"LVB";"M";"04";"DEP";"PROV";2025-05;95
"LVB";"M";"2B";"DEP";"D";2022-04;131
"LVB";"A";"38";"DEP";"D";2020;13791
"LVB";"A";"83";"DEP";"D";2016;10656
"LVB";"M";"12";"DEP";"D";2024-10;155
"LVB";"M";"92";"DEP";"D";2022-08;1810
"LVB";"M";"F";"FRANCE";"D";2021-12;64611
"LVB";"A";"15";"DEP";"D";2016;1068
"LVB";"M";"67";"DEP";"D";2024-06;852
"LVB_CUMR";"A";"04";"DEP";"PROV";2026;90
"LVB";"M";"22";"DEP";"D";2023-07;403
"LVB_CUMR";"A";"39";"DEP";"D";2021;155
"LVB";"M";"29";"DEP";"PROV";2025-06;583
"LVB";"M";"84";"DEP";"D";2022-02;516
"LVB";"A";"83";"DEP";"D";2023;9791
"LVB_CUMR";"A";"93";"DEP";"D";2017;2488
"LVB_CUMR";"A";"39";"DEP";"D";2019;186
"LVB";"M";"19";"DEP";"PROV";2025-05;156
"LVB";"M";"07";"DEP";"D";2022-01;258
"LVB";"M";"14";"DEP";"D";2024-08;511
"LVB";"M";"01";"DEP";"D";2021-12;594
"LVB";"M";"16";"DEP";"PROV";2025-12;214
"LVB_MEAN1";"M";"F";"FRANCE";"D";2023-10;1872
"LVB";"M";"69";"DEP";"D";2023-11;1839
"LVB";"M";"2B";"DEP";"D";2024-11;103
"LVB";"M";"38";"DEP";"D";2024-09;1043
"LVB";"M";"94";"DEP";"D";2021-08;1595
"LVB";"M";"974";"DEP";"D";2021-07;1108
"LVB_CUMR";"A";"82";"DEP";"D";2017;228
"LVB";"A";"24";"DEP";"D";2024;2669
"LVB";"M";"05";"DEP";"D";2022-07;93
"LVB";"M";"11";"DEP";"D";2022-05;291
"LVB";"M";"18";"DEP";"D";2023-01;181
"LVB";"M";"30";"DEP";"D";2022-09;621
"LVB";"M";"71";"DEP";"D";2023-05;349
"LVB";"M";"976";"DEP";"D";2021-06;985
"LVB";"M";"21";"DEP";"D";2021-11;402
"LVB";"M";"42";"DEP";"D";2022-06;693
"LVB";"M";"04";"DEP";"D";2024-02;96
"LVB";"M";"92";"DEP";"D";2021-07;1968
"LVB";"A";"85";"DEP";"D";2017;6143
"LVB";"M";"16";"DEP";"PROV";2025-05;205
"LVB";"M";"11";"DEP";"D";2024-05;234
"LVB_MEAN1";"M";"F";"FRANCE";"D";2024-08;1833
"LVB";"M";"67";"DEP";"D";2024-05;883
"LVB";"M";"39";"DEP";"D";2023-02;173
"LVB";"M";"04";"DEP";"D";2023-09;107
"LVB";"M";"83";"DEP";"D";2024-01;787
"LVB_CUMR";"A";"21";"DEP";"D";2020;419
"LVB";"M";"28";"DEP";"D";2023-08;354
"LVB";"A";"17";"DEP";"D";2020;4941
"LVB";"M";"07";"DEP";"D";2022-02;206
"LVB_CUMR";"A";"95";"DEP";"D";2016;1681
"LVB";"M";"976";"DEP";"D";2021-04;1127
"LVB_CUMR";"A";"71";"DEP";"D";2021;307
"LVB";"M";"05";"DEP";"D";2021-01;93
"LVB";"M";"68";"DEP";"D";2023-11;574
"LVB";"M";"14";"DEP";"D";2021-05;590
"LVB";"M";"79";"DEP";"D";2021-12;291
"LVB";"M";"21";"DEP";"D";2021-05;415
"LVB";"M";"26";"DEP";"D";2024-06;375
"LVB";"M";"41";"DEP";"D";2024-08;243
"LVB";"M";"09";"DEP";"D";2024-10;93
"LVB";"A";"94";"DEP";"D";2024;17687
"LVB";"A";"70";"DEP";"PROV";2025;1673
"LVB";"M";"83";"DEP";"D";2024-08;851
"LVB_CUMR";"A";"06";"DEP";"D";2023;954
"LVB_CUMR";"A";"18";"DEP";"PROV";2025;203
"LVB";"M";"23";"DEP";"D";2023-11;72
"LVB";"M";"973";"DEP";"D";2023-12;675
"LVB";"M";"39";"DEP";"D";2022-04;178
"LVB";"M";"2B";"DEP";"D";2023-04;93
"LVB";"M";"10";"DEP";"D";2024-03;203
"LVB";"M";"93";"DEP";"D";2022-11;2231
"LVB_CUMR";"A";"73";"DEP";"D";2017;364
"LVB";"M";"04";"DEP";"D";2022-12;108
"LVB_CUMR";"A";"81";"DEP";"D";2019;277
"LVB_CUMR";"A";"14";"DEP";"PROV";2026;466
"LVB";"M";"21";"DEP";"D";2022-07;444
"LVB";"A";"71";"DEP";"D";2019;4742
"LVB";"M";"01";"DEP";"D";2021-08;609
"LVB";"M";"08";"DEP";"PROV";2025-07;175
"LVB";"M";"94";"DEP";"PROV";2025-08;1387
"LVB";"M";"29";"DEP";"D";2023-05;647
"LVB";"A";"42";"DEP";"D";2018;8438
"LVB";"M";"F";"FRANCE";"D";2024-07;57648
"LVB";"M";"14";"DEP";"D";2022-11;522
"LVB_CUMR";"A";"80";"DEP";"D";2022;440
"LVB_CUMR";"A";"07";"DEP";"D";2023;227
"LVB";"M";"971";"DEP";"D";2024-11;317
"LVB";"M";"22";"DEP";"D";2022-10;470
"LVB_CUMR";"A";"69";"DEP";"D";2022;1907
"LVB";"M";"02";"DEP";"D";2023-01;417
"LVB_CUMR";"A";"27";"DEP";"D";2021;471
"LVB_CUMR";"A";"17";"DEP";"D";2021;409
"LVB";"M";"82";"DEP";"D";2021-03;227
"LVB";"M";"40";"DEP";"D";2023-11;263
"LVB";"M";"99";"OTHER";"D";2023-11;97
"LVB";"A";"971";"DEP";"D";2022;4218
"LVB";"M";"07";"DEP";"PROV";2025-04;166
"LVB";"A";"67";"DEP";"D";2021;11660
"LVB";"M";"24";"DEP";"D";2024-04;238
"LVB";"M";"06";"DEP";"D";2021-12;1040
"LVB";"A";"14";"DEP";"D";2022;6378
"LVB";"M";"28";"DEP";"D";2023-06;341
"LVB";"M";"81";"DEP";"D";2022-09;300
"LVB";"M";"24";"DEP";"D";2024-02;229
"LVB_CUMR";"A";"91";"DEP";"D";2024;1501
"LVB_CUMR";"A";"40";"DEP";"D";2019;312
"LVB";"M";"02";"DEP";"D";2022-06;444
"LVB";"M";"973";"DEP";"D";2022-05;653
"LVB";"M";"40";"DEP";"D";2021-10;348
"LVB";"A";"16";"DEP";"D";2017;3034
"LVB";"M";"2B";"DEP";"D";2022-07;133
"LVB";"M";"83";"DEP";"PROV";2025-05;720
"LVB";"M";"71";"DEP";"PROV";2025-12;329
"LVB";"M";"11";"DEP";"PROV";2025-08;234
"LVB";"M";"25";"DEP";"D";2024-08;406
"LVB";"M";"94";"DEP";"D";2024-07;1557
"LVB";"A";"05";"DEP";"D";2017;1215
"LVB";"M";"38";"DEP";"D";2024-02;968
"LVB";"M";"05";"DEP";"PROV";2025-07;93
"LVB";"M";"16";"DEP";"D";2021-08;266
"LVB";"M";"80";"DEP";"D";2023-07;450
"LVB";"M";"2A";"DEP";"D";2021-04;104
"LVB";"M";"94";"DEP";"D";2024-08;1512
"LVB";"A";"23";"DEP";"D";2023;770
"LVB_CUMR";"A";"F";"FRANCE";"D";2019;63179
"LVB";"M";"10";"DEP";"D";2024-08;221
"LVB";"M";"67";"DEP";"D";2024-04;844
"LVB";"M";"39";"DEP";"D";2021-02;138
"LVB";"M";"03";"DEP";"D";2022-05;217
"LVB";"M";"2A";"DEP";"D";2023-11;102
"LVB";"A";"16";"DEP";"D";2020;2931
"LVB";"M";"82";"DEP";"PROV";2025-06;184
"LVB";"M";"93";"DEP";"D";2022-08;2342
"LVB";"M";"26";"DEP";"D";2022-02;428
"LVB";"A";"F";"FRANCE";"D";2016;783640
"LVB";"M";"81";"DEP";"D";2024-02;212
"LVB";"M";"26";"DEP";"PROV";2025-10;408
"LVB_CUMR";"A";"06";"DEP";"D";2021;828
"LVB";"M";"72";"DEP";"D";2021-02;389
"LVB";"M";"13";"DEP";"D";2021-08;2230
"LVB";"M";"07";"DEP";"PROV";2025-11;207
"LVB_CUMR";"A";"42";"DEP";"D";2023;592
"LVB";"M";"19";"DEP";"PROV";2025-09;154
"LVB";"M";"13";"DEP";"D";2024-09;1879
"LVB";"M";"972";"DEP";"D";2022-09;333
"LVB";"A";"83";"DEP";"D";2019;10516
"LVB";"M";"82";"DEP";"D";2023-09;187
"LVB";"M";"24";"DEP";"D";2022-05;240
"LVB_CUMR";"A";"06";"DEP";"D";2016;990
"LVB";"A";"30";"DEP";"D";2021;7481
"LVB";"M";"39";"DEP";"D";2021-04;194
"LVB";"M";"972";"DEP";"D";2023-11;328
"LVB";"M";"70";"DEP";"PROV";2025-12;139
"LVB";"A";"2B";"DEP";"D";2020;1401
"LVB";"M";"13";"DEP";"D";2021-01;1755
"LVB";"M";"15";"DEP";"PROV";2025-12;77
"LVB";"M";"93";"DEP";"PROV";2025-08;2138
"LVB";"M";"22";"DEP";"D";2021-12;463
"LVB";"M";"82";"DEP";"D";2021-10;229
"LVB";"M";"04";"DEP";"D";2024-08;108
"LVB";"M";"30";"DEP";"D";2021-09;693
"LVB";"M";"17";"DEP";"D";2021-09;465
"LVB_CUMR";"A";"37";"DEP";"PROV";2025;460
"LVB";"M";"70";"DEP";"D";2022-03;170
"LVB";"M";"95";"DEP";"D";2021-04;1635
"LVB_CUMR";"A";"973";"DEP";"D";2024;623
"LVB";"A";"10";"DEP";"D";2017;3129
"LVB";"M";"25";"DEP";"D";2024-11;398
"LVB";"M";"28";"DEP";"D";2023-05;346
"LVB";"M";"79";"DEP";"D";2023-11;243
"LVB";"A";"03";"DEP";"D";2024;2498
"LVB";"M";"41";"DEP";"PROV";2025-02;197
"LVB_CUMR";"A";"971";"DEP";"PROV";2026;294
"LVB";"M";"13";"DEP";"D";2021-09;2193
"LVB";"A";"13";"DEP";"D";2018;25586
"LVB";"M";"99";"OTHER";"D";2021-03;91
"LVB";"M";"10";"DEP";"D";2023-02;213
"LVB";"M";"25";"DEP";"D";2023-12;385
"LVB";"M";"14";"DEP";"D";2021-11;584
"LVB";"M";"70";"DEP";"D";2023-06;151
"LVB_CUMR";"A";"2A";"DEP";"D";2018;126
"LVB";"M";"81";"DEP";"PROV";2025-10;239
"LVB_CUMR";"A";"18";"DEP";"D";2018;224
"LVB";"M";"06";"DEP";"PROV";2026-01;870
"LVB";"M";"37";"DEP";"D";2023-05;523
"LVB_CUMR";"A";"94";"DEP";"D";2020;1605
"LVB";"M";"07";"DEP";"D";2022-09;222
"LVB";"M";"99";"OTHER";"D";2024-08;122
"LVB";"M";"2B";"DEP";"D";2022-11;123
"LVB";"M";"81";"DEP";"D";2024-09;251
"LVB";"M";"15";"DEP";"D";2022-02;71
"LVB";"M";"24";"DEP";"D";2021-04;270
"LVB";"M";"03";"DEP";"D";2021-11;226
"LVB";"M";"71";"DEP";"PROV";2025-03;325
"LVB";"M";"18";"DEP";"D";2023-04;192
"LVB";"M";"12";"DEP";"D";2022-07;184
"LVB";"M";"94";"DEP";"D";2022-11;1559
"LVB";"M";"01";"DEP";"D";2021-02;504
"LVB";"M";"83";"DEP";"D";2022-12;848
"LVB";"M";"21";"DEP";"D";2024-09;384
"LVB";"M";"41";"DEP";"D";2023-07;256
"LVB_CUMR";"A";"29";"DEP";"D";2023;642
"LVB";"A";"F";"FRANCE";"D";2022;725997
"LVB";"M";"01";"DEP";"D";2023-06;519
"LVB";"M";"93";"DEP";"PROV";2025-07;2072
"LVB";"A";"14";"DEP";"D";2019;6621
"LVB";"A";"25";"DEP";"D";2019;5757
"LVB";"M";"2B";"DEP";"D";2021-12;126
"LVB";"M";"84";"DEP";"D";2021-07;547
"LVB";"M";"09";"DEP";"D";2024-01;73
"LVB";"M";"42";"DEP";"D";2023-10;640
"LVB";"M";"71";"DEP";"D";2022-09;368
"LVB";"M";"06";"DEP";"D";2023-07;921
"LVB";"M";"971";"DEP";"D";2022-12;386
"LVB";"M";"14";"DEP";"D";2024-04;481
"LVB";"A";"11";"DEP";"D";2023;3033
"LVB";"A";"29";"DEP";"D";2021;8154
"LVB";"M";"80";"DEP";"D";2024-10;432
"LVB";"M";"23";"DEP";"PROV";2025-06;65
"LVB";"M";"38";"DEP";"D";2021-07;1215
"LVB";"M";"976";"DEP";"D";2023-06;964
"LVB_CUMR";"A";"06";"DEP";"D";2024;843
"LVB";"A";"69";"DEP";"D";2023;21529
"LVB";"M";"92";"DEP";"PROV";2025-03;1605
"LVB";"M";"29";"DEP";"PROV";2025-03;590
"LVB";"A";"16";"DEP";"PROV";2025;2607
"LVB";"A";"12";"DEP";"D";2016;2390
"LVB";"A";"81";"DEP";"D";2016;3611
"LVB";"M";"24";"DEP";"D";2022-06;250
"LVB";"M";"40";"DEP";"D";2021-06;286
"LVB";"M";"02";"DEP";"PROV";2025-12;364
"LVB_MEAN1";"M";"F";"FRANCE";"PROV";2025-05;1738
"LVB";"M";"94";"DEP";"D";2022-05;1650
"LVB";"A";"30";"DEP";"D";2020;7377
"LVB";"M";"82";"DEP";"D";2021-05;215
"LVB";"M";"13";"DEP";"D";2024-05;1941
"LVB";"M";"13";"DEP";"PROV";2025-08;1882
"LVB";"M";"13";"DEP";"D";2022-11;2051
"LVB_CUMR";"A";"24";"DEP";"D";2021;241
"LVB";"M";"67";"DEP";"D";2023-10;891
"LVB";"M";"07";"DEP";"D";2024-02;192
"LVB";"M";"04";"DEP";"D";2023-08;123
"LVB";"M";"94";"DEP";"PROV";2025-10;1465
"LVB";"M";"41";"DEP";"D";2021-11;248
"LVB";"M";"16";"DEP";"D";2023-06;245
"LVB";"M";"27";"DEP";"PROV";2025-01;465
"LVB";"M";"81";"DEP";"D";2022-02;240
"LVB";"M";"24";"DEP";"D";2024-01;221
"LVB";"M";"05";"DEP";"D";2021-08;114
"LVB";"M";"72";"DEP";"D";2022-06;505
"LVB";"M";"10";"DEP";"PROV";2025-05;216
"LVB";"M";"976";"DEP";"D";2022-06;934
"LVB";"M";"38";"DEP";"D";2023-07;1095
"LVB";"M";"17";"DEP";"D";2023-08;435
"LVB";"M";"971";"DEP";"D";2023-11;355
"LVB";"M";"81";"DEP";"D";2023-04;250
"LVB";"M";"06";"DEP";"D";2024-05;824
"LVB";"M";"29";"DEP";"D";2024-01;619
"LVB_CUMR";"A";"25";"DEP";"D";2017;531
"LVB";"M";"10";"DEP";"D";2021-11;243
"LVB";"M";"72";"DEP";"PROV";2025-09;422
"LVB_MEAN1";"M";"F";"FRANCE";"D";2023-05;1847
"LVB";"M";"40";"DEP";"D";2023-09;280
"LVB";"M";"85";"DEP";"D";2022-03;479
"LVB";"M";"13";"DEP";"D";2023-01;1851
"LVB";"M";"972";"DEP";"D";2022-01;320
"LVB";"M";"29";"DEP";"PROV";2025-09;549
"LVB";"M";"02";"DEP";"D";2021-06;433
"LVB_CUMR";"A";"22";"DEP";"D";2023;390
"LVB";"A";"37";"DEP";"PROV";2025;5340
"LVB_CUMR";"A";"16";"DEP";"D";2022;252
"LVB";"M";"83";"DEP";"PROV";2025-07;791
"LVB";"M";"99";"OTHER";"D";2024-06;70
"LVB_CUMR";"A";"09";"DEP";"PROV";2026;84
"LVB_CUMR";"A";"95";"DEP";"D";2024;1467
"LVB";"M";"27";"DEP";"D";2022-02;465
"LVB";"M";"21";"DEP";"D";2023-04;352
"LVB";"A";"67";"DEP";"D";2024;10408
"LVB";"M";"05";"DEP";"D";2021-06;107
"LVB";"M";"84";"DEP";"PROV";2025-01;462
"LVB";"M";"42";"DEP";"D";2023-09;606
"LVB";"M";"28";"DEP";"PROV";2025-02;287
"LVB";"A";"19";"DEP";"D";2016;1986
"LVB";"M";"91";"DEP";"PROV";2025-11;1303
"LVB";"M";"72";"DEP";"D";2023-03;444
"LVB_CUMR";"A";"13";"DEP";"D";2016;2168
"LVB";"M";"26";"DEP";"D";2021-03;433
"LVB";"M";"974";"DEP";"D";2021-08;1112
"LVB";"M";"06";"DEP";"PROV";2025-11;762
"LVB_CUMR";"A";"81";"DEP";"D";2023;245
"LVB";"M";"17";"DEP";"D";2021-01;409
"LVB";"M";"92";"DEP";"PROV";2025-01;1631
"LVB";"M";"39";"DEP";"D";2021-07;184
"LVB";"M";"11";"DEP";"D";2021-08;294
"LVB";"M";"27";"DEP";"D";2022-08;601
"LVB";"M";"19";"DEP";"D";2022-04;145
"LVB";"M";"99";"OTHER";"D";2021-04;93
"LVB";"M";"81";"DEP";"D";2024-01;253
"LVB";"M";"03";"DEP";"D";2023-03;210
"LVB";"M";"71";"DEP";"D";2022-10;385
"LVB";"M";"13";"DEP";"PROV";2025-04;1822
"LVB";"M";"08";"DEP";"D";2024-10;167
"LVB";"M";"93";"DEP";"PROV";2025-03;2026
"LVB";"M";"2A";"DEP";"D";2024-04;91
"LVB";"M";"21";"DEP";"PROV";2025-04;335
"LVB";"M";"81";"DEP";"D";2022-03;291
"LVB";"M";"01";"DEP";"D";2022-09;596
"LVB";"M";"40";"DEP";"D";2024-02;268
"LVB";"M";"99";"OTHER";"D";2022-01;94
"LVB_CUMR";"A";"13";"DEP";"D";2021;1755
"LVB";"M";"70";"DEP";"D";2024-10;154
"LVB";"M";"15";"DEP";"D";2021-08;91
"LVB";"M";"972";"DEP";"D";2021-07;298
"LVB";"M";"04";"DEP";"PROV";2025-07;118
"LVB";"M";"80";"DEP";"D";2024-01;445
"LVB";"M";"19";"DEP";"D";2024-03;119
"LVB";"M";"42";"DEP";"D";2023-07;675
"LVB";"M";"27";"DEP";"D";2024-06;405
"LVB";"M";"07";"DEP";"D";2021-08;272
"LVB";"M";"69";"DEP";"PROV";2025-10;1818
"LVB";"M";"92";"DEP";"D";2021-02;1453
"LVB";"M";"18";"DEP";"D";2024-01;205
"LVB";"M";"83";"DEP";"D";2023-12;813
"LVB";"M";"03";"DEP";"D";2021-08;260
"LVB";"M";"972";"DEP";"PROV";2025-01;250
"LVB";"M";"26";"DEP";"D";2021-02;370
"LVB";"M";"37";"DEP";"PROV";2025-06;440
"LVB";"M";"2B";"DEP";"PROV";2025-04;85
"LVB";"M";"10";"DEP";"D";2021-04;225
"LVB";"M";"92";"DEP";"D";2023-11;1672
"LVB";"M";"84";"DEP";"D";2021-04;495
"LVB";"M";"67";"DEP";"D";2022-02;903
"LVB";"M";"17";"DEP";"D";2022-12;420
"LVB";"M";"99";"OTHER";"PROV";2025-02;76
"LVB";"M";"21";"DEP";"D";2024-05;367
"LVB";"M";"06";"DEP";"D";2021-03;943
"LVB";"M";"38";"DEP";"D";2024-06;1021
"LVB";"M";"2A";"DEP";"D";2023-12;85
"LVB";"M";"11";"DEP";"PROV";2025-03;194
"LVB";"M";"95";"DEP";"PROV";2025-05;1424
"LVB";"A";"81";"DEP";"D";2018;3257
"LVB";"M";"68";"DEP";"PROV";2025-01;546
"LVB";"M";"19";"DEP";"D";2021-05;149
"LVB";"A";"23";"DEP";"D";2020;758
"LVB";"M";"02";"DEP";"D";2023-02;389
"LVB";"M";"974";"DEP";"D";2023-04;1138
"LVB";"M";"41";"DEP";"D";2024-02;198
"LVB";"A";"2A";"DEP";"D";2017;1328
"LVB";"A";"07";"DEP";"D";2022;2773
"LVB";"M";"18";"DEP";"D";2021-06;211
"LVB";"M";"93";"DEP";"D";2024-02;2073
"LVB";"M";"83";"DEP";"D";2023-09;828
"LVB";"M";"70";"DEP";"D";2021-06;156
"LVB";"M";"21";"DEP";"D";2023-09;364
"LVB";"M";"03";"DEP";"PROV";2025-11;186
"LVB";"A";"40";"DEP";"D";2023;3151
"LVB";"A";"F";"FRANCE";"D";2020;735196
"LVB";"M";"30";"DEP";"D";2021-10;678
"LVB";"M";"15";"DEP";"PROV";2025-07;81
"LVB";"M";"972";"DEP";"D";2023-06;227
"LVB";"A";"84";"DEP";"D";2023;5483
"LVB";"M";"21";"DEP";"D";2022-10;386
"LVB_CUMR";"A";"11";"DEP";"D";2022;296
"LVB";"M";"69";"DEP";"D";2021-12;2081
"LVB";"M";"06";"DEP";"D";2023-03;745
"LVB";"M";"37";"DEP";"D";2022-08;531
"LVB";"M";"F";"FRANCE";"D";2024-10;57215
"LVB";"M";"81";"DEP";"PROV";2025-04;224
"LVB";"M";"19";"DEP";"D";2024-01;165
"LVB";"M";"971";"DEP";"D";2022-01;381
"LVB";"M";"28";"DEP";"D";2024-09;341
"LVB";"A";"18";"DEP";"D";2018;2662
"LVB";"M";"21";"DEP";"PROV";2025-09;353
"LVB";"M";"94";"DEP";"D";2024-10;1569
"LVB";"M";"67";"DEP";"D";2024-10;896
"LVB";"M";"22";"DEP";"D";2022-08;452
"LVB";"M";"39";"DEP";"D";2022-05;186
"LVB";"M";"03";"DEP";"PROV";2025-03;185
"LVB";"M";"F";"FRANCE";"PROV";2025-03;53607
"LVB";"M";"82";"DEP";"D";2021-06;233
"LVB";"M";"30";"DEP";"D";2021-02;499
"LVB_CUMR";"A";"07";"DEP";"PROV";2026;193
"LVB";"M";"16";"DEP";"D";2023-07;253
"LVB";"M";"67";"DEP";"D";2021-06;906
"LVB";"M";"05";"DEP";"D";2023-08;103
"LVB";"M";"94";"DEP";"D";2023-01;1414
"LVB";"M";"83";"DEP";"D";2023-10;798
"LVB";"M";"21";"DEP";"D";2022-05;413
"LVB_CUMR";"A";"69";"DEP";"D";2020;2073
"LVB";"M";"38";"DEP";"D";2021-01;973
"LVB_CUMR";"A";"976";"DEP";"D";2024;762
"LVB";"M";"17";"DEP";"PROV";2025-09;374
"LVB";"M";"11";"DEP";"PROV";2025-06;222
"LVB";"M";"05";"DEP";"PROV";2025-02;77
"LVB";"M";"2B";"DEP";"PROV";2025-08;112
"LVB";"M";"95";"DEP";"D";2024-07;1517
"LVB";"M";"70";"DEP";"D";2022-05;172
"LVB";"M";"40";"DEP";"D";2024-11;268
"LVB";"M";"24";"DEP";"D";2023-10;254
"LVB";"M";"82";"DEP";"D";2023-02;200
"LVB";"M";"18";"DEP";"PROV";2025-09;177
"LVB_MEAN1";"M";"F";"FRANCE";"D";2024-05;1824
"LVB";"M";"04";"DEP";"D";2024-01;111
"LVB";"M";"12";"DEP";"D";2024-04;145
"LVB_CUMR";"A";"83";"DEP";"D";2020;836
"LVB";"M";"26";"DEP";"D";2024-02;389
"LVB";"M";"94";"DEP";"D";2021-05;1564
"LVB";"M";"19";"DEP";"D";2022-07;166
"LVB_CUMR";"A";"41";"DEP";"D";2017;257
"LVB";"M";"68";"DEP";"PROV";2025-08;571
"LVB";"M";"03";"DEP";"PROV";2025-12;185
"LVB";"M";"18";"DEP";"PROV";2025-08;204
"LVB";"M";"24";"DEP";"D";2022-03;251
"LVB";"M";"91";"DEP";"D";2023-03;1441
"LVB";"M";"79";"DEP";"D";2024-10;219
"LVB";"A";"F";"FRANCE";"D";2021;742052
"LVB";"M";"07";"DEP";"D";2023-11;213
"LVB";"A";"2A";"DEP";"D";2016;1372
"LVB";"M";"41";"DEP";"D";2023-09;244
"LVB";"M";"02";"DEP";"D";2024-08;399
"LVB";"M";"67";"DEP";"PROV";2025-06;810
"LVB_CUMR";"A";"17";"DEP";"D";2018;403
"LVB_CUMR";"A";"80";"DEP";"PROV";2026;388
"LVB";"M";"24";"DEP";"D";2021-01;241
"LVB";"M";"94";"DEP";"D";2022-04;1446
"LVB";"M";"29";"DEP";"PROV";2025-10;634
"LVB";"M";"42";"DEP";"D";2022-04;610
"LVB_CUMR";"A";"973";"DEP";"D";2016;669
"LVB";"M";"03";"DEP";"D";2024-07;218
"LVB";"M";"80";"DEP";"D";2022-10;438
"LVB";"M";"09";"DEP";"D";2024-02;68
"LVB";"M";"17";"DEP";"D";2023-03;370
"LVB";"M";"21";"DEP";"D";2022-11;367
"LVB";"A";"42";"DEP";"D";2022;7969
"LVB_CUMR";"A";"70";"DEP";"PROV";2025;145
"LVB";"M";"30";"DEP";"D";2021-04;590
"LVB";"M";"94";"DEP";"PROV";2026-01;1448
"LVB";"M";"93";"DEP";"D";2021-10;2338
"LVB_CUMR";"A";"05";"DEP";"D";2023;97
"LVB_CUMR";"A";"F";"FRANCE";"D";2024;56215
"LVB";"M";"81";"DEP";"D";2024-08;265
"LVB";"M";"07";"DEP";"D";2022-10;230
"LVB";"M";"21";"DEP";"D";2023-11;361
"LVB";"A";"18";"DEP";"D";2021;2665
"LVB";"M";"38";"DEP";"D";2024-10;1148
"LVB";"M";"27";"DEP";"PROV";2025-08;452
"LVB";"M";"971";"DEP";"D";2023-02;300
"LVB";"M";"69";"DEP";"D";2024-10;1837
"LVB";"M";"04";"DEP";"D";2024-09;115
"LVB";"M";"974";"DEP";"PROV";2025-10;1011
"LVB";"M";"22";"DEP";"D";2022-07;459
"LVB";"A";"84";"DEP";"D";2022;6054
"LVB";"M";"16";"DEP";"D";2021-06;215
"LVB_CUMR";"A";"01";"DEP";"D";2024;504
"LVB";"M";"09";"DEP";"D";2022-06;86
"LVB";"M";"2A";"DEP";"D";2021-03;101
"LVB";"M";"40";"DEP";"PROV";2025-10;255
"LVB";"M";"972";"DEP";"D";2022-03;317
"LVB";"M";"70";"DEP";"D";2024-02;155
"LVB";"M";"02";"DEP";"D";2021-10;471
"LVB_CUMR";"A";"22";"DEP";"D";2019;415
"LVB";"M";"14";"DEP";"D";2022-04;475
"LVB";"M";"82";"DEP";"PROV";2025-08;203
"LVB";"M";"973";"DEP";"PROV";2025-09;656
"LVB";"M";"37";"DEP";"D";2021-04;524
"LVB";"M";"27";"DEP";"D";2022-11;517
"LVB";"M";"972";"DEP";"D";2021-01;293
"LVB";"M";"21";"DEP";"D";2021-03;419
"LVB";"M";"09";"DEP";"D";2023-06;92
"LVB";"M";"06";"DEP";"D";2023-05;835
"LVB";"A";"79";"DEP";"D";2023;2995
"LVB";"A";"69";"DEP";"D";2017;25644
"LVB";"M";"13";"DEP";"PROV";2025-02;1681
"LVB";"M";"972";"DEP";"D";2022-04;254
"LVB";"M";"36";"DEP";"D";2024-10;145
"LVB_CUMR";"A";"21";"DEP";"D";2017;445
"LVB_CUMR";"A";"2B";"DEP";"D";2019;116
"LVB";"M";"07";"DEP";"PROV";2025-01;191
"LVB";"M";"01";"DEP";"D";2022-10;585
"LVB";"M";"84";"DEP";"D";2021-05;485
"LVB";"M";"95";"DEP";"D";2022-12;1613
"LVB";"M";"17";"DEP";"D";2021-04;409
"LVB";"M";"37";"DEP";"D";2022-07;547
"LVB";"M";"976";"DEP";"D";2023-03;1068
"LVB";"M";"22";"DEP";"D";2021-06;442
"LVB";"M";"28";"DEP";"D";2021-02;322
"LVB";"A";"04";"DEP";"D";2024;1276
"LVB";"M";"82";"DEP";"D";2023-07;214
"LVB";"A";"02";"DEP";"D";2020;5338
"LVB";"M";"12";"DEP";"D";2024-05;171
"LVB";"M";"69";"DEP";"D";2024-03;1660
"LVB";"M";"94";"DEP";"D";2024-04;1407
"LVB";"M";"42";"DEP";"D";2021-08;716
"LVB";"M";"13";"DEP";"D";2023-04;1761
"LVB";"M";"19";"DEP";"D";2022-09;142
"LVB";"M";"26";"DEP";"D";2024-04;401
"LVB";"M";"83";"DEP";"D";2021-08;958
"LVB_CUMR";"A";"973";"DEP";"D";2021;619
"LVB";"M";"03";"DEP";"D";2022-10;214
"LVB";"M";"94";"DEP";"PROV";2025-03;1476
"LVB_CUMR";"A";"16";"DEP";"D";2024;220
"LVB";"A";"30";"DEP";"D";2018;7585
"LVB";"A";"23";"DEP";"D";2022;760
"LVB";"A";"38";"DEP";"D";2022;13514
"LVB_CUMR";"A";"67";"DEP";"D";2024;876
"LVB";"M";"12";"DEP";"D";2022-10;168
"LVB";"M";"79";"DEP";"D";2024-01;267
"LVB";"M";"02";"DEP";"D";2021-02;350
"LVB";"M";"28";"DEP";"PROV";2025-12;345
"LVB";"A";"973";"DEP";"D";2021;8127
"LVB";"M";"94";"DEP";"D";2024-12;1484
"LVB_CUMR";"A";"15";"DEP";"PROV";2025;80
"LVB";"M";"22";"DEP";"D";2022-06;418
"LVB";"A";"41";"DEP";"D";2024;2671
"LVB";"M";"01";"DEP";"PROV";2025-11;493
"LVB";"M";"81";"DEP";"D";2023-01;245
"LVB";"A";"28";"DEP";"D";2023;4190
"LVB_CUMR";"A";"11";"DEP";"PROV";2025;242
"LVB";"M";"69";"DEP";"PROV";2025-02;1567
"LVB";"M";"973";"DEP";"D";2022-03;656
"LVB";"A";"18";"DEP";"D";2016;2875
"LVB_CUMR";"A";"93";"DEP";"PROV";2025;2066
"LVB";"M";"42";"DEP";"D";2023-08;677
"LVB";"M";"22";"DEP";"PROV";2025-08;356
"LVB";"M";"39";"DEP";"D";2022-09;148
"LVB";"M";"79";"DEP";"D";2022-10;267
"LVB";"M";"03";"DEP";"D";2023-06;204
"LVB";"M";"21";"DEP";"D";2022-04;408
"LVB";"A";"27";"DEP";"D";2016;6974
"LVB";"M";"24";"DEP";"D";2024-11;190
"LVB";"M";"71";"DEP";"D";2022-03;342
"LVB_CUMR";"A";"07";"DEP";"D";2024;227
"LVB";"M";"18";"DEP";"PROV";2025-04;164
"LVB";"M";"92";"DEP";"D";2022-07;1733
"LVB";"M";"68";"DEP";"D";2024-09;543
"LVB";"M";"39";"DEP";"PROV";2025-03;164
"LVB";"M";"17";"DEP";"D";2023-11;412
"LVB";"M";"84";"DEP";"D";2023-02;421
"LVB";"M";"04";"DEP";"D";2022-06;116
"LVB";"M";"F";"FRANCE";"D";2022-12;59043
"LVB_CUMR";"A";"37";"DEP";"PROV";2026;434
"LVB";"M";"19";"DEP";"D";2022-11;139
"LVB";"M";"27";"DEP";"D";2024-07;489
"LVB";"M";"82";"DEP";"PROV";2025-03;169
"LVB";"A";"72";"DEP";"D";2017;5815
"LVB";"A";"95";"DEP";"D";2021;19272
"LVB";"M";"09";"DEP";"D";2024-09;75
"LVB";"A";"85";"DEP";"D";2021;6043
"LVB";"M";"13";"DEP";"D";2024-04;1719
"LVB";"M";"01";"DEP";"D";2024-12;515
"LVB";"A";"37";"DEP";"D";2021;6142
"LVB";"M";"26";"DEP";"D";2022-04;384
"LVB";"M";"16";"DEP";"D";2021-03;279
"LVB";"A";"72";"DEP";"D";2021;5710
"LVB";"A";"80";"DEP";"D";2023;5129
"LVB";"M";"27";"DEP";"PROV";2025-05;438
"LVB_CUMR";"A";"95";"DEP";"D";2023;1442
"LVB";"M";"04";"DEP";"PROV";2025-03;102
"LVB_CUMR";"A";"04";"DEP";"PROV";2025;82
"LVB";"M";"07";"DEP";"D";2023-09;212
"LVB_CUMR";"A";"38";"DEP";"D";2016;1254
"LVB";"M";"01";"DEP";"PROV";2025-03;517
"LVB";"M";"26";"DEP";"PROV";2025-08;374
"LVB";"M";"976";"DEP";"PROV";2025-01;637
"LVB";"M";"21";"DEP";"D";2022-01;412
"LVB";"M";"84";"DEP";"PROV";2025-10;489
"LVB";"M";"13";"DEP";"D";2022-03;1977
"LVB";"A";"92";"DEP";"PROV";2025;19454
"LVB";"M";"07";"DEP";"PROV";2025-07;210
"LVB";"A";"06";"DEP";"D";2021;11407
"LVB";"M";"40";"DEP";"D";2022-09;316
"LVB";"M";"69";"DEP";"D";2022-06;1937
"LVB";"M";"27";"DEP";"D";2024-11;431
"LVB_CUMR";"A";"80";"DEP";"D";2020;492
"LVB";"M";"24";"DEP";"D";2023-09;226
"LVB";"M";"976";"DEP";"D";2021-10;793
"LVB";"M";"05";"DEP";"D";2024-08;115
"LVB";"M";"17";"DEP";"D";2022-01;451
"LVB";"M";"971";"DEP";"D";2022-08;414
"LVB";"M";"40";"DEP";"PROV";2025-07;281
"LVB";"M";"07";"DEP";"D";2022-04;231
"LVB";"A";"2A";"DEP";"D";2019;1348
"LVB";"M";"79";"DEP";"PROV";2026-01;212
"LVB_CUMR";"A";"70";"DEP";"PROV";2026;153
"LVB";"M";"40";"DEP";"D";2021-08;304
"LVB";"M";"25";"DEP";"D";2022-09;440
"LVB";"M";"99";"OTHER";"D";2024-05;96
"LVB_CUMR";"A";"03";"DEP";"D";2019;231
"LVB";"M";"10";"DEP";"D";2021-10;282
"LVB";"M";"971";"DEP";"D";2022-11;366
"LVB";"M";"15";"DEP";"D";2023-03;79
"LVB";"M";"28";"DEP";"D";2021-05;363
"LVB";"M";"40";"DEP";"D";2022-11;275
"LVB";"M";"84";"DEP";"D";2021-01;455
"LVB_CUMR";"A";"23";"DEP";"D";2022;49
"LVB";"M";"974";"DEP";"D";2024-07;983
"LVB";"M";"71";"DEP";"D";2022-02;340
"LVB";"M";"01";"DEP";"D";2023-02;455
"LVB";"M";"972";"DEP";"D";2023-04;269
"LVB_CUMR";"A";"25";"DEP";"D";2024;431
"LVB_CUMR";"A";"23";"DEP";"D";2020;54
"LVB";"M";"11";"DEP";"D";2021-09;313
"LVB";"M";"19";"DEP";"D";2024-09;150
"LVB";"M";"83";"DEP";"D";2021-04;800
"LVB";"M";"37";"DEP";"D";2023-04;439
"LVB_CUMR";"A";"30";"DEP";"D";2018;636
"LVB";"M";"82";"DEP";"D";2023-08;211
"LVB_CUMR";"A";"15";"DEP";"D";2019;86
"LVB";"M";"01";"DEP";"PROV";2025-09;509
"LVB_CUMR";"A";"972";"DEP";"PROV";2026;256
"LVB";"M";"68";"DEP";"D";2021-01;567
"LVB";"M";"12";"DEP";"D";2021-04;194
"LVB";"M";"22";"DEP";"PROV";2025-09;400
"LVB";"M";"2B";"DEP";"D";2023-08;121
"LVB";"A";"42";"DEP";"D";2021;7963
"LVB_CUMR";"A";"83";"DEP";"D";2016;871
"LVB_CUMR";"A";"85";"DEP";"D";2021;465
"LVB";"A";"93";"DEP";"D";2021;26152
"LVB";"M";"70";"DEP";"D";2021-07;192
"LVB";"M";"13";"DEP";"D";2024-03;1774
"LVB";"M";"12";"DEP";"PROV";2025-03;152
"LVB";"M";"04";"DEP";"D";2024-12;113
"LVB_CUMR";"A";"973";"DEP";"D";2022;714
"LVB";"M";"26";"DEP";"D";2021-09;462
"LVB";"A";"29";"DEP";"D";2019;7975
"LVB";"M";"81";"DEP";"D";2024-03;239
"LVB";"M";"69";"DEP";"D";2022-01;1907
"LVB_CUMR";"A";"38";"DEP";"D";2023;1068
"LVB";"M";"18";"DEP";"PROV";2026-01;197
"LVB";"M";"08";"DEP";"D";2022-09;196
"LVB_CUMR";"A";"2A";"DEP";"D";2016;130
"LVB";"A";"02";"DEP";"D";2022;5354
"LVB";"A";"976";"DEP";"D";2022;10773
"LVB";"M";"95";"DEP";"PROV";2026-01;1445
"LVB";"M";"22";"DEP";"PROV";2025-01;361
"LVB_CUMR";"A";"42";"DEP";"D";2024;651
"LVB";"M";"19";"DEP";"D";2023-03;127
"LVB_CUMR";"A";"83";"DEP";"D";2021;792
"LVB";"A";"68";"DEP";"PROV";2025;6455
"LVB_CUMR";"A";"27";"DEP";"PROV";2026;428
"LVB";"M";"01";"DEP";"PROV";2026-01;523
"LVB";"A";"11";"DEP";"D";2019;3205
"LVB";"A";"19";"DEP";"D";2022;1880
"LVB";"M";"976";"DEP";"D";2022-10;721
"LVB";"M";"92";"DEP";"D";2024-01;1578
"LVB_CUMR";"A";"14";"DEP";"D";2021;530
"LVB";"M";"27";"DEP";"D";2024-10;473
"LVB";"M";"38";"DEP";"D";2024-07;1083
"LVB_CUMR";"A";"80";"DEP";"D";2023;463
"LVB";"M";"67";"DEP";"PROV";2025-11;774
"LVB";"M";"10";"DEP";"D";2023-05;274
"LVB";"M";"974";"DEP";"PROV";2025-09;988
"LVB";"M";"25";"DEP";"D";2024-02;429
"LVB";"M";"42";"DEP";"D";2023-06;605
"LVB";"M";"17";"DEP";"D";2024-01;387
"LVB";"M";"27";"DEP";"PROV";2025-11;378
"LVB";"M";"04";"DEP";"D";2022-08;118
"LVB";"A";"93";"DEP";"D";2020;27583
"LVB";"M";"84";"DEP";"PROV";2025-08;451
"LVB";"M";"22";"DEP";"D";2024-03;369
"LVB";"M";"08";"DEP";"D";2023-09;155
"LVB_CUMR";"A";"67";"DEP";"PROV";2026;848
"LVB";"M";"F";"FRANCE";"D";2023-09;55538
"LVB";"M";"36";"DEP";"D";2024-03;147
"LVB";"M";"2B";"DEP";"D";2022-10;125
"LVB";"M";"15";"DEP";"D";2023-07;78
"LVB";"M";"03";"DEP";"D";2021-12;249
"LVB";"A";"23";"DEP";"D";2018;802
"LVB";"M";"83";"DEP";"PROV";2025-06;754
"LVB";"A";"10";"DEP";"D";2023;2853
"LVB_CUMR";"A";"24";"DEP";"D";2017;252
"LVB";"M";"94";"DEP";"D";2023-03;1476
"LVB";"M";"41";"DEP";"D";2021-05;229
"LVB";"M";"26";"DEP";"D";2022-08;494
"LVB_CUMR";"A";"976";"DEP";"D";2019;783
"LVB";"M";"13";"DEP";"D";2023-07;2042
"LVB";"M";"72";"DEP";"D";2022-10;488
"LVB";"A";"01";"DEP";"D";2024;6214
"LVB";"M";"16";"DEP";"D";2022-10;234
"LVB";"M";"82";"DEP";"D";2024-01;191
"LVB";"M";"09";"DEP";"PROV";2025-11;90
"LVB";"M";"22";"DEP";"D";2024-08;397
"LVB";"M";"30";"DEP";"D";2022-04;590
"LVB";"M";"36";"DEP";"D";2024-06;102
"LVB";"M";"69";"DEP";"PROV";2025-11;1580
"LVB";"M";"92";"DEP";"D";2022-09;1609
"LVB";"A";"99";"OTHER";"D";2019;1786
"LVB";"M";"02";"DEP";"D";2022-05;475
"LVB";"M";"15";"DEP";"D";2022-09;91
"LVB";"M";"08";"DEP";"D";2022-11;176
"LVB";"M";"27";"DEP";"D";2022-09;500
"LVB";"M";"21";"DEP";"D";2024-12;354
"LVB";"M";"38";"DEP";"D";2021-05;1176
"LVB_CUMR";"A";"69";"DEP";"D";2021;1702
"LVB";"A";"80";"DEP";"D";2017;5949
"LVB";"M";"F";"FRANCE";"D";2023-08;58874
"LVB";"M";"14";"DEP";"D";2023-10;546
"LVB_CUMR";"A";"2B";"DEP";"D";2021;113
"LVB";"M";"01";"DEP";"PROV";2025-08;513
"LVB";"M";"971";"DEP";"D";2023-08;362
"LVB";"M";"67";"DEP";"D";2021-09;1024
"LVB_CUMR";"A";"11";"DEP";"D";2016;309
"LVB";"M";"37";"DEP";"PROV";2025-08;416
"LVB_CUMR";"A";"24";"DEP";"PROV";2025;199
"LVB";"M";"82";"DEP";"PROV";2026-01;185
"LVB";"A";"37";"DEP";"D";2018;6104
"LVB";"M";"12";"DEP";"D";2023-06;168
"LVB";"A";"15";"DEP";"D";2018;1110
"LVB";"M";"974";"DEP";"D";2022-05;1208
"LVB";"A";"28";"DEP";"D";2020;4439
"LVB";"M";"68";"DEP";"D";2022-07;701
"LVB_CUMR";"A";"03";"DEP";"PROV";2025;166
"LVB";"M";"23";"DEP";"PROV";2025-02;45
"LVB";"M";"79";"DEP";"D";2023-09;223
"LVB";"M";"40";"DEP";"PROV";2026-01;249
"LVB";"M";"971";"DEP";"D";2022-02;305
"LVB";"M";"12";"DEP";"D";2023-04;143
"LVB";"M";"79";"DEP";"D";2023-01;258
"LVB";"M";"2A";"DEP";"D";2024-12;87
"LVB";"M";"F";"FRANCE";"D";2024-11;53437
"LVB";"M";"14";"DEP";"D";2024-12;467
"LVB";"M";"71";"DEP";"D";2021-11;422
"LVB_CUMR";"A";"10";"DEP";"D";2018;267
"LVB";"M";"25";"DEP";"D";2023-09;448
"LVB";"M";"05";"DEP";"D";2024-03;72
"LVB";"M";"41";"DEP";"D";2021-07;290
"LVB";"M";"93";"DEP";"D";2022-06;2193
"LVB_CUMR";"A";"83";"DEP";"PROV";2025;767
"LVB";"M";"27";"DEP";"D";2023-02;436
"LVB_CUMR";"A";"976";"DEP";"PROV";2025;637
"LVB";"M";"18";"DEP";"D";2022-02;211
"LVB";"M";"39";"DEP";"PROV";2025-08;163
"LVB";"M";"23";"DEP";"D";2022-03;69
"LVB";"M";"11";"DEP";"D";2024-06;200
"LVB_CUMR";"A";"72";"DEP";"D";2023;447
"LVB";"M";"83";"DEP";"D";2021-07;927
"LVB";"M";"2B";"DEP";"D";2024-12;111
"LVB";"A";"28";"DEP";"D";2016;5208
"LVB";"M";"F";"FRANCE";"D";2022-02;56072
"LVB_CUMR";"A";"18";"DEP";"PROV";2026;197
"LVB";"M";"03";"DEP";"D";2024-06;199
"LVB";"A";"21";"DEP";"D";2023;4514
"LVB";"M";"67";"DEP";"PROV";2025-10;837
"LVB";"M";"07";"DEP";"PROV";2025-06;225
"LVB";"M";"27";"DEP";"D";2024-09;480
"LVB";"A";"971";"DEP";"D";2024;3608
"LVB";"M";"81";"DEP";"D";2024-11;211
"LVB";"M";"972";"DEP";"PROV";2025-08;243
"LVB";"M";"36";"DEP";"PROV";2025-09;136
"LVB_CUMR";"A";"17";"DEP";"D";2019;407
"LVB";"M";"69";"DEP";"D";2022-10;1904
"LVB";"M";"2A";"DEP";"PROV";2025-12;100
"LVB";"M";"09";"DEP";"D";2021-08;119
"LVB";"M";"22";"DEP";"D";2023-08;421
"LVB";"M";"02";"DEP";"D";2024-12;399
"LVB";"M";"83";"DEP";"PROV";2025-10;869
"LVB";"M";"973";"DEP";"D";2022-10;608
"LVB";"M";"972";"DEP";"D";2022-07;292
"LVB";"M";"37";"DEP";"D";2022-02;431
"LVB";"M";"29";"DEP";"D";2023-07;699
"LVB";"M";"13";"DEP";"PROV";2025-11;1702
"LVB";"A";"09";"DEP";"D";2019;1205
"LVB";"M";"72";"DEP";"PROV";2025-06;435
"LVB";"A";"26";"DEP";"D";2020;5187
"LVB";"M";"93";"DEP";"D";2022-03;2168
"LVB_CUMR";"A";"84";"DEP";"PROV";2025;462
"LVB";"M";"99";"OTHER";"D";2022-06;121
"LVB";"M";"15";"DEP";"D";2024-02;73
"LVB";"M";"2B";"DEP";"D";2022-02;109
"LVB";"M";"06";"DEP";"PROV";2025-08;873
"LVB";"M";"07";"DEP";"PROV";2025-05;197
"LVB_CUMR";"A";"94";"DEP";"D";2023;1414
"LVB";"M";"39";"DEP";"D";2021-10;203
"LVB";"M";"72";"DEP";"PROV";2025-10;428
"LVB";"M";"83";"DEP";"D";2024-03;769
"LVB_CUMR";"A";"976";"DEP";"D";2021;581
"LVB";"A";"25";"DEP";"D";2023;5116
"LVB_CUMR";"A";"27";"DEP";"D";2018;508
"LVB";"M";"14";"DEP";"D";2023-07;547
"LVB";"M";"82";"DEP";"D";2024-04;164
"LVB_CUMR";"A";"12";"DEP";"PROV";2025;153
"LVB";"M";"68";"DEP";"D";2023-08;608
"LVB";"M";"94";"DEP";"D";2021-10;1710
"LVB";"M";"37";"DEP";"PROV";2025-03;455
"LVB";"M";"27";"DEP";"D";2021-03;462
"LVB_CUMR";"A";"01";"DEP";"PROV";2026;523
"LVB";"M";"14";"DEP";"D";2023-01;531
"LVB";"M";"976";"DEP";"D";2022-05;1022
"LVB";"M";"82";"DEP";"D";2022-08;228
"LVB";"M";"70";"DEP";"PROV";2025-01;145
"LVB";"M";"26";"DEP";"D";2021-07;486
"LVB";"M";"11";"DEP";"D";2022-09;272
"LVB_CUMR";"A";"95";"DEP";"D";2017;1669
"LVB";"M";"29";"DEP";"D";2023-09;583
"LVB";"M";"72";"DEP";"D";2021-10;522
"LVB_MEAN1";"M";"F";"FRANCE";"D";2024-04;1777
"LVB";"M";"80";"DEP";"PROV";2025-07;471
"LVB";"M";"12";"DEP";"D";2022-01;178
"LVB";"M";"22";"DEP";"D";2021-03;427
"LVB";"A";"15";"DEP";"D";2017;1067
"LVB";"M";"39";"DEP";"D";2022-12;178
"LVB";"M";"27";"DEP";"D";2022-01;545
"LVB";"M";"06";"DEP";"D";2022-09;870
"LVB";"M";"70";"DEP";"D";2022-04;157
"LVB";"M";"971";"DEP";"D";2021-04;331
"LVB_CUMR";"A";"F";"FRANCE";"D";2023;56829
"LVB";"M";"82";"DEP";"PROV";2025-05;172
"LVB";"M";"13";"DEP";"PROV";2025-12;1864
"LVB";"M";"24";"DEP";"D";2022-12;283
"LVB";"M";"09";"DEP";"D";2021-02;69
"LVB";"M";"26";"DEP";"PROV";2025-01;370
"LVB";"M";"42";"DEP";"D";2023-02;546
"LVB";"M";"69";"DEP";"D";2024-02;1652
"LVB";"A";"06";"DEP";"D";2022;11227
"LVB";"M";"95";"DEP";"D";2024-01;1467
"LVB";"M";"976";"DEP";"D";2022-07;951
"LVB";"M";"79";"DEP";"D";2022-06;270
"LVB_CUMR";"A";"17";"DEP";"PROV";2026;372
"LVB";"M";"23";"DEP";"D";2021-04;61
"LVB";"M";"2A";"DEP";"PROV";2025-10;89
"LVB_CUMR";"A";"11";"DEP";"PROV";2026;237
"LVB";"M";"40";"DEP";"PROV";2025-02;240
"LVB";"A";"73";"DEP";"D";2021;4384
"LVB";"M";"05";"DEP";"D";2022-02;81
"LVB";"A";"79";"DEP";"PROV";2025;2768
"LVB_MEAN1";"M";"F";"FRANCE";"D";2021-02;1865
"LVB_CUMR";"A";"93";"DEP";"D";2020;2337
"LVB_CUMR";"A";"18";"DEP";"D";2021;215
"LVB";"M";"24";"DEP";"PROV";2025-05;229
"LVB";"M";"28";"DEP";"D";2022-08;424
"LVB_CUMR";"A";"08";"DEP";"PROV";2025;171
"LVB";"M";"80";"DEP";"D";2021-06;415
"LVB_MEAN1";"M";"F";"FRANCE";"D";2023-09;1851
"LVB";"M";"03";"DEP";"D";2022-11;246
"LVB";"M";"42";"DEP";"D";2021-06;692
"LVB";"M";"67";"DEP";"D";2023-03;879
"LVB";"M";"16";"DEP";"D";2023-08;247
"LVB";"M";"26";"DEP";"D";2022-10;450
"LVB";"A";"84";"DEP";"D";2020;6231
"LVB";"M";"971";"DEP";"PROV";2025-10;330
"LVB";"M";"99";"OTHER";"D";2023-06;79
"LVB";"M";"23";"DEP";"D";2022-06;55
"LVB_CUMR";"A";"10";"DEP";"D";2024;221
"LVB";"M";"06";"DEP";"D";2022-10;978
"LVB";"M";"42";"DEP";"D";2021-11;637
"LVB";"M";"71";"DEP";"D";2022-07;432
"LVB";"A";"15";"DEP";"D";2023;916
"LVB";"M";"26";"DEP";"D";2023-10;394
"LVB";"M";"84";"DEP";"D";2024-12;463
"LVB_MEAN1";"M";"F";"FRANCE";"D";2021-09;2173
"LVB";"A";"08";"DEP";"D";2021;2416
"LVB";"M";"39";"DEP";"PROV";2025-01;184
"LVB";"M";"25";"DEP";"PROV";2025-02;383
"LVB";"M";"05";"DEP";"D";2024-10;103
"LVB";"M";"67";"DEP";"PROV";2026-01;848
"LVB";"M";"91";"DEP";"PROV";2025-05;1345
"LVB";"M";"13";"DEP";"PROV";2025-01;1837
"LVB";"M";"29";"DEP";"PROV";2025-08;605
"LVB";"M";"974";"DEP";"PROV";2025-07;960
"LVB";"M";"79";"DEP";"PROV";2025-12;219
"LVB";"M";"21";"DEP";"PROV";2025-06;369
"LVB";"M";"39";"DEP";"PROV";2025-10;179
"LVB_CUMR";"A";"09";"DEP";"D";2021;89
"LVB";"A";"07";"DEP";"D";2017;2995
"LVB";"M";"72";"DEP";"D";2023-04;436
"LVB";"M";"30";"DEP";"D";2022-02;590
"LVB";"A";"971";"DEP";"D";2016;4653
"LVB_CUMR";"A";"83";"DEP";"D";2023;785
"LVB_CUMR";"A";"25";"DEP";"D";2018;546
"LVB_CUMR";"A";"13";"DEP";"D";2024;1945
"LVB";"M";"973";"DEP";"PROV";2025-02;480
"LVB";"A";"04";"DEP";"D";2021;1447
"LVB";"M";"12";"DEP";"PROV";2025-11;162
"LVB";"A";"39";"DEP";"D";2022;2192
"LVB";"M";"42";"DEP";"D";2022-11;643
"LVB_CUMR";"A";"976";"DEP";"D";2018;674
"LVB";"M";"29";"DEP";"D";2021-08;756
"LVB";"M";"25";"DEP";"PROV";2025-08;409
"LVB";"M";"14";"DEP";"D";2024-03;504
"LVB";"M";"971";"DEP";"D";2024-10;359
"LVB";"M";"79";"DEP";"D";2023-06;237
"LVB";"M";"69";"DEP";"PROV";2025-03;1671
"LVB";"A";"03";"DEP";"D";2023;2489
"LVB";"M";"11";"DEP";"D";2023-11;240
"LVB";"M";"37";"DEP";"D";2023-12;455
"LVB";"M";"29";"DEP";"PROV";2025-12;546
"LVB";"M";"972";"DEP";"D";2024-09;262
"LVB";"M";"24";"DEP";"D";2022-08;285
"LVB";"M";"84";"DEP";"D";2024-04;391
"LVB_CUMR";"A";"02";"DEP";"PROV";2026;399
"LVB";"M";"08";"DEP";"PROV";2025-06;153
"LVB";"M";"2B";"DEP";"D";2024-05;126
"LVB";"M";"92";"DEP";"D";2022-05;1811
"LVB";"M";"40";"DEP";"D";2024-03;235
"LVB";"M";"29";"DEP";"D";2021-09;711
"LVB";"A";"19";"DEP";"D";2017;1919
"LVB";"M";"974";"DEP";"D";2021-03;1217
"LVB";"M";"19";"DEP";"D";2023-11;135
"LVB";"A";"21";"DEP";"D";2020;5165
"LVB_CUMR";"A";"71";"DEP";"D";2016;451
"LVB";"M";"84";"DEP";"D";2022-12;499
"LVB";"A";"01";"DEP";"D";2016;7099
"LVB";"M";"972";"DEP";"PROV";2025-05;240
"LVB";"M";"94";"DEP";"D";2023-06;1484
"LVB";"M";"37";"DEP";"D";2022-09;484
"LVB";"M";"2B";"DEP";"PROV";2025-10;88
"LVB_CUMR";"A";"15";"DEP";"D";2017;78
"LVB_CUMR";"A";"09";"DEP";"D";2020;115
"LVB";"M";"84";"DEP";"PROV";2025-05;398
"LVB_MEAN1";"M";"F";"FRANCE";"D";2021-11;2108
"LVB";"M";"29";"DEP";"D";2023-04;579
"LVB";"M";"68";"DEP";"D";2022-09;607
"LVB";"M";"21";"DEP";"D";2021-09;455
"LVB_CUMR";"A";"04";"DEP";"D";2017;116
"LVB";"M";"09";"DEP";"PROV";2025-02;92
"LVB";"M";"42";"DEP";"D";2021-01;589
"LVB";"M";"15";"DEP";"D";2024-03;65
"LVB";"M";"82";"DEP";"D";2022-06;188
"LVB";"M";"973";"DEP";"PROV";2025-01;550
"LVB";"M";"80";"DEP";"D";2024-04;424
"LVB_CUMR";"A";"29";"DEP";"D";2021;591
"LVB";"M";"71";"DEP";"D";2021-02;324
"LVB";"M";"91";"DEP";"PROV";2025-02;1280
"LVB";"A";"24";"DEP";"D";2019;2972
"LVB";"M";"06";"DEP";"PROV";2025-01;929
"LVB";"M";"41";"DEP";"D";2021-06;226
"LVB_CUMR";"A";"08";"DEP";"D";2016;247
"LVB";"M";"976";"DEP";"D";2024-05;909
"LVB";"M";"28";"DEP";"D";2023-07;397
"LVB";"A";"82";"DEP";"D";2017;2678
"LVB";"M";"19";"DEP";"D";2021-03;135
"LVB";"M";"71";"DEP";"D";2023-11;359
"LVB";"M";"25";"DEP";"D";2022-01;469
"LVB";"M";"99";"OTHER";"PROV";2025-07;106
"LVB_CUMR";"A";"971";"DEP";"D";2019;396
"LVB";"M";"30";"DEP";"D";2022-11;623
"LVB";"M";"10";"DEP";"PROV";2025-08;243
"LVB_CUMR";"A";"18";"DEP";"D";2022;252
"LVB";"A";"03";"DEP";"D";2018;2742
"LVB";"M";"80";"DEP";"D";2024-03;382
"LVB";"M";"38";"DEP";"D";2023-01;1068
"LVB";"A";"73";"DEP";"D";2020;4273
"LVB";"M";"2B";"DEP";"D";2022-12;131
"LVB";"M";"973";"DEP";"D";2022-04;581
"LVB";"A";"21";"DEP";"D";2022;4878
"LVB";"M";"93";"DEP";"D";2022-02;2026
"LVB";"M";"16";"DEP";"D";2021-10;274
"LVB";"M";"37";"DEP";"D";2021-12;503
"LVB";"M";"2A";"DEP";"PROV";2025-08;94
"LVB";"M";"04";"DEP";"D";2021-07;103
"LVB_CUMR";"A";"81";"DEP";"D";2020;278
"LVB";"M";"68";"DEP";"D";2022-04;570
"LVB";"M";"21";"DEP";"PROV";2025-05;355
"LVB";"M";"F";"FRANCE";"D";2021-01;53993
"LVB";"A";"03";"DEP";"D";2019;2777
"LVB";"A";"12";"DEP";"D";2019;2175
"LVB";"M";"18";"DEP";"D";2024-12;194
"LVB";"M";"13";"DEP";"D";2022-04;1908
"LVB";"M";"42";"DEP";"D";2022-07;740
"LVB";"M";"68";"DEP";"D";2024-02;527
"LVB_CUMR";"A";"92";"DEP";"PROV";2026;1590
"LVB";"M";"2A";"DEP";"D";2023-02;106
"LVB";"M";"19";"DEP";"PROV";2025-06;146
"LVB_MEAN1";"M";"F";"FRANCE";"PROV";2025-03;1729
"LVB_CUMR";"A";"02";"DEP";"D";2024;384
"LVB";"M";"81";"DEP";"D";2022-07;309
"LVB";"M";"14";"DEP";"D";2021-03;572
"LVB";"M";"67";"DEP";"PROV";2025-05;811
"LVB";"A";"39";"DEP";"D";2018;2294
"LVB";"M";"41";"DEP";"D";2022-10;247
"LVB";"M";"29";"DEP";"PROV";2025-02;567
"LVB";"M";"974";"DEP";"D";2023-08;1094
"LVB";"M";"19";"DEP";"D";2023-02;157
"LVB_CUMR";"A";"08";"DEP";"D";2021;167
"LVB";"M";"03";"DEP";"D";2021-09;263
"LVB";"M";"18";"DEP";"D";2023-12;178
"LVB";"M";"81";"DEP";"D";2021-12;286
"LVB";"M";"27";"DEP";"D";2023-11;483
"LVB";"M";"67";"DEP";"D";2022-09;950
"LVB";"A";"40";"DEP";"PROV";2025;2999
"LVB_CUMR";"A";"971";"DEP";"D";2022;381
"LVB_CUMR";"A";"2A";"DEP";"D";2021;97
"LVB";"A";"976";"DEP";"PROV";2025;9074
"LVB";"M";"25";"DEP";"D";2024-05;408
"LVB";"A";"82";"DEP";"D";2024;2222
"LVB";"M";"01";"DEP";"D";2021-01;546
"LVB";"M";"12";"DEP";"D";2023-05;170
"LVB";"M";"13";"DEP";"D";2023-11;1921
"LVB";"M";"42";"DEP";"D";2022-10;627
"LVB";"M";"67";"DEP";"PROV";2025-08;930
"LVB";"A";"26";"DEP";"D";2024;4722
"LVB";"M";"99";"OTHER";"D";2021-09;111
"LVB";"M";"22";"DEP";"D";2021-10;509
"LVB";"M";"92";"DEP";"D";2021-12;1861
"LVB";"M";"80";"DEP";"PROV";2025-06;388
"LVB";"M";"05";"DEP";"D";2023-03;91
"LVB";"M";"18";"DEP";"D";2021-12;221
"LVB";"A";"21";"DEP";"D";2024;4333
"LVB";"M";"39";"DEP";"D";2024-07;178
"LVB";"M";"2A";"DEP";"D";2023-08;100
"LVB";"M";"72";"DEP";"D";2024-11;410
"LVB";"M";"09";"DEP";"D";2023-08;95
"LVB";"M";"973";"DEP";"D";2023-02;606
"LVB";"M";"971";"DEP";"D";2021-12;422
"LVB";"M";"25";"DEP";"D";2023-01;435
"LVB";"M";"02";"DEP";"D";2024-11;381
"LVB";"A";"17";"DEP";"D";2024;4619
"LVB_CUMR";"A";"84";"DEP";"D";2016;558
"LVB";"M";"37";"DEP";"PROV";2025-10;459
"LVB";"M";"27";"DEP";"PROV";2025-02;348
"LVB";"A";"2A";"DEP";"D";2024;1152
"LVB_MEAN1";"M";"F";"FRANCE";"D";2022-04;1922
"LVB";"M";"70";"DEP";"D";2022-02;149
"LVB";"M";"11";"DEP";"D";2021-01;238
"LVB";"M";"21";"DEP";"D";2023-05;376
"LVB";"M";"80";"DEP";"D";2023-02;347
"LVB";"M";"04";"DEP";"D";2023-04;94
"LVB";"M";"13";"DEP";"PROV";2025-09;1852
"LVB_CUMR";"A";"39";"DEP";"D";2020;207
"LVB";"M";"29";"DEP";"D";2021-07;731
"LVB";"A";"F";"FRANCE";"D";2018;758590
"LVB";"M";"91";"DEP";"D";2024-02;1376
"LVB";"M";"69";"DEP";"D";2023-12;1739
"LVB_CUMR";"A";"2A";"DEP";"D";2023;106
"LVB";"M";"21";"DEP";"D";2024-10;347
"LVB";"M";"84";"DEP";"D";2022-03;516
"LVB";"M";"07";"DEP";"D";2023-06;219
"LVB";"M";"03";"DEP";"D";2024-01;202
"LVB";"M";"973";"DEP";"D";2021-03;581
"LVB";"M";"16";"DEP";"D";2024-12;214
"LVB";"M";"38";"DEP";"PROV";2025-10;986
"LVB";"M";"70";"DEP";"D";2024-05;157
"LVB";"M";"29";"DEP";"D";2022-11;627
"LVB";"M";"22";"DEP";"D";2024-05;400
"LVB";"M";"80";"DEP";"D";2023-08;432
"LVB";"M";"94";"DEP";"D";2021-04;1603
"LVB";"M";"12";"DEP";"D";2021-03;179
"LVB";"M";"72";"DEP";"PROV";2025-07;445
"LVB";"M";"03";"DEP";"D";2024-11;190
"LVB";"M";"972";"DEP";"D";2023-08;268
"LVB_CUMR";"A";"37";"DEP";"D";2018;468
"LVB";"M";"18";"DEP";"PROV";2025-11;190
"LVB";"M";"26";"DEP";"PROV";2025-02;356
"LVB";"M";"24";"DEP";"D";2022-04;233
"LVB";"A";"80";"DEP";"D";2022;5579
"LVB";"M";"68";"DEP";"PROV";2025-06;530
"LVB";"M";"01";"DEP";"D";2021-04;556
"LVB";"M";"15";"DEP";"D";2024-11;61
"LVB";"M";"40";"DEP";"D";2024-07;280
"LVB_CUMR";"A";"07";"DEP";"D";2021;222
"LVB";"M";"976";"DEP";"D";2021-12;793
"LVB";"M";"94";"DEP";"D";2021-09;1648
"LVB";"A";"83";"DEP";"D";2018;10267
"LVB";"M";"22";"DEP";"D";2023-02;397
"LVB";"M";"27";"DEP";"D";2024-02;432
"LVB";"M";"67";"DEP";"D";2022-01;1000
"LVB";"M";"01";"DEP";"D";2022-07;554
"LVB";"M";"40";"DEP";"D";2022-03;299
"LVB";"A";"11";"DEP";"PROV";2025;2688
"LVB_MEAN1";"M";"F";"FRANCE";"PROV";2025-11;1712
"LVB";"M";"16";"DEP";"PROV";2025-02;199
"LVB";"M";"28";"DEP";"PROV";2025-03;321
"LVB";"M";"84";"DEP";"D";2022-05;458
"LVB_CUMR";"A";"93";"DEP";"D";2016;2414
"LVB";"A";"25";"DEP";"D";2017;6123
"LVB";"M";"71";"DEP";"D";2023-06;371
"LVB";"A";"02";"DEP";"D";2017;5890
"LVB";"M";"42";"DEP";"D";2022-02;631
"LVB";"M";"973";"DEP";"PROV";2025-12;574
"LVB";"M";"2B";"DEP";"D";2022-06;109
"LVB_CUMR";"A";"84";"DEP";"D";2020;564
"LVB";"M";"21";"DEP";"D";2024-03;355
"LVB";"M";"11";"DEP";"PROV";2025-01;242
"LVB";"M";"14";"DEP";"D";2021-04;544
"LVB";"M";"68";"DEP";"D";2021-03;584
"LVB";"M";"04";"DEP";"D";2023-07;110
"LVB";"M";"974";"DEP";"D";2023-06;1130
"LVB";"M";"37";"DEP";"D";2024-06;418
"LVB";"M";"27";"DEP";"D";2023-04;451
"LVB";"M";"95";"DEP";"D";2023-01;1442
"LVB";"M";"36";"DEP";"D";2023-10;125
"LVB_CUMR";"A";"27";"DEP";"D";2020;522
"LVB";"M";"84";"DEP";"PROV";2025-02;398
"LVB_CUMR";"A";"24";"DEP";"D";2016;262
"LVB";"A";"13";"DEP";"D";2016;25834
"LVB";"M";"79";"DEP";"D";2024-04;233
"LVB";"A";"973";"DEP";"D";2020;7992
"LVB";"M";"01";"DEP";"D";2023-09;537
"LVB";"M";"72";"DEP";"D";2021-08;534
"LVB";"M";"15";"DEP";"D";2021-10;107
"LVB_CUMR";"A";"38";"DEP";"PROV";2025;1037
"LVB";"M";"2B";"DEP";"D";2021-10;122
"LVB";"M";"80";"DEP";"D";2023-03;432
"LVB";"M";"22";"DEP";"D";2021-04;426
"LVB";"M";"93";"DEP";"PROV";2025-09;2053
"LVB";"M";"06";"DEP";"D";2022-04;870
"LVB";"M";"08";"DEP";"D";2024-08;171
"LVB";"M";"F";"FRANCE";"D";2021-07;66027
"LVB";"M";"70";"DEP";"D";2023-10;131
"LVB_CUMR";"A";"30";"DEP";"D";2016;680
"LVB";"M";"13";"DEP";"D";2023-03;1908
"LVB";"M";"40";"DEP";"PROV";2025-08;266
"LVB";"M";"82";"DEP";"D";2022-11;215
"LVB";"A";"21";"DEP";"D";2018;5191
"LVB";"M";"06";"DEP";"PROV";2025-04;782
"LVB";"M";"27";"DEP";"D";2021-07;562
"LVB";"M";"69";"DEP";"D";2024-04;1762
"LVB_CUMR";"A";"976";"DEP";"D";2016;771
"LVB";"M";"07";"DEP";"D";2022-05;246
"LVB";"M";"15";"DEP";"D";2024-10;79
"LVB";"M";"42";"DEP";"D";2021-07;676
"LVB";"M";"81";"DEP";"PROV";2025-12;256
"LVB";"M";"93";"DEP";"D";2024-10;2186
"LVB_CUMR";"A";"19";"DEP";"D";2023;140
"LVB";"A";"2A";"DEP";"D";2018;1374
"LVB";"M";"F";"FRANCE";"D";2024-01;56215
"LVB";"M";"03";"DEP";"D";2021-05;203
"LVB";"M";"17";"DEP";"D";2021-06;431
"LVB";"A";"10";"DEP";"D";2021;3005
"LVB";"M";"68";"DEP";"D";2024-04;512
"LVB_CUMR";"A";"39";"DEP";"D";2016;210
"LVB";"M";"14";"DEP";"D";2022-05;565
"LVB";"M";"79";"DEP";"PROV";2025-05;231
"LVB";"M";"26";"DEP";"D";2024-11;345
"LVB";"M";"04";"DEP";"D";2021-11;146
"LVB";"M";"92";"DEP";"D";2023-10;1687
"LVB_MEAN1";"M";"F";"FRANCE";"D";2022-08;2067
"LVB";"M";"28";"DEP";"PROV";2025-01;353
"LVB";"M";"25";"DEP";"D";2021-09;479
"LVB";"M";"39";"DEP";"PROV";2025-09;174
"LVB";"M";"07";"DEP";"D";2023-05;203
"LVB";"M";"69";"DEP";"D";2021-10;2221
"LVB";"M";"81";"DEP";"PROV";2025-07;258
"LVB";"M";"01";"DEP";"D";2021-09;647
"LVB";"M";"976";"DEP";"D";2023-02;838
"LVB";"M";"38";"DEP";"PROV";2025-11;955
"LVB";"M";"29";"DEP";"D";2024-06;585
"LVB";"M";"94";"DEP";"PROV";2025-05;1472
"LVB";"M";"16";"DEP";"D";2021-11;256
"LVB";"M";"70";"DEP";"D";2023-11;154
"LVB";"M";"21";"DEP";"PROV";2025-12;345
"LVB";"M";"10";"DEP";"D";2023-12;225
"LVB";"M";"25";"DEP";"D";2022-05;457
"LVB";"M";"80";"DEP";"D";2024-06;409
"LVB";"M";"973";"DEP";"D";2021-04;576
"LVB";"M";"04";"DEP";"D";2022-02;100
"LVB";"M";"2B";"DEP";"PROV";2025-12;113
"LVB";"M";"39";"DEP";"D";2022-10;184
"LVB_CUMR";"A";"972";"DEP";"D";2018;349
"LVB";"M";"01";"DEP";"D";2024-08;497
"LVB";"M";"25";"DEP";"D";2023-10;436
"LVB";"M";"07";"DEP";"D";2024-10;193
"LVB";"M";"80";"DEP";"D";2021-12;462
"LVB";"M";"F";"FRANCE";"PROV";2026-01;54280
"LVB";"M";"2A";"DEP";"D";2022-11;96
"LVB_CUMR";"A";"40";"DEP";"D";2020;260
"LVB";"M";"16";"DEP";"PROV";2025-09;227
"LVB";"M";"68";"DEP";"PROV";2025-03;505
"LVB";"M";"971";"DEP";"D";2021-01;338
"LVB";"M";"03";"DEP";"D";2023-09;213
"LVB_CUMR";"A";"19";"DEP";"D";2022;173
"LVB";"M";"2B";"DEP";"D";2021-06;98
"LVB";"M";"99";"OTHER";"D";2021-08;131
"LVB";"M";"80";"DEP";"D";2021-03;404
"LVB_CUMR";"A";"08";"DEP";"D";2022;204
"LVB_CUMR";"A";"80";"DEP";"D";2016;554
"LVB";"M";"37";"DEP";"D";2021-06;479
"LVB";"M";"95";"DEP";"D";2022-03;1604
"LVB";"M";"02";"DEP";"PROV";2025-03;388
"LVB";"M";"976";"DEP";"D";2024-06;828
"LVB";"A";"24";"DEP";"D";2017;3175
"LVB";"A";"2B";"DEP";"D";2024;1325
"LVB";"M";"14";"DEP";"PROV";2025-01;474
"LVB";"M";"94";"DEP";"D";2024-06;1415
"LVB_CUMR";"A";"83";"DEP";"D";2022;866
"LVB_CUMR";"A";"41";"DEP";"D";2021;244
"LVB";"M";"07";"DEP";"D";2023-02;214
"LVB";"A";"71";"DEP";"PROV";2025;4041
"LVB";"M";"99";"OTHER";"D";2024-10;99
"LVB_CUMR";"A";"2B";"DEP";"D";2022;120
"LVB";"M";"24";"DEP";"D";2021-12;270
"LVB";"M";"01";"DEP";"D";2023-03;512
"LVB";"M";"72";"DEP";"PROV";2025-12;415
"LVB";"A";"40";"DEP";"D";2021;3494
"LVB";"M";"79";"DEP";"D";2023-10;257
"LVB";"M";"18";"DEP";"D";2021-08;230
"LVB_CUMR";"A";"94";"DEP";"PROV";2026;1448
"LVB";"M";"974";"DEP";"D";2022-11;995
"LVB";"M";"11";"DEP";"D";2021-10;282
"LVB";"M";"24";"DEP";"PROV";2025-03;217
"LVB";"M";"28";"DEP";"D";2021-11;377
"LVB";"A";"39";"DEP";"D";2016;2540
"LVB_CUMR";"A";"03";"DEP";"D";2023;215
"LVB";"M";"79";"DEP";"PROV";2025-06;240
"LVB";"M";"972";"DEP";"D";2023-03;275
"LVB";"M";"16";"DEP";"PROV";2025-07;260
"LVB";"M";"22";"DEP";"D";2023-01;390
"LVB";"M";"09";"DEP";"D";2023-11;104
"LVB_CUMR";"A";"25";"DEP";"PROV";2026;369
"LVB";"M";"72";"DEP";"D";2023-05;459
"LVB";"M";"27";"DEP";"D";2021-01;471
"LVB_MEAN1";"M";"F";"FRANCE";"D";2024-03;1766
"LVB_CUMR";"A";"03";"DEP";"D";2016;273
"LVB";"M";"37";"DEP";"PROV";2025-01;460
"LVB";"A";"92";"DEP";"D";2023;19609
"LVB_CUMR";"A";"84";"DEP";"D";2017;562
"LVB";"M";"26";"DEP";"PROV";2025-06;353
"LVB";"M";"18";"DEP";"D";2021-04;244
"LVB";"M";"25";"DEP";"D";2022-12;422
"LVB";"M";"974";"DEP";"PROV";2025-11;850
"LVB";"M";"12";"DEP";"D";2023-01;156
"LVB";"A";"70";"DEP";"D";2023;1781
"LVB";"M";"06";"DEP";"D";2022-02;860
"LVB_CUMR";"A";"38";"DEP";"D";2024;1038
"LVB";"A";"976";"DEP";"D";2024;8908
"LVB";"M";"84";"DEP";"D";2023-05;440
"LVB";"M";"94";"DEP";"PROV";2025-06;1393
"LVB";"M";"2B";"DEP";"PROV";2025-07;135
"LVB";"M";"17";"DEP";"D";2024-02;386
"LVB_CUMR";"A";"15";"DEP";"PROV";2026;74
"LVB_CUMR";"A";"23";"DEP";"D";2023;54
"LVB";"A";"04";"DEP";"D";2022;1373
"LVB";"M";"10";"DEP";"D";2023-09;234
"LVB_CUMR";"A";"36";"DEP";"PROV";2025;137
"LVB";"M";"69";"DEP";"PROV";2025-07;1848
"LVB";"M";"83";"DEP";"D";2024-02;750
"LVB";"M";"17";"DEP";"D";2024-07;406
"LVB_CUMR";"A";"28";"DEP";"D";2016;463
"LVB";"M";"25";"DEP";"D";2024-12;427
"LVB_MEAN1";"M";"F";"FRANCE";"D";2022-05;2002
"LVB";"M";"92";"DEP";"PROV";2025-12;1661
"LVB";"M";"37";"DEP";"D";2022-12;491
"LVB_CUMR";"A";"11";"DEP";"D";2018;271
"LVB";"M";"974";"DEP";"D";2024-09;932
"LVB";"M";"30";"DEP";"D";2022-08;650
"LVB_CUMR";"A";"80";"DEP";"D";2019;470
"LVB";"M";"01";"DEP";"D";2024-03;507
"LVB";"M";"95";"DEP";"PROV";2025-12;1455
"LVB";"M";"36";"DEP";"D";2024-11;120
"LVB_CUMR";"A";"25";"DEP";"D";2019;531
"LVB";"A";"13";"DEP";"D";2024;22488
"LVB";"M";"71";"DEP";"D";2021-12;396
"LVB";"M";"09";"DEP";"D";2022-02;95
"LVB";"M";"974";"DEP";"D";2021-12;1180
"LVB";"M";"91";"DEP";"D";2024-01;1501
"LVB";"M";"40";"DEP";"D";2023-05;245
"LVB";"M";"29";"DEP";"D";2024-11;575
"LVB";"M";"22";"DEP";"PROV";2025-12;342
"LVB";"M";"17";"DEP";"D";2021-02;344
"LVB";"M";"38";"DEP";"D";2022-05;1131
"LVB";"M";"08";"DEP";"D";2022-05;210
"LVB";"M";"67";"DEP";"D";2022-04;893
"LVB";"M";"02";"DEP";"PROV";2025-09;362
"LVB";"M";"80";"DEP";"D";2021-09;454
"LVB";"M";"94";"DEP";"D";2022-10;1642
"LVB";"M";"F";"FRANCE";"D";2023-01;56829
"LVB";"A";"22";"DEP";"D";2022;4991
"LVB";"M";"41";"DEP";"PROV";2025-01;224
"LVB";"M";"15";"DEP";"D";2023-01;68
"LVB_CUMR";"A";"28";"DEP";"D";2022;397
"LVB_CUMR";"A";"11";"DEP";"D";2020;244
"LVB";"M";"94";"DEP";"PROV";2025-02;1300
"LVB";"M";"21";"DEP";"PROV";2026-01;342
"LVB";"M";"14";"DEP";"D";2021-02;453
"LVB_CUMR";"A";"67";"DEP";"D";2021;830
"LVB";"M";"06";"DEP";"D";2021-01;828
"LVB_MEAN1";"M";"F";"FRANCE";"D";2024-01;1813
"LVB";"M";"39";"DEP";"D";2023-08;181
"LVB";"A";"2B";"DEP";"D";2021;1421
"LVB";"A";"82";"DEP";"D";2021;2660
"LVB";"M";"12";"DEP";"D";2023-10;157
"LVB";"M";"94";"DEP";"D";2024-11;1435
"LVB";"M";"17";"DEP";"D";2021-12;463
"LVB";"M";"19";"DEP";"D";2022-01;173
"LVB";"A";"03";"DEP";"D";2020;2594
"LVB";"M";"39";"DEP";"D";2023-01;182
"LVB_CUMR";"A";"27";"DEP";"D";2016;600
"LVB";"A";"974";"DEP";"D";2024;11818
"LVB";"M";"70";"DEP";"D";2024-01;183
"LVB";"M";"81";"DEP";"PROV";2025-05;238
"LVB";"M";"12";"DEP";"D";2022-08;171
"LVB";"M";"93";"DEP";"D";2024-12;2027
"LVB";"A";"25";"DEP";"D";2024;4976
"LVB";"A";"18";"DEP";"D";2022;2669
"LVB";"A";"05";"DEP";"D";2020;1157
"LVB";"M";"976";"DEP";"D";2021-01;581
"LVB_CUMR";"A";"29";"DEP";"PROV";2026;636
"LVB";"M";"27";"DEP";"D";2021-06;518
"LVB";"M";"37";"DEP";"D";2021-10;573
"LVB";"M";"2A";"DEP";"D";2022-07;149
"LVB";"M";"95";"DEP";"D";2021-12;1693
"LVB";"M";"10";"DEP";"D";2021-12;252
"LVB";"M";"80";"DEP";"PROV";2025-11;412
"LVB";"A";"25";"DEP";"D";2018;5992
"LVB";"M";"71";"DEP";"D";2024-01;354
"LVB";"A";"15";"DEP";"D";2024;929
"LVB_MEAN1";"M";"F";"FRANCE";"PROV";2025-06;1809
"LVB";"M";"10";"DEP";"D";2024-01;221
"LVB_CUMR";"A";"05";"DEP";"D";2022;92
"LVB";"M";"28";"DEP";"D";2024-04;313
"LVB";"M";"38";"DEP";"D";2023-11;1031
"LVB";"M";"92";"DEP";"PROV";2026-01;1590
"LVB";"M";"19";"DEP";"PROV";2025-11;138
"LVB";"M";"16";"DEP";"D";2024-10;221
"LVB_CUMR";"A";"85";"DEP";"D";2019;545
"LVB";"M";"972";"DEP";"PROV";2025-03;200
"LVB";"M";"11";"DEP";"D";2023-06;260
"LVB";"M";"70";"DEP";"PROV";2025-10;130
"LVB";"M";"29";"DEP";"D";2023-12;531
"LVB";"M";"02";"DEP";"D";2021-01;378
"LVB";"A";"38";"DEP";"D";2019;13925
"LVB";"A";"91";"DEP";"PROV";2025;16262
"LVB";"M";"18";"DEP";"PROV";2025-06;184
"LVB";"M";"26";"DEP";"D";2021-12;481
"LVB";"A";"82";"DEP";"D";2023;2312
"LVB";"M";"974";"DEP";"D";2022-04;1160
"LVB";"M";"93";"DEP";"PROV";2025-10;2035
"LVB";"M";"11";"DEP";"D";2021-02;174
"LVB";"M";"2B";"DEP";"D";2021-05;105
"LVB";"M";"70";"DEP";"D";2022-10;148
"LVB";"M";"01";"DEP";"D";2023-12;498
"LVB";"M";"40";"DEP";"D";2023-10;302
"LVB";"M";"976";"DEP";"D";2023-07;902
"LVB_CUMR";"A";"18";"DEP";"D";2023;181
"LVB";"M";"24";"DEP";"PROV";2025-04;211
"LVB";"M";"92";"DEP";"D";2021-10;1894
"LVB";"M";"27";"DEP";"PROV";2025-12;433
"LVB";"M";"81";"DEP";"PROV";2025-09;238
"LVB";"M";"10";"DEP";"PROV";2025-10;224
"LVB";"A";"03";"DEP";"D";2016;3008
"LVB";"M";"972";"DEP";"PROV";2026-01;256
"LVB";"M";"70";"DEP";"D";2021-10;211
"LVB";"M";"93";"DEP";"D";2024-05;2137
"LVB";"A";"28";"DEP";"D";2021;4498
"LVB";"M";"40";"DEP";"D";2021-01;267
"LVB";"M";"14";"DEP";"PROV";2025-10;506
"LVB";"M";"82";"DEP";"D";2022-01;237
"LVB";"M";"24";"DEP";"D";2023-12;223
"LVB";"A";"08";"DEP";"PROV";2025;2003
"LVB_MEAN1";"M";"F";"FRANCE";"D";2021-06;2029
"LVB";"M";"03";"DEP";"D";2023-07;216
"LVB";"M";"23";"DEP";"D";2022-04;53
"LVB";"A";"69";"DEP";"D";2020;24241
"LVB";"M";"91";"DEP";"PROV";2025-01;1415
"LVB";"M";"84";"DEP";"D";2023-03;436
"LVB";"M";"18";"DEP";"D";2024-05;185
"LVB";"A";"28";"DEP";"D";2017;4781
"LVB";"A";"10";"DEP";"D";2018;3154
"LVB_MEAN1";"M";"F";"FRANCE";"PROV";2025-02;1760
"LVB_CUMR";"A";"71";"DEP";"D";2018;454
"LVB";"M";"03";"DEP";"PROV";2025-07;230
"LVB";"M";"971";"DEP";"PROV";2025-03;256
"LVB";"A";"39";"DEP";"PROV";2025;2014
"LVB";"M";"16";"DEP";"D";2024-05;229
"LVB";"M";"79";"DEP";"D";2023-02;233
"LVB";"A";"26";"DEP";"D";2019;5476
"LVB";"M";"27";"DEP";"D";2023-03;471
"LVB";"M";"08";"DEP";"D";2021-09;227
"LVB";"M";"973";"DEP";"PROV";2025-08;524
"LVB";"M";"971";"DEP";"D";2023-01;373
"LVB";"M";"67";"DEP";"D";2023-12;833
"LVB";"M";"05";"DEP";"PROV";2025-01;96
"LVB";"M";"83";"DEP";"D";2023-03;782
"LVB";"M";"17";"DEP";"D";2022-07;468
"LVB";"M";"24";"DEP";"PROV";2025-10;220
"LVB";"M";"F";"FRANCE";"D";2023-11;56391
"LVB";"M";"08";"DEP";"D";2023-02;182
"LVB";"M";"29";"DEP";"D";2024-04;593
"LVB";"M";"95";"DEP";"D";2023-02;1368
"LVB";"M";"04";"DEP";"PROV";2026-01;90
"LVB_CUMR";"A";"84";"DEP";"D";2021;455
"LVB";"M";"72";"DEP";"PROV";2025-02;388
"LVB";"M";"15";"DEP";"D";2023-09;78
"LVB";"M";"23";"DEP";"D";2024-09;55
"LVB";"A";"39";"DEP";"D";2020;2244
"LVB_CUMR";"A";"973";"DEP";"PROV";2025;550
"LVB";"M";"15";"DEP";"D";2022-01;75
"LVB";"A";"10";"DEP";"D";2024;2594
"LVB";"M";"92";"DEP";"D";2024-04;1655
"LVB";"M";"2B";"DEP";"D";2023-12;96
"LVB";"M";"01";"DEP";"D";2022-12;574
"LVB";"A";"80";"DEP";"D";2016;6126
"LVB";"A";"70";"DEP";"D";2017;2200
"LVB_MEAN1";"M";"F";"FRANCE";"D";2023-07;1911
"LVB";"M";"37";"DEP";"D";2023-06;504
"LVB";"M";"19";"DEP";"D";2024-05;131
"LVB";"M";"15";"DEP";"D";2024-06;77
"LVB_CUMR";"A";"12";"DEP";"D";2020;210
"LVB";"M";"72";"DEP";"D";2023-11;419
"LVB";"M";"84";"DEP";"D";2021-08;533
"LVB_CUMR";"A";"971";"DEP";"D";2018;378
"LVB";"M";"27";"DEP";"D";2022-06;495
"LVB";"M";"40";"DEP";"D";2022-06;290
"LVB";"M";"09";"DEP";"D";2021-05;91
"LVB";"A";"976";"DEP";"D";2017;9762
"LVB";"A";"22";"DEP";"D";2023;4609
"LVB";"A";"02";"DEP";"D";2016;5825
"LVB";"M";"68";"DEP";"D";2022-12;596
"LVB";"M";"82";"DEP";"D";2023-05;160
"LVB";"M";"2B";"DEP";"D";2022-03;110
"LVB";"A";"93";"DEP";"D";2016;29065
"LVB";"A";"2B";"DEP";"D";2022;1416
"LVB";"M";"10";"DEP";"D";2023-10;225
"LVB";"A";"973";"DEP";"D";2017;8057
"LVB";"M";"16";"DEP";"PROV";2025-11;191
"LVB";"M";"04";"DEP";"D";2022-07;132
"LVB_CUMR";"A";"971";"DEP";"PROV";2025;274
"LVB";"M";"22";"DEP";"PROV";2025-02;335
"LVB";"M";"41";"DEP";"D";2024-05;225
"LVB";"M";"39";"DEP";"PROV";2026-01;191
"LVB";"M";"70";"DEP";"D";2023-12;145
"LVB";"A";"28";"DEP";"D";2024;3990
"LVB";"M";"82";"DEP";"D";2021-01;196
"LVB";"M";"08";"DEP";"D";2024-03;202
"LVB";"M";"973";"DEP";"D";2022-08;652
"LVB_CUMR";"A";"16";"DEP";"D";2018;246
"LVB_CUMR";"A";"06";"DEP";"D";2019;977
"LVB";"A";"972";"DEP";"D";2016;3782
"LVB";"M";"71";"DEP";"PROV";2025-02;289
"LVB";"M";"2A";"DEP";"PROV";2026-01;88
"LVB";"M";"25";"DEP";"D";2021-02;393
"LVB";"M";"38";"DEP";"PROV";2025-06;1025
"LVB";"M";"93";"DEP";"D";2022-05;2243
"LVB";"A";"13";"DEP";"D";2020;24670
"LVB";"M";"18";"DEP";"D";2022-04;225
"LVB";"M";"02";"DEP";"D";2022-04;400
"LVB";"M";"976";"DEP";"D";2022-12;790
"LVB";"M";"08";"DEP";"D";2021-08;207
"LVB";"M";"23";"DEP";"D";2023-06;76
"LVB";"M";"971";"DEP";"PROV";2025-09;323
"LVB";"M";"80";"DEP";"D";2022-12;469
"LVB_CUMR";"A";"27";"DEP";"D";2023;480
"LVB";"M";"36";"DEP";"D";2024-01;132
"LVB";"M";"16";"DEP";"PROV";2026-01;205
"LVB";"M";"69";"DEP";"D";2024-08;1856
"LVB";"M";"974";"DEP";"D";2024-08;930
"LVB";"M";"01";"DEP";"PROV";2025-06;513
"LVB";"M";"08";"DEP";"D";2023-03;206
"LVB";"M";"973";"DEP";"D";2024-03;582
"LVB_CUMR";"A";"2A";"DEP";"D";2017;128
"LVB";"M";"38";"DEP";"D";2024-03;1017
"LVB";"M";"92";"DEP";"D";2023-06;1715
"LVB";"M";"84";"DEP";"D";2024-01;470
"LVB";"M";"21";"DEP";"D";2021-07;447
"LVB";"M";"39";"DEP";"D";2024-06;152
"LVB";"M";"10";"DEP";"PROV";2025-07;241
"LVB";"M";"04";"DEP";"D";2021-08;139
"LVB";"M";"2B";"DEP";"PROV";2025-02;89
"LVB_MEAN1";"M";"F";"FRANCE";"D";2023-06;1908
"LVB";"M";"72";"DEP";"D";2021-05;468
"LVB";"M";"14";"DEP";"PROV";2025-05;516
"LVB";"A";"971";"DEP";"D";2019;4601
"LVB";"A";"81";"DEP";"D";2020;3213
"LVB";"A";"23";"DEP";"D";2024;713
"LVB";"M";"11";"DEP";"D";2024-02;219
"LVB";"A";"41";"DEP";"D";2022;3006
"LVB_CUMR";"A";"06";"DEP";"D";2022;902
"LVB_CUMR";"A";"974";"DEP";"D";2018;1098
"LVB_CUMR";"A";"30";"DEP";"D";2022;643
"LVB";"M";"15";"DEP";"D";2021-07;93
"LVB_CUMR";"A";"93";"DEP";"D";2023;2130
"LVB_CUMR";"A";"99";"OTHER";"PROV";2025;89
"LVB";"M";"22";"DEP";"D";2024-12;371
"LVB";"M";"21";"DEP";"D";2024-01;368
"LVB";"A";"07";"DEP";"D";2016;2875
"LVB";"M";"07";"DEP";"D";2022-06;234
"LVB";"M";"37";"DEP";"PROV";2025-05;414
"LVB";"M";"79";"DEP";"PROV";2025-04;225
"LVB";"M";"30";"DEP";"D";2022-03;608
"LVB";"A";"67";"DEP";"D";2023;10699
"LVB";"M";"17";"DEP";"D";2023-02;351
"LVB";"M";"973";"DEP";"D";2023-09;639
"LVB";"M";"F";"FRANCE";"D";2023-03;56416
"LVB";"A";"972";"DEP";"D";2018;3670
"LVB";"M";"03";"DEP";"PROV";2025-02;168
"LVB";"M";"24";"DEP";"PROV";2025-08;230
"LVB";"M";"10";"DEP";"D";2024-06;192
"LVB";"M";"41";"DEP";"D";2022-06;262
"LVB";"M";"13";"DEP";"D";2024-10;1921
"LVB";"M";"27";"DEP";"D";2021-05;522
"LVB";"M";"71";"DEP";"D";2022-11;356
"LVB";"M";"05";"DEP";"D";2024-02;78
"LVB";"M";"82";"DEP";"D";2022-12;207
"LVB";"M";"974";"DEP";"D";2024-11;931
"LVB";"M";"92";"DEP";"D";2023-08;1627
"LVB";"M";"22";"DEP";"D";2024-06;356
"LVB";"M";"14";"DEP";"D";2022-02;497
"LVB";"M";"11";"DEP";"PROV";2025-07;237
"LVB";"M";"28";"DEP";"D";2023-12;334
"LVB";"M";"68";"DEP";"D";2021-06;622
"LVB";"M";"81";"DEP";"PROV";2025-03;250
"LVB";"M";"01";"DEP";"PROV";2025-01;505
"LVB";"M";"976";"DEP";"D";2022-11;809
"LVB";"M";"971";"DEP";"D";2021-10;439
"LVB";"M";"2B";"DEP";"D";2024-02;104
"LVB";"M";"19";"DEP";"D";2022-05;154
"LVB";"M";"41";"DEP";"D";2023-05;241
"LVB";"M";"12";"DEP";"D";2023-11;155
"LVB";"M";"17";"DEP";"D";2024-11;377
"LVB";"A";"71";"DEP";"D";2016;5097
"LVB";"A";"82";"DEP";"D";2018;2550
"LVB_MEAN1";"M";"F";"FRANCE";"D";2023-08;1899
"LVB";"M";"01";"DEP";"D";2022-11;585
"LVB";"A";"95";"DEP";"D";2024;17445
"LVB";"M";"2A";"DEP";"D";2023-06;86
"LVB";"M";"69";"DEP";"D";2023-05;1861
"LVB";"A";"12";"DEP";"D";2018;2247
"LVB";"A";"17";"DEP";"D";2021;5207
"LVB";"M";"36";"DEP";"PROV";2025-05;113
"LVB";"M";"81";"DEP";"PROV";2025-01;263
"LVB";"M";"972";"DEP";"D";2024-05;241
"LVB";"M";"93";"DEP";"D";2024-04;1918
"LVB";"M";"03";"DEP";"D";2023-01;215
"LVB";"A";"23";"DEP";"D";2016;822
"LVB";"M";"68";"DEP";"PROV";2025-04;539
"LVB";"M";"2B";"DEP";"D";2023-07;131
"LVB";"M";"09";"DEP";"D";2024-03;95
"LVB_CUMR";"A";"F";"FRANCE";"PROV";2025;54850
"LVB";"M";"80";"DEP";"D";2022-04;433
"LVB";"M";"19";"DEP";"D";2021-09;148
"LVB";"M";"01";"DEP";"D";2023-07;585
"LVB_CUMR";"A";"971";"DEP";"D";2020;423
"LVB";"M";"72";"DEP";"D";2021-03;481
"LVB";"M";"41";"DEP";"D";2024-07;216
"LVB";"M";"976";"DEP";"D";2024-07;749
"LVB";"M";"79";"DEP";"D";2021-11;270
"LVB";"M";"11";"DEP";"D";2022-01;296
"LVB";"M";"25";"DEP";"D";2022-04;443
"LVB";"A";"27";"DEP";"D";2023;5689
"LVB";"M";"13";"DEP";"D";2022-12;2006
"LVB";"M";"06";"DEP";"D";2024-12;837
"LVB";"M";"92";"DEP";"D";2024-08;1683
"LVB";"M";"71";"DEP";"D";2024-12;329
"LVB_CUMR";"A";"82";"DEP";"D";2022;237
"LVB";"M";"95";"DEP";"D";2021-11;1619
"LVB";"M";"07";"DEP";"D";2022-12;229
"LVB_CUMR";"A";"F";"FRANCE";"D";2021;53993
"LVB";"M";"40";"DEP";"PROV";2025-06;261
"LVB";"M";"17";"DEP";"PROV";2025-10;399
"LVB";"A";"03";"DEP";"PROV";2025;2338
"LVB";"M";"27";"DEP";"D";2024-04;436
"LVB";"M";"68";"DEP";"D";2021-11;643
"LVB";"M";"24";"DEP";"D";2021-09;254
"LVB";"M";"972";"DEP";"D";2023-01;319
"LVB";"M";"09";"DEP";"D";2024-06;79
"LVB";"M";"974";"DEP";"D";2024-01;1035
"LVB";"M";"36";"DEP";"D";2024-09;117
"LVB";"M";"07";"DEP";"D";2024-06;217
"LVB";"M";"81";"DEP";"D";2022-10;274
"LVB";"M";"17";"DEP";"D";2023-05;382
"LVB";"M";"03";"DEP";"D";2021-02;210
"LVB";"M";"67";"DEP";"D";2021-10;1053
"LVB";"M";"99";"OTHER";"PROV";2025-01;89
"LVB";"M";"92";"DEP";"D";2021-09;1757
"LVB";"A";"2B";"DEP";"D";2017;1590
"LVB";"M";"25";"DEP";"D";2021-01;418
"LVB";"M";"10";"DEP";"D";2021-09;284
"LVB";"M";"05";"DEP";"D";2023-04;83
"LVB_CUMR";"A";"14";"DEP";"D";2019;567
"LVB_CUMR";"A";"99";"OTHER";"D";2021;62
"LVB";"A";"70";"DEP";"D";2022;1913
"LVB";"M";"92";"DEP";"D";2023-12;1602
"LVB";"M";"82";"DEP";"D";2023-04;183
"LVB";"M";"40";"DEP";"D";2024-12;257
"LVB";"M";"2A";"DEP";"PROV";2025-02;87
"LVB";"A";"23";"DEP";"D";2021;788
"LVB";"M";"10";"DEP";"PROV";2025-11;216
"LVB";"M";"22";"DEP";"PROV";2025-03;364
"LVB";"M";"22";"DEP";"PROV";2025-05;386
"LVB_CUMR";"A";"03";"DEP";"D";2022;253
"LVB";"M";"15";"DEP";"D";2024-04;102
"LVB";"M";"972";"DEP";"D";2023-07;265
"LVB_CUMR";"A";"95";"DEP";"PROV";2026;1445
"LVB";"M";"09";"DEP";"D";2023-09;93
"LVB";"M";"71";"DEP";"D";2023-09;366
"LVB_CUMR";"A";"41";"DEP";"D";2019;246
"LVB_CUMR";"A";"29";"DEP";"D";2022;652
"LVB_CUMR";"A";"22";"DEP";"PROV";2026;370
"LVB";"A";"03";"DEP";"D";2022;2618
"LVB";"M";"18";"DEP";"PROV";2025-05;169
"LVB";"M";"973";"DEP";"D";2023-03;632
"LVB";"M";"95";"DEP";"D";2022-10;1614
"LVB";"A";"73";"DEP";"D";2017;4476
"LVB";"A";"39";"DEP";"D";2023;2083
"LVB_CUMR";"A";"09";"DEP";"D";2016;100
"LVB";"M";"80";"DEP";"D";2024-07;454
"LVB";"M";"19";"DEP";"PROV";2025-02;124
"LVB_CUMR";"A";"19";"DEP";"D";2021;136
"LVB";"M";"06";"DEP";"D";2023-01;954
"LVB";"M";"28";"DEP";"PROV";2025-09;350
"LVB";"M";"971";"DEP";"D";2022-03;334
"LVB";"A";"40";"DEP";"D";2024;3085
"LVB";"M";"72";"DEP";"D";2024-01;455
"LVB";"M";"973";"DEP";"PROV";2025-07;534
"LVB";"A";"21";"DEP";"D";2017;5394
"LVB";"M";"11";"DEP";"D";2023-10;263
"LVB";"M";"14";"DEP";"D";2021-06;521
"LVB";"M";"03";"DEP";"PROV";2026-01;193
"LVB";"M";"28";"DEP";"D";2021-12;416
"LVB";"M";"94";"DEP";"D";2021-01;1369
"LVB";"M";"15";"DEP";"D";2023-10;64
"LVB";"M";"39";"DEP";"D";2023-07;190
"LVB";"M";"02";"DEP";"PROV";2025-07;402
"LVB";"A";"68";"DEP";"D";2022;7236
"LVB";"M";"974";"DEP";"D";2022-09;1040
"LVB_CUMR";"A";"12";"DEP";"D";2018;182
"LVB";"A";"83";"DEP";"D";2017;10504
"LVB";"M";"21";"DEP";"PROV";2025-10;368
"LVB";"M";"93";"DEP";"D";2024-07;2101
"LVB";"M";"18";"DEP";"PROV";2025-07;206
"LVB";"M";"06";"DEP";"D";2024-09;846
"LVB_CUMR";"A";"29";"DEP";"D";2024;619
"LVB_CUMR";"A";"69";"DEP";"D";2019;2230
"LVB";"M";"F";"FRANCE";"D";2021-03;61431
"LVB_CUMR";"A";"08";"DEP";"PROV";2026;195
"LVB";"M";"25";"DEP";"D";2023-11;420
"LVB";"M";"37";"DEP";"D";2021-01;431
"LVB";"M";"971";"DEP";"D";2023-05;337
"LVB";"M";"21";"DEP";"D";2021-02;323
"LVB";"M";"19";"DEP";"D";2021-11;161
"LVB_CUMR";"A";"02";"DEP";"PROV";2025;410
"LVB";"M";"68";"DEP";"D";2023-06;583
"LVB";"M";"29";"DEP";"D";2021-12;674
"LVB";"M";"39";"DEP";"D";2023-04;152
"LVB";"M";"24";"DEP";"PROV";2025-09;233
"LVB";"M";"F";"FRANCE";"D";2021-10;67160
"LVB";"M";"81";"DEP";"D";2024-10;234
"LVB";"M";"71";"DEP";"D";2022-05;384
"LVB";"M";"17";"DEP";"D";2021-03;402
"LVB";"M";"06";"DEP";"D";2023-06;922
"LVB_CUMR";"A";"09";"DEP";"D";2018;109
"LVB";"M";"972";"DEP";"D";2021-12;336
"LVB";"A";"13";"DEP";"D";2023;22876
"LVB_CUMR";"A";"28";"DEP";"PROV";2025;353
"LVB";"M";"24";"DEP";"D";2021-06;254
"LVB";"M";"36";"DEP";"PROV";2025-04;107
"LVB";"M";"F";"FRANCE";"PROV";2025-06;54263
"LVB";"M";"70";"DEP";"D";2022-12;160
"LVB";"M";"28";"DEP";"D";2023-03;360
"LVB";"M";"14";"DEP";"D";2023-05;505
"LVB";"M";"11";"DEP";"D";2023-03;263
"LVB";"M";"971";"DEP";"D";2021-07;348
"LVB_CUMR";"A";"02";"DEP";"D";2017;484
"LVB_CUMR";"A";"41";"DEP";"D";2018;247
"LVB";"M";"81";"DEP";"D";2022-06;266
"LVB";"M";"976";"DEP";"D";2023-04;1041
"LVB";"A";"17";"DEP";"D";2019;5149
"LVB";"M";"68";"DEP";"D";2024-03;606
"LVB";"M";"29";"DEP";"D";2022-07;724
"LVB";"M";"07";"DEP";"D";2021-01;222
"LVB";"M";"25";"DEP";"D";2023-05;424
"LVB";"M";"03";"DEP";"D";2024-04;208
"LVB";"A";"41";"DEP";"D";2016;3200
"LVB";"M";"94";"DEP";"D";2021-11;1703
"LVB_CUMR";"A";"2A";"DEP";"PROV";2026;88
"LVB";"M";"99";"OTHER";"D";2023-04;84
"LVB";"M";"18";"DEP";"PROV";2025-02;188
"LVB";"M";"71";"DEP";"PROV";2025-04;357
"LVB";"M";"18";"DEP";"D";2022-05;210
"LVB";"M";"09";"DEP";"D";2022-05;106
"LVB";"M";"01";"DEP";"D";2022-08;629
"LVB";"M";"22";"DEP";"D";2022-03;409
"LVB";"M";"2A";"DEP";"D";2023-05;115
"LVB";"M";"36";"DEP";"PROV";2025-12;122
"LVB";"M";"974";"DEP";"D";2024-04;1056
"LVB";"M";"16";"DEP";"D";2022-12;247
"LVB_CUMR";"A";"93";"DEP";"D";2024;2162
"LVB_CUMR";"A";"71";"DEP";"D";2022;400
"LVB";"M";"81";"DEP";"D";2023-05;266
"LVB";"M";"26";"DEP";"D";2022-12;427
"LVB_CUMR";"A";"05";"DEP";"D";2019;95
"LVB_CUMR";"A";"09";"DEP";"D";2019;110
"LVB";"M";"42";"DEP";"D";2021-05;646
"LVB";"M";"25";"DEP";"PROV";2025-04;372
"LVB";"M";"974";"DEP";"PROV";2025-06;986
"LVB";"M";"17";"DEP";"PROV";2025-12;361
"LVB";"A";"71";"DEP";"D";2024;4094
"LVB";"M";"28";"DEP";"D";2021-09;370
"LVB";"A";"972";"DEP";"D";2021;3627
"LVB";"A";"23";"DEP";"D";2019;772
"LVB";"A";"95";"DEP";"D";2020;19012
"LVB";"M";"972";"DEP";"PROV";2025-06;229
"LVB";"M";"09";"DEP";"PROV";2026-01;84
"LVB";"M";"29";"DEP";"D";2022-10;698
"LVB";"M";"03";"DEP";"D";2021-01;212
"LVB";"M";"13";"DEP";"PROV";2025-05;1722
"LVB_CUMR";"A";"72";"DEP";"PROV";2026;415
"LVB";"A";"42";"DEP";"D";2020;8050
"LVB";"A";"95";"DEP";"D";2018;19507
"LVB";"M";"19";"DEP";"D";2024-06;112
"LVB";"M";"02";"DEP";"D";2024-03;403
"LVB";"M";"26";"DEP";"D";2023-05;426
"LVB";"M";"99";"OTHER";"D";2024-09;86
"LVB";"M";"70";"DEP";"D";2021-08;166
"LVB";"M";"12";"DEP";"D";2021-10;212
"LVB";"M";"15";"DEP";"PROV";2025-01;80
"LVB";"M";"95";"DEP";"D";2022-08;1647
"LVB";"M";"37";"DEP";"PROV";2025-04;439
"LVB";"M";"01";"DEP";"D";2021-06;542
"LVB";"M";"972";"DEP";"D";2024-11;259
"LVB";"M";"19";"DEP";"D";2023-12;137
"LVB_CUMR";"A";"68";"DEP";"D";2022;614
"LVB";"A";"11";"DEP";"D";2018;3228
"LVB_CUMR";"A";"28";"DEP";"D";2024;348
"LVB";"M";"13";"DEP";"D";2022-01;2027
"LVB";"M";"94";"DEP";"D";2021-02;1405
"LVB";"M";"F";"FRANCE";"PROV";2025-10;55228
"LVB";"M";"06";"DEP";"PROV";2025-05;790
"LVB_CUMR";"A";"70";"DEP";"D";2017;162
"LVB_MEAN1";"M";"F";"FRANCE";"D";2021-04;2012
"LVB";"M";"12";"DEP";"D";2021-06;166
"LVB";"M";"38";"DEP";"D";2022-06;1195
"LVB";"M";"29";"DEP";"D";2021-10;667
"LVB";"M";"16";"DEP";"D";2022-03;252
"LVB";"M";"68";"DEP";"D";2022-02;571
"LVB_MEAN1";"M";"F";"FRANCE";"PROV";2025-07;1847
"LVB";"M";"01";"DEP";"D";2022-03;570
"LVB";"M";"27";"DEP";"D";2024-05;479
"LVB";"M";"37";"DEP";"D";2023-03;446
"LVB";"M";"07";"DEP";"D";2021-04;239
"LVB_MEAN1";"M";"F";"FRANCE";"D";2022-06;2053
"LVB";"M";"68";"DEP";"D";2022-06;610
"LVB";"M";"16";"DEP";"D";2022-07;289
"LVB";"M";"03";"DEP";"PROV";2025-06;201
"LVB";"M";"26";"DEP";"D";2023-02;368
"LVB_CUMR";"A";"973";"DEP";"D";2020;683
"LVB";"M";"08";"DEP";"D";2022-02;199
"LVB";"M";"38";"DEP";"D";2021-03;1072
"LVB";"M";"72";"DEP";"D";2023-10;439
"LVB_CUMR";"A";"03";"DEP";"D";2018;236
"LVB";"M";"30";"DEP";"D";2022-05;621
"LVB_CUMR";"A";"F";"FRANCE";"D";2022;60445
"LVB";"M";"41";"DEP";"D";2024-09;250
"LVB";"M";"09";"DEP";"D";2024-08;103
"LVB";"M";"72";"DEP";"D";2021-12;502
"LVB";"M";"973";"DEP";"D";2021-12;765
"LVB";"A";"69";"DEP";"D";2021;24009
"LVB";"M";"26";"DEP";"D";2022-07;498
"LVB";"M";"39";"DEP";"D";2022-01;174
"LVB";"A";"974";"DEP";"D";2023;12876
"LVB";"M";"70";"DEP";"PROV";2025-08;127
"LVB";"M";"28";"DEP";"PROV";2025-11;315
"LVB_MEAN1";"M";"F";"FRANCE";"D";2022-02;2003
"LVB";"A";"31";"DEP";"PROV";2025;14227
"LVB_CUMR";"A";"36";"DEP";"D";2016;121
"LVB";"M";"51";"DEP";"D";2024-03;426
"LVB";"M";"33";"DEP";"D";2022-10;1403
"LVB_CUMR";"A";"34";"DEP";"D";2021;886
"LVB";"M";"89";"DEP";"PROV";2025-02;192
"LVB";"M";"53";"DEP";"D";2021-05;233
"LVB";"M";"94";"REG";"D";2021-03;197
"LVB_CUMR";"A";"32";"DEP";"PROV";2025;107
"LVB";"A";"51";"DEP";"D";2020;5843
"LVB_CUMR";"A";"87";"DEP";"D";2021;215
"LVB";"M";"33";"DEP";"D";2022-11;1377
"LVB";"M";"93";"REG";"PROV";2025-05;3806
"LVB";"M";"49";"DEP";"D";2021-10;761
"LVB";"M";"89";"DEP";"D";2023-01;260
"LVB";"M";"85";"DEP";"D";2024-09;422
"LVB";"M";"33";"DEP";"PROV";2025-10;1219
"LVB";"A";"52";"DEP";"D";2020;1381
"LVB";"M";"53";"REG";"D";2024-09;2328
"LVB";"M";"32";"REG";"D";2023-07;5339
"LVB";"M";"34";"DEP";"D";2024-05;944
"LVB";"M";"88";"DEP";"PROV";2025-11;177
"LVB";"M";"63";"DEP";"D";2024-05;450
"LVB";"M";"44";"REG";"PROV";2025-09;3708
"LVB";"M";"52";"DEP";"D";2022-05;123
"LVB";"M";"93";"REG";"D";2021-11;4791
"LVB";"M";"88";"DEP";"PROV";2025-08;226
"LVB";"A";"35";"DEP";"D";2019;11639
"LVB";"M";"76";"DEP";"PROV";2025-11;1000
"LVB";"M";"48";"DEP";"D";2023-08;46
"LVB";"A";"61";"DEP";"D";2016;2643
"LVB";"M";"94";"REG";"D";2022-01;234
"LVB";"M";"44";"REG";"PROV";2025-08;4094
"LVB";"M";"45";"DEP";"D";2024-02;553
"LVB";"M";"90";"DEP";"D";2021-09;104
"LVB";"A";"52";"DEP";"D";2017;1550
"LVB";"A";"31";"DEP";"D";2016;16049
"LVB";"M";"27";"REG";"D";2021-12;2180
"LVB";"M";"79";"DEP";"D";2021-02;207
"LVB";"M";"66";"DEP";"PROV";2025-10;308
"LVB";"M";"33";"DEP";"D";2022-06;1428
"LVB";"M";"90";"DEP";"D";2022-09;98
"LVB";"M";"53";"DEP";"D";2024-02;255
"LVB";"M";"27";"REG";"D";2023-05;1953
"LVB";"M";"75";"REG";"D";2024-01;4183
"LVB";"M";"44";"DEP";"D";2022-12;1291
"LVB";"M";"73";"DEP";"D";2024-06;297
"LVB";"A";"64";"DEP";"D";2020;5950
"LVB";"M";"35";"DEP";"PROV";2025-05;911
"LVB";"M";"90";"DEP";"D";2023-03;83
"LVB";"M";"28";"REG";"D";2023-03;2505
"LVB_CUMR";"A";"47";"DEP";"D";2021;221
"LVB";"M";"84";"REG";"D";2024-03;6343
"LVB";"M";"51";"DEP";"D";2023-04;409
"LVB";"A";"65";"DEP";"D";2016;1913
"LVB";"M";"73";"DEP";"D";2021-05;352
"LVB_CUMR";"A";"33";"DEP";"D";2023;1273
"LVB";"M";"88";"DEP";"D";2023-03;224
"LVB_CUMR";"A";"27";"REG";"PROV";2025;1908
"LVB";"M";"44";"DEP";"D";2022-10;1378
"LVB";"M";"52";"DEP";"D";2021-02;106
"LVB_CUMR";"A";"93";"REG";"D";2017;4765
"LVB_CUMR";"A";"53";"REG";"D";2017;2713
"LVB";"M";"34";"DEP";"D";2022-03;998
"LVB";"M";"24";"REG";"D";2021-12;2239
"LVB";"M";"65";"DEP";"D";2022-10;161
"LVB";"M";"06";"REG";"D";2021-04;1127
"LVB";"M";"76";"DEP";"PROV";2025-04;940
"LVB";"M";"42";"DEP";"PROV";2025-10;592
"LVB_CUMR";"A";"88";"DEP";"D";2024;227
"LVB";"A";"33";"DEP";"D";2022;16997
"LVB_CUMR";"A";"44";"DEP";"D";2024;1228
"LVB";"M";"49";"DEP";"D";2023-03;672
"LVB";"M";"94";"REG";"D";2022-08;221
"LVB";"M";"06";"REG";"PROV";2025-03;1007
"LVB";"A";"27";"REG";"D";2019;26114
"LVB";"M";"63";"DEP";"D";2024-04;427
"LVB";"M";"73";"DEP";"PROV";2025-03;320
"LVB";"M";"52";"REG";"D";2023-07;3139
"LVB";"M";"88";"DEP";"D";2024-11;206
"LVB";"A";"27";"REG";"D";2017;27409
"LVB";"M";"04";"REG";"PROV";2025-01;997
"LVB_CUMR";"A";"45";"DEP";"D";2017;621
"LVB";"M";"93";"REG";"PROV";2025-02;3726
"LVB";"M";"75";"DEP";"PROV";2025-06;1860
"LVB";"M";"53";"DEP";"D";2023-10;227
"LVB";"M";"31";"DEP";"D";2023-08;1263
"LVB";"M";"64";"DEP";"D";2022-07;532
"LVB";"M";"84";"REG";"D";2024-05;6596
"LVB";"A";"45";"DEP";"D";2023;6974
"LVB_CUMR";"A";"24";"REG";"PROV";2026;1979
"LVB";"M";"06";"REG";"D";2021-12;793
"LVB";"M";"31";"DEP";"D";2022-12;1308
"LVB";"M";"53";"DEP";"D";2022-10;244
"LVB_CUMR";"A";"88";"DEP";"PROV";2026;229
"LVB";"M";"84";"REG";"D";2022-06;7283
"LVB";"M";"74";"DEP";"D";2023-11;772
"LVB";"M";"48";"DEP";"D";2022-07;54
"LVB";"M";"24";"REG";"D";2022-09;2090
"LVB";"M";"04";"REG";"D";2021-10;1114
"LVB";"M";"53";"DEP";"D";2022-12;247
"LVB_CUMR";"A";"62";"DEP";"D";2018;1360
"LVB";"A";"43";"DEP";"D";2017;2000
"LVB";"M";"79";"DEP";"D";2021-10;304
"LVB";"M";"53";"REG";"D";2023-07;2590
"LVB";"A";"90";"DEP";"D";2021;1320
"LVB";"M";"33";"DEP";"D";2021-02;1169
"LVB";"A";"89";"DEP";"D";2022;2990
"LVB";"M";"27";"REG";"D";2024-06;1793
"LVB";"M";"49";"DEP";"PROV";2025-12;644
"LVB";"M";"63";"DEP";"PROV";2025-11;425
"LVB";"M";"03";"REG";"D";2024-06;530
"LVB";"M";"76";"DEP";"D";2023-04;984
"LVB";"A";"93";"REG";"D";2019;56289
"LVB";"M";"47";"DEP";"D";2024-04;189
"LVB";"M";"24";"REG";"PROV";2025-06;1867
"LVB";"M";"35";"DEP";"D";2021-03;965
"LVB";"A";"89";"DEP";"D";2016;3403
"LVB_CUMR";"A";"99";"OTHER";"PROV";2026;75
"LVB";"A";"51";"DEP";"D";2022;5790
"LVB";"M";"62";"DEP";"D";2023-11;1208
"LVB";"M";"74";"DEP";"D";2023-12;760
"LVB";"M";"93";"REG";"D";2024-10;4313
"LVB";"M";"04";"REG";"D";2022-11;995
"LVB_CUMR";"A";"44";"DEP";"D";2020;1434
"LVB";"M";"43";"DEP";"PROV";2025-12;125
"LVB";"M";"27";"REG";"D";2023-04;1791
"LVB";"M";"75";"DEP";"D";2021-10;2366
"LVB_CUMR";"A";"33";"DEP";"PROV";2026;1233
"LVB";"M";"53";"DEP";"PROV";2025-04;211
"LVB";"M";"62";"DEP";"D";2022-02;1170
"LVB_CUMR";"A";"89";"DEP";"D";2022;249
"LVB";"M";"50";"DEP";"D";2024-09;300
"LVB";"A";"94";"REG";"D";2016;2913
"LVB";"M";"11";"REG";"D";2021-01;11717
"LVB_CUMR";"A";"46";"DEP";"D";2022;99
"LVB_CUMR";"A";"28";"REG";"D";2020;2747
"LVB";"M";"75";"DEP";"D";2024-09;1803
"LVB_CUMR";"A";"66";"DEP";"D";2019;376
"LVB";"M";"32";"DEP";"D";2022-01;139
"LVB";"M";"45";"DEP";"PROV";2025-01;537
"LVB";"M";"51";"DEP";"PROV";2025-12;427
"LVB";"A";"87";"DEP";"D";2016;3420
"LVB";"M";"01";"REG";"D";2022-06;325
"LVB";"M";"32";"REG";"D";2023-09;4796
"LVB";"M";"73";"DEP";"D";2023-11;292
"LVB_CUMR";"A";"75";"REG";"D";2019;4539
"LVB";"A";"65";"DEP";"PROV";2025;1596
"LVB_CUMR";"A";"51";"DEP";"D";2024;435
"LVB";"A";"06";"REG";"D";2016;9496
"LVB";"A";"63";"DEP";"D";2019;6424
"LVB";"A";"85";"DEP";"D";2024;5143
"LVB";"M";"46";"DEP";"D";2022-08;121
"LVB";"M";"33";"DEP";"D";2021-06;1425
"LVB";"M";"94";"REG";"PROV";2025-11;189
"LVB";"M";"77";"DEP";"D";2022-05;1543
"LVB_CUMR";"A";"27";"REG";"D";2016;2406
"LVB";"M";"06";"REG";"D";2021-10;793
"LVB";"M";"51";"DEP";"D";2023-10;430
"LVB";"M";"46";"DEP";"PROV";2025-10;88
"LVB";"M";"89";"DEP";"D";2023-07;220
"LVB";"M";"75";"REG";"PROV";2025-03;3816
"LVB";"A";"50";"DEP";"D";2024;3948
"LVB";"M";"75";"DEP";"D";2023-03;1767
"LVB";"M";"32";"REG";"D";2024-07;5055
"LVB";"M";"64";"DEP";"D";2021-07;533
"LVB";"M";"30";"DEP";"PROV";2025-06;525
"LVB";"M";"88";"DEP";"D";2024-09;210
"LVB";"M";"11";"REG";"D";2023-01;12858
"LVB";"M";"53";"DEP";"D";2023-07;269
"LVB";"M";"75";"REG";"PROV";2025-02;3651
"LVB";"M";"43";"DEP";"D";2024-05;141
"LVB";"M";"74";"DEP";"D";2024-03;727
"LVB";"M";"33";"DEP";"D";2024-07;1324
"LVB";"M";"11";"REG";"D";2023-10;13172
"LVB";"M";"62";"DEP";"PROV";2025-08;1190
"LVB";"M";"27";"REG";"D";2023-07;2002
"LVB";"M";"86";"DEP";"D";2024-04;307
"LVB";"M";"11";"REG";"PROV";2025-10;12639
"LVB";"M";"51";"DEP";"PROV";2025-04;421
"LVB";"A";"04";"REG";"D";2016;13742
"LVB";"M";"94";"REG";"D";2022-10;226
"LVB";"M";"78";"DEP";"D";2022-06;1556
"LVB_CUMR";"A";"03";"REG";"D";2021;619
"LVB";"M";"34";"DEP";"D";2021-04;1032
"LVB";"M";"47";"DEP";"D";2021-11;262
"LVB";"M";"43";"DEP";"PROV";2025-04;138
"LVB";"A";"90";"DEP";"D";2022;1349
"LVB_CUMR";"A";"64";"DEP";"D";2017;488
"LVB";"A";"44";"REG";"PROV";2025;44936
"LVB";"M";"93";"REG";"D";2023-09;4288
"LVB_CUMR";"A";"06";"REG";"PROV";2025;637
"LVB";"A";"49";"DEP";"D";2020;8384
"LVB";"M";"90";"DEP";"PROV";2025-11;105
"LVB";"M";"73";"DEP";"D";2021-07;371
"LVB";"M";"11";"REG";"D";2024-11;12512
"LVB";"M";"35";"DEP";"D";2022-08;992
"LVB";"M";"51";"DEP";"D";2023-07;456
"LVB";"M";"85";"DEP";"PROV";2025-06;422
"LVB";"A";"24";"REG";"D";2022;25384
"LVB";"M";"44";"DEP";"D";2022-02;1272
"LVB";"M";"64";"DEP";"D";2024-04;421
"LVB";"M";"94";"REG";"PROV";2026-01;186
"LVB";"M";"01";"REG";"D";2023-04;289
"LVB_CUMR";"A";"75";"DEP";"D";2024;1737
"LVB";"M";"11";"REG";"PROV";2025-05;12581
"LVB";"M";"34";"DEP";"D";2024-11;861
"LVB";"M";"51";"DEP";"D";2022-06;475
"LVB";"M";"88";"DEP";"D";2023-12;212
"LVB";"M";"43";"DEP";"D";2023-06;144
"LVB";"M";"73";"DEP";"D";2023-05;336
"LVB";"M";"32";"REG";"D";2021-02;4716
"LVB";"A";"93";"REG";"D";2020;54885
"LVB";"M";"63";"DEP";"D";2023-03;488
"LVB";"M";"46";"DEP";"D";2023-03;88
"LVB_CUMR";"A";"51";"DEP";"D";2019;522
"LVB";"M";"36";"DEP";"D";2023-03;142
"LVB";"M";"04";"REG";"D";2021-07;1108
"LVB";"M";"52";"DEP";"PROV";2025-12;103
"LVB";"M";"75";"DEP";"D";2023-05;1835
"LVB";"M";"90";"DEP";"D";2023-01;97
"LVB_CUMR";"A";"52";"REG";"D";2019;3334
"LVB_CUMR";"A";"93";"REG";"D";2020;4625
"LVB";"M";"62";"DEP";"D";2024-06;1056
"LVB";"M";"46";"DEP";"D";2022-11;99
"LVB";"M";"44";"REG";"D";2023-06;3976
"LVB";"A";"32";"DEP";"D";2018;1434
"LVB";"M";"75";"DEP";"PROV";2025-01;1843
"LVB";"M";"54";"DEP";"D";2022-04;481
"LVB_CUMR";"A";"91";"DEP";"D";2018;1469
"LVB";"M";"66";"DEP";"D";2023-08;399
"LVB";"M";"01";"REG";"D";2021-12;422
"LVB";"M";"76";"REG";"PROV";2025-03;4128
"LVB";"M";"32";"REG";"D";2022-01;5389
"LVB";"M";"43";"DEP";"D";2022-05;149
"LVB_CUMR";"A";"30";"DEP";"PROV";2025;535
"LVB";"M";"93";"REG";"D";2023-05;4172
"LVB";"A";"74";"DEP";"D";2024;8818
"LVB";"M";"61";"DEP";"PROV";2025-03;206
"LVB";"M";"48";"DEP";"PROV";2025-11;36
"LVB";"M";"02";"REG";"D";2022-12;288
"LVB";"M";"85";"DEP";"PROV";2025-08;447
"LVB";"M";"32";"DEP";"D";2024-09;113
"LVB";"M";"53";"REG";"PROV";2025-10;2401
"LVB";"M";"28";"REG";"D";2023-06;2681
"LVB";"M";"56";"DEP";"D";2021-08;615
"LVB";"M";"76";"DEP";"PROV";2025-09;922
"LVB";"M";"45";"DEP";"D";2023-02;553
"LVB";"M";"52";"REG";"D";2024-02;2852
"LVB";"M";"49";"DEP";"D";2024-06;606
"LVB";"M";"61";"DEP";"D";2022-07;207
"LVB";"M";"87";"DEP";"D";2023-04;268
"LVB";"M";"01";"REG";"D";2022-02;305
"LVB";"M";"35";"DEP";"D";2023-05;966
"LVB";"M";"57";"DEP";"D";2023-12;734
"LVB";"M";"93";"REG";"D";2024-11;4061
"LVB";"M";"73";"DEP";"D";2021-12;402
"LVB";"M";"04";"REG";"D";2024-01;1035
"LVB";"A";"45";"DEP";"D";2021;7517
"LVB";"M";"50";"DEP";"D";2024-11;360
"LVB";"M";"32";"REG";"D";2023-03;5108
"LVB";"A";"55";"DEP";"D";2017;1729
"LVB";"M";"04";"REG";"D";2023-12;1004
"LVB";"M";"91";"DEP";"D";2021-06;1566
"LVB";"M";"33";"DEP";"D";2024-04;1204
"LVB";"M";"75";"REG";"D";2022-01;4587
"LVB";"M";"75";"DEP";"PROV";2025-03;1658
"LVB";"M";"62";"DEP";"D";2021-09;1317
"LVB";"M";"43";"DEP";"D";2023-10;168
"LVB";"M";"28";"REG";"PROV";2025-12;2283
"LVB";"M";"91";"DEP";"D";2022-04;1448
"LVB";"M";"54";"DEP";"D";2024-06;455
"LVB";"M";"06";"REG";"D";2024-02;790
"LVB";"M";"32";"DEP";"D";2024-05;101
"LVB";"M";"57";"DEP";"PROV";2025-02;656
"LVB";"M";"53";"DEP";"D";2022-03;280
"LVB";"M";"75";"DEP";"D";2024-05;1859
"LVB";"M";"93";"REG";"D";2024-06;4000
"LVB";"M";"66";"DEP";"PROV";2025-06;295
"LVB";"M";"34";"DEP";"D";2021-07;1179
"LVB";"M";"87";"DEP";"D";2022-02;244
"LVB";"M";"44";"DEP";"D";2021-11;1406
"LVB";"M";"03";"REG";"PROV";2025-06;534
"LVB";"M";"28";"REG";"PROV";2026-01;2381
"LVB";"M";"93";"REG";"D";2023-11;4295
"LVB";"M";"73";"DEP";"PROV";2025-05;284
"LVB";"M";"58";"DEP";"D";2022-05;112
"LVB";"M";"50";"DEP";"D";2024-12;314
"LVB";"M";"61";"DEP";"D";2024-05;199
"LVB";"A";"32";"DEP";"PROV";2025;1178
"LVB";"M";"59";"DEP";"D";2024-11;2099
"LVB";"M";"86";"DEP";"D";2022-04;345
"LVB";"M";"06";"REG";"D";2024-07;749
"LVB";"M";"75";"REG";"PROV";2025-05;3911
"LVB";"M";"46";"DEP";"D";2023-02;86
"LVB";"M";"27";"REG";"D";2023-12;1899
"LVB";"A";"75";"DEP";"D";2020;26157
"LVB";"M";"01";"REG";"D";2021-03;354
"LVB_CUMR";"A";"53";"DEP";"PROV";2026;245
"LVB";"M";"76";"REG";"D";2023-09;4364
"LVB";"M";"33";"DEP";"PROV";2025-12;1220
"LVB";"M";"64";"DEP";"D";2024-08;467
"LVB";"M";"58";"DEP";"D";2024-10;102
"LVB";"M";"86";"DEP";"D";2022-05;336
"LVB";"M";"44";"DEP";"PROV";2025-01;1269
"LVB";"M";"78";"DEP";"D";2024-09;1424
"LVB";"A";"04";"REG";"D";2021;13470
"LVB";"M";"53";"DEP";"D";2023-08;246
"LVB";"M";"94";"REG";"D";2024-11;209
"LVB";"M";"58";"DEP";"D";2024-02;107
"LVB";"M";"32";"REG";"D";2024-09;5081
"LVB";"M";"49";"DEP";"D";2021-02;629
"LVB";"M";"35";"DEP";"D";2021-07;1037
"LVB_CUMR";"A";"66";"DEP";"D";2021;309
"LVB";"M";"90";"DEP";"D";2024-08;111
"LVB";"M";"75";"DEP";"D";2022-11;1875
"LVB";"M";"45";"DEP";"PROV";2025-07;559
"LVB";"A";"34";"DEP";"D";2020;12411
"LVB";"M";"52";"DEP";"D";2023-10;118
"LVB";"M";"75";"REG";"D";2023-03;4048
"LVB";"M";"59";"DEP";"D";2024-03;2179
"LVB";"M";"01";"REG";"D";2021-11;401
"LVB";"M";"32";"REG";"D";2022-10;5405
"LVB";"M";"61";"DEP";"D";2022-08;203
"LVB";"M";"32";"DEP";"D";2021-03;135
"LVB";"M";"56";"DEP";"D";2023-01;549
"LVB";"M";"86";"DEP";"PROV";2026-01;283
"LVB";"M";"74";"DEP";"D";2024-01;729
"LVB";"A";"44";"DEP";"D";2023;14973
"LVB";"M";"33";"DEP";"D";2021-04;1349
"LVB_CUMR";"A";"58";"DEP";"D";2020;136
"LVB";"A";"94";"REG";"PROV";2025;2294
"LVB";"M";"27";"REG";"D";2022-07;2259
"LVB";"M";"75";"REG";"D";2022-07;4880
"LVB";"M";"49";"DEP";"D";2023-04;644
"LVB";"M";"65";"DEP";"D";2022-01;184
"LVB";"M";"06";"REG";"D";2021-11;742
"LVB";"M";"87";"DEP";"D";2024-10;237
"LVB";"M";"48";"DEP";"PROV";2025-09;35
"LVB";"M";"45";"DEP";"D";2022-09;642
"LVB";"M";"75";"DEP";"PROV";2026-01;1725
"LVB";"M";"56";"DEP";"D";2024-03;499
"LVB";"M";"04";"REG";"D";2022-02;1043
"LVB";"M";"31";"DEP";"D";2024-09;1215
"LVB";"M";"66";"DEP";"D";2021-02;298
"LVB";"M";"24";"REG";"PROV";2025-03;1886
"LVB";"M";"57";"DEP";"D";2023-11;678
"LVB_CUMR";"A";"87";"DEP";"D";2022;291
"LVB";"M";"84";"REG";"D";2021-02;6176
"LVB";"M";"48";"DEP";"D";2021-09;57
"LVB";"A";"54";"DEP";"D";2016;7795
"LVB";"M";"86";"DEP";"D";2021-12;338
"LVB";"M";"76";"DEP";"D";2022-11;1074
"LVB";"M";"06";"REG";"PROV";2025-08;695
"LVB";"M";"31";"DEP";"D";2023-07;1194
"LVB";"M";"63";"DEP";"PROV";2025-12;441
"LVB_CUMR";"A";"24";"REG";"D";2016;2278
"LVB";"M";"51";"DEP";"PROV";2025-06;437
"LVB";"M";"94";"REG";"PROV";2025-12;213
"LVB";"A";"46";"DEP";"D";2021;1269
"LVB";"M";"51";"DEP";"D";2024-07;462
"LVB";"M";"36";"DEP";"D";2021-06;156
"LVB";"M";"60";"DEP";"D";2024-07;694
"LVB";"M";"99";"OTHER";"PROV";2025-12;78
"LVB";"M";"91";"DEP";"D";2022-10;1558
"LVB";"M";"74";"DEP";"PROV";2025-01;766
"LVB";"M";"94";"REG";"D";2024-03;206
"LVB";"M";"61";"DEP";"PROV";2025-05;167
"LVB";"M";"89";"DEP";"D";2024-01;229
"LVB_CUMR";"A";"76";"DEP";"D";2022;1181
"LVB";"M";"44";"REG";"D";2023-04;3833
"LVB";"A";"54";"DEP";"D";2023;5913
"LVB";"M";"11";"REG";"D";2023-08;13073
"LVB";"M";"48";"DEP";"D";2023-06;46
"LVB";"M";"36";"DEP";"D";2021-12;160
"LVB";"M";"64";"DEP";"D";2022-04;435
"LVB";"M";"53";"DEP";"D";2023-06;263
"LVB";"M";"93";"REG";"D";2024-03;4012
"LVB";"M";"59";"DEP";"D";2024-07;2329
"LVB";"M";"86";"DEP";"D";2021-04;302
"LVB_CUMR";"A";"46";"DEP";"PROV";2025;95
"LVB";"A";"28";"REG";"D";2021;33271
"LVB";"M";"73";"DEP";"D";2022-05;354
"LVB";"M";"06";"REG";"D";2021-06;985
"LVB";"M";"64";"DEP";"PROV";2025-05;441
"LVB";"M";"49";"DEP";"PROV";2025-01;695
"LVB";"M";"55";"DEP";"D";2024-06;101
"LVB_CUMR";"A";"33";"DEP";"D";2024;1320
"LVB_CUMR";"A";"32";"REG";"D";2018;5772
"LVB";"A";"84";"REG";"D";2023;78459
"LVB";"M";"02";"REG";"PROV";2025-09;278
"LVB";"M";"90";"DEP";"D";2021-04;109
"LVB_CUMR";"A";"65";"DEP";"D";2020;165
"LVB";"M";"47";"DEP";"D";2023-11;261
"LVB_CUMR";"A";"75";"DEP";"D";2017;2225
"LVB";"M";"86";"DEP";"D";2023-03;308
"LVB";"M";"49";"DEP";"D";2023-12;624
"LVB";"M";"57";"DEP";"D";2023-09;694
"LVB";"M";"30";"DEP";"PROV";2025-12;524
"LVB";"M";"24";"REG";"D";2024-05;1938
"LVB";"M";"02";"REG";"D";2024-04;218
"LVB_CUMR";"A";"53";"REG";"D";2021;2414
"LVB_CUMR";"A";"66";"DEP";"D";2020;384
"LVB";"M";"76";"DEP";"D";2024-08;1109
"LVB";"M";"90";"DEP";"D";2023-02;121
"LVB_CUMR";"A";"48";"DEP";"D";2018;37
"LVB";"A";"64";"DEP";"D";2022;5893
"LVB";"M";"78";"DEP";"PROV";2025-12;1480
"LVB";"M";"52";"DEP";"D";2024-08;97
"LVB";"M";"55";"DEP";"D";2023-08;130
"LVB";"A";"33";"DEP";"D";2023;15762
"LVB";"M";"24";"REG";"D";2021-07;2297
"LVB";"M";"03";"REG";"D";2023-06;638
"LVB";"M";"59";"DEP";"D";2022-11;2348
"LVB";"M";"84";"REG";"D";2021-08;7772
"LVB";"A";"63";"DEP";"D";2021;6346
"LVB";"M";"74";"DEP";"D";2024-04;697
"LVB";"A";"60";"DEP";"D";2023;8509
"LVB";"M";"44";"DEP";"D";2024-10;1268
"LVB";"M";"27";"REG";"D";2023-09;1952
"LVB";"A";"49";"DEP";"D";2024;7786
"LVB";"M";"02";"REG";"D";2022-06;252
"LVB";"M";"63";"DEP";"D";2024-03;450
"LVB";"M";"86";"DEP";"D";2022-03;325
"LVB";"M";"75";"REG";"D";2023-10;4353
"LVB_CUMR";"A";"32";"DEP";"D";2017;119
"LVB";"M";"75";"DEP";"D";2023-06;1863
"LVB";"A";"45";"DEP";"D";2019;7819
"LVB";"M";"53";"REG";"D";2022-12;2432
"LVB";"M";"55";"DEP";"D";2024-01;115
"LVB";"M";"04";"REG";"D";2022-08;1080
"LVB";"M";"52";"REG";"D";2023-09;2953
"LVB";"M";"66";"DEP";"D";2022-03;377
"LVB";"M";"52";"DEP";"PROV";2025-06;98
"LVB";"M";"30";"DEP";"PROV";2025-10;605
"LVB";"M";"88";"DEP";"D";2023-01;234
"LVB";"A";"47";"DEP";"D";2019;2984
"LVB";"M";"76";"DEP";"D";2021-02;915
"LVB";"M";"76";"REG";"D";2022-05;4892
"LVB";"M";"11";"REG";"D";2024-12;12598
"LVB";"M";"57";"DEP";"D";2024-11;696
"LVB_CUMR";"A";"77";"DEP";"D";2020;1489
"LVB";"M";"90";"DEP";"D";2023-06;88
"LVB_CUMR";"A";"44";"REG";"D";2024;3939
"LVB";"M";"52";"DEP";"D";2022-09;122
"LVB";"M";"65";"DEP";"D";2021-08;154
"LVB";"M";"44";"REG";"D";2023-07;4007
"LVB";"M";"31";"DEP";"D";2021-05;1352
"LVB";"M";"61";"DEP";"D";2023-05;206
"LVB";"M";"44";"DEP";"D";2024-08;1320
"LVB";"M";"56";"DEP";"D";2022-05;595
"LVB_CUMR";"A";"75";"REG";"D";2020;4453
"LVB";"M";"04";"REG";"D";2022-01;1112
"LVB";"M";"73";"DEP";"PROV";2025-12;305
"LVB";"M";"44";"REG";"D";2023-03;4006
"LVB";"A";"36";"DEP";"D";2020;1727
"LVB";"M";"86";"DEP";"D";2023-11;303
"LVB";"M";"51";"DEP";"D";2024-01;435
"LVB";"M";"47";"DEP";"D";2021-03;201
"LVB";"M";"64";"DEP";"D";2022-12;456
"LVB_CUMR";"A";"33";"DEP";"D";2018;1388
"LVB";"M";"66";"DEP";"D";2024-04;290
"LVB";"M";"55";"DEP";"D";2023-10;113
"LVB";"M";"76";"REG";"D";2023-05;4468
"LVB";"A";"76";"DEP";"PROV";2025;11781
"LVB";"M";"60";"DEP";"D";2021-10;894
"LVB";"M";"04";"REG";"D";2023-02;1006
"LVB";"M";"24";"REG";"PROV";2025-08;1881
"LVB";"M";"85";"DEP";"D";2023-12;447
"LVB";"M";"49";"DEP";"PROV";2025-04;633
"LVB";"M";"48";"DEP";"D";2021-10;53
"LVB";"M";"35";"DEP";"D";2022-09;924
"LVB";"M";"64";"DEP";"D";2022-05;496
"LVB";"M";"75";"REG";"PROV";2025-11;3789
"LVB";"M";"54";"DEP";"PROV";2025-08;512
"LVB";"M";"28";"REG";"D";2022-04;2527
"LVB";"M";"01";"REG";"D";2023-08;362
"LVB";"A";"79";"DEP";"D";2019;3347
"LVB";"M";"87";"DEP";"PROV";2025-06;243
"LVB_CUMR";"A";"42";"DEP";"PROV";2025;557
"LVB";"M";"31";"DEP";"D";2024-03;1200
"LVB";"M";"49";"DEP";"D";2022-04;655
"LVB_CUMR";"A";"01";"REG";"D";2023;373
"LVB";"M";"61";"DEP";"D";2023-09;194
"LVB";"M";"44";"REG";"D";2024-07;4141
"LVB";"M";"93";"REG";"D";2022-12;4406
"LVB";"A";"48";"DEP";"D";2019;578
"LVB";"M";"56";"DEP";"D";2021-11;542
"LVB";"M";"93";"REG";"D";2024-09;4191
"LVB";"M";"88";"DEP";"D";2023-02;213
"LVB";"M";"01";"REG";"PROV";2025-02;213
"LVB";"M";"32";"DEP";"D";2023-04;103
"LVB_CUMR";"A";"75";"DEP";"D";2023;1746
"LVB";"A";"49";"DEP";"D";2017;8984
"LVB";"M";"91";"DEP";"D";2022-07;1612
"LVB";"M";"27";"REG";"D";2021-03;2111
"LVB";"M";"64";"DEP";"D";2023-09;469
"LVB";"M";"66";"DEP";"D";2024-06;322
"LVB";"A";"46";"DEP";"D";2023;1089
"LVB";"M";"02";"REG";"D";2022-10;303
"LVB";"A";"52";"REG";"D";2023;36501
"LVB";"M";"93";"REG";"D";2022-04;4306
"LVB";"M";"44";"DEP";"D";2023-04;1174
"LVB";"M";"35";"DEP";"D";2023-07;970
"LVB";"M";"91";"DEP";"D";2021-11;1481
"LVB";"M";"60";"DEP";"D";2021-11;814
"LVB";"A";"52";"DEP";"PROV";2025;1242
"LVB";"M";"77";"DEP";"D";2022-10;1484
"LVB";"M";"62";"DEP";"D";2023-12;1279
"LVB";"A";"43";"DEP";"D";2019;1957
"LVB";"M";"24";"REG";"PROV";2025-02;1732
"LVB";"A";"06";"REG";"D";2024;8908
"LVB_CUMR";"A";"93";"REG";"D";2024;4247
"LVB";"M";"56";"DEP";"D";2023-09;481
"LVB";"M";"88";"DEP";"D";2023-10;220
"LVB";"M";"32";"DEP";"PROV";2025-07;104
"LVB";"M";"76";"DEP";"D";2022-02;1096
"LVB";"A";"02";"REG";"D";2023;3335
"LVB";"M";"49";"DEP";"D";2021-07;788
"LVB";"M";"64";"DEP";"PROV";2026-01;437
"LVB";"A";"76";"REG";"D";2023;52442
"LVB_CUMR";"A";"53";"REG";"D";2018;2634
"LVB";"M";"60";"DEP";"D";2021-05;764
"LVB";"M";"47";"DEP";"D";2024-12;204
"LVB";"M";"60";"DEP";"D";2021-04;737
"LVB";"M";"87";"DEP";"D";2024-05;245
"LVB";"M";"30";"DEP";"D";2024-01;504
"LVB";"M";"74";"DEP";"D";2024-06;757
"LVB_CUMR";"A";"03";"REG";"PROV";2026;529
"LVB";"M";"49";"DEP";"D";2023-05;686
"LVB";"M";"65";"DEP";"PROV";2025-02;108
"LVB";"M";"27";"REG";"PROV";2025-11;1796
"LVB";"M";"93";"REG";"PROV";2025-04;3903
"LVB_CUMR";"A";"48";"DEP";"D";2017;61
"LVB_CUMR";"A";"60";"DEP";"D";2024;748
"LVB";"M";"06";"REG";"D";2023-05;1061
"LVB";"M";"36";"DEP";"D";2022-02;120
"LVB";"M";"76";"DEP";"D";2021-11;1118
"LVB";"M";"85";"DEP";"D";2023-08;461
"LVB";"A";"61";"DEP";"D";2020;2324
"LVB";"M";"75";"DEP";"PROV";2025-10;1801
"LVB";"M";"32";"REG";"D";2023-11;5077
"LVB";"A";"75";"REG";"D";2022;53613
"LVB";"M";"57";"DEP";"PROV";2025-01;695
"LVB";"M";"52";"DEP";"D";2022-03;128
"LVB";"M";"55";"DEP";"D";2023-03;121
"LVB";"A";"88";"DEP";"PROV";2025;2443
"LVB";"A";"04";"REG";"D";2020;13142
"LVB";"M";"34";"DEP";"D";2021-02;846
"LVB";"M";"44";"DEP";"D";2022-05;1352
"LVB";"M";"74";"DEP";"D";2022-03;804
"LVB";"M";"24";"REG";"D";2021-06;2024
"LVB";"M";"57";"DEP";"D";2024-05;700
"LVB";"M";"61";"DEP";"D";2024-06;186
"LVB";"M";"53";"REG";"D";2021-06;2657
"LVB";"M";"11";"REG";"PROV";2025-02;11406
"LVB";"M";"50";"DEP";"D";2021-01;322
"LVB_CUMR";"A";"59";"DEP";"PROV";2025;2206
"LVB";"M";"48";"DEP";"D";2023-02;37
"LVB";"M";"31";"DEP";"D";2022-09;1296
"LVB";"M";"89";"DEP";"D";2022-10;249
"LVB";"M";"75";"DEP";"D";2021-11;2134
"LVB";"M";"52";"REG";"D";2023-12;3026
"LVB";"A";"55";"DEP";"D";2018;1626
"LVB_CUMR";"A";"79";"DEP";"D";2016;324
"LVB";"A";"66";"DEP";"PROV";2025;3759
"LVB";"M";"02";"REG";"D";2022-01;320
"LVB_CUMR";"A";"45";"DEP";"D";2019;660
"LVB";"M";"93";"REG";"D";2024-01;4247
"LVB";"M";"54";"DEP";"D";2021-05;559
"LVB";"M";"30";"DEP";"D";2023-12;546
"LVB_CUMR";"A";"90";"DEP";"D";2017;127
"LVB";"M";"52";"REG";"PROV";2025-06;2969
"LVB";"M";"85";"DEP";"D";2023-05;447
"LVB";"M";"58";"DEP";"D";2022-07;129
"LVB";"M";"04";"REG";"PROV";2025-05;1057
"LVB";"A";"46";"DEP";"D";2020;1229
"LVB";"M";"75";"DEP";"D";2021-01;1822
"LVB";"M";"32";"DEP";"D";2021-05;121
"LVB";"M";"64";"DEP";"PROV";2025-02;431
"LVB_CUMR";"A";"52";"DEP";"D";2021;107
"LVB";"A";"75";"REG";"D";2024;48075
"LVB_CUMR";"A";"88";"DEP";"D";2021;231
"LVB";"M";"58";"DEP";"D";2023-01;121
"LVB";"M";"24";"REG";"D";2021-03;2165
"LVB_CUMR";"A";"31";"DEP";"D";2017;1316
"LVB_CUMR";"A";"02";"REG";"D";2023;319
"LVB_CUMR";"A";"04";"REG";"PROV";2026;890
"LVB";"M";"64";"DEP";"PROV";2025-07;486
"LVB";"M";"78";"DEP";"D";2022-07;1596
"LVB";"M";"50";"DEP";"PROV";2025-02;281
"LVB";"M";"42";"DEP";"PROV";2025-11;545
"LVB";"M";"30";"DEP";"PROV";2025-05;529
"LVB";"M";"90";"DEP";"D";2024-03;103
"LVB";"M";"61";"DEP";"D";2023-10;183
"LVB";"M";"53";"REG";"D";2023-09;2352
"LVB";"A";"55";"DEP";"D";2016;1751
"LVB";"M";"44";"REG";"D";2022-10;4198
"LVB";"M";"04";"REG";"D";2021-11;1105
"LVB";"M";"44";"DEP";"D";2021-12;1441
"LVB";"A";"36";"DEP";"D";2017;1719
"LVB";"M";"50";"DEP";"D";2024-04;306
"LVB";"A";"75";"DEP";"D";2021;25810
"LVB";"M";"88";"DEP";"D";2022-01;253
"LVB";"M";"65";"DEP";"PROV";2025-03;143
"LVB";"M";"65";"DEP";"D";2024-10;143
"LVB_CUMR";"A";"84";"REG";"D";2018;7432
"LVB";"M";"04";"REG";"D";2023-07;1066
"LVB_CUMR";"A";"32";"REG";"D";2023;5121
"LVB_CUMR";"A";"55";"DEP";"D";2021;123
"LVB";"M";"52";"DEP";"D";2023-12;111
"LVB_CUMR";"A";"48";"DEP";"D";2021;52
"LVB";"M";"34";"DEP";"D";2023-09;919
"LVB_CUMR";"A";"79";"DEP";"D";2018;282
"LVB_CUMR";"A";"88";"DEP";"D";2018;267
"LVB";"M";"63";"DEP";"D";2021-05;504
"LVB";"M";"94";"REG";"D";2022-02;215
"LVB";"M";"59";"DEP";"D";2022-09;2454
"LVB";"M";"60";"DEP";"D";2022-11;738
"LVB";"M";"06";"REG";"D";2024-05;909
"LVB";"M";"32";"REG";"PROV";2025-03;4744
"LVB";"M";"50";"DEP";"D";2022-11;361
"LVB_CUMR";"A";"57";"DEP";"PROV";2026;730
"LVB";"M";"04";"REG";"D";2021-02;1006
"LVB";"M";"34";"DEP";"D";2022-05;1018
"LVB";"M";"87";"DEP";"PROV";2025-08;240
"LVB";"M";"76";"DEP";"PROV";2025-06;987
"LVB_CUMR";"A";"47";"DEP";"D";2020;236
"LVB";"M";"62";"DEP";"D";2022-04;1206
"LVB";"M";"75";"REG";"D";2023-09;4132
"LVB";"M";"87";"DEP";"D";2023-07;261
"LVB";"M";"35";"DEP";"D";2021-02;847
"LVB";"M";"32";"REG";"D";2022-09;5334
"LVB";"A";"51";"DEP";"D";2018;6069
"LVB";"M";"59";"DEP";"D";2023-08;2442
"LVB";"M";"48";"DEP";"D";2023-03;43
"LVB";"M";"04";"REG";"PROV";2025-09;988
"LVB";"M";"66";"DEP";"D";2023-10;360
"LVB";"M";"53";"REG";"PROV";2025-06;2476
"LVB_CUMR";"A";"79";"DEP";"D";2020;276
"LVB";"M";"86";"DEP";"D";2023-05;305
"LVB";"M";"01";"REG";"D";2021-06;322
"LVB";"M";"34";"DEP";"D";2023-07;999
"LVB";"M";"53";"REG";"D";2024-01;2345
"LVB_CUMR";"A";"53";"DEP";"D";2022;245
"LVB";"M";"28";"REG";"PROV";2025-10;2469
"LVB";"M";"45";"DEP";"D";2022-05;617
"LVB";"M";"61";"DEP";"D";2021-09;213
"LVB";"M";"58";"DEP";"D";2024-06;114
"LVB";"M";"73";"DEP";"D";2023-12;317
"LVB";"M";"49";"DEP";"D";2023-09;635
"LVB";"A";"02";"REG";"D";2019;3749
"LVB";"M";"63";"DEP";"D";2021-04;505
"LVB";"M";"33";"DEP";"D";2023-07;1383
"LVB";"M";"44";"REG";"D";2024-06;3745
"LVB";"A";"94";"REG";"D";2017;2918
"LVB";"M";"89";"DEP";"D";2023-02;225
"LVB";"M";"56";"DEP";"D";2024-12;461
"LVB_CUMR";"A";"50";"DEP";"D";2024;331
"LVB";"M";"73";"DEP";"D";2021-11;388
"LVB_CUMR";"A";"47";"DEP";"D";2018;260
"LVB";"M";"84";"REG";"D";2024-06;6391
"LVB";"M";"61";"DEP";"D";2022-12;182
"LVB_CUMR";"A";"06";"REG";"D";2016;771
"LVB";"M";"84";"REG";"D";2022-09;6994
"LVB_CUMR";"A";"35";"DEP";"D";2017;954
"LVB";"M";"52";"REG";"D";2021-11;3484
"LVB";"M";"90";"DEP";"D";2021-03;94
"LVB";"M";"75";"DEP";"D";2024-04;1795
"LVB";"A";"49";"DEP";"D";2021;8742
"LVB";"M";"60";"DEP";"D";2022-08;762
"LVB";"A";"90";"DEP";"D";2024;1214
"LVB";"M";"66";"DEP";"D";2023-09;339
"LVB";"M";"11";"REG";"D";2023-07;13549
"LVB";"M";"43";"DEP";"D";2023-08;144
"LVB";"M";"30";"DEP";"D";2023-01;534
"LVB";"M";"57";"DEP";"D";2022-08;818
"LVB_CUMR";"A";"75";"REG";"PROV";2025;3920
"LVB";"M";"76";"DEP";"D";2021-04;1103
"LVB";"M";"24";"REG";"D";2023-10;1949
"LVB_CUMR";"A";"34";"DEP";"D";2019;1043
"LVB";"M";"50";"DEP";"D";2023-04;318
"LVB";"M";"87";"DEP";"D";2023-05;261
"LVB";"M";"11";"REG";"D";2021-09;14436
"LVB";"M";"64";"DEP";"PROV";2025-12;390
"LVB";"M";"75";"REG";"D";2024-11;3899
"LVB";"M";"48";"DEP";"D";2022-03;52
"LVB";"M";"56";"DEP";"D";2023-08;566
"LVB";"M";"76";"REG";"PROV";2026-01;4185
"LVB";"M";"73";"DEP";"D";2024-08;332
"LVB";"M";"24";"REG";"D";2023-08;2015
"LVB";"M";"52";"DEP";"D";2022-06;96
"LVB";"A";"36";"DEP";"D";2019;1773
"LVB";"M";"94";"REG";"PROV";2025-06;197
"LVB";"M";"04";"REG";"D";2024-09;932
"LVB";"M";"86";"DEP";"D";2021-10;369
"LVB_CUMR";"A";"49";"DEP";"D";2021;663
"LVB";"M";"54";"DEP";"PROV";2025-10;476
"LVB";"A";"61";"DEP";"D";2021;2281
"LVB";"A";"75";"DEP";"D";2017;27419
"LVB";"A";"42";"DEP";"PROV";2025;6972
"LVB";"M";"76";"REG";"D";2024-07;4498
"LVB";"M";"31";"DEP";"D";2023-04;1174
"LVB";"M";"32";"REG";"D";2024-12;4795
"LVB";"A";"06";"REG";"D";2017;9762
"LVB";"M";"89";"DEP";"D";2023-08;248
"LVB_CUMR";"A";"52";"DEP";"D";2019;120
"LVB";"A";"58";"DEP";"D";2023;1412
"LVB";"M";"74";"DEP";"D";2024-08;800
"LVB";"M";"64";"DEP";"D";2021-08;547
"LVB";"M";"76";"REG";"D";2023-07;4627
"LVB";"M";"47";"DEP";"D";2023-12;211
"LVB";"A";"86";"DEP";"D";2023;3608
"LVB";"M";"02";"REG";"D";2021-07;298
"LVB_CUMR";"A";"32";"DEP";"D";2018;129
"LVB";"M";"28";"REG";"D";2021-03;2643
"LVB";"M";"55";"DEP";"D";2021-11;141
"LVB_CUMR";"A";"94";"REG";"D";2018;227
"LVB";"M";"52";"DEP";"D";2022-08;130
"LVB";"M";"73";"DEP";"PROV";2025-04;316
"LVB";"M";"63";"DEP";"D";2024-10;471
"LVB";"M";"32";"DEP";"D";2023-07;108
"LVB";"M";"87";"DEP";"D";2022-04;278
"LVB";"M";"57";"DEP";"D";2023-02;702
"LVB";"M";"93";"REG";"D";2021-08;4996
"LVB";"M";"52";"REG";"D";2022-10;3345
"LVB";"M";"03";"REG";"D";2023-04;599
"LVB";"M";"43";"DEP";"PROV";2025-01;120
"LVB";"M";"50";"DEP";"PROV";2025-04;282
"LVB";"M";"31";"DEP";"D";2022-11;1239
"LVB";"A";"62";"DEP";"PROV";2025;13116
"LVB";"M";"75";"DEP";"D";2022-12;1830
"LVB";"M";"28";"REG";"D";2021-10;3080
"LVB";"M";"87";"DEP";"D";2021-03;249
"LVB";"M";"56";"DEP";"D";2021-04;544
"LVB";"M";"76";"REG";"D";2024-11;4154
"LVB";"M";"58";"DEP";"D";2024-12;103
"LVB";"M";"04";"REG";"D";2021-04;1192
"LVB";"M";"45";"DEP";"D";2022-12;596
"LVB";"M";"51";"DEP";"D";2024-09;442
"LVB";"M";"62";"DEP";"PROV";2025-02;992
"LVB";"M";"31";"DEP";"D";2023-12;1125
"LVB";"M";"77";"DEP";"PROV";2025-06;1436
"LVB";"M";"88";"DEP";"D";2024-04;218
"LVB";"M";"24";"REG";"D";2023-01;2068
"LVB";"M";"59";"DEP";"D";2023-10;2288
"LVB";"M";"94";"REG";"D";2021-08;249
"LVB";"A";"06";"REG";"D";2020;9184
"LVB";"M";"64";"DEP";"D";2024-09;412
"LVB_CUMR";"A";"47";"DEP";"D";2017;258
"LVB";"M";"50";"DEP";"PROV";2025-01;306
"LVB_CUMR";"A";"75";"DEP";"D";2016;2378
"LVB";"A";"32";"REG";"D";2017;70721
"LVB";"M";"33";"DEP";"D";2023-08;1400
"LVB_CUMR";"A";"87";"DEP";"D";2020;306
"LVB";"M";"75";"REG";"D";2024-03;4007
"LVB";"M";"06";"REG";"PROV";2025-04;999
"LVB";"M";"55";"DEP";"D";2021-07;129
"LVB";"M";"46";"DEP";"D";2021-02;91
"LVB";"M";"28";"REG";"D";2021-04;2602
"LVB";"M";"61";"DEP";"D";2024-12;195
"LVB";"M";"74";"DEP";"PROV";2025-03;747
"LVB";"A";"50";"DEP";"D";2023;3938
"LVB";"M";"77";"DEP";"D";2022-08;1614
"LVB";"M";"35";"DEP";"D";2024-12;907
"LVB";"M";"02";"REG";"D";2023-12;295
"LVB";"M";"86";"DEP";"D";2021-01;291
"LVB";"A";"57";"DEP";"D";2018;10189
"LVB";"A";"75";"REG";"PROV";2025;46697
"LVB";"M";"02";"REG";"D";2023-07;265
"LVB";"M";"52";"REG";"PROV";2025-01;3078
"LVB";"M";"48";"DEP";"D";2022-12;34
"LVB";"M";"54";"DEP";"D";2021-09;611
"LVB_CUMR";"A";"57";"DEP";"D";2019;890
"LVB";"M";"62";"DEP";"D";2024-03;1141
"LVB_CUMR";"A";"33";"DEP";"D";2021;1303
"LVB";"M";"57";"DEP";"D";2024-03;750
"LVB";"M";"04";"REG";"D";2024-02;934
"LVB_CUMR";"A";"79";"DEP";"D";2017;263
"LVB";"A";"33";"DEP";"D";2021;17494
"LVB";"M";"59";"DEP";"D";2023-06;2330
"LVB";"M";"87";"DEP";"PROV";2025-09;243
"LVB_CUMR";"A";"46";"DEP";"D";2021;102
"LVB";"M";"76";"REG";"D";2023-12;4185
"LVB";"M";"78";"DEP";"D";2023-05;1467
"LVB";"M";"52";"DEP";"D";2021-01;107
"LVB_CUMR";"A";"32";"REG";"D";2017;6034
"LVB";"M";"66";"DEP";"D";2022-10;374
"LVB";"M";"11";"REG";"D";2021-10;14961
"LVB";"A";"76";"REG";"D";2024;50987
"LVB";"M";"87";"DEP";"PROV";2026-01;265
"LVB";"M";"02";"REG";"PROV";2025-02;226
"LVB_CUMR";"A";"31";"DEP";"D";2019;1252
"LVB";"M";"56";"DEP";"D";2022-08;625
"LVB";"M";"74";"DEP";"D";2021-10;862
"LVB";"M";"46";"DEP";"PROV";2025-09;94
"LVB";"M";"66";"DEP";"D";2024-01;346
"LVB";"M";"54";"DEP";"D";2021-03;578
"LVB";"M";"28";"REG";"D";2023-10;2628
"LVB";"M";"93";"REG";"D";2021-03;4448
"LVB";"M";"87";"DEP";"D";2024-07;279
"LVB";"M";"03";"REG";"PROV";2025-07;534
"LVB";"M";"77";"DEP";"D";2022-07;1595
"LVB";"M";"45";"DEP";"PROV";2026-01;630
"LVB";"M";"53";"DEP";"D";2024-04;218
"LVB_CUMR";"A";"31";"DEP";"D";2021;1127
"LVB";"M";"64";"DEP";"D";2022-10;522
"LVB";"M";"59";"DEP";"D";2021-09;2623
"LVB_CUMR";"A";"33";"DEP";"D";2017;1382
"LVB";"M";"76";"REG";"D";2022-02;4366
"LVB";"M";"44";"REG";"PROV";2025-04;3581
"LVB";"M";"89";"DEP";"PROV";2025-03;218
"LVB";"A";"53";"DEP";"D";2017;3012
"LVB";"M";"02";"REG";"D";2021-08;332
"LVB";"M";"47";"DEP";"D";2021-04;226
"LVB";"A";"77";"DEP";"D";2024;17109
"LVB";"M";"59";"DEP";"D";2021-01;2239
"LVB";"A";"35";"DEP";"D";2018;11656
"LVB";"M";"61";"DEP";"D";2022-10;214
"LVB";"M";"55";"DEP";"D";2021-09;127
"LVB";"M";"84";"REG";"D";2023-09;6528
"LVB";"M";"74";"DEP";"D";2022-12;773
"LVB";"M";"44";"REG";"D";2021-08;4605
"LVB";"M";"53";"DEP";"D";2021-03;245
"LVB";"M";"89";"DEP";"PROV";2025-08;221
"LVB";"M";"02";"REG";"D";2021-12;336
"LVB";"M";"43";"DEP";"D";2022-01;154
"LVB";"M";"65";"DEP";"D";2024-09;148
"LVB";"M";"31";"DEP";"PROV";2025-04;1176
"LVB";"M";"53";"REG";"D";2023-12;2184
"LVB";"A";"59";"DEP";"D";2021;30010
"LVB";"M";"48";"DEP";"PROV";2025-06;32
"LVB";"M";"75";"DEP";"D";2021-06;2180
"LVB";"A";"52";"REG";"D";2018;39739
"LVB_CUMR";"A";"86";"DEP";"D";2020;352
"LVB";"A";"01";"REG";"PROV";2025;3389
"LVB";"M";"46";"DEP";"D";2024-05;88
"LVB_CUMR";"A";"34";"DEP";"D";2016;1065
"LVB";"M";"73";"DEP";"D";2024-12;330
"LVB";"M";"65";"DEP";"D";2024-11;126
"LVB";"M";"57";"DEP";"PROV";2025-05;710
"LVB";"M";"76";"REG";"D";2023-01;4400
"LVB";"M";"11";"REG";"D";2021-07;14842
"LVB_CUMR";"A";"50";"DEP";"D";2017;319
"LVB_CUMR";"A";"27";"REG";"D";2021;1870
"LVB";"M";"90";"DEP";"PROV";2025-01;102
"LVB";"A";"62";"DEP";"D";2017;16604
"LVB";"M";"78";"DEP";"D";2021-02;1300
"LVB";"M";"47";"DEP";"PROV";2025-07;240
"LVB";"M";"33";"DEP";"D";2023-01;1273
"LVB";"M";"55";"DEP";"D";2021-06;130
"LVB";"A";"54";"DEP";"D";2018;7139
"LVB";"A";"93";"REG";"D";2022;54985
"LVB";"A";"79";"DEP";"D";2017;3389
"LVB";"M";"01";"REG";"D";2021-09;407
"LVB";"M";"32";"REG";"D";2023-06;5009
"LVB_CUMR";"A";"51";"DEP";"D";2020;549
"LVB";"A";"65";"DEP";"D";2019;1824
"LVB";"M";"86";"DEP";"D";2023-12;317
"LVB";"M";"55";"DEP";"D";2021-05;121
"LVB";"M";"34";"DEP";"PROV";2025-01;936
"LVB";"M";"42";"DEP";"PROV";2025-02;500
"LVB";"M";"73";"DEP";"D";2022-03;359
"LVB";"M";"01";"REG";"D";2022-12;386
"LVB";"M";"32";"REG";"D";2021-09;5775
"LVB";"A";"03";"REG";"D";2024;6849
"LVB_CUMR";"A";"86";"DEP";"PROV";2025;301
"LVB";"M";"50";"DEP";"PROV";2025-12;310
"LVB";"M";"62";"DEP";"D";2022-07;1350
"LVB";"M";"94";"REG";"D";2023-08;221
"LVB";"M";"58";"DEP";"PROV";2025-08;98
"LVB";"M";"64";"DEP";"D";2021-12;543
"LVB";"A";"35";"DEP";"PROV";2025;10602
"LVB";"M";"46";"DEP";"D";2023-12;67
"LVB_CUMR";"A";"76";"DEP";"PROV";2025;989
"LVB_CUMR";"A";"89";"DEP";"D";2020;253
"LVB";"M";"46";"DEP";"D";2021-11;124
"LVB_CUMR";"A";"32";"REG";"D";2022;5389
"LVB";"A";"01";"REG";"D";2024;3608
"LVB";"M";"54";"DEP";"D";2022-07;601
"LVB_CUMR";"A";"76";"REG";"D";2018;4854
"LVB";"M";"74";"DEP";"D";2021-02;648
"LVB_CUMR";"A";"63";"DEP";"D";2018;561
"LVB";"A";"57";"DEP";"D";2022;9346
"LVB";"M";"32";"DEP";"D";2024-02;114
"LVB";"A";"46";"DEP";"D";2022;1186
"LVB_CUMR";"A";"03";"REG";"PROV";2025;550
"LVB_CUMR";"A";"28";"REG";"PROV";2025;2425
"LVB";"M";"87";"DEP";"D";2022-07;295
"LVB";"A";"49";"DEP";"D";2019;8483
"LVB";"M";"74";"DEP";"D";2021-11;831
"LVB";"M";"75";"REG";"D";2021-07;4896
"LVB";"M";"01";"REG";"D";2023-06;298
"LVB_CUMR";"A";"28";"REG";"D";2017;2814
"LVB_CUMR";"A";"65";"DEP";"PROV";2026;129
"LVB";"M";"32";"REG";"D";2024-03;4836
"LVB";"M";"87";"DEP";"D";2023-02;273
"LVB";"M";"55";"DEP";"PROV";2025-04;101
"LVB_CUMR";"A";"30";"DEP";"D";2024;504
"LVB";"M";"45";"DEP";"D";2024-05;600
"LVB";"M";"84";"REG";"D";2022-07;7641
"LVB";"M";"61";"DEP";"PROV";2025-11;167
"LVB_CUMR";"A";"78";"DEP";"D";2016;1528
"LVB";"M";"06";"REG";"D";2023-06;964
"LVB";"M";"49";"DEP";"D";2024-04;628
"LVB";"A";"59";"DEP";"D";2023;27488
"LVB";"M";"24";"REG";"D";2022-04;1996
"LVB";"M";"85";"DEP";"D";2023-07;464
"LVB";"M";"02";"REG";"D";2024-07;246
"LVB";"M";"48";"DEP";"D";2023-07;54
"LVB";"M";"32";"DEP";"D";2023-12;114
"LVB";"M";"84";"REG";"D";2022-04;6573
"LVB";"M";"63";"DEP";"PROV";2025-06;439
"LVB";"M";"04";"REG";"D";2022-03;1306
"LVB";"M";"59";"DEP";"D";2024-06;2060
"LVB";"M";"28";"REG";"D";2023-09;2453
"LVB";"A";"48";"DEP";"D";2018;580
"LVB";"M";"76";"DEP";"D";2022-06;1178
"LVB";"M";"87";"DEP";"D";2021-02;228
"LVB";"M";"53";"DEP";"PROV";2025-01;233
"LVB";"M";"64";"DEP";"PROV";2025-09;449
"LVB";"M";"90";"DEP";"D";2024-01;76
"LVB";"M";"58";"DEP";"D";2022-02;128
"LVB";"M";"75";"REG";"D";2021-08;4900
"LVB";"M";"31";"DEP";"D";2021-01;1127
"LVB";"M";"32";"REG";"D";2023-05;5064
"LVB";"A";"24";"REG";"D";2016;27303
"LVB";"M";"43";"DEP";"PROV";2025-05;137
"LVB_CUMR";"A";"76";"DEP";"D";2021;1109
"LVB";"M";"49";"DEP";"D";2021-06;678
"LVB";"M";"61";"DEP";"D";2021-01;164
"LVB";"M";"35";"DEP";"D";2024-06;852
"LVB";"M";"58";"DEP";"D";2023-02;106
"LVB";"A";"79";"DEP";"D";2018;3381
"LVB";"M";"32";"REG";"D";2021-12;5872
"LVB_CUMR";"A";"34";"DEP";"D";2018;1083
"LVB_CUMR";"A";"90";"DEP";"D";2019;112
"LVB_CUMR";"A";"01";"REG";"D";2024;331
"LVB";"M";"75";"REG";"D";2024-02;3882
"LVB_CUMR";"A";"43";"DEP";"D";2016;156
"LVB";"M";"35";"DEP";"D";2023-08;940
"LVB";"M";"50";"DEP";"D";2021-04;329
"LVB";"M";"66";"DEP";"D";2022-06;365
"LVB";"M";"75";"DEP";"D";2021-03;2118
"LVB";"A";"58";"DEP";"D";2022;1507
"LVB";"M";"04";"REG";"PROV";2025-04;1036
"LVB";"M";"28";"REG";"D";2023-08;2672
"LVB";"A";"76";"REG";"D";2019;57666
"LVB";"M";"88";"DEP";"D";2024-02;205
"LVB";"M";"46";"DEP";"D";2023-09;94
"LVB";"M";"33";"DEP";"D";2022-03;1443
"LVB_CUMR";"A";"52";"DEP";"D";2022;102
"LVB";"M";"62";"DEP";"D";2021-06;1271
"LVB";"A";"52";"REG";"D";2016;40887
"LVB";"M";"06";"REG";"D";2022-09;779
"LVB";"M";"75";"DEP";"D";2022-05;2216
"LVB";"M";"44";"DEP";"D";2021-06;1325
"LVB";"M";"56";"DEP";"D";2023-05;556
"LVB";"M";"66";"DEP";"PROV";2026-01;326
"LVB";"M";"75";"REG";"D";2021-02;3676
"LVB";"M";"91";"DEP";"D";2021-03;1550
"LVB";"M";"34";"DEP";"D";2021-01;886
"LVB";"M";"53";"DEP";"D";2022-05;255
"LVB_CUMR";"A";"60";"DEP";"D";2023;752
"LVB";"M";"32";"REG";"D";2024-04;4701
"LVB";"M";"03";"REG";"PROV";2025-04;522
"LVB";"M";"78";"DEP";"D";2022-05;1598
"LVB";"M";"48";"DEP";"D";2023-09;47
"LVB";"M";"04";"REG";"D";2022-09;1040
"LVB";"A";"66";"DEP";"D";2021;4512
"LVB";"M";"77";"DEP";"PROV";2025-07;1459
"LVB";"A";"46";"DEP";"D";2016;1277
"LVB";"M";"53";"REG";"D";2023-06;2412
"LVB";"M";"60";"DEP";"D";2023-09;683
"LVB";"M";"52";"DEP";"D";2021-09;116
"LVB";"M";"03";"REG";"D";2021-06;656
"LVB";"M";"90";"DEP";"D";2021-10;119
"LVB";"M";"35";"DEP";"D";2023-02;844
"LVB_CUMR";"A";"59";"DEP";"D";2020;2565
"LVB";"M";"52";"REG";"D";2022-12;3167
"LVB_CUMR";"A";"61";"DEP";"D";2016;231
"LVB";"M";"44";"DEP";"D";2024-09;1205
"LVB";"M";"78";"DEP";"D";2024-08;1431
"LVB_CUMR";"A";"54";"DEP";"D";2016;624
"LVB";"M";"84";"REG";"D";2023-12;6493
"LVB_CUMR";"A";"89";"DEP";"D";2018;282
"LVB";"M";"59";"DEP";"D";2024-02;2155
"LVB";"M";"02";"REG";"D";2023-03;275
"LVB";"M";"86";"DEP";"PROV";2025-03;283
"LVB";"M";"31";"DEP";"D";2024-04;1219
"LVB";"M";"28";"REG";"D";2024-01;2446
"LVB";"M";"64";"DEP";"D";2023-11;468
"LVB";"M";"47";"DEP";"D";2023-01;230
"LVB";"M";"75";"DEP";"D";2021-02;1819
"LVB";"M";"53";"REG";"D";2021-04;2589
"LVB";"M";"53";"DEP";"PROV";2025-09;212
"LVB";"M";"76";"DEP";"D";2024-01;1044
"LVB_CUMR";"A";"57";"DEP";"PROV";2025;695
"LVB";"M";"06";"REG";"D";2023-11;684
"LVB";"A";"88";"DEP";"D";2019;3123
"LVB";"M";"75";"REG";"D";2021-05;4315
"LVB";"M";"78";"DEP";"PROV";2025-08;1401
"LVB";"M";"65";"DEP";"D";2021-05;143
"LVB";"M";"34";"DEP";"D";2023-11;919
"LVB_CUMR";"A";"27";"REG";"D";2022;2102
"LVB";"M";"61";"DEP";"PROV";2025-07;194
"LVB";"M";"45";"DEP";"D";2024-09;572
"LVB";"M";"65";"DEP";"D";2024-02;124
"LVB";"A";"91";"DEP";"D";2022;18309
"LVB";"M";"78";"DEP";"PROV";2025-06;1457
"LVB";"M";"49";"DEP";"D";2022-07;717
"LVB_CUMR";"A";"06";"REG";"D";2018;674
"LVB_CUMR";"A";"56";"DEP";"D";2024;466
"LVB_CUMR";"A";"51";"DEP";"D";2022;495
"LVB";"M";"84";"REG";"PROV";2025-04;6092
"LVB_CUMR";"A";"32";"DEP";"D";2020;125
"LVB";"M";"48";"DEP";"D";2023-04;36
"LVB";"M";"89";"DEP";"D";2022-01;249
"LVB";"M";"65";"DEP";"D";2022-11;169
"LVB";"M";"34";"DEP";"PROV";2025-08;931
"LVB_CUMR";"A";"28";"REG";"D";2023;2546
"LVB";"M";"04";"REG";"D";2022-07;1118
"LVB_CUMR";"A";"77";"DEP";"D";2019;1437
"LVB";"M";"55";"DEP";"D";2021-08;147
"LVB";"M";"50";"DEP";"D";2021-08;403
"LVB";"M";"84";"REG";"D";2024-11;6221
"LVB";"M";"45";"DEP";"PROV";2025-02;512
"LVB";"M";"89";"DEP";"D";2024-08;217
"LVB";"M";"03";"REG";"D";2021-12;765
"LVB";"M";"65";"DEP";"D";2022-03;144
"LVB";"M";"60";"DEP";"D";2021-07;812
"LVB";"M";"44";"REG";"D";2022-12;4237
"LVB";"M";"01";"REG";"D";2022-04;317
"LVB";"M";"33";"DEP";"D";2024-01;1320
"LVB";"M";"11";"REG";"PROV";2025-11;11986
"LVB";"A";"52";"DEP";"D";2018;1507
"LVB";"M";"47";"DEP";"D";2024-11;216
"LVB";"M";"77";"DEP";"PROV";2025-01;1386
"LVB";"A";"88";"DEP";"D";2021;3076
"LVB";"M";"93";"REG";"D";2022-02;4253
"LVB";"M";"31";"DEP";"PROV";2025-11;1155
"LVB";"A";"60";"DEP";"D";2024;8455
"LVB_CUMR";"A";"24";"REG";"D";2017;2160
"LVB";"M";"63";"DEP";"D";2024-11;415
"LVB_CUMR";"A";"44";"REG";"D";2019;4604
"LVB";"M";"58";"DEP";"D";2023-03;132
"LVB";"M";"87";"DEP";"D";2022-03;276
"LVB";"M";"50";"DEP";"D";2023-05;291
"LVB";"M";"35";"DEP";"D";2023-11;843
"LVB";"M";"01";"REG";"D";2023-10;370
"LVB_CUMR";"A";"43";"DEP";"D";2023;145
"LVB_CUMR";"A";"78";"DEP";"PROV";2026;1438
"LVB";"M";"94";"REG";"D";2021-11;263
"LVB";"M";"60";"DEP";"PROV";2025-08;693
"LVB";"M";"53";"DEP";"D";2021-07;265
"LVB";"M";"93";"REG";"D";2023-06;4401
"LVB";"A";"89";"DEP";"D";2018;3216
"LVB";"M";"28";"REG";"D";2022-09;2724
"LVB";"M";"63";"DEP";"D";2023-10;463
"LVB";"M";"76";"DEP";"D";2021-03;1070
"LVB";"A";"45";"DEP";"D";2022;7588
"LVB";"M";"32";"DEP";"PROV";2025-10;92
"LVB";"M";"11";"REG";"PROV";2025-09;12058
"LVB_CUMR";"A";"60";"DEP";"D";2021;641
"LVB";"M";"49";"DEP";"D";2021-03;749
"LVB";"M";"88";"DEP";"D";2023-04;220
"LVB";"M";"27";"REG";"D";2022-10;1994
"LVB_CUMR";"A";"94";"REG";"PROV";2025;164
"LVB";"M";"02";"REG";"D";2022-09;333
"LVB";"M";"76";"DEP";"D";2023-12;1008
"LVB";"M";"62";"DEP";"PROV";2025-09;1150
"LVB";"A";"47";"DEP";"D";2018;2960
"LVB";"M";"44";"REG";"D";2023-01;4044
"LVB";"M";"76";"REG";"D";2022-07;5090
"LVB";"A";"60";"DEP";"D";2021;9331
"LVB";"M";"36";"DEP";"D";2021-10;161
"LVB";"M";"54";"DEP";"D";2023-11;487
"LVB";"M";"87";"DEP";"D";2022-09;267
"LVB";"M";"11";"REG";"D";2024-04;12397
"LVB";"M";"61";"DEP";"D";2021-10;233
"LVB_CUMR";"A";"73";"DEP";"D";2022;394
"LVB";"M";"27";"REG";"D";2021-08;2194
"LVB_CUMR";"A";"64";"DEP";"PROV";2026;437
"LVB";"M";"42";"DEP";"D";2024-10;650
"LVB";"M";"73";"DEP";"PROV";2025-07;343
"LVB";"M";"56";"DEP";"D";2024-06;527
"LVB";"M";"93";"REG";"D";2021-04;4436
"LVB";"M";"76";"DEP";"D";2024-10;1043
"LVB";"M";"04";"REG";"D";2023-10;1037
"LVB";"M";"33";"DEP";"D";2023-03;1273
"LVB";"A";"91";"DEP";"D";2020;18370
"LVB";"A";"53";"DEP";"D";2018;3024
"LVB_CUMR";"A";"32";"REG";"D";2021;4827
"LVB";"M";"75";"DEP";"D";2024-08;1781
"LVB";"M";"55";"DEP";"D";2023-02;115
"LVB";"M";"64";"DEP";"D";2022-03;496
"LVB";"M";"42";"DEP";"PROV";2025-03;585
"LVB";"M";"48";"DEP";"D";2022-11;38
"LVB";"M";"84";"REG";"D";2023-02;6043
"LVB";"M";"11";"REG";"PROV";2025-04;11839
"LVB";"M";"58";"DEP";"D";2022-08;151
"LVB";"M";"02";"REG";"D";2022-02;266
"LVB";"A";"31";"DEP";"D";2017;16024
"LVB";"M";"78";"DEP";"D";2024-10;1406
"LVB";"M";"85";"DEP";"PROV";2025-07;447
"LVB";"M";"51";"DEP";"D";2023-09;453
"LVB";"A";"28";"REG";"D";2022;33010
"LVB";"M";"64";"DEP";"D";2023-12;444
"LVB";"A";"47";"DEP";"D";2016;3084
"LVB";"M";"60";"DEP";"PROV";2025-02;583
"LVB";"M";"01";"REG";"PROV";2025-10;330
"LVB";"M";"73";"DEP";"PROV";2025-01;330
"LVB";"M";"94";"REG";"D";2021-05;196
"LVB_CUMR";"A";"43";"DEP";"D";2024;161
"LVB";"A";"53";"REG";"D";2019;31407
"LVB";"M";"56";"DEP";"D";2024-02;466
"LVB";"M";"89";"DEP";"D";2024-03;233
"LVB";"M";"30";"DEP";"D";2024-02;528
"LVB";"M";"53";"DEP";"D";2023-03;257
"LVB";"A";"62";"DEP";"D";2016;17063
"LVB_CUMR";"A";"87";"DEP";"PROV";2026;265
"LVB";"M";"75";"DEP";"PROV";2025-09;1704
"LVB";"M";"03";"REG";"D";2022-10;608
"LVB";"A";"45";"DEP";"D";2020;7615
"LVB_CUMR";"A";"94";"REG";"D";2024;234
"LVB_CUMR";"A";"53";"REG";"D";2016;2805
"LVB";"M";"50";"DEP";"PROV";2026-01;292
"LVB_CUMR";"A";"63";"DEP";"D";2024;487
"LVB";"A";"31";"DEP";"D";2023;14331
"LVB";"M";"60";"DEP";"D";2024-01;748
"LVB";"M";"89";"DEP";"D";2022-09;250
"LVB";"M";"04";"REG";"D";2022-05;1208
"LVB";"M";"78";"DEP";"D";2021-11;1596
"LVB";"M";"52";"REG";"PROV";2025-04;2889
"LVB";"M";"94";"REG";"D";2023-10;236
"LVB";"M";"44";"DEP";"PROV";2025-11;1170
"LVB";"M";"50";"DEP";"D";2024-01;331
"LVB";"A";"35";"DEP";"D";2024;10702
"LVB";"M";"61";"DEP";"D";2021-03;190
"LVB";"M";"60";"DEP";"D";2023-08;731
"LVB";"M";"89";"DEP";"D";2021-07;285
"LVB";"M";"01";"REG";"D";2024-10;359
"LVB";"M";"76";"REG";"PROV";2025-04;3935
"LVB";"M";"42";"DEP";"PROV";2025-06;627
"LVB";"M";"27";"REG";"D";2023-10;1996
"LVB";"A";"52";"DEP";"D";2022;1361
"LVB";"A";"74";"DEP";"D";2018;9905
"LVB";"M";"30";"DEP";"PROV";2025-09;515
"LVB";"A";"64";"DEP";"D";2018;5839
"LVB";"M";"55";"DEP";"D";2022-06;114
"LVB";"M";"34";"DEP";"D";2024-08;952
"LVB";"M";"32";"DEP";"D";2021-07;121
"LVB";"A";"90";"DEP";"D";2018;1524
"LVB";"M";"75";"DEP";"D";2022-02;1921
"LVB";"M";"45";"DEP";"D";2022-07;707
"LVB";"A";"84";"REG";"D";2016;92038
"LVB";"M";"03";"REG";"PROV";2025-01;550
"LVB";"M";"54";"DEP";"D";2023-10;511
"LVB";"A";"27";"REG";"D";2020;25660
"LVB";"M";"63";"DEP";"D";2023-11;443
"LVB";"A";"54";"DEP";"D";2021;6785
"LVB";"M";"32";"REG";"D";2024-05;4944
"LVB";"M";"84";"REG";"PROV";2025-09;6372
"LVB";"M";"60";"DEP";"D";2024-05;691
"LVB";"M";"33";"DEP";"D";2022-02;1305
"LVB";"M";"86";"DEP";"PROV";2025-10;296
"LVB";"M";"48";"DEP";"D";2021-05;51
"LVB";"M";"62";"DEP";"D";2021-07;1423
"LVB";"M";"77";"DEP";"D";2022-02;1333
"LVB";"M";"06";"REG";"D";2023-03;1068
"LVB";"M";"44";"REG";"PROV";2025-12;3699
"LVB";"M";"59";"DEP";"PROV";2026-01;2175
"LVB";"M";"78";"DEP";"PROV";2025-11;1331
"LVB";"M";"50";"DEP";"D";2021-05;330
"LVB";"M";"53";"REG";"D";2023-04;2287
"LVB";"M";"32";"DEP";"D";2021-12;135
"LVB_CUMR";"A";"54";"DEP";"D";2024;484
"LVB";"M";"99";"OTHER";"PROV";2025-11;76
"LVB";"M";"87";"DEP";"PROV";2025-01;242
"LVB";"M";"84";"REG";"PROV";2025-08;6657
"LVB";"M";"76";"DEP";"D";2023-05;1053
"LVB";"M";"61";"DEP";"D";2022-06;216
"LVB_CUMR";"A";"46";"DEP";"D";2018;122
"LVB";"M";"85";"DEP";"D";2023-01;426
"LVB";"M";"28";"REG";"D";2022-05;2805
"LVB";"M";"56";"DEP";"D";2021-10;615
"LVB";"M";"36";"DEP";"D";2022-04;143
"LVB";"M";"75";"DEP";"D";2022-04;1934
"LVB";"M";"66";"DEP";"D";2022-07;385
"LVB";"M";"46";"DEP";"D";2021-03;125
"LVB";"M";"06";"REG";"PROV";2025-10;644
"LVB_CUMR";"A";"53";"DEP";"PROV";2025;233
"LVB";"M";"87";"DEP";"D";2024-01;254
"LVB";"M";"84";"REG";"PROV";2025-05;6356
"LVB";"M";"73";"DEP";"D";2021-06;346
"LVB";"M";"28";"REG";"PROV";2025-04;2236
"LVB";"M";"55";"DEP";"PROV";2025-11;96
"LVB";"M";"66";"DEP";"PROV";2025-11;303
"LVB";"M";"54";"DEP";"D";2022-02;482
"LVB";"M";"46";"DEP";"D";2021-06;119
"LVB";"M";"06";"REG";"D";2024-08;652
"LVB";"M";"91";"DEP";"D";2021-02;1260
"LVB";"M";"34";"DEP";"D";2022-02;946
"LVB";"M";"75";"REG";"D";2024-07;4210
"LVB";"M";"89";"DEP";"PROV";2025-07;196
"LVB";"M";"55";"DEP";"PROV";2025-12;97
"LVB";"M";"77";"DEP";"D";2021-06;1495
"LVB";"M";"24";"REG";"D";2024-08;2069
"LVB";"A";"66";"DEP";"D";2022;4318
"LVB";"M";"50";"DEP";"D";2023-12;305
"LVB";"M";"87";"DEP";"PROV";2025-11;254
"LVB";"M";"47";"DEP";"PROV";2025-06;183
"LVB";"M";"30";"DEP";"D";2024-10;583
"LVB";"A";"02";"REG";"D";2017;3640
"LVB";"M";"73";"DEP";"D";2021-10;431
"LVB";"M";"84";"REG";"PROV";2025-03;6220
"LVB";"M";"57";"DEP";"D";2022-05;776
"LVB";"M";"44";"REG";"D";2021-02;3856
"LVB";"M";"87";"DEP";"D";2024-03;264
"LVB_CUMR";"A";"61";"DEP";"D";2018;205
"LVB";"M";"51";"DEP";"PROV";2025-11;418
"LVB";"M";"03";"REG";"D";2023-01;705
"LVB";"M";"47";"DEP";"D";2024-07;231
"LVB";"M";"35";"DEP";"D";2022-02;859
"LVB_CUMR";"A";"78";"DEP";"D";2019;1476
"LVB_CUMR";"A";"58";"DEP";"D";2016;152
"LVB";"M";"84";"REG";"D";2021-07;7690
"LVB";"M";"11";"REG";"PROV";2025-03;12408
"LVB";"M";"54";"DEP";"D";2024-03;499
"LVB_CUMR";"A";"27";"REG";"PROV";2026;1852
"LVB";"M";"89";"DEP";"D";2023-11;224
"LVB";"M";"65";"DEP";"D";2024-05;126
"LVB";"M";"48";"DEP";"D";2022-09;44
"LVB";"M";"32";"DEP";"D";2023-02;122
"LVB_CUMR";"A";"04";"REG";"PROV";2025;997
"LVB";"M";"57";"DEP";"D";2022-11;766
"LVB_CUMR";"A";"94";"REG";"D";2022;234
"LVB";"M";"56";"DEP";"D";2022-04;485
"LVB";"M";"01";"REG";"D";2022-07;337
"LVB";"M";"48";"DEP";"D";2024-12;41
"LVB";"M";"75";"DEP";"D";2024-03;1753
"LVB";"M";"86";"DEP";"PROV";2025-04;269
"LVB";"M";"34";"DEP";"PROV";2025-12;909
"LVB";"M";"45";"DEP";"D";2021-07;695
"LVB_CUMR";"A";"24";"REG";"D";2019;2228
"LVB";"M";"66";"DEP";"D";2021-07;407
"LVB";"M";"94";"REG";"D";2024-12;198
"LVB";"M";"60";"DEP";"PROV";2025-07;720
"LVB";"M";"48";"DEP";"PROV";2025-07;42
"LVB";"M";"35";"DEP";"D";2024-08;942
"LVB";"M";"60";"DEP";"D";2023-12;724
"LVB";"A";"86";"DEP";"D";2021;4025
"LVB";"M";"01";"REG";"D";2021-10;439
"LVB";"M";"28";"REG";"D";2022-12;2647
"LVB";"M";"78";"DEP";"D";2021-05;1503
"LVB";"M";"45";"DEP";"D";2023-01;654
"LVB";"M";"64";"DEP";"D";2023-10;502
"LVB_CUMR";"A";"04";"REG";"D";2018;1098
"LVB";"M";"84";"REG";"D";2024-09;6501
"LVB";"M";"87";"DEP";"D";2023-03;250
"LVB";"M";"35";"DEP";"D";2023-03;895
"LVB";"M";"86";"DEP";"D";2023-04;283
"LVB";"M";"44";"REG";"D";2023-10;4013
"LVB";"M";"06";"REG";"PROV";2025-05;874
"LVB";"M";"59";"DEP";"D";2024-04;2136
"LVB_CUMR";"A";"54";"DEP";"D";2023;466
"LVB";"M";"64";"DEP";"D";2024-05;470
"LVB_CUMR";"A";"52";"DEP";"D";2016;141
"LVB";"M";"78";"DEP";"D";2023-08;1431
"LVB";"M";"45";"DEP";"D";2023-07;647
"LVB";"M";"75";"REG";"D";2024-04;3850
"LVB";"M";"31";"DEP";"D";2021-02;1069
"LVB_CUMR";"A";"44";"REG";"D";2016;4926
"LVB";"M";"89";"DEP";"D";2021-02;219
"LVB_CUMR";"A";"28";"REG";"D";2021;2596
"LVB";"M";"65";"DEP";"D";2022-06;152
"LVB";"M";"56";"DEP";"D";2022-02;492
"LVB";"M";"06";"REG";"D";2021-08;893
"LVB";"M";"56";"DEP";"D";2022-03;532
"LVB";"M";"52";"DEP";"PROV";2025-07;124
"LVB";"M";"75";"DEP";"D";2023-08;1866
"LVB";"M";"85";"DEP";"D";2022-12;457
"LVB";"M";"75";"REG";"D";2021-06;4443
"LVB_CUMR";"A";"27";"REG";"D";2017;2268
"LVB";"A";"48";"DEP";"D";2016;661
"LVB";"M";"33";"DEP";"D";2021-12;1419
"LVB";"M";"06";"REG";"D";2022-08;868
"LVB";"M";"63";"DEP";"D";2024-06;486
"LVB";"A";"55";"DEP";"D";2020;1512
"LVB";"A";"51";"DEP";"D";2024;5146
"LVB";"M";"24";"REG";"PROV";2025-11;1804
"LVB_CUMR";"A";"74";"DEP";"D";2021;749
"LVB_CUMR";"A";"44";"REG";"D";2020;4762
"LVB";"M";"66";"DEP";"PROV";2025-08;377
"LVB";"M";"89";"DEP";"D";2021-05;245
"LVB";"M";"93";"REG";"D";2021-02;3889
"LVB";"M";"42";"DEP";"PROV";2026-01;597
"LVB";"M";"32";"DEP";"D";2022-12;108
"LVB";"M";"11";"REG";"D";2022-06;13954
"LVB";"M";"64";"DEP";"D";2023-08;487
"LVB";"M";"56";"DEP";"PROV";2025-06;529
"LVB";"M";"54";"DEP";"D";2021-08;579
"LVB";"M";"53";"DEP";"D";2022-01;245
"LVB";"M";"77";"DEP";"D";2023-09;1435
"LVB";"M";"03";"REG";"D";2023-10;644
"LVB";"M";"51";"DEP";"D";2023-05;437
"LVB";"M";"66";"DEP";"D";2023-07;374
"LVB";"M";"34";"DEP";"D";2021-05;992
"LVB";"M";"88";"DEP";"PROV";2025-02;184
"LVB";"M";"52";"REG";"D";2021-08;3609
"LVB";"M";"11";"REG";"D";2022-03;13496
"LVB";"M";"85";"DEP";"PROV";2025-04;411
"LVB";"M";"47";"DEP";"D";2022-10;251
"LVB";"M";"93";"REG";"D";2023-01;4293
"LVB";"A";"57";"DEP";"D";2016;10707
"LVB_CUMR";"A";"33";"DEP";"PROV";2025;1249
"LVB";"M";"77";"DEP";"D";2023-07;1534
"LVB";"M";"49";"DEP";"D";2024-03;664
"LVB";"M";"03";"REG";"D";2022-01;714
"LVB";"A";"24";"REG";"D";2021;25607
"LVB";"A";"62";"DEP";"D";2021;15419
"LVB";"M";"93";"REG";"D";2021-10;5181
"LVB";"M";"87";"DEP";"D";2024-12;224
"LVB";"M";"46";"DEP";"PROV";2025-12;62
"LVB";"M";"31";"DEP";"D";2024-11;1157
"LVB";"M";"59";"DEP";"D";2024-10;2311
"LVB_CUMR";"A";"53";"REG";"D";2022;2661
"LVB";"M";"73";"DEP";"D";2023-07;340
"LVB_CUMR";"A";"51";"DEP";"D";2021;427
"LVB_CUMR";"A";"36";"DEP";"D";2017;121
"LVB_CUMR";"A";"11";"REG";"D";2021;11717
"LVB";"M";"91";"DEP";"D";2021-08;1664
"LVB";"M";"87";"DEP";"PROV";2025-12;246
"LVB";"M";"62";"DEP";"D";2021-10;1470
"LVB";"M";"24";"REG";"D";2024-11;1843
"LVB";"M";"47";"DEP";"D";2022-11;245
"LVB";"M";"63";"DEP";"PROV";2025-10;427
"LVB";"M";"73";"DEP";"D";2022-10;340
"LVB";"A";"75";"REG";"D";2021;54195
"LVB";"M";"55";"DEP";"D";2024-02;91
"LVB";"M";"54";"DEP";"D";2022-03;537
"LVB";"M";"35";"DEP";"D";2024-07;912
"LVB";"M";"44";"REG";"PROV";2025-02;3530
"LVB";"M";"87";"DEP";"D";2021-12;245
"LVB";"M";"35";"DEP";"D";2022-03;931
"LVB_CUMR";"A";"02";"REG";"D";2021;293
"LVB_CUMR";"A";"45";"DEP";"D";2018;671
"LVB_CUMR";"A";"63";"DEP";"PROV";2026;431
"LVB";"M";"75";"REG";"D";2022-08;4679
"LVB";"M";"74";"DEP";"PROV";2025-08;790
"LVB";"M";"52";"DEP";"D";2021-04;114
"LVB";"M";"01";"REG";"D";2023-09;343
"LVB";"M";"52";"REG";"PROV";2025-12;2948
"LVB_CUMR";"A";"59";"DEP";"D";2023;2303
"LVB";"M";"31";"DEP";"PROV";2025-12;1160
"LVB";"M";"90";"DEP";"PROV";2025-04;99
"LVB";"M";"51";"DEP";"D";2022-04;473
"LVB";"M";"44";"DEP";"D";2021-07;1576
"LVB";"M";"63";"DEP";"D";2024-01;487
"LVB";"M";"76";"REG";"D";2022-09;4791
"LVB_CUMR";"A";"01";"REG";"D";2016;426
"LVB";"M";"28";"REG";"D";2022-06;2823
"LVB";"M";"47";"DEP";"D";2022-03;224
"LVB";"M";"77";"DEP";"D";2023-06;1386
"LVB";"M";"58";"DEP";"D";2021-10;138
"LVB";"M";"50";"DEP";"D";2022-12;327
"LVB_CUMR";"A";"34";"DEP";"D";2017;977
"LVB";"M";"02";"REG";"D";2022-08;292
"LVB";"M";"90";"DEP";"D";2021-11;114
"LVB_CUMR";"A";"44";"DEP";"D";2022;1314
"LVB";"M";"57";"DEP";"D";2021-08;869
"LVB_CUMR";"A";"32";"REG";"D";2016;6334
"LVB";"M";"76";"REG";"PROV";2025-09;4200
"LVB";"M";"61";"DEP";"D";2022-11;199
"LVB";"M";"53";"DEP";"PROV";2025-03;220
"LVB";"A";"34";"DEP";"D";2023;11167
"LVB";"M";"75";"DEP";"D";2023-11;1777
"LVB";"M";"86";"DEP";"D";2021-08;355
"LVB";"M";"04";"REG";"D";2024-11;931
"LVB";"M";"52";"REG";"D";2024-12;2905
"LVB";"M";"60";"DEP";"D";2023-01;752
"LVB";"M";"43";"DEP";"PROV";2025-10;162
"LVB";"M";"76";"REG";"D";2021-04;4669
"LVB";"M";"63";"DEP";"D";2023-09;465
"LVB";"M";"48";"DEP";"PROV";2025-10;49
"LVB_CUMR";"A";"32";"DEP";"D";2022;139
"LVB";"M";"90";"DEP";"PROV";2026-01;107
"LVB";"M";"76";"DEP";"D";2024-07;1016
"LVB_CUMR";"A";"57";"DEP";"D";2021;762
"LVB";"M";"03";"REG";"PROV";2025-12;574
"LVB";"M";"27";"REG";"D";2024-05;1896
"LVB";"M";"88";"DEP";"D";2022-04;223
"LVB";"M";"28";"REG";"D";2021-08;2945
"LVB";"M";"44";"DEP";"D";2021-02;1152
"LVB";"M";"73";"DEP";"D";2024-01;318
"LVB";"M";"33";"DEP";"D";2024-03;1326
"LVB";"M";"61";"DEP";"D";2022-04;203
"LVB";"A";"84";"REG";"D";2018;90297
"LVB";"M";"56";"DEP";"D";2023-10;571
"LVB";"M";"49";"DEP";"D";2023-10;683
"LVB";"A";"59";"DEP";"D";2019;31096
"LVB";"M";"06";"REG";"D";2021-01;581
"LVB";"A";"02";"REG";"D";2021;3627
"LVB";"M";"87";"DEP";"D";2024-04;232
"LVB";"M";"73";"DEP";"D";2023-08;351
"LVB";"M";"48";"DEP";"D";2022-10;46
"LVB";"M";"36";"DEP";"D";2022-03;167
"LVB";"M";"28";"REG";"D";2021-06;2726
"LVB";"M";"53";"REG";"D";2024-06;2320
"LVB_CUMR";"A";"64";"DEP";"D";2024;493
"LVB";"M";"49";"DEP";"D";2023-08;704
"LVB";"M";"85";"DEP";"PROV";2025-05;467
"LVB";"M";"59";"DEP";"PROV";2025-12;2110
"LVB";"A";"32";"REG";"D";2024;58638
"LVB";"M";"34";"DEP";"PROV";2025-02;803
"LVB";"M";"02";"REG";"PROV";2025-05;240
"LVB_CUMR";"A";"78";"DEP";"D";2017;1557
"LVB";"M";"57";"DEP";"D";2023-03;706
"LVB";"M";"43";"DEP";"PROV";2025-03;115
"LVB";"A";"66";"DEP";"D";2018;4342
"LVB";"M";"27";"REG";"PROV";2025-09;1780
"LVB";"M";"49";"DEP";"D";2021-12;727
"LVB";"A";"93";"REG";"D";2024;49642
"LVB";"A";"87";"DEP";"D";2024;2919
"LVB";"M";"11";"REG";"D";2023-05;12983
"LVB";"M";"24";"REG";"D";2023-05;2002
"LVB";"M";"56";"DEP";"D";2023-04;473
"LVB";"M";"77";"DEP";"D";2023-01;1447
"LVB";"M";"33";"DEP";"D";2024-09;1253
"LVB";"A";"94";"REG";"D";2018;2854
"LVB_CUMR";"A";"65";"DEP";"D";2016;163
"LVB";"A";"48";"DEP";"D";2017;595
"LVB";"M";"27";"REG";"D";2022-11;1933
"LVB_CUMR";"A";"53";"DEP";"D";2021;226
"LVB";"M";"76";"REG";"D";2021-06;4862
"LVB";"M";"04";"REG";"D";2024-12;939
"LVB";"M";"57";"DEP";"D";2024-09;684
"LVB";"M";"88";"DEP";"D";2021-08;243
"LVB";"M";"63";"DEP";"D";2022-09;476
"LVB";"M";"75";"DEP";"D";2023-02;1708
"LVB";"M";"34";"DEP";"D";2022-09;1039
"LVB";"M";"44";"DEP";"D";2023-01;1232
"LVB";"M";"78";"DEP";"D";2021-03;1578
"LVB_CUMR";"A";"32";"REG";"PROV";2026;4781
"LVB";"M";"64";"DEP";"D";2021-03;472
"LVB";"M";"02";"REG";"D";2023-05;262
"LVB";"M";"94";"REG";"D";2022-03;205
"LVB_CUMR";"A";"85";"DEP";"D";2023;426
"LVB";"M";"53";"DEP";"D";2024-05;241
"LVB";"M";"56";"DEP";"D";2022-07;598
"LVB";"M";"43";"DEP";"D";2023-07;150
"LVB_CUMR";"A";"32";"DEP";"D";2023;127
"LVB";"M";"43";"DEP";"D";2022-08;177
"LVB_CUMR";"A";"24";"REG";"D";2022;2183
"LVB";"M";"66";"DEP";"D";2021-12;358
"LVB";"M";"88";"DEP";"D";2023-06;200
"LVB";"M";"77";"DEP";"D";2024-01;1434
"LVB";"M";"93";"REG";"D";2021-12;4948
"LVB";"M";"06";"REG";"PROV";2025-02;742
"LVB";"M";"44";"REG";"D";2021-09;4675
"LVB";"M";"55";"DEP";"D";2023-01;122
"LVB";"M";"49";"DEP";"PROV";2025-03;691
"LVB";"M";"88";"DEP";"D";2024-12;208
"LVB";"M";"62";"DEP";"D";2023-02;1062
"LVB";"M";"77";"DEP";"D";2021-05;1561
"LVB";"M";"62";"DEP";"PROV";2025-05;1052
"LVB";"A";"45";"DEP";"D";2016;7860
"LVB";"M";"35";"DEP";"D";2022-04;940
"LVB";"M";"89";"DEP";"D";2024-12;239
"LVB";"M";"93";"REG";"D";2024-02;3851
"LVB";"M";"54";"DEP";"D";2021-07;631
"LVB";"A";"58";"DEP";"D";2017;1628
"LVB";"M";"11";"REG";"D";2022-01;12940
"LVB_CUMR";"A";"24";"REG";"D";2018;2183
"LVB";"M";"73";"DEP";"D";2024-11;304
"LVB";"M";"90";"DEP";"D";2021-02;109
"LVB";"M";"34";"DEP";"PROV";2025-03;901
"LVB";"M";"65";"DEP";"D";2022-04;152
"LVB_CUMR";"A";"01";"REG";"D";2022;381
"LVB";"M";"45";"DEP";"D";2021-03;659
"LVB";"M";"11";"REG";"D";2023-04;12339
"LVB";"M";"59";"DEP";"D";2024-12;2126
"LVB";"M";"75";"REG";"D";2023-06;4172
"LVB";"M";"44";"REG";"D";2021-10;4797
"LVB";"M";"35";"DEP";"D";2023-04;870
"LVB";"M";"78";"DEP";"D";2023-02;1327
"LVB";"M";"52";"DEP";"PROV";2025-05;98
"LVB";"M";"87";"DEP";"PROV";2025-05;229
"LVB";"M";"53";"REG";"D";2024-07;2522
"LVB";"M";"32";"REG";"D";2024-06;4574
"LVB";"M";"65";"DEP";"D";2022-08;169
"LVB";"M";"46";"DEP";"D";2021-07;112
"LVB";"M";"55";"DEP";"D";2024-08;112
"LVB";"M";"01";"REG";"D";2021-04;331
"LVB";"M";"36";"DEP";"D";2023-01;158
"LVB_CUMR";"A";"53";"DEP";"D";2023;241
"LVB_CUMR";"A";"77";"DEP";"PROV";2026;1413
"LVB";"M";"76";"REG";"D";2023-03;4223
"LVB";"M";"55";"DEP";"PROV";2025-03;97
"LVB";"M";"85";"DEP";"D";2023-09;461
"LVB_CUMR";"A";"65";"DEP";"D";2021;145
"LVB";"M";"28";"REG";"PROV";2025-08;2486
"LVB";"A";"43";"DEP";"D";2016;2025
"LVB";"M";"54";"DEP";"D";2023-01;466
"LVB";"M";"11";"REG";"D";2021-06;13938
"LVB_CUMR";"A";"94";"REG";"D";2017;255
"LVB";"M";"32";"REG";"D";2023-10;5021
"LVB";"M";"61";"DEP";"PROV";2025-02;169
"LVB";"M";"73";"DEP";"D";2022-01;394
"LVB";"M";"31";"DEP";"D";2022-02;1189
"LVB";"M";"89";"DEP";"D";2023-12;249
"LVB_CUMR";"A";"54";"DEP";"PROV";2026;505
"LVB";"M";"43";"DEP";"PROV";2026-01;136
"LVB";"M";"78";"DEP";"D";2023-01;1519
"LVB";"A";"11";"REG";"D";2021;167066
"LVB";"M";"57";"DEP";"D";2022-09;779
"LVB";"M";"57";"DEP";"PROV";2025-11;637
"LVB";"M";"84";"REG";"D";2021-04;7036
"LVB";"M";"64";"DEP";"D";2024-10;443
"LVB_CUMR";"A";"50";"DEP";"D";2023;335
"LVB";"M";"57";"DEP";"D";2021-03;773
"LVB";"M";"30";"DEP";"PROV";2025-08;493
"LVB";"M";"32";"REG";"PROV";2025-04;4534
"LVB";"M";"86";"DEP";"D";2024-09;307
"LVB";"M";"46";"DEP";"PROV";2025-08;103
"LVB_CUMR";"A";"74";"DEP";"D";2024;729
"LVB";"A";"11";"REG";"D";2022;162951
"LVB";"M";"94";"REG";"D";2021-07;244
"LVB_CUMR";"A";"65";"DEP";"PROV";2025;132
"LVB";"M";"53";"DEP";"D";2021-10;268
"LVB";"M";"77";"DEP";"D";2021-04;1500
"LVB";"A";"44";"DEP";"D";2022;16119
"LVB";"A";"56";"DEP";"D";2016;6974
"LVB";"M";"27";"REG";"D";2021-06;2083
"LVB";"M";"33";"DEP";"D";2023-02;1187
"LVB";"A";"90";"DEP";"D";2020;1385
"LVB";"A";"11";"REG";"D";2019;173892
"LVB";"M";"44";"REG";"D";2021-04;4322
"LVB";"M";"77";"DEP";"D";2023-02;1349
"LVB";"M";"46";"DEP";"D";2024-08;80
"LVB";"M";"35";"DEP";"PROV";2025-06;963
"LVB";"M";"74";"DEP";"D";2021-03;812
"LVB";"A";"57";"DEP";"D";2017;10547
"LVB";"M";"75";"REG";"D";2022-05;4535
"LVB_CUMR";"A";"64";"DEP";"D";2018;489
"LVB";"M";"51";"DEP";"D";2024-02;409
"LVB";"M";"89";"DEP";"D";2023-09;212
"LVB";"A";"28";"REG";"D";2017;34532
"LVB_CUMR";"A";"11";"REG";"D";2016;14820
"LVB";"M";"90";"DEP";"D";2023-05;110
"LVB";"M";"74";"DEP";"PROV";2026-01;761
"LVB";"M";"24";"REG";"PROV";2025-12;1926
"LVB";"M";"52";"DEP";"D";2023-08;138
"LVB";"M";"34";"DEP";"PROV";2025-04;841
"LVB_CUMR";"A";"48";"DEP";"D";2016;38
"LVB";"M";"94";"REG";"D";2022-07;282
"LVB";"M";"57";"DEP";"D";2022-06;833
"LVB";"M";"63";"DEP";"PROV";2025-03;469
"LVB_CUMR";"A";"87";"DEP";"D";2024;254
"LVB";"M";"11";"REG";"D";2021-03;14072
"LVB";"A";"78";"DEP";"D";2024;17002
"LVB";"M";"44";"REG";"D";2024-09;3863
"LVB";"M";"47";"DEP";"D";2024-09;237
"LVB";"M";"32";"DEP";"PROV";2025-05;97
"LVB";"M";"57";"DEP";"PROV";2025-09;661
"LVB";"M";"73";"DEP";"D";2021-09;384
"LVB";"M";"50";"DEP";"D";2023-06;369
"LVB";"M";"63";"DEP";"D";2023-04;452
"LVB";"M";"85";"DEP";"D";2022-09;502
"LVB";"M";"93";"REG";"PROV";2025-09;4130
"LVB";"M";"01";"REG";"PROV";2026-01;294
"LVB";"M";"75";"REG";"D";2023-08;4379
"LVB";"M";"28";"REG";"D";2021-09;2943
"LVB";"M";"06";"REG";"D";2022-11;809
"LVB";"M";"52";"REG";"PROV";2025-11;2804
"LVB_CUMR";"A";"59";"DEP";"D";2016;2994
"LVB";"A";"47";"DEP";"D";2022;2884
"LVB";"M";"78";"DEP";"D";2024-04;1398
"LVB";"M";"32";"DEP";"D";2023-01;127
"LVB";"M";"61";"DEP";"D";2021-02;142
"LVB";"M";"85";"DEP";"D";2023-04;463
"LVB";"M";"50";"DEP";"D";2022-08;397
"LVB";"M";"46";"DEP";"D";2021-10;112
"LVB";"M";"04";"REG";"D";2023-08;1094
"LVB_CUMR";"A";"75";"REG";"D";2017;4445
"LVB";"A";"32";"REG";"D";2016;72674
"LVB";"M";"55";"DEP";"D";2021-04;140
"LVB";"M";"35";"DEP";"PROV";2025-12;850
"LVB";"M";"47";"DEP";"D";2021-05;202
"LVB";"M";"86";"DEP";"D";2022-12;293
"LVB";"M";"74";"DEP";"D";2023-07;759
"LVB";"M";"62";"DEP";"D";2023-03;1170
"LVB";"M";"55";"DEP";"PROV";2025-08;119
"LVB_CUMR";"A";"86";"DEP";"D";2024;317
"LVB";"M";"48";"DEP";"PROV";2025-05;47
"LVB";"M";"53";"REG";"D";2021-05;2721
"LVB";"M";"74";"DEP";"D";2024-12;687
"LVB";"A";"04";"REG";"PROV";2025;11790
"LVB";"M";"62";"DEP";"D";2021-08;1350
"LVB_CUMR";"A";"27";"REG";"D";2019;2223
"LVB";"A";"47";"DEP";"D";2024;2564
"LVB";"M";"32";"DEP";"D";2022-08;117
"LVB";"M";"57";"DEP";"D";2022-02;713
"LVB";"M";"27";"REG";"PROV";2025-05;1758
"LVB";"M";"90";"DEP";"D";2024-09;104
"LVB";"M";"87";"DEP";"D";2021-11;268
"LVB";"M";"74";"DEP";"D";2024-11;715
"LVB";"M";"64";"DEP";"D";2023-06;460
"LVB";"A";"88";"DEP";"D";2020;2998
"LVB";"M";"54";"DEP";"PROV";2025-02;454
"LVB";"M";"43";"DEP";"PROV";2025-08;161
"LVB";"M";"53";"REG";"D";2022-05;2647
"LVB";"M";"06";"REG";"D";2022-07;951
"LVB";"M";"32";"DEP";"D";2022-07;126
"LVB";"M";"58";"DEP";"D";2021-02;106
"LVB";"M";"27";"REG";"D";2024-10;1932
"LVB";"M";"48";"DEP";"D";2021-06;42
"LVB";"M";"77";"DEP";"D";2023-10;1539
"LVB";"A";"91";"DEP";"D";2019;18520
"LVB_CUMR";"A";"63";"DEP";"PROV";2025;414
"LVB";"M";"51";"DEP";"D";2021-01;427
"LVB";"M";"06";"REG";"D";2022-05;1022
"LVB";"M";"53";"REG";"PROV";2025-08;2379
"LVB";"M";"30";"DEP";"D";2024-09;551
"LVB_CUMR";"A";"57";"DEP";"D";2020;870
"LVB";"M";"24";"REG";"D";2022-08;2269
"LVB";"A";"62";"DEP";"D";2020;15261
"LVB";"M";"93";"REG";"PROV";2025-07;4304
"LVB";"M";"43";"DEP";"D";2024-11;143
"LVB";"M";"89";"DEP";"D";2021-06;249
"LVB";"A";"75";"DEP";"PROV";2025;21189
"LVB";"M";"51";"DEP";"PROV";2025-09;434
"LVB";"A";"01";"REG";"D";2016;4653
"LVB";"M";"43";"DEP";"PROV";2025-09;123
"LVB";"M";"02";"REG";"D";2023-01;319
"LVB";"M";"57";"DEP";"PROV";2025-06;704
"LVB";"A";"01";"REG";"D";2020;4678
"LVB";"A";"31";"DEP";"D";2022;15523
"LVB";"A";"27";"REG";"D";2016;28301
"LVB_CUMR";"A";"76";"DEP";"PROV";2026;1008
"LVB_CUMR";"A";"44";"DEP";"PROV";2025;1269
"LVB";"M";"65";"DEP";"D";2023-01;135
"LVB";"M";"28";"REG";"D";2024-07;2558
"LVB_CUMR";"A";"53";"REG";"PROV";2025;2377
"LVB_CUMR";"A";"91";"DEP";"D";2016;1576
"LVB";"M";"52";"DEP";"D";2024-10;92
"LVB";"M";"01";"REG";"D";2024-02;290
"LVB";"A";"59";"DEP";"D";2024;26558
"LVB";"M";"24";"REG";"D";2021-01;1908
"LVB";"M";"31";"DEP";"PROV";2025-01;1190
"LVB";"M";"76";"DEP";"D";2023-01;999
"LVB";"M";"47";"DEP";"D";2022-09;269
"LVB";"M";"84";"REG";"D";2023-11;6524
"LVB";"M";"90";"DEP";"D";2023-07;94
"LVB_CUMR";"A";"76";"REG";"D";2024;4305
"LVB";"M";"66";"DEP";"PROV";2025-03;315
"LVB";"M";"52";"REG";"PROV";2025-08;3010
"LVB";"M";"02";"REG";"D";2023-11;328
"LVB";"M";"55";"DEP";"PROV";2025-10;96
"LVB";"M";"49";"DEP";"D";2024-05;694
"LVB";"A";"76";"DEP";"D";2020;13446
"LVB";"M";"35";"DEP";"D";2024-11;845
"LVB";"M";"46";"DEP";"PROV";2025-06;104
"LVB";"M";"76";"REG";"D";2022-10;4715
"LVB";"A";"77";"DEP";"D";2019;18585
"LVB";"M";"85";"DEP";"D";2023-03;453
"LVB_CUMR";"A";"73";"DEP";"D";2024;318
"LVB";"M";"64";"DEP";"D";2024-06;445
"LVB";"M";"03";"REG";"D";2022-06;553
"LVB_CUMR";"A";"24";"REG";"D";2023;2068
"LVB";"M";"55";"DEP";"PROV";2025-06;87
"LVB";"M";"32";"DEP";"D";2023-05;111
"LVB";"M";"60";"DEP";"D";2023-07;737
"LVB";"M";"46";"DEP";"D";2022-09;90
"LVB";"M";"75";"REG";"D";2024-10;4165
"LVB";"M";"52";"DEP";"D";2022-01;102
"LVB";"M";"74";"DEP";"D";2022-10;796
"LVB_CUMR";"A";"91";"DEP";"D";2019;1551
"LVB";"M";"52";"REG";"D";2021-06;3184
"LVB";"A";"94";"REG";"D";2019;2851
"LVB";"M";"06";"REG";"D";2022-04;1116
"LVB";"A";"56";"DEP";"D";2021;6755
"LVB";"M";"31";"DEP";"D";2022-10;1256
"LVB";"M";"64";"DEP";"PROV";2025-06;460
"LVB";"M";"42";"DEP";"PROV";2025-01;557
"LVB";"M";"52";"DEP";"PROV";2025-04;95
"LVB";"A";"75";"DEP";"D";2023;21775
"LVB";"M";"87";"DEP";"D";2021-09;269
"LVB";"M";"42";"DEP";"D";2024-09;594
"LVB";"M";"77";"DEP";"D";2021-11;1544
"LVB";"M";"52";"REG";"D";2024-01;2993
"LVB";"A";"32";"DEP";"D";2022;1471
"LVB";"M";"76";"REG";"D";2022-04;4617
"LVB";"M";"56";"DEP";"D";2024-11;488
"LVB";"M";"62";"DEP";"D";2023-09;1190
"LVB";"M";"03";"REG";"D";2024-04;522
"LVB";"M";"54";"DEP";"D";2022-09;578
"LVB";"M";"48";"DEP";"D";2021-08;54
"LVB";"M";"76";"DEP";"D";2024-11;1015
"LVB";"M";"85";"DEP";"D";2024-03;471
"LVB_CUMR";"A";"28";"REG";"D";2016;3077
"LVB";"M";"52";"REG";"D";2022-06;3318
"LVB";"M";"74";"DEP";"D";2023-08;771
"LVB";"M";"11";"REG";"D";2023-06;13008
"LVB";"M";"35";"DEP";"D";2024-10;879
"LVB";"M";"62";"DEP";"D";2024-10;1171
"LVB";"M";"59";"DEP";"D";2021-08;2633
"LVB";"M";"76";"REG";"D";2023-10;4496
"LVB";"M";"62";"DEP";"PROV";2025-03;1098
"LVB";"M";"53";"DEP";"PROV";2025-12;244
"LVB";"A";"75";"REG";"D";2023;49531
"LVB";"M";"35";"DEP";"D";2022-06;988
"LVB";"M";"78";"DEP";"D";2024-05;1492
"LVB";"M";"24";"REG";"D";2021-10;2296
"LVB";"A";"48";"DEP";"PROV";2025;480
"LVB_CUMR";"A";"43";"DEP";"D";2018;148
"LVB";"A";"03";"REG";"D";2019;8104
"LVB";"M";"88";"DEP";"D";2022-09;245
"LVB";"M";"59";"DEP";"D";2022-06;2479
"LVB_CUMR";"A";"36";"DEP";"D";2018;149
"LVB";"M";"61";"DEP";"D";2024-03;162
"LVB_CUMR";"A";"65";"DEP";"D";2023;135
"LVB";"A";"78";"DEP";"D";2022;18111
"LVB";"M";"52";"REG";"PROV";2025-10;3037
"LVB";"M";"75";"REG";"PROV";2025-08;3989
"LVB";"M";"90";"DEP";"D";2024-10;96
"LVB";"M";"02";"REG";"D";2024-12;240
"LVB";"A";"45";"DEP";"PROV";2025;6586
"LVB";"M";"53";"DEP";"D";2024-08;266
"LVB";"M";"57";"DEP";"D";2024-10;776
"LVB";"M";"56";"DEP";"PROV";2025-01;546
"LVB";"M";"86";"DEP";"D";2024-03;298
"LVB";"A";"88";"DEP";"D";2023;2656
"LVB";"M";"33";"DEP";"D";2024-12;1270
"LVB";"M";"28";"REG";"D";2023-07;2633
"LVB";"M";"66";"DEP";"D";2022-08;393
"LVB";"M";"44";"DEP";"D";2023-08;1311
"LVB";"M";"77";"DEP";"PROV";2025-12;1441
"LVB";"M";"32";"REG";"D";2021-04;5191
"LVB";"M";"53";"REG";"D";2022-11;2449
"LVB";"M";"11";"REG";"D";2022-09;13219
"LVB";"M";"51";"DEP";"D";2021-03;508
"LVB";"A";"56";"DEP";"D";2017;6754
"LVB";"M";"46";"DEP";"D";2024-10;90
"LVB";"M";"88";"DEP";"D";2021-10;254
"LVB";"M";"31";"DEP";"D";2022-04;1233
"LVB";"M";"32";"REG";"D";2024-01;5098
"LVB_CUMR";"A";"67";"DEP";"D";2016;1059
"LVB";"M";"79";"DEP";"D";2021-06;251
"LVB";"M";"75";"REG";"D";2023-11;4288
"LVB";"M";"50";"DEP";"PROV";2025-10;287
"LVB";"M";"06";"REG";"D";2021-09;779
"LVB";"M";"58";"DEP";"D";2024-09;109
"LVB";"M";"32";"REG";"PROV";2026-01;4781
"LVB";"M";"54";"DEP";"D";2024-02;464
"LVB";"A";"47";"DEP";"D";2017;2953
"LVB";"M";"01";"REG";"PROV";2025-05;253
"LVB_CUMR";"A";"32";"DEP";"D";2016;123
"LVB";"M";"86";"DEP";"D";2021-07;364
"LVB_CUMR";"A";"65";"DEP";"D";2022;184
"LVB";"M";"24";"REG";"D";2023-06;2013
"LVB";"M";"57";"DEP";"D";2024-08;735
"LVB";"M";"44";"DEP";"PROV";2025-10;1261
"LVB";"M";"76";"REG";"D";2021-02;3924
"LVB";"M";"76";"DEP";"PROV";2025-12;959
"LVB";"M";"02";"REG";"PROV";2025-11;286
"LVB";"M";"75";"REG";"D";2024-08;4053
"LVB";"M";"50";"DEP";"D";2021-02;317
"LVB";"A";"65";"DEP";"D";2020;1897
"LVB";"M";"59";"DEP";"D";2021-02;2229
"LVB";"M";"31";"DEP";"D";2023-02;1111
"LVB";"M";"87";"DEP";"D";2021-10;285
"LVB";"M";"44";"REG";"D";2022-11;4126
"LVB";"M";"47";"DEP";"D";2022-05;244
"LVB";"A";"75";"DEP";"D";2022;23785
"LVB";"A";"04";"REG";"D";2019;13171
"LVB";"M";"02";"REG";"D";2024-05;241
"LVB";"M";"84";"REG";"D";2023-01;6502
"LVB";"M";"59";"DEP";"D";2022-07;2497
"LVB";"M";"24";"REG";"D";2022-02;1962
"LVB";"M";"35";"DEP";"D";2021-09;1030
"LVB";"A";"63";"DEP";"D";2016;6532
"LVB";"M";"54";"DEP";"D";2022-05;548
"LVB_CUMR";"A";"76";"DEP";"D";2024;1044
"LVB";"M";"45";"DEP";"D";2021-10;654
"LVB";"M";"90";"DEP";"D";2022-08;114
"LVB";"M";"34";"DEP";"D";2024-07;956
"LVB";"A";"75";"REG";"D";2019;53863
"LVB";"M";"11";"REG";"D";2023-03;12894
"LVB";"M";"63";"DEP";"D";2021-07;568
"LVB";"M";"56";"DEP";"D";2022-06;633
"LVB";"M";"52";"REG";"D";2024-05;3102
"LVB";"M";"77";"DEP";"D";2023-03;1522
"LVB";"M";"49";"DEP";"PROV";2025-02;545
"LVB";"M";"32";"DEP";"D";2023-10;93
"LVB";"M";"42";"DEP";"D";2024-04;550
"LVB";"M";"85";"DEP";"D";2022-11;472
"LVB";"M";"02";"REG";"PROV";2025-08;243
"LVB";"M";"94";"REG";"D";2024-01;234
"LVB";"M";"36";"DEP";"D";2021-04;151
"LVB";"M";"60";"DEP";"D";2024-08;751
"LVB";"M";"63";"DEP";"D";2023-12;469
"LVB";"M";"24";"REG";"D";2024-09;1977
"LVB";"A";"54";"DEP";"D";2024;5858
"LVB";"A";"44";"DEP";"D";2021;16746
"LVB";"M";"89";"DEP";"D";2022-06;258
"LVB";"M";"78";"DEP";"D";2023-03;1430
"LVB";"M";"58";"DEP";"PROV";2025-06;130
"LVB";"A";"33";"DEP";"D";2020;16970
"LVB";"M";"02";"REG";"D";2023-04;269
"LVB";"M";"84";"REG";"PROV";2025-01;6324
"LVB";"M";"54";"DEP";"PROV";2025-09;439
"LVB_CUMR";"A";"66";"DEP";"D";2024;346
"LVB";"M";"27";"REG";"D";2022-08;2214
"LVB";"M";"33";"DEP";"PROV";2025-01;1249
"LVB";"M";"48";"DEP";"PROV";2025-08;45
"LVB";"M";"47";"DEP";"PROV";2025-02;174
"LVB";"M";"86";"DEP";"PROV";2025-09;305
"LVB";"M";"11";"REG";"D";2021-08;14636
"LVB";"M";"52";"REG";"D";2021-10;3563
"LVB_CUMR";"A";"75";"DEP";"PROV";2025;1843
"LVB";"M";"75";"REG";"D";2023-02;3822
"LVB_CUMR";"A";"58";"DEP";"D";2019;119
"LVB";"M";"06";"REG";"PROV";2025-01;637
"LVB";"M";"90";"DEP";"D";2024-06;107
"LVB";"M";"42";"DEP";"D";2024-05;607
"LVB";"M";"31";"DEP";"PROV";2025-08;1190
"LVB";"M";"84";"REG";"D";2024-01;6664
"LVB";"M";"63";"DEP";"D";2022-02;450
"LVB";"M";"73";"DEP";"D";2022-11;355
"LVB";"M";"32";"REG";"D";2021-07;5778
"LVB";"M";"52";"DEP";"D";2023-03;120
"LVB";"A";"56";"DEP";"D";2020;6478
"LVB";"M";"01";"REG";"PROV";2025-04;261
"LVB_CUMR";"A";"01";"REG";"PROV";2025;274
"LVB";"M";"90";"DEP";"PROV";2025-05;82
"LVB";"M";"57";"DEP";"D";2022-12;765
"LVB";"M";"94";"REG";"D";2023-07;226
"LVB";"M";"46";"DEP";"D";2022-03;85
"LVB";"M";"76";"DEP";"PROV";2025-08;1019
"LVB";"M";"52";"REG";"D";2021-02;2784
"LVB";"M";"35";"DEP";"PROV";2025-09;893
"LVB";"M";"64";"DEP";"D";2022-06;472
"LVB";"M";"52";"DEP";"D";2024-03;95
"LVB";"M";"11";"REG";"D";2021-04;13891
"LVB";"M";"04";"REG";"D";2023-03;1211
"LVB";"M";"63";"DEP";"D";2022-05;561
"LVB";"M";"42";"DEP";"PROV";2025-04;554
"LVB_CUMR";"A";"89";"DEP";"D";2016;312
"LVB_CUMR";"A";"74";"DEP";"PROV";2026;761
"LVB";"M";"60";"DEP";"D";2024-02;705
"LVB";"M";"52";"REG";"D";2024-09;2976
"LVB";"A";"76";"REG";"D";2020;57275
"LVB";"M";"31";"DEP";"D";2022-08;1353
"LVB";"M";"06";"REG";"D";2022-06;934
"LVB";"M";"59";"DEP";"PROV";2025-01;2206
"LVB";"A";"50";"DEP";"D";2021;4419
"LVB";"A";"87";"DEP";"PROV";2025;2854
"LVB";"M";"46";"DEP";"D";2024-09;86
"LVB";"M";"61";"DEP";"D";2024-08;193
"LVB_CUMR";"A";"79";"DEP";"D";2021;235
"LVB";"M";"86";"DEP";"D";2023-06;293
"LVB";"M";"32";"DEP";"D";2024-11;93
"LVB";"M";"48";"DEP";"D";2022-02;55
"LVB_CUMR";"A";"76";"REG";"D";2021;4213
"LVB";"M";"28";"REG";"D";2021-01;2596
"LVB";"M";"56";"DEP";"D";2022-11;544
"LVB";"M";"52";"DEP";"D";2022-02;93
"LVB_CUMR";"A";"02";"REG";"PROV";2026;256
"LVB";"M";"78";"DEP";"D";2022-01;1416
"LVB";"M";"63";"DEP";"D";2023-07;468
"LVB";"M";"88";"DEP";"D";2021-05;244
"LVB_CUMR";"A";"36";"DEP";"D";2023;158
"LVB";"M";"44";"DEP";"PROV";2026-01;1168
"LVB";"M";"75";"REG";"PROV";2026-01;3921
"LVB";"M";"77";"DEP";"D";2024-05;1406
"LVB";"A";"32";"REG";"D";2021;65528
"LVB";"M";"60";"DEP";"D";2023-03;706
"LVB";"M";"01";"REG";"PROV";2025-09;323
"LVB";"M";"54";"DEP";"D";2022-12;551
"LVB_CUMR";"A";"44";"REG";"D";2023;4044
"LVB";"M";"45";"DEP";"D";2022-06;641
"LVB";"M";"35";"DEP";"D";2024-02;849
"LVB";"M";"75";"DEP";"D";2021-09;2225
"LVB";"M";"86";"DEP";"PROV";2025-05;299
"LVB";"M";"33";"DEP";"D";2021-03;1520
"LVB";"M";"64";"DEP";"D";2021-02;400
"LVB";"M";"76";"REG";"D";2023-08;4670
"LVB";"M";"59";"DEP";"D";2022-03;2389
"LVB";"M";"47";"DEP";"PROV";2025-03;215
"LVB";"M";"03";"REG";"D";2023-11;671
"LVB";"M";"52";"REG";"D";2022-01;3335
"LVB";"M";"49";"DEP";"D";2024-10;648
"LVB";"M";"06";"REG";"D";2024-03;902
"LVB";"M";"77";"DEP";"D";2021-08;1595
"LVB";"M";"32";"DEP";"D";2022-10;116
"LVB";"M";"89";"DEP";"PROV";2025-04;188
"LVB";"M";"27";"REG";"PROV";2025-12;1804
"LVB_CUMR";"A";"75";"REG";"D";2021;4051
"LVB";"M";"32";"DEP";"D";2022-04;115
"LVB_CUMR";"A";"62";"DEP";"PROV";2025;1140
"LVB_CUMR";"A";"56";"DEP";"D";2020;510
"LVB";"M";"47";"DEP";"PROV";2025-12;229
"LVB_CUMR";"A";"51";"DEP";"PROV";2025;441
"LVB";"M";"01";"REG";"D";2024-11;317
"LVB";"M";"44";"REG";"D";2024-01;3939
"LVB";"M";"90";"DEP";"D";2023-11;108
"LVB";"M";"84";"REG";"PROV";2025-12;6189
"LVB";"M";"34";"DEP";"D";2021-08;1129
"LVB";"M";"76";"DEP";"PROV";2025-01;989
"LVB_CUMR";"A";"62";"DEP";"D";2016;1469
"LVB";"M";"47";"DEP";"D";2024-02;201
"LVB";"M";"59";"DEP";"D";2022-05;2451
"LVB";"M";"27";"REG";"D";2021-11;2170
"LVB_CUMR";"A";"76";"REG";"D";2016;5035
"LVB";"M";"50";"DEP";"D";2023-08;366
"LVB";"M";"02";"REG";"D";2024-01;280
"LVB";"M";"86";"DEP";"D";2021-06;338
"LVB";"M";"34";"DEP";"D";2023-12;885
"LVB";"A";"65";"DEP";"D";2022;1862
"LVB";"M";"77";"DEP";"D";2024-08;1466
"LVB";"M";"46";"DEP";"D";2024-12;88
"LVB";"M";"78";"DEP";"D";2022-12;1551
"LVB";"M";"01";"REG";"D";2023-12;354
"LVB_CUMR";"A";"52";"REG";"D";2021;2958
"LVB";"M";"60";"DEP";"D";2024-12;687
"LVB";"M";"88";"DEP";"D";2022-03;229
"LVB";"M";"30";"DEP";"D";2023-04;539
"LVB";"M";"53";"DEP";"D";2021-09;260
"LVB";"M";"76";"REG";"PROV";2025-02;3736
"LVB";"M";"55";"DEP";"D";2022-05;124
"LVB_CUMR";"A";"64";"DEP";"D";2020;508
"LVB";"M";"47";"DEP";"D";2021-06;235
"LVB";"M";"52";"REG";"D";2023-06;3108
"LVB";"M";"73";"DEP";"D";2022-12;329
"LVB";"A";"34";"DEP";"D";2024;10734
"LVB";"M";"60";"DEP";"D";2022-02;745
"LVB";"M";"86";"DEP";"D";2021-02;296
"LVB";"M";"01";"REG";"PROV";2025-12;308
"LVB_CUMR";"A";"32";"REG";"PROV";2025;4861
"LVB";"M";"50";"DEP";"D";2021-09;387
"LVB";"M";"53";"REG";"PROV";2025-07;2509
"LVB";"M";"65";"DEP";"D";2024-08;138
"LVB";"M";"44";"DEP";"PROV";2025-06;1256
"LVB_CUMR";"A";"73";"DEP";"D";2023;293
"LVB";"M";"35";"DEP";"PROV";2025-03;857
"LVB_CUMR";"A";"87";"DEP";"D";2019;288
"LVB_CUMR";"A";"06";"REG";"D";2023;761
"LVB";"M";"58";"DEP";"D";2021-06;118
"LVB_CUMR";"A";"93";"REG";"D";2016;4787
"LVB";"A";"24";"REG";"D";2023;23516
"LVB";"M";"44";"DEP";"D";2024-04;1205
"LVB_CUMR";"A";"49";"DEP";"D";2019;731
"LVB";"M";"76";"DEP";"D";2024-09;1025
"LVB_CUMR";"A";"36";"DEP";"D";2022;153
"LVB";"M";"56";"DEP";"D";2023-06;549
"LVB";"M";"90";"DEP";"D";2024-12;86
"LVB";"M";"62";"DEP";"D";2021-01;1148
"LVB";"M";"02";"REG";"PROV";2026-01;256
"LVB";"A";"90";"DEP";"D";2017;1550
"LVB";"M";"33";"DEP";"D";2021-01;1303
"LVB";"M";"94";"REG";"PROV";2025-03;182
"LVB";"M";"42";"DEP";"PROV";2025-12;539
"LVB";"M";"48";"DEP";"PROV";2026-01;29
"LVB";"A";"75";"DEP";"D";2016;28384
"LVB";"M";"52";"REG";"PROV";2025-09;2871
"LVB_CUMR";"A";"59";"DEP";"D";2021;2239
"LVB";"M";"59";"DEP";"D";2024-08;2265
"LVB";"M";"02";"REG";"D";2021-05;248
"LVB_CUMR";"A";"64";"DEP";"D";2016;469
"LVB";"M";"34";"DEP";"D";2021-11;1122
"LVB";"M";"78";"DEP";"D";2021-08;1657
"LVB";"M";"87";"DEP";"D";2022-01;291
"LVB";"M";"24";"REG";"PROV";2025-09;1902
"LVB";"M";"44";"DEP";"D";2023-07;1296
"LVB";"M";"93";"REG";"D";2024-12;4220
"LVB";"A";"51";"DEP";"D";2017;6091
"LVB";"M";"56";"DEP";"PROV";2025-08;485
"LVB";"M";"04";"REG";"PROV";2025-02;929
"LVB";"M";"77";"DEP";"PROV";2026-01;1413
"LVB";"M";"36";"DEP";"D";2021-09;147
"LVB";"M";"52";"DEP";"D";2023-05;133
"LVB";"M";"91";"DEP";"D";2021-07;1662
"LVB";"M";"46";"DEP";"PROV";2025-04;79
"LVB";"A";"44";"REG";"D";2020;53129
"LVB";"A";"61";"DEP";"D";2024;2150
"LVB";"M";"75";"REG";"PROV";2025-01;3920
"LVB";"A";"76";"DEP";"D";2018;14183
"LVB";"M";"87";"DEP";"D";2023-12;233
"LVB_CUMR";"A";"55";"DEP";"D";2020;123
"LVB";"M";"01";"REG";"D";2023-05;337
"LVB";"A";"36";"DEP";"D";2018;1766
"LVB";"M";"54";"DEP";"D";2023-08;507
"LVB";"M";"46";"DEP";"D";2022-02;94
"LVB";"M";"28";"REG";"D";2021-11;2806
"LVB";"M";"85";"DEP";"D";2022-06;490
"LVB";"M";"76";"REG";"D";2023-11;4298
"LVB_CUMR";"A";"74";"DEP";"PROV";2025;766
"LVB";"M";"65";"DEP";"PROV";2025-06;121
"LVB";"M";"30";"DEP";"PROV";2025-04;476
"LVB";"M";"45";"DEP";"D";2023-11;552
"LVB";"M";"54";"DEP";"D";2021-02;478
"LVB";"M";"06";"REG";"PROV";2025-12;630
"LVB";"M";"57";"DEP";"D";2021-04;768
"LVB";"M";"24";"REG";"D";2022-01;2183
"LVB";"M";"93";"REG";"D";2022-11;4592
"LVB";"M";"90";"DEP";"D";2024-11;111
"LVB";"M";"48";"DEP";"D";2023-01;51
"LVB";"M";"32";"DEP";"D";2022-03;116
"LVB";"M";"75";"DEP";"D";2024-01;1737
"LVB";"M";"51";"DEP";"D";2022-03;490
"LVB";"M";"65";"DEP";"D";2023-02;140
"LVB";"M";"03";"REG";"D";2024-07;523
"LVB";"M";"43";"DEP";"PROV";2025-02;131
"LVB";"M";"78";"DEP";"D";2023-09;1402
"LVB";"M";"90";"DEP";"D";2022-07;128
"LVB";"M";"52";"REG";"D";2021-04;3202
"LVB";"M";"84";"REG";"D";2024-12;6223
"LVB";"M";"33";"DEP";"PROV";2025-03;1274
"LVB";"M";"53";"REG";"D";2023-01;2497
"LVB";"M";"54";"DEP";"D";2021-12;586
"LVB_CUMR";"A";"60";"DEP";"D";2019;807
"LVB_CUMR";"A";"63";"DEP";"D";2020;540
"LVB";"A";"03";"REG";"D";2018;7995
"LVB";"M";"47";"DEP";"D";2024-01;218
"LVB";"M";"02";"REG";"D";2021-11;363
"LVB";"M";"85";"DEP";"PROV";2026-01;452
"LVB";"M";"74";"DEP";"D";2023-06;774
"LVB";"M";"52";"REG";"D";2023-03;3031
"LVB";"M";"76";"REG";"D";2024-12;4185
"LVB";"A";"32";"DEP";"D";2017;1383
"LVB";"M";"66";"DEP";"D";2024-12;374
"LVB_CUMR";"A";"43";"DEP";"D";2020;158
"LVB";"M";"51";"DEP";"D";2023-03;424
"LVB";"M";"60";"DEP";"D";2021-09;868
"LVB";"M";"86";"DEP";"PROV";2025-02;250
"LVB";"M";"35";"DEP";"D";2022-10;957
"LVB";"A";"66";"DEP";"D";2024;4045
"LVB";"M";"02";"REG";"D";2022-04;254
"LVB";"M";"93";"REG";"D";2023-07;4507
"LVB_CUMR";"A";"78";"DEP";"D";2023;1519
"LVB";"M";"74";"DEP";"D";2024-05;733
"LVB";"M";"32";"REG";"PROV";2025-07;4975
"LVB";"M";"53";"DEP";"D";2024-06;225
"LVB_CUMR";"A";"60";"DEP";"D";2016;834
"LVB";"M";"88";"DEP";"D";2024-10;235
"LVB_CUMR";"A";"47";"DEP";"PROV";2026;239
"LVB_CUMR";"A";"66";"DEP";"PROV";2026;326
"LVB";"M";"32";"DEP";"D";2022-09;114
"LVB";"M";"93";"REG";"D";2022-09;4594
"LVB";"M";"11";"REG";"PROV";2025-06;12637
"LVB_CUMR";"A";"50";"DEP";"PROV";2026;292
"LVB";"M";"27";"REG";"D";2021-04;2158
"LVB_CUMR";"A";"06";"REG";"D";2024;762
"LVB";"M";"60";"DEP";"D";2021-01;641
"LVB";"M";"87";"DEP";"D";2023-11;255
"LVB_CUMR";"A";"77";"DEP";"D";2017;1552
"LVB";"M";"66";"DEP";"D";2022-12;335
"LVB";"A";"32";"DEP";"D";2019;1388
"LVB";"M";"44";"DEP";"D";2023-05;1256
"LVB";"M";"93";"REG";"D";2021-09;5020
"LVB";"M";"52";"DEP";"D";2024-11;103
"LVB";"M";"58";"DEP";"D";2021-12;122
"LVB_CUMR";"A";"53";"DEP";"D";2017;270
"LVB";"A";"32";"REG";"D";2018;67913
"LVB";"M";"01";"REG";"D";2024-05;251
"LVB_CUMR";"A";"78";"DEP";"PROV";2025;1450
"LVB";"M";"87";"DEP";"PROV";2025-07;240
"LVB_CUMR";"A";"35";"DEP";"PROV";2025;888
"LVB";"M";"75";"REG";"D";2022-10;4582
"LVB";"M";"88";"DEP";"D";2023-08;207
"LVB";"M";"63";"DEP";"PROV";2025-01;414
"LVB";"M";"53";"DEP";"D";2021-02;204
"LVB";"M";"46";"DEP";"D";2021-08;113
"LVB";"M";"87";"DEP";"D";2024-08;251
"LVB_CUMR";"A";"55";"DEP";"PROV";2025;139
"LVB";"M";"24";"REG";"D";2023-12;1873
"LVB";"M";"49";"DEP";"D";2022-09;710
"LVB";"M";"11";"REG";"D";2022-02;12483
"LVB";"A";"94";"REG";"D";2023;2500
"LVB";"A";"36";"DEP";"D";2016;1760
"LVB";"M";"76";"DEP";"D";2024-12;992
"LVB";"M";"63";"DEP";"D";2022-03;512
"LVB";"M";"44";"DEP";"D";2022-01;1314
"LVB";"M";"78";"DEP";"D";2024-11;1340
"LVB_CUMR";"A";"88";"DEP";"D";2023;234
"LVB_CUMR";"A";"32";"REG";"D";2019;5717
"LVB";"M";"60";"DEP";"PROV";2025-05;634
"LVB";"M";"11";"REG";"D";2024-09;12709
"LVB";"M";"75";"DEP";"PROV";2025-11;1690
"LVB";"M";"49";"DEP";"D";2024-08;658
"LVB";"M";"31";"DEP";"PROV";2026-01;1162
"LVB";"M";"53";"REG";"D";2023-02;2246
"LVB";"M";"89";"DEP";"D";2022-08;268
"LVB";"M";"48";"DEP";"D";2023-11;50
"LVB";"M";"62";"DEP";"D";2024-07;1168
"LVB";"M";"31";"DEP";"PROV";2025-09;1164
"LVB_CUMR";"A";"11";"REG";"D";2022;12940
"LVB_CUMR";"A";"24";"REG";"PROV";2025;1914
"LVB";"M";"44";"REG";"D";2023-05;4022
"LVB";"M";"55";"DEP";"PROV";2026-01;105
"LVB";"M";"74";"DEP";"PROV";2025-04;708
"LVB";"M";"52";"DEP";"D";2021-11;116
"LVB";"M";"65";"DEP";"D";2023-11;141
"LVB";"M";"46";"DEP";"D";2021-01;102
"LVB";"A";"88";"DEP";"D";2018;3202
"LVB";"M";"94";"REG";"D";2022-11;219
"LVB_CUMR";"A";"33";"DEP";"D";2016;1428
"LVB";"M";"28";"REG";"D";2023-01;2546
"LVB";"A";"04";"REG";"D";2018;13364
"LVB";"M";"55";"DEP";"D";2022-01;126
"LVB";"M";"58";"DEP";"D";2021-11;124
"LVB_CUMR";"A";"89";"DEP";"PROV";2025;255
"LVB";"M";"73";"DEP";"D";2023-03;289
"LVB";"M";"63";"DEP";"D";2023-06;434
"LVB";"M";"53";"DEP";"D";2021-04;252
"LVB";"M";"43";"DEP";"D";2023-03;131
"LVB";"A";"35";"DEP";"D";2016;11925
"LVB_CUMR";"A";"91";"DEP";"D";2020;1528
"LVB";"A";"53";"REG";"D";2022;31070
"LVB";"M";"06";"REG";"D";2024-11;633
"LVB";"M";"88";"DEP";"D";2021-07;289
"LVB";"M";"24";"REG";"D";2023-07;2120
"LVB";"A";"59";"DEP";"D";2018;31396
"LVB";"M";"93";"REG";"D";2023-12;4231
"LVB";"M";"33";"DEP";"D";2022-08;1459
"LVB";"M";"78";"DEP";"D";2023-06;1513
"LVB_CUMR";"A";"55";"DEP";"D";2022;126
"LVB";"A";"67";"DEP";"D";2016;12516
"LVB";"M";"56";"DEP";"D";2024-04;491
"LVB";"M";"76";"DEP";"PROV";2025-05;1000
"LVB_CUMR";"A";"35";"DEP";"D";2024;889
"LVB";"M";"50";"DEP";"D";2022-06;389
"LVB";"M";"46";"DEP";"D";2024-01;115
"LVB";"A";"88";"DEP";"D";2022;2907
"LVB";"M";"28";"REG";"D";2024-10;2525
"LVB";"A";"43";"DEP";"PROV";2025;1658
"LVB";"M";"58";"DEP";"D";2022-04;138
"LVB";"A";"93";"REG";"D";2016;57845
"LVB";"M";"03";"REG";"D";2022-08;652
"LVB";"M";"46";"DEP";"PROV";2026-01;94
"LVB_CUMR";"A";"63";"DEP";"D";2022;488
"LVB";"M";"51";"DEP";"D";2023-06;427
"LVB";"M";"79";"DEP";"D";2021-05;281
"LVB";"A";"35";"DEP";"D";2017;11680
"LVB";"M";"52";"REG";"D";2022-04;3123
"LVB";"M";"57";"DEP";"PROV";2025-10;742
"LVB_CUMR";"A";"86";"DEP";"D";2023;269
"LVB";"M";"45";"DEP";"D";2024-07;594
"LVB";"M";"84";"REG";"D";2022-10;6998
"LVB";"A";"86";"DEP";"D";2020;4039
"LVB";"M";"03";"REG";"D";2022-03;656
"LVB";"M";"52";"DEP";"PROV";2025-08;106
"LVB";"M";"32";"DEP";"D";2022-05;134
"LVB";"M";"75";"DEP";"D";2021-07;2320
"LVB";"A";"62";"DEP";"D";2023;14130
"LVB";"M";"76";"REG";"D";2022-08;5112
"LVB";"M";"59";"DEP";"D";2023-02;2146
"LVB_CUMR";"A";"24";"REG";"D";2024;2009
"LVB_CUMR";"A";"45";"DEP";"D";2021;538
"LVB";"M";"73";"DEP";"PROV";2025-06;330
"LVB";"M";"50";"DEP";"D";2021-06;399
"LVB";"M";"87";"DEP";"D";2024-11;222
"LVB";"M";"75";"REG";"D";2024-06;3737
"LVB";"M";"06";"REG";"D";2023-08;816
"LVB";"M";"36";"DEP";"D";2023-07;129
"LVB";"M";"77";"DEP";"D";2022-09;1522
"LVB";"M";"63";"DEP";"D";2021-10;581
"LVB";"M";"58";"DEP";"PROV";2025-09;104
"LVB";"A";"24";"REG";"D";2019;25852
"LVB";"M";"45";"DEP";"D";2024-01;624
"LVB";"M";"36";"DEP";"D";2021-11;146
"LVB";"M";"51";"DEP";"D";2021-06;507
"LVB";"M";"86";"DEP";"D";2024-01;317
"LVB";"M";"02";"REG";"D";2022-03;317
"LVB";"M";"53";"REG";"D";2024-11;2253
"LVB";"M";"61";"DEP";"D";2021-12;218
"LVB_CUMR";"A";"76";"DEP";"D";2017;1217
"LVB";"M";"57";"DEP";"D";2024-02;771
"LVB";"A";"24";"REG";"PROV";2025;22296
"LVB";"M";"49";"DEP";"PROV";2025-11;631
"LVB_CUMR";"A";"44";"DEP";"D";2017;1312
"LVB";"M";"35";"DEP";"D";2023-01;916
"LVB";"M";"66";"DEP";"D";2024-03;314
"LVB";"M";"44";"REG";"D";2024-02;3807
"LVB";"M";"06";"REG";"D";2024-10;652
"LVB";"M";"90";"DEP";"PROV";2025-06;104
"LVB";"M";"94";"REG";"D";2023-11;200
"LVB";"M";"33";"DEP";"D";2022-07;1540
"LVB";"M";"75";"DEP";"D";2024-10;1913
"LVB";"M";"53";"DEP";"D";2022-09;281
"LVB";"M";"60";"DEP";"D";2024-10;718
"LVB";"M";"44";"DEP";"PROV";2025-12;1227
"LVB";"M";"58";"DEP";"PROV";2025-02;92
"LVB";"A";"61";"DEP";"D";2018;2444
"LVB";"M";"77";"DEP";"D";2024-10;1489
"LVB";"M";"32";"REG";"D";2022-06;5353
"LVB_CUMR";"A";"75";"REG";"D";2016;4653
"LVB";"M";"86";"DEP";"D";2022-10;328
"LVB";"M";"02";"REG";"PROV";2025-04;216
"LVB";"M";"51";"DEP";"D";2021-11;562
"LVB";"M";"34";"DEP";"D";2024-12;877
"LVB";"M";"57";"DEP";"D";2023-06;743
"LVB_CUMR";"A";"43";"DEP";"D";2019;157
"LVB";"A";"28";"REG";"PROV";2025;28493
"LVB";"M";"77";"DEP";"D";2024-04;1384
"LVB";"M";"66";"DEP";"D";2021-09;422
"LVB";"A";"02";"REG";"PROV";2025;2921
"LVB";"M";"75";"REG";"PROV";2025-09;3978
"LVB";"M";"89";"DEP";"D";2024-11;193
"LVB";"M";"53";"DEP";"D";2021-01;226
"LVB_CUMR";"A";"35";"DEP";"D";2023;916
"LVB";"M";"76";"DEP";"D";2022-12;1117
"LVB";"M";"58";"DEP";"D";2021-07;151
"LVB";"A";"64";"DEP";"D";2024;5360
"LVB";"M";"42";"DEP";"D";2024-11;599
"LVB";"M";"61";"DEP";"D";2024-02;183
"LVB_CUMR";"A";"03";"REG";"D";2016;669
"LVB";"M";"76";"REG";"D";2022-06;4761
"LVB";"M";"90";"DEP";"D";2021-06;120
"LVB";"M";"44";"REG";"D";2022-06;4399
"LVB";"M";"24";"REG";"D";2021-04;2214
"LVB";"A";"32";"REG";"D";2020;65496
"LVB";"M";"51";"DEP";"D";2021-10;544
"LVB";"M";"31";"DEP";"D";2022-07;1369
"LVB";"M";"75";"REG";"D";2021-11;4696
"LVB";"M";"60";"DEP";"D";2022-06;732
"LVB";"M";"77";"DEP";"D";2022-12;1549
"LVB_CUMR";"A";"45";"DEP";"D";2024;624
"LVB";"M";"02";"REG";"D";2021-02;272
"LVB";"A";"62";"DEP";"D";2019;15590
"LVB";"A";"53";"DEP";"D";2021;2986
"LVB";"M";"24";"REG";"D";2024-07;1960
"LVB";"M";"42";"DEP";"PROV";2025-09;646
"LVB";"M";"86";"DEP";"PROV";2025-08;283
"LVB";"A";"02";"REG";"D";2022;3493
"LVB";"M";"58";"DEP";"D";2022-11;117
"LVB";"M";"94";"REG";"D";2022-05;215
"LVB";"M";"33";"DEP";"D";2022-09;1410
"LVB";"M";"78";"DEP";"D";2023-11;1391
"LVB";"M";"66";"DEP";"D";2022-04;348
"LVB";"M";"52";"REG";"D";2024-04;2871
"LVB";"M";"50";"DEP";"D";2023-03;341
"LVB_CUMR";"A";"89";"DEP";"D";2023;260
"LVB";"M";"45";"DEP";"D";2024-06;557
"LVB";"A";"44";"REG";"D";2021;53113
"LVB";"M";"58";"DEP";"D";2024-04;109
"LVB";"M";"01";"REG";"PROV";2025-08;314
"LVB";"M";"54";"DEP";"D";2022-01;564
"LVB";"M";"93";"REG";"D";2022-03;4501
"LVB";"M";"33";"DEP";"D";2023-09;1336
"LVB";"M";"76";"DEP";"D";2024-03;1068
"LVB";"M";"62";"DEP";"D";2023-06;1119
"LVB";"M";"76";"DEP";"D";2024-05;1066
"LVB";"M";"59";"DEP";"D";2023-04;2154
"LVB";"M";"50";"DEP";"D";2024-10;327
"LVB";"A";"84";"REG";"D";2020;86473
"LVB";"M";"02";"REG";"D";2023-09;271
"LVB";"M";"75";"DEP";"PROV";2025-12;1760
"LVB";"M";"87";"DEP";"D";2021-05;260
"LVB_CUMR";"A";"44";"DEP";"D";2016;1314
"LVB";"M";"44";"REG";"D";2024-04;3795
"LVB";"M";"32";"DEP";"D";2024-04;96
"LVB_CUMR";"A";"58";"DEP";"D";2018;147
"LVB";"M";"78";"DEP";"D";2023-07;1526
"LVB";"M";"65";"DEP";"D";2024-06;130
"LVB_CUMR";"A";"35";"DEP";"D";2016;1023
"LVB";"M";"50";"DEP";"D";2024-07;383
"LVB";"M";"76";"REG";"PROV";2025-08;4350
"LVB";"A";"04";"REG";"D";2023;12876
"LVB";"M";"93";"REG";"D";2022-01;4494
"LVB";"M";"24";"REG";"D";2022-10;2039
"LVB";"M";"43";"DEP";"PROV";2025-06;153
"LVB";"M";"33";"DEP";"PROV";2025-08;1261
"LVB";"A";"58";"DEP";"D";2021;1547
"LVB";"M";"88";"DEP";"PROV";2025-12;194
"LVB";"M";"55";"DEP";"D";2023-11;119
"LVB_CUMR";"A";"85";"DEP";"PROV";2025;442
"LVB";"M";"64";"DEP";"D";2023-02;409
"LVB";"M";"66";"DEP";"D";2022-09;359
"LVB";"M";"49";"DEP";"D";2024-09;675
"LVB";"M";"78";"DEP";"D";2022-04;1445
"LVB";"M";"06";"REG";"PROV";2025-07;758
"LVB";"M";"45";"DEP";"PROV";2025-06;522
"LVB";"M";"44";"REG";"D";2022-07;4725
"LVB";"M";"84";"REG";"D";2022-11;6933
"LVB";"M";"36";"DEP";"D";2022-06;152
"LVB";"M";"54";"DEP";"D";2024-07;517
"LVB_CUMR";"A";"55";"DEP";"D";2016;140
"LVB";"M";"73";"DEP";"D";2022-02;341
"LVB_CUMR";"A";"63";"DEP";"D";2023;484
"LVB";"M";"88";"DEP";"D";2023-07;234
"LVB_CUMR";"A";"02";"REG";"D";2017;264
"LVB";"M";"65";"DEP";"PROV";2025-07;153
"LVB";"A";"27";"REG";"PROV";2025;21861
"LVB";"M";"36";"DEP";"D";2022-01;153
"LVB";"M";"47";"DEP";"D";2021-01;221
"LVB";"M";"65";"DEP";"PROV";2025-04;118
"LVB";"M";"94";"REG";"D";2024-07;227
"LVB";"M";"76";"DEP";"D";2024-06;972
"LVB_CUMR";"A";"58";"DEP";"D";2021;128
"LVB";"M";"54";"DEP";"D";2023-06;498
"LVB_CUMR";"A";"35";"DEP";"PROV";2026;960
"LVB_CUMR";"A";"06";"REG";"D";2019;783
"LVB_CUMR";"A";"89";"DEP";"D";2017;255
"LVB";"M";"52";"REG";"D";2021-05;3403
"LVB";"M";"65";"DEP";"D";2023-09;152
"LVB";"M";"33";"DEP";"D";2022-05;1467
"LVB_CUMR";"A";"77";"DEP";"D";2018;1524
"LVB";"M";"58";"DEP";"PROV";2025-04;121
"LVB";"A";"53";"REG";"D";2020;30993
"LVB";"M";"65";"DEP";"D";2022-05;176
"LVB";"M";"47";"DEP";"D";2021-07;276
"LVB";"M";"75";"REG";"D";2021-04;4255
"LVB";"A";"03";"REG";"PROV";2025;6627
"LVB";"A";"50";"DEP";"D";2018;4306
"LVB_CUMR";"A";"86";"DEP";"D";2018;330
"LVB";"M";"34";"DEP";"D";2022-08;1148
"LVB";"M";"44";"REG";"D";2021-05;4350
"LVB_CUMR";"A";"57";"DEP";"D";2018;801
"LVB";"A";"74";"DEP";"PROV";2025;8979
"LVB";"M";"53";"REG";"PROV";2025-04;2237
"LVB";"M";"61";"DEP";"D";2021-11;205
"LVB";"M";"42";"DEP";"D";2024-03;587
"LVB";"M";"30";"DEP";"D";2024-07;576
"LVB_CUMR";"A";"51";"DEP";"D";2018;541
"LVB";"M";"02";"REG";"PROV";2025-07;212
"LVB_CUMR";"A";"57";"DEP";"D";2022;801
"LVB";"M";"34";"DEP";"D";2023-08;995
"LVB";"M";"27";"REG";"D";2023-11;1889
"LVB";"M";"85";"DEP";"D";2024-04;398
"LVB";"A";"94";"REG";"D";2022;2749
"LVB";"M";"76";"DEP";"D";2023-03;1013
"LVB";"M";"47";"DEP";"D";2023-05;216
"LVB";"A";"66";"DEP";"D";2023;4146
"LVB";"M";"01";"REG";"D";2022-09;373
"LVB";"M";"49";"DEP";"D";2022-06;743
"LVB";"M";"44";"REG";"D";2024-10;3996
"LVB";"M";"60";"DEP";"D";2024-04;661
"LVB";"M";"30";"DEP";"PROV";2026-01;529
"LVB";"M";"91";"DEP";"D";2022-02;1469
"LVB";"M";"74";"DEP";"PROV";2025-07;796
"LVB_CUMR";"A";"44";"DEP";"D";2023;1232
"LVB";"M";"75";"REG";"D";2022-06;4480
"LVB";"M";"01";"REG";"PROV";2025-11;339
"LVB";"A";"63";"DEP";"PROV";2025;5418
"LVB_CUMR";"A";"56";"DEP";"PROV";2025;546
"LVB";"M";"52";"DEP";"D";2021-05;127
"LVB";"M";"24";"REG";"D";2022-11;2079
"LVB_CUMR";"A";"35";"DEP";"D";2020;995
"LVB";"A";"91";"DEP";"D";2017;18693
"LVB";"M";"46";"DEP";"D";2023-08;76
"LVB";"M";"11";"REG";"D";2024-02;12331
"LVB";"M";"77";"DEP";"D";2022-03;1559
"LVB";"M";"53";"DEP";"D";2022-06;243
"LVB";"M";"64";"DEP";"D";2022-01;508
"LVB_CUMR";"A";"55";"DEP";"D";2023;122
"LVB_CUMR";"A";"93";"REG";"D";2022;4494
"LVB";"M";"74";"DEP";"D";2021-05;826
"LVB_CUMR";"A";"53";"REG";"D";2019;2622
"LVB";"M";"33";"DEP";"D";2024-05;1340
"LVB";"M";"56";"DEP";"D";2021-07;603
"LVB_CUMR";"A";"87";"DEP";"PROV";2025;242
"LVB";"M";"31";"DEP";"D";2021-04;1275
"LVB";"M";"03";"REG";"D";2022-02;584
"LVB";"M";"47";"DEP";"D";2022-07;270
"LVB";"M";"49";"DEP";"D";2022-03;660
"LVB";"M";"11";"REG";"D";2021-11;14072
"LVB_CUMR";"A";"64";"DEP";"D";2022;508
"LVB";"M";"52";"REG";"D";2023-11;3087
"LVB_CUMR";"A";"32";"DEP";"D";2019;134
"LVB";"M";"74";"DEP";"D";2023-10;780
"LVB";"M";"94";"REG";"D";2024-06;178
"LVB";"A";"59";"DEP";"D";2017;32304
"LVB";"M";"11";"REG";"D";2021-02;11850
"LVB";"A";"52";"DEP";"D";2024;1250
"LVB";"M";"87";"DEP";"D";2023-01;268
"LVB";"M";"27";"REG";"PROV";2025-08;1811
"LVB";"M";"28";"REG";"D";2024-11;2446
"LVB";"M";"45";"DEP";"D";2024-08;679
"LVB";"M";"63";"DEP";"D";2021-01;499
"LVB";"M";"88";"DEP";"D";2022-08;257
"LVB";"M";"55";"DEP";"PROV";2025-05;110
"LVB";"M";"78";"DEP";"D";2022-02;1399
"LVB";"M";"36";"DEP";"D";2022-09;138
"LVB";"M";"75";"REG";"D";2022-09;4534
"LVB";"A";"04";"REG";"D";2024;11818
"LVB";"M";"53";"DEP";"D";2022-08;271
"LVB";"M";"28";"REG";"PROV";2025-11;2240
"LVB";"A";"90";"DEP";"D";2019;1451
"LVB";"A";"48";"DEP";"D";2022;583
"LVB";"M";"63";"DEP";"D";2024-12;404
"LVB_CUMR";"A";"31";"DEP";"D";2018;1300
"LVB";"M";"58";"DEP";"D";2024-08;117
"LVB";"M";"78";"DEP";"PROV";2025-03;1445
"LVB";"M";"76";"REG";"D";2024-10;4520
"LVB";"A";"02";"REG";"D";2016;3782
"LVB";"M";"54";"DEP";"D";2023-12;492
"LVB";"M";"32";"REG";"PROV";2025-08;4879
"LVB";"M";"77";"DEP";"PROV";2025-05;1365
"LVB";"M";"86";"DEP";"D";2022-06;366
"LVB";"M";"47";"DEP";"PROV";2025-04;181
"LVB";"M";"66";"DEP";"D";2022-02;317
"LVB";"M";"30";"DEP";"D";2024-11;543
"LVB";"M";"59";"DEP";"PROV";2025-05;2075
"LVB";"M";"88";"DEP";"PROV";2025-04;190
"LVB";"M";"24";"REG";"PROV";2025-04;1765
"LVB";"M";"93";"REG";"D";2022-06;4662
"LVB";"M";"52";"DEP";"PROV";2025-10;108
"LVB";"M";"44";"REG";"D";2022-08;4427
"LVB";"A";"11";"REG";"D";2024;152548
"LVB_CUMR";"A";"74";"DEP";"D";2019;829
"LVB";"M";"43";"DEP";"D";2021-11;155
"LVB";"M";"32";"DEP";"D";2023-06;91
"LVB";"M";"62";"DEP";"D";2023-07;1241
"LVB";"M";"89";"DEP";"D";2021-04;232
"LVB";"M";"55";"DEP";"D";2021-03;112
"LVB";"M";"24";"REG";"D";2024-12;1863
"LVB";"A";"76";"REG";"PROV";2025;50079
"LVB";"M";"04";"REG";"D";2024-10;979
"LVB";"M";"51";"DEP";"D";2022-07;494
"LVB";"M";"78";"DEP";"D";2024-01;1393
"LVB";"A";"43";"DEP";"D";2024;1729
"LVB";"M";"35";"DEP";"D";2023-09;912
"LVB";"A";"43";"DEP";"D";2020;1893
"LVB";"M";"54";"DEP";"D";2022-10;534
"LVB_CUMR";"A";"61";"DEP";"D";2017;198
"LVB";"M";"57";"DEP";"D";2021-02;728
"LVB";"M";"64";"DEP";"D";2024-03;431
"LVB";"M";"27";"REG";"D";2022-04;2048
"LVB";"M";"90";"DEP";"D";2022-06;103
"LVB";"M";"74";"DEP";"D";2021-04;777
"LVB";"M";"01";"REG";"PROV";2025-06;226
"LVB";"M";"84";"REG";"D";2023-10;6847
"LVB";"M";"45";"DEP";"D";2024-03;548
"LVB";"A";"54";"DEP";"D";2019;7003
"LVB";"M";"84";"REG";"D";2021-05;7261
"LVB";"M";"30";"DEP";"PROV";2025-01;535
"LVB";"M";"58";"DEP";"D";2022-01;116
"LVB";"M";"28";"REG";"D";2023-04;2434
"LVB_CUMR";"A";"62";"DEP";"D";2023;1186
"LVB";"M";"91";"DEP";"D";2022-09;1461
"LVB";"M";"76";"DEP";"D";2023-07;1075
"LVB";"M";"06";"REG";"D";2022-01;740
"LVB";"M";"48";"DEP";"D";2024-07;49
"LVB";"M";"53";"DEP";"D";2021-08;275
"LVB";"A";"32";"DEP";"D";2016;1497
"LVB";"A";"58";"DEP";"PROV";2025;1321
"LVB_CUMR";"A";"44";"REG";"D";2018;4632
"LVB";"M";"65";"DEP";"D";2021-09;166
"LVB";"M";"75";"REG";"D";2021-09;4850
"LVB";"M";"88";"DEP";"D";2024-08;252
"LVB";"M";"74";"DEP";"PROV";2025-05;758
"LVB";"M";"51";"DEP";"D";2022-11;472
"LVB";"M";"90";"DEP";"D";2024-05;112
"LVB";"M";"44";"DEP";"D";2022-06;1337
"LVB_CUMR";"A";"31";"DEP";"D";2024;1211
"LVB";"M";"06";"REG";"D";2023-09;708
"LVB";"M";"55";"DEP";"D";2023-06;120
"LVB";"M";"63";"DEP";"D";2022-07;555
"LVB";"A";"32";"REG";"D";2022;64121
"LVB";"M";"75";"REG";"D";2021-01;4051
"LVB_CUMR";"A";"74";"DEP";"D";2022;833
"LVB";"M";"30";"DEP";"D";2024-12;574
"LVB";"M";"60";"DEP";"D";2024-09;719
"LVB";"M";"84";"REG";"D";2021-06;7175
"LVB";"M";"53";"DEP";"D";2021-11;284
"LVB";"A";"46";"DEP";"D";2017;1260
"LVB";"M";"02";"REG";"D";2021-01;293
"LVB";"M";"34";"DEP";"PROV";2025-05;890
"LVB";"M";"66";"DEP";"PROV";2025-05;302
"LVB";"M";"86";"DEP";"D";2021-09;370
"LVB";"M";"27";"REG";"D";2023-02;1892
"LVB";"M";"51";"DEP";"D";2024-06;373
"LVB";"M";"76";"DEP";"D";2024-02;947
"LVB";"M";"56";"DEP";"D";2021-05;555
"LVB";"M";"59";"DEP";"PROV";2025-08;2201
"LVB";"M";"94";"REG";"D";2023-04;178
"LVB";"M";"89";"DEP";"D";2024-10;241
"LVB";"M";"24";"REG";"PROV";2025-01;1914
"LVB";"A";"62";"DEP";"D";2022;15030
"LVB";"M";"48";"DEP";"D";2022-01;43
"LVB";"A";"33";"DEP";"D";2016;17052
"LVB_CUMR";"A";"06";"REG";"D";2022;740
"LVB_CUMR";"A";"48";"DEP";"PROV";2026;29
"LVB";"M";"73";"DEP";"D";2024-09;304
"LVB_CUMR";"A";"58";"DEP";"D";2022;116
"LVB";"M";"50";"DEP";"D";2023-02;292
"LVB";"A";"27";"REG";"D";2022;24809
"LVB";"M";"62";"DEP";"PROV";2025-01;1140
"LVB";"M";"94";"REG";"PROV";2025-04;170
"LVB";"M";"50";"DEP";"D";2021-07;410
"LVB";"M";"44";"DEP";"PROV";2025-02;1110
"LVB";"M";"89";"DEP";"D";2021-12;280
"LVB_CUMR";"A";"58";"DEP";"D";2023;121
"LVB";"M";"33";"DEP";"PROV";2025-09;1292
"LVB";"M";"02";"REG";"D";2021-04;249
"LVB";"M";"78";"DEP";"D";2021-01;1284
"LVB";"M";"57";"DEP";"D";2021-01;762
"LVB";"M";"24";"REG";"D";2021-11;2180
"LVB";"M";"02";"REG";"D";2024-09;262
"LVB_CUMR";"A";"47";"DEP";"D";2022;238
"LVB";"A";"06";"REG";"PROV";2025;9074
"LVB";"M";"76";"REG";"D";2022-11;4705
"LVB";"M";"51";"DEP";"D";2023-01;442
"LVB";"A";"87";"DEP";"D";2022;3316
"LVB";"M";"63";"DEP";"PROV";2025-09;494
"LVB";"M";"32";"DEP";"D";2021-11;134
"LVB";"M";"56";"DEP";"D";2022-09;575
"LVB";"M";"28";"REG";"D";2021-05;2753
"LVB";"M";"76";"DEP";"D";2021-01;1109
"LVB";"M";"48";"DEP";"D";2021-12;38
"LVB";"M";"57";"DEP";"D";2021-05;781
"LVB_CUMR";"A";"02";"REG";"D";2019;314
"LVB_CUMR";"A";"63";"DEP";"D";2021;499
"LVB";"A";"50";"DEP";"D";2017;4437
"LVB";"M";"36";"DEP";"D";2023-02;127
"LVB";"M";"76";"REG";"D";2024-04;4037
"LVB";"A";"48";"DEP";"D";2021;604
"LVB";"M";"88";"DEP";"D";2021-01;231
"LVB";"M";"32";"DEP";"PROV";2025-08;118
"LVB";"A";"33";"DEP";"D";2019;16955
"LVB";"M";"55";"DEP";"D";2022-02;117
"LVB";"M";"65";"DEP";"D";2022-02;116
"LVB";"A";"52";"REG";"D";2019;39429
"LVB";"M";"32";"REG";"D";2023-08;5297
"LVB";"M";"51";"DEP";"PROV";2026-01;445
"LVB";"M";"77";"DEP";"PROV";2025-10;1456
"LVB";"A";"36";"DEP";"D";2023;1599
"LVB";"M";"84";"REG";"D";2022-01;7169
"LVB";"M";"58";"DEP";"D";2024-05;117
"LVB";"A";"50";"DEP";"D";2016;4555
"LVB";"M";"99";"OTHER";"PROV";2025-10;90
"LVB_CUMR";"A";"44";"DEP";"D";2019;1348
"LVB";"M";"24";"REG";"PROV";2025-05;1825
"LVB_CUMR";"A";"86";"DEP";"D";2021;291
"LVB";"M";"84";"REG";"PROV";2025-02;5715
"LVB";"M";"65";"DEP";"PROV";2025-05;126
"LVB_CUMR";"A";"75";"DEP";"D";2021;1822
"LVB_CUMR";"A";"76";"REG";"PROV";2025;4315
"LVB";"M";"35";"DEP";"D";2021-06;931
"LVB_CUMR";"A";"59";"DEP";"D";2019;2634
"LVB";"M";"53";"REG";"D";2024-12;2276
"LVB_CUMR";"A";"35";"DEP";"D";2021;871
"LVB";"M";"32";"REG";"PROV";2025-09;4647
"LVB";"A";"52";"DEP";"D";2021;1445
"LVB_CUMR";"A";"03";"REG";"D";2017;586
"LVB_CUMR";"A";"48";"DEP";"D";2020;52
"LVB_CUMR";"A";"88";"DEP";"D";2017;283
"LVB";"M";"61";"DEP";"D";2023-11;171
"LVB";"M";"77";"DEP";"D";2021-02;1343
"LVB_CUMR";"A";"84";"REG";"D";2020;7302
"LVB";"A";"57";"DEP";"D";2024;8693
"LVB";"M";"50";"DEP";"PROV";2025-03;310
"LVB";"M";"35";"DEP";"D";2024-09;866
"LVB";"M";"02";"REG";"PROV";2025-01;250
"LVB";"M";"44";"REG";"D";2023-12;3828
"LVB";"M";"43";"DEP";"D";2022-02;144
"LVB";"M";"87";"DEP";"D";2023-06;277
"LVB";"M";"61";"DEP";"PROV";2025-08;189
"LVB";"M";"78";"DEP";"D";2021-09;1569
"LVB";"M";"04";"REG";"D";2021-05;1178
"LVB";"M";"76";"REG";"PROV";2025-05;4163
"LVB";"M";"31";"DEP";"D";2023-06;1237
"LVB";"A";"55";"DEP";"D";2021;1581
"LVB";"M";"49";"DEP";"D";2023-06;678
"LVB_CUMR";"A";"46";"DEP";"D";2019;94
"LVB_CUMR";"A";"62";"DEP";"D";2020;1345
"LVB";"M";"32";"REG";"D";2024-11;4664
"LVB";"M";"63";"DEP";"D";2021-12;556
"LVB";"M";"78";"DEP";"D";2022-11;1487
"LVB";"M";"87";"DEP";"D";2022-12;261
"LVB";"M";"04";"REG";"D";2023-09;1061
"LVB";"M";"56";"DEP";"PROV";2026-01;492
"LVB";"M";"76";"REG";"D";2021-11;4990
"LVB";"M";"32";"REG";"D";2021-11;5653
"LVB";"M";"32";"DEP";"D";2024-06;106
"LVB";"M";"65";"DEP";"D";2022-09;168
"LVB";"M";"44";"DEP";"D";2022-11;1282
"LVB";"M";"90";"DEP";"D";2022-12;118
"LVB";"A";"77";"DEP";"D";2022;18239
"LVB";"M";"52";"DEP";"D";2021-10;135
"LVB";"M";"32";"DEP";"D";2024-10;101
"LVB";"M";"56";"DEP";"PROV";2025-07;537
"LVB";"M";"06";"REG";"D";2023-10;807
"LVB";"M";"62";"DEP";"D";2021-02;1048
"LVB";"M";"76";"REG";"D";2021-01;4213
"LVB_CUMR";"A";"32";"REG";"D";2020;5713
"LVB";"M";"45";"DEP";"D";2022-01;643
"LVB";"M";"76";"DEP";"D";2021-07;1218
"LVB";"A";"88";"DEP";"D";2017;3234
"LVB_CUMR";"A";"50";"DEP";"D";2019;351
"LVB";"M";"34";"DEP";"D";2021-06;1073
"LVB";"M";"63";"DEP";"D";2021-08;581
"LVB";"M";"86";"DEP";"D";2024-06;286
"LVB";"M";"55";"DEP";"D";2024-11;117
"LVB";"M";"93";"REG";"PROV";2025-10;4368
"LVB";"M";"11";"REG";"D";2022-07;14294
"LVB";"A";"44";"DEP";"D";2019;16221
"LVB";"M";"27";"REG";"D";2021-02;1749
"LVB";"M";"63";"DEP";"D";2023-01;484
"LVB";"M";"75";"DEP";"D";2022-07;2100
"LVB";"A";"84";"REG";"D";2024;77876
"LVB";"M";"64";"DEP";"D";2022-02;456
"LVB";"M";"32";"DEP";"D";2021-08;144
"LVB";"M";"50";"DEP";"D";2024-05;332
"LVB";"M";"28";"REG";"PROV";2025-03;2428
"LVB";"M";"74";"DEP";"D";2022-05;803
"LVB_CUMR";"A";"46";"DEP";"D";2024;115
"LVB";"M";"57";"DEP";"D";2024-04;657
"LVB";"M";"87";"DEP";"D";2021-04;290
"LVB";"A";"01";"REG";"D";2023;4061
"LVB";"M";"53";"DEP";"D";2024-03;226
"LVB";"A";"64";"DEP";"D";2016;6144
"LVB";"M";"34";"DEP";"D";2024-06;854
"LVB_CUMR";"A";"76";"REG";"D";2017;4860
"LVB";"M";"65";"DEP";"D";2024-12;145
"LVB";"M";"75";"DEP";"D";2023-04;1825
"LVB";"M";"46";"DEP";"D";2024-07;103
"LVB";"M";"06";"REG";"D";2024-12;533
"LVB";"M";"44";"REG";"PROV";2025-11;3547
"LVB";"M";"57";"DEP";"D";2022-03;730
"LVB";"M";"89";"DEP";"PROV";2026-01;229
"LVB";"M";"28";"REG";"D";2024-04;2343
"LVB";"M";"33";"DEP";"PROV";2025-07;1353
"LVB";"M";"74";"DEP";"D";2021-01;749
"LVB";"M";"54";"DEP";"D";2021-04;547
"LVB";"M";"53";"REG";"PROV";2025-09;2327
"LVB";"M";"44";"REG";"D";2022-02;3949
"LVB";"M";"63";"DEP";"D";2021-03;482
"LVB";"M";"47";"DEP";"D";2023-02;190
"LVB";"M";"73";"DEP";"PROV";2026-01;324
"LVB";"M";"86";"DEP";"D";2023-02;298
"LVB";"A";"03";"REG";"D";2021;8127
"LVB";"M";"32";"DEP";"D";2022-06;139
"LVB";"M";"24";"REG";"D";2022-07;2351
"LVB_CUMR";"A";"60";"DEP";"D";2022;779
"LVB";"M";"53";"REG";"D";2023-10;2535
"LVB";"A";"53";"DEP";"D";2016;3225
"LVB";"M";"31";"DEP";"D";2023-10;1220
"LVB";"M";"62";"DEP";"D";2023-10;1155
"LVB";"M";"59";"DEP";"D";2023-01;2303
"LVB";"M";"48";"DEP";"D";2023-10;54
"LVB";"M";"03";"REG";"D";2021-04;576
"LVB";"M";"85";"DEP";"PROV";2025-10;435
"LVB";"M";"44";"REG";"D";2023-11;3955
"LVB";"M";"75";"DEP";"D";2021-05;2269
"LVB";"M";"53";"REG";"PROV";2025-12;2224
"LVB_CUMR";"A";"49";"DEP";"D";2016;780
"LVB";"M";"33";"DEP";"PROV";2025-06;1289
"LVB";"M";"61";"DEP";"D";2024-11;184
"LVB";"M";"04";"REG";"PROV";2025-10;1011
"LVB";"M";"85";"DEP";"D";2024-05;472
"LVB";"M";"58";"DEP";"D";2023-11;108
"LVB";"M";"90";"DEP";"D";2022-03;120
"LVB";"M";"78";"DEP";"D";2022-08;1577
"LVB";"M";"32";"REG";"D";2021-03;5345
"LVB";"M";"43";"DEP";"D";2024-09;128
"LVB";"M";"61";"DEP";"D";2024-10;173
"LVB";"M";"93";"REG";"PROV";2026-01;4089
"LVB";"M";"34";"DEP";"PROV";2026-01;897
"LVB";"M";"49";"DEP";"PROV";2025-07;697
"LVB";"M";"62";"DEP";"D";2022-06;1264
"LVB_CUMR";"A";"06";"REG";"D";2017;645
"LVB";"M";"32";"REG";"D";2022-12;5210
"LVB";"M";"54";"DEP";"PROV";2025-06;442
"LVB";"M";"44";"DEP";"PROV";2025-04;1229
"LVB";"M";"77";"DEP";"D";2023-05;1456
"LVB";"A";"28";"REG";"D";2020;32760
"LVB";"M";"88";"DEP";"D";2021-04;237
"LVB";"M";"34";"DEP";"D";2023-06;922
"LVB";"M";"75";"REG";"D";2024-05;4189
"LVB";"M";"52";"REG";"PROV";2025-03;2963
"LVB";"M";"53";"DEP";"D";2023-11;234
"LVB";"M";"59";"DEP";"D";2021-06;2404
"LVB";"M";"99";"OTHER";"PROV";2026-01;75
"LVB_CUMR";"A";"59";"DEP";"D";2018;2650
"LVB";"M";"63";"DEP";"D";2024-02;377
"LVB";"M";"93";"REG";"PROV";2025-03;3925
"LVB";"A";"47";"DEP";"D";2020;2892
"LVB";"M";"79";"DEP";"D";2021-01;235
"LVB_CUMR";"A";"89";"DEP";"D";2021;210
"LVB_CUMR";"A";"03";"REG";"D";2023;705
"LVB_CUMR";"A";"34";"DEP";"D";2022;1021
"LVB";"M";"27";"REG";"D";2021-09;2204
"LVB";"M";"54";"DEP";"D";2023-05;520
"LVB";"M";"88";"DEP";"D";2021-11;282
"LVB";"M";"63";"DEP";"D";2022-11;488
"LVB";"M";"55";"DEP";"D";2022-12;107
"LVB";"M";"94";"REG";"D";2021-01;210
"LVB";"M";"02";"REG";"D";2021-09;347
"LVB";"M";"75";"DEP";"D";2022-03;1966
"LVB";"M";"44";"DEP";"D";2022-03;1352
"LVB";"M";"35";"DEP";"PROV";2026-01;960
"LVB";"M";"27";"REG";"D";2022-09;2026
"LVB";"M";"51";"DEP";"D";2021-05;528
"LVB";"M";"89";"DEP";"D";2022-04;259
"LVB";"M";"61";"DEP";"PROV";2025-10;177
"LVB";"A";"60";"DEP";"PROV";2025;7988
"LVB";"M";"84";"REG";"D";2024-08;6716
"LVB_CUMR";"A";"03";"REG";"D";2024;623
"LVB_CUMR";"A";"77";"DEP";"D";2016;1583
"LVB";"M";"46";"DEP";"D";2023-10;86
"LVB";"M";"32";"DEP";"PROV";2025-11;88
"LVB";"M";"65";"DEP";"D";2022-12;129
"LVB";"A";"44";"REG";"D";2023;47633
"LVB_CUMR";"A";"59";"DEP";"D";2017;2760
"LVB";"M";"44";"DEP";"D";2021-04;1335
"LVB";"M";"49";"DEP";"D";2022-05;742
"LVB";"M";"88";"DEP";"D";2022-07;270
"LVB";"M";"03";"REG";"PROV";2026-01;529
"LVB";"M";"74";"DEP";"D";2022-09;801
"LVB";"M";"75";"REG";"D";2023-12;4067
"LVB";"M";"64";"DEP";"D";2024-01;493
"LVB";"M";"34";"DEP";"PROV";2025-06;909
"LVB";"M";"24";"REG";"D";2024-02;1798
"LVB";"M";"60";"DEP";"D";2024-06;676
"LVB";"M";"48";"DEP";"D";2021-04;51
"LVB";"M";"53";"DEP";"D";2021-06;238
"LVB";"M";"32";"REG";"PROV";2025-05;4604
"LVB";"M";"46";"DEP";"D";2022-12;99
"LVB";"M";"86";"DEP";"D";2022-07;354
"LVB";"M";"03";"REG";"D";2023-08;657
"LVB";"A";"76";"DEP";"D";2022;13639
"LVB";"M";"62";"DEP";"PROV";2025-06;1099
"LVB";"A";"59";"DEP";"D";2016;33501
"LVB";"A";"35";"DEP";"D";2023;10862
"LVB";"M";"75";"REG";"D";2021-03;4459
"LVB";"A";"93";"REG";"D";2023;50909
"LVB";"M";"51";"DEP";"D";2022-01;495
"LVB_CUMR";"A";"45";"DEP";"D";2022;643
"LVB_CUMR";"A";"30";"DEP";"PROV";2026;529
"LVB";"M";"27";"REG";"D";2021-07;2333
"LVB_CUMR";"A";"04";"REG";"D";2016;1165
"LVB";"M";"90";"DEP";"D";2023-09;104
"LVB";"M";"62";"DEP";"D";2023-04;1091
"LVB";"M";"57";"DEP";"D";2021-09;853
"LVB";"M";"77";"DEP";"PROV";2025-09;1372
"LVB_CUMR";"A";"66";"DEP";"PROV";2025;327
"LVB";"M";"52";"REG";"PROV";2025-07;3148
"LVB";"M";"44";"DEP";"PROV";2025-03;1217
"LVB";"M";"53";"REG";"D";2024-03;2416
"LVB";"M";"54";"DEP";"D";2022-08;576
"LVB";"M";"43";"DEP";"D";2024-06;130
"LVB";"M";"59";"DEP";"D";2024-01;2308
"LVB";"A";"44";"REG";"D";2019;54843
"LVB";"M";"04";"REG";"PROV";2025-03;1045
"LVB";"M";"34";"DEP";"D";2023-05;960
"LVB";"M";"90";"DEP";"D";2021-05;101
"LVB_CUMR";"A";"77";"DEP";"D";2023;1447
"LVB";"M";"64";"DEP";"PROV";2025-04;388
"LVB";"A";"34";"DEP";"D";2016;12761
"LVB";"M";"93";"REG";"D";2023-02;3953
"LVB";"M";"27";"REG";"D";2024-11;1753
"LVB";"M";"56";"DEP";"D";2023-03;505
"LVB";"M";"53";"DEP";"D";2022-11;238
"LVB";"A";"77";"DEP";"D";2020;18212
"LVB_CUMR";"A";"01";"REG";"D";2019;396
"LVB_CUMR";"A";"47";"DEP";"D";2016;235
"LVB";"M";"85";"DEP";"PROV";2025-12;418
"LVB";"M";"62";"DEP";"D";2024-01;1213
"LVB";"M";"35";"DEP";"D";2024-03;934
"LVB";"M";"32";"REG";"PROV";2025-02;4316
"LVB_CUMR";"A";"53";"DEP";"D";2016;290
"LVB";"M";"73";"DEP";"D";2024-04;344
"LVB";"M";"84";"REG";"D";2023-06;6536
"LVB";"M";"60";"DEP";"D";2024-03;731
"LVB";"M";"74";"DEP";"D";2024-02;663
"LVB";"M";"11";"REG";"D";2021-12;14563
"LVB";"M";"44";"DEP";"D";2023-09;1206
"LVB";"M";"62";"DEP";"D";2023-01;1186
"LVB";"A";"32";"DEP";"D";2020;1409
"LVB";"M";"87";"DEP";"D";2024-09;238
"LVB_CUMR";"A";"54";"DEP";"D";2022;564
"LVB";"M";"65";"DEP";"D";2021-10;164
"LVB";"M";"85";"DEP";"D";2022-10;477
"LVB";"M";"76";"DEP";"D";2021-05;1112
"LVB";"M";"94";"REG";"D";2024-08;180
"LVB";"A";"44";"REG";"D";2016;58477
"LVB";"M";"46";"DEP";"D";2024-03;77
"LVB";"M";"56";"DEP";"D";2024-07;523
"LVB_CUMR";"A";"90";"DEP";"D";2020;129
"LVB";"M";"02";"REG";"D";2024-11;259
"LVB";"M";"63";"DEP";"PROV";2025-07;475
"LVB";"M";"52";"DEP";"PROV";2025-03;91
"LVB";"M";"35";"DEP";"D";2021-10;1011
"LVB";"M";"51";"DEP";"D";2022-09;470
"LVB";"M";"53";"REG";"D";2023-11;2337
"LVB";"M";"32";"REG";"PROV";2025-01;4861
"LVB";"M";"45";"DEP";"PROV";2025-11;562
"LVB";"M";"57";"DEP";"PROV";2025-12;718
"LVB_CUMR";"A";"94";"REG";"D";2023;210
"LVB";"M";"77";"DEP";"D";2021-01;1321
"LVB";"M";"90";"DEP";"D";2021-08;112
"LVB";"M";"32";"DEP";"D";2022-11;132
"LVB";"M";"66";"DEP";"PROV";2025-12;310
"LVB";"M";"56";"DEP";"D";2021-02;452
"LVB";"M";"03";"REG";"D";2023-05;618
"LVB";"M";"44";"REG";"D";2022-04;4031
"LVB";"A";"51";"DEP";"D";2023;5174
"LVB";"M";"53";"REG";"PROV";2026-01;2458
"LVB";"M";"43";"DEP";"D";2024-03;159
"LVB";"M";"32";"DEP";"D";2023-09;104
"LVB";"A";"88";"DEP";"D";2016;3314
"LVB";"M";"77";"DEP";"D";2024-02;1406
"LVB";"M";"59";"DEP";"D";2023-03;2351
"LVB";"A";"64";"DEP";"D";2017;5965
"LVB_CUMR";"A";"76";"REG";"D";2022;4820
"LVB";"M";"27";"REG";"D";2022-12;2035
"LVB";"M";"01";"REG";"D";2024-04;259
"LVB";"M";"43";"DEP";"D";2024-02;145
"LVB";"M";"50";"DEP";"D";2024-08;368
"LVB";"M";"35";"DEP";"D";2023-06;924
"LVB";"A";"59";"DEP";"PROV";2025;25484
"LVB";"M";"32";"REG";"D";2023-02;4648
"LVB";"M";"85";"DEP";"D";2024-07;435
"LVB";"M";"75";"DEP";"D";2024-02;1709
"LVB";"M";"65";"DEP";"D";2023-10;173
"LVB";"A";"59";"DEP";"D";2022;28956
"LVB";"M";"06";"REG";"PROV";2026-01;713
"LVB";"M";"84";"REG";"D";2021-10;8005
"LVB";"A";"32";"DEP";"D";2021;1515
"LVB";"M";"46";"DEP";"D";2023-06;92
"LVB";"M";"02";"REG";"D";2024-10;267
"LVB";"M";"49";"DEP";"PROV";2025-09;628
"LVB";"M";"44";"DEP";"D";2022-09;1341
"LVB";"M";"77";"DEP";"D";2024-03;1445
"LVB";"A";"24";"REG";"D";2020;25337
"LVB";"M";"58";"DEP";"PROV";2025-07;120
"LVB";"M";"90";"DEP";"D";2022-02;119
"LVB";"M";"03";"REG";"D";2021-01;619
"LVB";"M";"64";"DEP";"D";2022-11;477
"LVB";"M";"31";"DEP";"D";2021-10;1445
"LVB";"M";"61";"DEP";"D";2022-01;181
"LVB";"M";"32";"REG";"D";2024-08;5066
"LVB_CUMR";"A";"84";"REG";"D";2024;6664
"LVB";"M";"24";"REG";"D";2024-04;1857
"LVB";"M";"57";"DEP";"D";2021-11;824
"LVB_CUMR";"A";"76";"DEP";"D";2018;1173
"LVB_CUMR";"A";"49";"DEP";"PROV";2025;695
"LVB";"M";"64";"DEP";"D";2021-06;529
"LVB_CUMR";"A";"28";"REG";"D";2024;2446
"LVB";"M";"34";"DEP";"D";2022-07;1136
"LVB_CUMR";"A";"85";"DEP";"D";2024;455
"LVB";"M";"43";"DEP";"D";2022-10;150
"LVB";"A";"50";"DEP";"D";2022;4365
"LVB";"M";"35";"DEP";"D";2022-01;959
"LVB_CUMR";"A";"11";"REG";"PROV";2026;12494
"LVB_CUMR";"A";"47";"DEP";"D";2023;230
"LVB";"M";"53";"REG";"D";2022-04;2419
"LVB";"M";"79";"DEP";"D";2021-07;300
"LVB";"M";"60";"DEP";"PROV";2025-03;682
"LVB";"A";"28";"REG";"D";2023;30291
"LVB_CUMR";"A";"66";"DEP";"D";2016;386
"LVB_CUMR";"A";"88";"DEP";"PROV";2025;213
"LVB";"M";"35";"DEP";"D";2024-04;902
"LVB";"M";"49";"DEP";"D";2021-05;743
"LVB";"M";"45";"DEP";"D";2024-04;536
"LVB";"M";"03";"REG";"D";2023-07;605
"LVB";"M";"76";"REG";"D";2024-01;4305
"LVB";"A";"60";"DEP";"D";2022;9202
"LVB";"M";"66";"DEP";"D";2024-09;352
"LVB";"M";"78";"DEP";"D";2024-02;1349
"LVB";"M";"30";"DEP";"D";2023-08;598
"LVB";"M";"52";"REG";"PROV";2025-02;2626
"LVB";"M";"87";"DEP";"D";2022-08;281
"LVB_CUMR";"A";"52";"DEP";"PROV";2025;122
"LVB";"M";"94";"REG";"D";2023-09;208
"LVB";"M";"44";"DEP";"D";2023-03;1205
"LVB";"M";"06";"REG";"D";2024-06;828
"LVB";"M";"60";"DEP";"D";2022-05;816
"LVB";"M";"56";"DEP";"D";2021-03;576
"LVB";"M";"73";"DEP";"D";2022-08;363
"LVB";"M";"65";"DEP";"D";2023-04;125
"LVB";"M";"60";"DEP";"PROV";2025-12;723
"LVB";"M";"88";"DEP";"D";2024-01;227
"LVB";"M";"51";"DEP";"D";2024-05;454
"LVB";"M";"84";"REG";"D";2022-12;6847
"LVB";"M";"44";"REG";"PROV";2025-03;3651
"LVB";"M";"33";"DEP";"D";2022-01;1456
"LVB";"M";"44";"DEP";"D";2023-06;1278
"LVB";"M";"04";"REG";"D";2024-08;930
"LVB";"M";"62";"DEP";"D";2024-04;1122
"LVB";"M";"88";"DEP";"D";2022-05;265
"LVB";"M";"57";"DEP";"D";2023-01;720
"LVB";"A";"74";"DEP";"D";2017;9603
"LVB";"A";"44";"DEP";"PROV";2025;14744
"LVB";"M";"33";"DEP";"D";2024-08;1283
"LVB";"M";"27";"REG";"D";2022-03;2074
"LVB";"M";"02";"REG";"D";2023-08;268
"LVB";"M";"94";"REG";"D";2021-04;232
"LVB";"M";"44";"REG";"PROV";2025-10;3844
"LVB";"A";"54";"DEP";"D";2017;7507
"LVB_CUMR";"A";"52";"REG";"PROV";2026;2894
"LVB";"M";"64";"DEP";"D";2023-07;486
"LVB";"M";"66";"DEP";"D";2021-11;379
"LVB";"M";"86";"DEP";"PROV";2025-07;297
"LVB";"M";"48";"DEP";"D";2021-02;46
"LVB";"M";"56";"DEP";"PROV";2025-11;474
"LVB";"M";"51";"DEP";"PROV";2025-02;398
"LVB_CUMR";"A";"76";"DEP";"D";2023;999
"LVB";"M";"45";"DEP";"D";2021-09;650
"LVB_CUMR";"A";"34";"DEP";"PROV";2025;936
"LVB";"M";"24";"REG";"D";2021-02;1769
"LVB";"M";"53";"REG";"D";2022-08;2753
"LVB";"A";"11";"REG";"D";2018;174439
"LVB";"M";"60";"DEP";"D";2021-12;809
"LVB";"A";"90";"DEP";"D";2016;1593
"LVB";"M";"02";"REG";"D";2022-11;307
"LVB_CUMR";"A";"52";"DEP";"PROV";2026;121
"LVB";"M";"63";"DEP";"D";2021-06;520
"LVB";"M";"74";"DEP";"PROV";2025-11;747
"LVB";"M";"48";"DEP";"D";2024-03;35
"LVB";"A";"35";"DEP";"D";2022;11349
"LVB";"A";"44";"REG";"D";2022;51414
"LVB_CUMR";"A";"94";"REG";"PROV";2026;186
"LVB_CUMR";"A";"04";"REG";"D";2023;1034
"LVB_CUMR";"A";"87";"DEP";"D";2016;269
"LVB";"M";"60";"DEP";"D";2023-10;694
"LVB";"A";"53";"DEP";"D";2022;3040
"LVB";"M";"34";"DEP";"PROV";2025-11;838
"LVB";"M";"61";"DEP";"PROV";2025-04;159
"LVB";"A";"48";"DEP";"D";2024;501
"LVB";"A";"87";"DEP";"D";2020;3288
"LVB";"A";"01";"REG";"D";2019;4601
"LVB";"M";"50";"DEP";"D";2022-02;340
"LVB";"M";"78";"DEP";"PROV";2025-01;1450
"LVB";"M";"85";"DEP";"PROV";2025-02;373
"LVB";"M";"24";"REG";"D";2023-04;1846
"LVB";"M";"93";"REG";"D";2024-08;4433
"LVB";"M";"57";"DEP";"D";2021-12;858
"LVB";"M";"45";"DEP";"D";2022-02;621
"LVB";"M";"01";"REG";"D";2022-01;381
"LVB";"M";"86";"DEP";"D";2024-05;342
"LVB";"M";"93";"REG";"D";2022-05;4605
"LVB";"M";"66";"DEP";"D";2022-11;377
"LVB";"M";"52";"DEP";"D";2024-12;98
"LVB";"M";"30";"DEP";"PROV";2025-07;588
"LVB";"M";"75";"DEP";"D";2021-08;2282
"LVB_CUMR";"A";"24";"REG";"D";2021;1908
"LVB";"M";"36";"DEP";"D";2021-02;124
"LVB";"M";"58";"DEP";"PROV";2025-01;131
"LVB";"M";"02";"REG";"D";2021-06;257
"LVB_CUMR";"A";"53";"REG";"PROV";2026;2458
"LVB";"M";"63";"DEP";"PROV";2026-01;431
"LVB";"M";"89";"DEP";"PROV";2025-11;204
"LVB";"M";"48";"DEP";"D";2022-06;58
"LVB";"M";"76";"DEP";"D";2023-08;1063
"LVB";"M";"52";"DEP";"D";2024-05;128
"LVB";"M";"52";"REG";"D";2023-08;3193
"LVB_CUMR";"A";"33";"DEP";"D";2020;1372
"LVB";"M";"43";"DEP";"D";2022-03;133
"LVB";"A";"43";"DEP";"D";2022;1828
"LVB";"A";"03";"REG";"D";2017;8057
"LVB";"M";"59";"DEP";"D";2021-07;2571
"LVB";"M";"53";"REG";"PROV";2025-02;2230
"LVB_CUMR";"A";"64";"DEP";"PROV";2025;440
"LVB";"M";"76";"DEP";"D";2023-11;1050
"LVB";"M";"87";"DEP";"PROV";2025-04;214
"LVB";"M";"64";"DEP";"D";2024-07;447
"LVB";"M";"11";"REG";"D";2023-02;12003
"LVB_CUMR";"A";"52";"REG";"PROV";2025;3078
"LVB";"M";"32";"DEP";"PROV";2025-03;85
"LVB";"M";"54";"DEP";"PROV";2025-03;463
"LVB";"M";"28";"REG";"PROV";2025-05;2452
"LVB_CUMR";"A";"44";"DEP";"D";2018;1358
"LVB";"M";"84";"REG";"PROV";2025-07;6805
"LVB";"M";"59";"DEP";"D";2021-12;2697
"LVB";"M";"35";"DEP";"PROV";2025-01;888
"LVB";"M";"50";"DEP";"PROV";2025-07;327
"LVB";"M";"73";"DEP";"PROV";2025-09;306
"LVB";"M";"32";"REG";"D";2021-10;6101
"LVB";"M";"91";"DEP";"D";2021-09;1599
"LVB";"M";"03";"REG";"D";2023-12;675
"LVB";"M";"66";"DEP";"D";2024-05;323
"LVB";"M";"59";"DEP";"PROV";2025-02;2008
"LVB";"M";"35";"DEP";"D";2021-04;951
"LVB";"M";"94";"REG";"D";2023-02;211
"LVB";"M";"36";"DEP";"D";2021-07;161
"LVB";"M";"44";"DEP";"PROV";2025-08;1246
"LVB";"M";"50";"DEP";"D";2021-03;349
"LVB";"M";"32";"REG";"D";2021-01;4827
"LVB";"M";"78";"DEP";"D";2022-09;1449
"LVB_CUMR";"A";"90";"DEP";"D";2021;95
"LVB";"M";"36";"DEP";"D";2022-12;143
"LVB";"M";"65";"DEP";"D";2021-12;144
"LVB_CUMR";"A";"11";"REG";"D";2024;12762
"LVB";"A";"27";"REG";"D";2024;22322
"LVB";"A";"58";"DEP";"D";2019;1522
"LVB";"M";"76";"REG";"D";2024-02;3968
"LVB";"M";"75";"DEP";"D";2021-12;2112
"LVB";"M";"53";"DEP";"PROV";2025-08;231
"LVB";"M";"62";"DEP";"D";2021-03;1268
"LVB";"M";"43";"DEP";"D";2021-05;163
"LVB";"M";"87";"DEP";"D";2023-10;277
"LVB";"M";"55";"DEP";"D";2024-03;118
"LVB";"M";"27";"REG";"PROV";2025-01;1908
"LVB";"M";"35";"DEP";"D";2022-12;913
"LVB";"M";"01";"REG";"D";2023-11;355
"LVB";"M";"53";"REG";"D";2022-09;2649
"LVB";"M";"30";"DEP";"D";2023-02;528
"LVB";"M";"55";"DEP";"D";2024-12;101
"LVB_CUMR";"A";"54";"DEP";"D";2021;472
"LVB";"M";"76";"DEP";"D";2022-07;1153
"LVB_CUMR";"A";"89";"DEP";"PROV";2026;229
"LVB";"A";"46";"DEP";"D";2024;1072
"LVB";"M";"44";"REG";"D";2021-03;4307
"LVB";"M";"94";"REG";"PROV";2025-05;172
"LVB";"M";"03";"REG";"PROV";2025-10;609
"LVB";"M";"63";"DEP";"D";2022-08;540
"LVB";"M";"59";"DEP";"D";2021-04;2444
"LVB";"M";"30";"DEP";"D";2024-05;575
"LVB";"M";"27";"REG";"D";2022-05;2088
"LVB";"M";"33";"DEP";"D";2021-11;1516
"LVB";"M";"53";"DEP";"D";2024-11;213
"LVB_CUMR";"A";"24";"REG";"D";2020;2169
"LVB_CUMR";"A";"90";"DEP";"D";2022;111
"LVB";"M";"03";"REG";"D";2024-02;546
"LVB";"M";"46";"DEP";"D";2022-01;99
"LVB";"A";"73";"DEP";"D";2023;3793
"LVB";"M";"34";"DEP";"D";2022-06;1065
"LVB";"M";"76";"REG";"D";2021-08;5391
"LVB";"M";"55";"DEP";"D";2021-12;142
"LVB";"A";"66";"DEP";"D";2017;4429
"LVB";"M";"50";"DEP";"D";2023-09;331
"LVB";"M";"88";"DEP";"D";2024-03;220
"LVB";"M";"52";"REG";"D";2021-12;3425
"LVB";"M";"31";"DEP";"D";2024-08;1235
"LVB";"M";"02";"REG";"PROV";2025-06;229
"LVB";"A";"76";"DEP";"D";2017;14326
"LVB";"M";"58";"DEP";"D";2023-06;102
"LVB";"M";"45";"DEP";"D";2023-08;597
"LVB";"M";"34";"DEP";"PROV";2025-07;934
"LVB";"M";"75";"REG";"D";2024-12;3985
"LVB";"M";"66";"DEP";"D";2021-06;369
"LVB";"M";"50";"DEP";"D";2022-01;354
"LVB_CUMR";"A";"57";"DEP";"D";2024;729
"LVB_CUMR";"A";"91";"DEP";"D";2017;1509
"LVB";"M";"43";"DEP";"D";2021-01;141
"LVB";"M";"04";"REG";"PROV";2025-07;960
"LVB";"M";"44";"REG";"D";2022-03;4229
"LVB";"M";"73";"DEP";"D";2022-07;396
"LVB";"M";"61";"DEP";"D";2024-04;163
"LVB";"M";"34";"DEP";"D";2024-02;838
"LVB";"M";"32";"DEP";"D";2023-08;102
"LVB";"M";"93";"REG";"D";2023-10;4350
"LVB";"M";"48";"DEP";"PROV";2025-01;38
"LVB";"M";"56";"DEP";"PROV";2025-10;521
"LVB";"M";"76";"DEP";"D";2021-06;1127
"LVB";"M";"24";"REG";"D";2024-10;1986
"LVB";"M";"03";"REG";"D";2024-10;599
"LVB";"A";"89";"DEP";"D";2024;2687
"LVB";"M";"43";"DEP";"D";2023-04;139
"LVB";"M";"56";"DEP";"D";2023-11;507
"LVB";"A";"94";"REG";"D";2020;2687
"LVB";"M";"31";"DEP";"D";2023-09;1221
"LVB";"M";"66";"DEP";"D";2024-10;385
"LVB";"M";"85";"DEP";"D";2024-11;419
"LVB";"M";"54";"DEP";"D";2024-01;484
"LVB";"M";"93";"REG";"D";2021-06;4534
"LVB";"M";"87";"DEP";"PROV";2025-10;242
"LVB";"M";"52";"REG";"D";2023-04;2929
"LVB_CUMR";"A";"78";"DEP";"D";2024;1393
"LVB";"A";"63";"DEP";"D";2022;6055
"LVB_CUMR";"A";"04";"REG";"D";2020;1069
"LVB";"A";"46";"DEP";"D";2018;1304
"LVB";"M";"60";"DEP";"D";2022-01;779
"LVB";"M";"33";"DEP";"PROV";2026-01;1233
"LVB";"M";"76";"REG";"PROV";2025-11;4037
"LVB";"M";"52";"DEP";"PROV";2025-11;92
"LVB";"M";"86";"DEP";"D";2022-11;338
"LVB";"M";"35";"DEP";"D";2021-05;1036
"LVB";"A";"76";"REG";"D";2017;58798
"LVB";"M";"06";"REG";"D";2024-04;879
"LVB_CUMR";"A";"73";"DEP";"PROV";2025;330
"LVB";"M";"63";"DEP";"D";2021-11;533
"LVB";"M";"28";"REG";"D";2021-07;2954
"LVB";"A";"47";"DEP";"PROV";2025;2409
"LVB";"M";"59";"DEP";"D";2022-04;2220
"LVB_CUMR";"A";"52";"DEP";"D";2023;111
"LVB";"M";"76";"REG";"D";2021-05;4741
"LVB";"M";"86";"DEP";"D";2022-01;342
"LVB";"M";"32";"DEP";"D";2023-11;81
"LVB";"M";"46";"DEP";"D";2021-09;94
"LVB";"A";"02";"REG";"D";2018;3670
"LVB";"M";"65";"DEP";"D";2021-02;146
"LVB";"M";"52";"DEP";"D";2022-11;117
"LVB";"M";"74";"DEP";"D";2023-01;727
"LVB_CUMR";"A";"47";"DEP";"D";2019;264
"LVB";"M";"28";"REG";"D";2024-05;2590
"LVB";"A";"57";"DEP";"PROV";2025;8269
"LVB_CUMR";"A";"52";"REG";"D";2017;3284
"LVB";"M";"93";"REG";"D";2021-01;4035
"LVB";"M";"03";"REG";"D";2024-12;634
"LVB";"M";"91";"DEP";"D";2022-11;1556
"LVB_CUMR";"A";"27";"REG";"D";2023;1983
"LVB";"M";"62";"DEP";"D";2022-11;1244
"LVB";"M";"32";"DEP";"D";2024-01;107
"LVB";"M";"50";"DEP";"PROV";2025-08;325
"LVB";"M";"74";"DEP";"PROV";2025-12;740
"LVB_CUMR";"A";"46";"DEP";"D";2016;111
"LVB";"M";"53";"REG";"D";2021-02;2273
"LVB";"M";"88";"DEP";"PROV";2025-10;207
"LVB";"M";"58";"DEP";"D";2024-11;105
"LVB";"M";"66";"DEP";"D";2021-01;309
"LVB_CUMR";"A";"11";"REG";"D";2018;14303
"LVB";"M";"76";"DEP";"D";2022-04;1043
"LVB";"M";"27";"REG";"PROV";2025-03;1805
"LVB";"M";"30";"DEP";"D";2023-10;557
"LVB";"M";"49";"DEP";"D";2022-12;712
"LVB";"M";"54";"DEP";"D";2024-05;499
"LVB";"A";"53";"REG";"D";2023;28930
"LVB";"A";"43";"DEP";"D";2018;2060
"LVB";"M";"64";"DEP";"D";2021-05;495
"LVB";"M";"01";"REG";"D";2021-08;378
"LVB";"M";"59";"DEP";"D";2024-09;2316
"LVB";"A";"90";"DEP";"D";2023;1222
"LVB";"M";"73";"DEP";"D";2021-08;404
"LVB";"M";"32";"DEP";"D";2024-07;99
"LVB";"M";"51";"DEP";"PROV";2025-10;439
"LVB";"M";"44";"REG";"D";2021-07;4809
"LVB";"M";"75";"REG";"D";2022-12;4302
"LVB";"M";"77";"DEP";"D";2021-07;1558
"LVB";"M";"78";"DEP";"D";2021-07;1650
"LVB";"M";"04";"REG";"D";2021-01;964
"LVB";"M";"46";"DEP";"D";2023-11;92
"LVB";"M";"61";"DEP";"PROV";2025-06;187
"LVB";"M";"33";"DEP";"D";2024-06;1232
"LVB";"M";"57";"DEP";"D";2023-08;773
"LVB";"A";"49";"DEP";"D";2023;7945
"LVB";"M";"90";"DEP";"D";2022-10;108
"LVB";"M";"44";"DEP";"D";2021-01;1190
"LVB";"A";"27";"REG";"D";2018;26840
"LVB";"M";"84";"REG";"D";2024-10;6832
"LVB";"M";"76";"DEP";"D";2021-10;1235
"LVB";"M";"11";"REG";"D";2024-07;13200
"LVB";"M";"63";"DEP";"D";2023-02;417
"LVB";"M";"32";"DEP";"D";2022-02;115
"LVB";"M";"49";"DEP";"PROV";2025-08;624
"LVB";"A";"60";"DEP";"D";2018;9565
"LVB";"M";"42";"DEP";"PROV";2025-05;611
"LVB";"M";"52";"REG";"D";2024-11;2842
"LVB";"A";"86";"DEP";"D";2024;3631
"LVB";"A";"76";"REG";"D";2016;59979
"LVB";"A";"93";"REG";"D";2018;56506
"LVB";"M";"36";"DEP";"D";2022-05;132
"LVB_CUMR";"A";"66";"DEP";"D";2017;367
"LVB";"M";"01";"REG";"D";2024-08;316
"LVB";"M";"76";"DEP";"PROV";2025-10;1028
"LVB";"M";"49";"DEP";"D";2023-11;657
"LVB";"M";"60";"DEP";"D";2022-10;784
"LVB";"M";"73";"DEP";"PROV";2025-02;278
"LVB";"M";"52";"REG";"D";2021-03;3385
"LVB";"M";"44";"DEP";"D";2024-06;1133
"LVB_CUMR";"A";"34";"DEP";"D";2024;936
"LVB";"M";"66";"DEP";"D";2021-03;385
"LVB_CUMR";"A";"84";"REG";"D";2023;6502
"LVB";"M";"85";"DEP";"PROV";2025-03;417
"LVB_CUMR";"A";"53";"DEP";"D";2020;240
"LVB";"M";"51";"DEP";"D";2021-12;516
"LVB";"M";"49";"DEP";"D";2022-02;663
"LVB_CUMR";"A";"74";"DEP";"D";2018;829
"LVB_CUMR";"A";"60";"DEP";"D";2018;775
"LVB";"M";"11";"REG";"PROV";2026-01;12494
"LVB";"A";"32";"REG";"D";2019;67180
"LVB";"A";"65";"DEP";"D";2023;1785
"LVB";"M";"47";"DEP";"D";2023-04;222
"LVB";"M";"32";"DEP";"PROV";2025-06;93
"LVB";"M";"94";"REG";"D";2023-06;204
"LVB";"M";"84";"REG";"D";2024-04;6348
"LVB_CUMR";"A";"74";"DEP";"D";2020;802
"LVB";"M";"28";"REG";"PROV";2025-09;2352
"LVB_CUMR";"A";"88";"DEP";"D";2022;253
"LVB";"M";"11";"REG";"D";2023-11;12855
"LVB_CUMR";"A";"61";"DEP";"D";2024;162
"LVB";"M";"52";"REG";"D";2024-07;3125
"LVB";"M";"49";"DEP";"PROV";2025-05;640
"LVB";"A";"63";"DEP";"D";2024;5415
"LVB";"M";"58";"DEP";"D";2023-04;110
"LVB";"M";"88";"DEP";"PROV";2025-09;180
"LVB";"M";"31";"DEP";"D";2023-01;1216
"LVB";"M";"66";"DEP";"D";2023-12;316
"LVB";"M";"45";"DEP";"D";2023-03;565
"LVB";"M";"78";"DEP";"D";2021-04;1494
"LVB";"A";"01";"REG";"D";2022;4218
"LVB";"M";"51";"DEP";"PROV";2025-03;429
"LVB";"M";"93";"REG";"D";2022-08;4955
"LVB";"A";"56";"DEP";"D";2022;6766
"LVB_CUMR";"A";"28";"REG";"D";2018;2786
"LVB";"M";"85";"DEP";"PROV";2025-09;420
"LVB";"M";"51";"DEP";"D";2023-08;436
"LVB";"M";"35";"DEP";"D";2024-05;925
"LVB";"M";"01";"REG";"D";2021-07;348
"LVB";"M";"45";"DEP";"D";2021-02;510
"LVB";"M";"66";"DEP";"D";2024-11;333
"LVB";"M";"78";"DEP";"D";2024-03;1476
"LVB_CUMR";"A";"94";"REG";"D";2021;210
"LVB_CUMR";"A";"56";"DEP";"D";2017;545
"LVB";"A";"89";"DEP";"D";2023;2761
"LVB";"M";"52";"REG";"D";2023-05;3095
"LVB";"M";"48";"DEP";"PROV";2025-02;36
"LVB_CUMR";"A";"06";"REG";"D";2021;581
"LVB";"M";"33";"DEP";"D";2024-02;1218
"LVB";"M";"62";"DEP";"D";2021-04;1152
"LVB";"M";"45";"DEP";"D";2021-04;618
"LVB";"M";"94";"REG";"PROV";2025-01;164
"LVB";"M";"77";"DEP";"PROV";2025-11;1375
"LVB";"M";"60";"DEP";"D";2023-05;716
"LVB";"M";"87";"DEP";"D";2023-08;255
"LVB";"M";"52";"REG";"D";2024-03;2911
"LVB";"M";"54";"DEP";"D";2024-08;478
"LVB";"M";"03";"REG";"D";2024-01;623
"LVB";"M";"65";"DEP";"D";2024-03;139
"LVB";"M";"51";"DEP";"D";2022-12;511
"LVB";"M";"34";"DEP";"D";2022-11;1012
"LVB";"M";"53";"REG";"D";2023-05;2549
"LVB";"M";"48";"DEP";"D";2022-04;44
"LVB";"M";"73";"DEP";"D";2024-03;297
"LVB_CUMR";"A";"49";"DEP";"D";2022;742
"LVB";"M";"58";"DEP";"PROV";2025-11;112
"LVB";"M";"28";"REG";"D";2024-12;2421
"LVB";"M";"88";"DEP";"PROV";2025-07;213
"LVB";"M";"32";"DEP";"PROV";2025-02;98
"LVB";"M";"04";"REG";"D";2023-05;1131
"LVB";"M";"61";"DEP";"D";2022-02;196
"LVB";"M";"42";"DEP";"D";2024-12;578
"LVB";"M";"53";"REG";"D";2021-09;2811
"LVB";"A";"76";"DEP";"D";2023;12297
"LVB";"M";"32";"REG";"D";2022-08;5569
"LVB";"M";"52";"DEP";"D";2022-04;108
"LVB";"M";"57";"DEP";"D";2022-07;874
"LVB";"M";"36";"DEP";"D";2021-08;156
"LVB_CUMR";"A";"90";"DEP";"D";2016;127
"LVB";"M";"04";"REG";"PROV";2025-12;929
"LVB";"M";"75";"REG";"PROV";2025-04;3687
"LVB";"A";"62";"DEP";"D";2018;15600
"LVB";"M";"46";"DEP";"D";2022-10;114
"LVB";"M";"32";"REG";"D";2021-05;5256
"LVB";"M";"76";"DEP";"D";2021-12;1166
"LVB";"M";"58";"DEP";"D";2021-08;133
"LVB";"M";"51";"DEP";"D";2023-11;415
"LVB";"A";"89";"DEP";"D";2019;3172
"LVB";"M";"31";"DEP";"D";2021-09;1358
"LVB";"M";"65";"DEP";"D";2023-06;139
"LVB";"M";"11";"REG";"D";2024-03;12583
"LVB";"M";"47";"DEP";"D";2022-02;229
"LVB";"A";"53";"REG";"D";2021;32065
"LVB";"M";"32";"REG";"D";2022-11;5280
"LVB_CUMR";"A";"02";"REG";"D";2024;280
"LVB";"M";"57";"DEP";"PROV";2025-04;656
"LVB";"M";"75";"DEP";"D";2024-11;1746
"LVB";"M";"66";"DEP";"PROV";2025-09;316
"LVB_CUMR";"A";"35";"DEP";"D";2018;994
"LVB";"M";"89";"DEP";"D";2021-09;243
"LVB";"M";"51";"DEP";"PROV";2025-07;412
"LVB";"M";"43";"DEP";"D";2021-03;153
"LVB_CUMR";"A";"94";"REG";"D";2019;219
"LVB";"A";"28";"REG";"D";2024;29605
"LVB";"M";"02";"REG";"D";2024-02;220
"LVB";"M";"76";"REG";"PROV";2025-12;4144
"LVB";"M";"52";"REG";"D";2021-07;3641
"LVB";"M";"59";"DEP";"PROV";2025-11;2021
"LVB";"M";"73";"DEP";"D";2023-04;308
"LVB";"M";"28";"REG";"D";2022-10;2818
"LVB";"M";"89";"DEP";"D";2023-05;211
"LVB";"M";"65";"DEP";"PROV";2025-09;143
"LVB";"M";"34";"DEP";"D";2023-10;980
"LVB";"M";"44";"DEP";"PROV";2025-09;1189
"LVB";"M";"93";"REG";"D";2024-05;4235
"LVB_CUMR";"A";"49";"DEP";"PROV";2026;614
"LVB";"M";"27";"REG";"D";2024-09;1906
"LVB";"M";"62";"DEP";"D";2022-12;1227
"LVB";"M";"77";"DEP";"D";2023-12;1438
"LVB_CUMR";"A";"03";"REG";"D";2019;680
"LVB";"M";"31";"DEP";"D";2024-12;1152
"LVB";"M";"60";"DEP";"PROV";2025-04;633
"LVB";"M";"46";"DEP";"D";2023-05;107
"LVB_CUMR";"A";"50";"DEP";"D";2016;380
"LVB_CUMR";"A";"53";"REG";"D";2023;2497
"LVB";"M";"63";"DEP";"D";2024-09;468
"LVB";"M";"44";"REG";"PROV";2025-07;3962
"LVB";"M";"86";"DEP";"PROV";2025-12;287
"LVB";"M";"74";"DEP";"D";2021-08;903
"LVB";"M";"30";"DEP";"D";2023-07;623
"LVB";"M";"11";"REG";"D";2024-01;12762
"LVB_CUMR";"A";"59";"DEP";"D";2024;2308
"LVB";"M";"47";"DEP";"D";2021-09;284
"LVB";"A";"86";"DEP";"D";2022;3999
"LVB";"M";"78";"DEP";"D";2024-06;1368
"LVB";"M";"64";"DEP";"D";2024-12;470
"LVB";"M";"57";"DEP";"PROV";2025-07;698
"LVB_CUMR";"A";"50";"DEP";"D";2022;354
"LVB_CUMR";"A";"52";"REG";"D";2023;2997
"LVB";"M";"93";"REG";"PROV";2025-06;4026
"LVB_CUMR";"A";"11";"REG";"D";2023;12858
"LVB";"M";"93";"REG";"PROV";2025-12;4047
"LVB";"A";"31";"DEP";"D";2024;14454
"LVB";"M";"47";"DEP";"D";2024-05;224
"LVB";"M";"43";"DEP";"D";2024-10;148
"LVB";"A";"74";"DEP";"D";2021;9860
"LVB_CUMR";"A";"57";"DEP";"D";2017;879
"LVB";"M";"90";"DEP";"PROV";2025-07;91
"LVB";"M";"54";"DEP";"D";2023-04;487
"LVB";"A";"65";"DEP";"D";2024;1665
"LVB";"M";"52";"REG";"D";2022-09;3301
"LVB";"A";"84";"REG";"D";2021;87312
"LVB";"M";"46";"DEP";"D";2021-04;90
"LVB";"M";"04";"REG";"PROV";2025-08;1002
"LVB";"M";"57";"DEP";"D";2022-10;768
"LVB";"M";"30";"DEP";"D";2024-03;531
"LVB";"M";"61";"DEP";"D";2021-04;175
"LVB";"M";"44";"REG";"PROV";2026-01;3922
"LVB";"M";"78";"DEP";"D";2024-12;1434
"LVB";"M";"54";"DEP";"D";2023-09;468
"LVB_CUMR";"A";"90";"DEP";"D";2018;134
"LVB";"M";"03";"REG";"D";2022-12;712
"LVB";"M";"44";"DEP";"D";2021-08;1485
"LVB";"M";"55";"DEP";"D";2021-01;123
"LVB";"M";"31";"DEP";"D";2023-03;1143
"LVB";"M";"76";"REG";"D";2022-01;4820
"LVB";"M";"58";"DEP";"PROV";2026-01;99
"LVB";"A";"47";"DEP";"D";2023;2756
"LVB";"M";"61";"DEP";"D";2024-01;162
"LVB";"M";"53";"REG";"D";2022-02;2335
"LVB";"M";"74";"DEP";"D";2024-09;716
"LVB";"M";"90";"DEP";"D";2022-01;111
"LVB_CUMR";"A";"49";"DEP";"D";2020;670
"LVB_CUMR";"A";"27";"REG";"D";2024;1884
"LVB";"M";"04";"REG";"D";2024-07;983
"LVB";"M";"63";"DEP";"PROV";2025-02;426
"LVB";"A";"32";"DEP";"D";2023;1246
"LVB";"M";"47";"DEP";"D";2023-08;224
"LVB";"M";"55";"DEP";"D";2024-05;126
"LVB";"A";"84";"REG";"D";2017;90735
"LVB";"M";"89";"DEP";"D";2021-01;210
"LVB_CUMR";"A";"44";"REG";"D";2017;4740
"LVB";"M";"73";"DEP";"D";2024-10;359
"LVB_CUMR";"A";"54";"DEP";"D";2019;586
"LVB_CUMR";"A";"02";"REG";"D";2022;320
"LVB";"M";"58";"DEP";"D";2022-10;131
"LVB";"M";"46";"DEP";"D";2022-07;102
"LVB";"M";"66";"DEP";"D";2022-01;329
"LVB_CUMR";"A";"75";"REG";"PROV";2026;3921
"LVB";"A";"36";"DEP";"D";2022;1671
"LVB";"M";"28";"REG";"D";2022-07;2856
"LVB";"M";"53";"DEP";"D";2024-10;241
"LVB_CUMR";"A";"90";"DEP";"D";2024;76
"LVB";"A";"06";"REG";"D";2021;10613
"LVB";"A";"74";"DEP";"D";2020;9680
"LVB_CUMR";"A";"56";"DEP";"D";2023;549
"LVB";"M";"46";"DEP";"D";2022-05;104
"LVB_CUMR";"A";"53";"REG";"D";2024;2345
"LVB";"M";"61";"DEP";"D";2024-09;177
"LVB";"M";"33";"DEP";"PROV";2025-04;1203
"LVB";"M";"51";"DEP";"D";2022-08;511
"LVB";"M";"24";"REG";"D";2022-03;2092
"LVB";"M";"88";"DEP";"D";2022-10;226
"LVB";"A";"47";"DEP";"D";2021;2875
"LVB";"M";"06";"REG";"D";2022-12;790
"LVB";"M";"58";"DEP";"D";2021-05;138
"LVB";"M";"63";"DEP";"PROV";2025-04;448
"LVB";"M";"74";"DEP";"D";2024-07;813
"LVB";"M";"43";"DEP";"D";2024-04;147
"LVB";"M";"52";"REG";"D";2022-11;3121
"LVB";"M";"35";"DEP";"D";2021-11;1004
"LVB";"M";"53";"REG";"D";2024-10;2411
"LVB_CUMR";"A";"51";"DEP";"PROV";2026;445
"LVB";"M";"84";"REG";"PROV";2025-10;6487
"LVB";"M";"85";"DEP";"D";2022-07;522
"LVB";"M";"32";"DEP";"D";2024-12;101
"LVB";"A";"56";"DEP";"D";2018;6637
"LVB";"M";"52";"REG";"D";2024-06;2749
"LVB";"M";"03";"REG";"D";2021-02;617
"LVB";"M";"65";"DEP";"PROV";2025-08;147
"LVB";"M";"73";"DEP";"PROV";2025-08;295
"LVB_CUMR";"A";"45";"DEP";"PROV";2026;630
"LVB_CUMR";"A";"49";"DEP";"D";2017;736
"LVB";"M";"94";"REG";"D";2024-04;194
"LVB";"M";"62";"DEP";"PROV";2025-07;1150
"LVB";"M";"62";"DEP";"PROV";2025-11;1062
"LVB";"M";"44";"REG";"D";2022-05;4327
"LVB";"M";"33";"DEP";"PROV";2025-05;1269
"LVB";"M";"90";"DEP";"D";2023-08;102
"LVB";"M";"56";"DEP";"D";2021-01;538
"LVB";"M";"61";"DEP";"D";2022-09;193
"LVB_CUMR";"A";"06";"REG";"PROV";2026;713
"LVB";"M";"76";"DEP";"D";2023-09;996
"LVB";"M";"46";"DEP";"D";2021-12;111
"LVB_CUMR";"A";"51";"DEP";"D";2016;588
"LVB";"M";"94";"REG";"D";2021-10;242
"LVB";"M";"34";"DEP";"D";2022-04;1005
"LVB";"M";"44";"REG";"D";2024-03;3974
"LVB";"M";"59";"DEP";"D";2023-11;2326
"LVB";"M";"64";"DEP";"D";2021-11;493
"LVB";"M";"73";"DEP";"PROV";2025-11;284
"LVB";"A";"86";"DEP";"D";2016;4281
"LVB";"A";"04";"REG";"D";2017;13708
"LVB_CUMR";"A";"32";"DEP";"D";2024;107
"LVB_CUMR";"A";"46";"DEP";"D";2020;116
"LVB";"M";"51";"DEP";"D";2021-04;502
"LVB";"M";"84";"REG";"PROV";2026-01;6381
"LVB";"M";"60";"DEP";"PROV";2025-11;651
"LVB";"A";"52";"REG";"D";2020;38974
"LVB";"M";"62";"DEP";"D";2024-12;1161
"LVB";"M";"89";"DEP";"D";2024-04;223
"LVB";"A";"74";"DEP";"D";2016;9708
"LVB";"M";"45";"DEP";"PROV";2025-05;577
"LVB";"M";"53";"REG";"D";2024-08;2466
"LVB_CUMR";"A";"49";"DEP";"D";2024;642
"LVB_CUMR";"A";"03";"REG";"D";2018;722
"LVB";"A";"31";"DEP";"D";2021;15968
"LVB";"M";"90";"DEP";"PROV";2025-08;94
"LVB_CUMR";"A";"55";"DEP";"D";2017;147
"LVB";"M";"63";"DEP";"D";2024-07;510
"LVB";"A";"77";"DEP";"D";2016;18868
"LVB";"M";"27";"REG";"D";2023-06;1960
"LVB";"M";"47";"DEP";"D";2022-08;242
"LVB";"M";"50";"DEP";"PROV";2025-05;331
"LVB_CUMR";"A";"84";"REG";"D";2019;7571
"LVB_CUMR";"A";"36";"DEP";"D";2020;164
"LVB";"M";"06";"REG";"D";2022-03;1123
"LVB";"M";"85";"DEP";"D";2024-01;455
"LVB";"M";"86";"DEP";"D";2022-09;313
"LVB_CUMR";"A";"56";"DEP";"D";2019;559
"LVB";"M";"61";"DEP";"D";2023-01;201
"LVB";"M";"45";"DEP";"D";2023-09;553
"LVB";"M";"32";"REG";"D";2023-01;5121
"LVB";"M";"77";"DEP";"D";2024-11;1414
"LVB";"A";"64";"DEP";"PROV";2025;5170
"LVB";"M";"53";"DEP";"D";2024-12;243
"LVB_CUMR";"A";"84";"REG";"PROV";2026;6381
"LVB";"A";"33";"DEP";"D";2017;17004
"LVB";"M";"06";"REG";"D";2023-04;1041
"LVB";"M";"86";"DEP";"D";2024-08;307
"LVB";"A";"73";"DEP";"PROV";2025;3713
"LVB";"M";"60";"DEP";"PROV";2025-10;711
"LVB_CUMR";"A";"76";"REG";"D";2020;4776
"LVB_CUMR";"A";"45";"DEP";"D";2020;636
"LVB";"M";"44";"REG";"D";2021-11;4542
"LVB";"M";"63";"DEP";"D";2021-09;590
"LVB";"M";"54";"DEP";"D";2024-04;503
"LVB";"M";"99";"OTHER";"PROV";2025-09;77
"LVB";"M";"88";"DEP";"D";2022-06;274
"LVB";"A";"93";"REG";"D";2021;55664
"LVB";"M";"74";"DEP";"D";2022-08;833
"LVB";"M";"56";"DEP";"PROV";2025-03;509
"LVB";"M";"33";"DEP";"D";2022-04;1313
"LVB";"A";"53";"DEP";"PROV";2025;2747
"LVB";"M";"63";"DEP";"D";2022-10;492
"LVB";"M";"44";"DEP";"D";2024-12;1248
"LVB";"M";"28";"REG";"PROV";2025-07;2626
"LVB";"M";"53";"REG";"D";2024-04;2386
"LVB_CUMR";"A";"76";"REG";"D";2019;4828
"LVB";"M";"60";"DEP";"D";2022-09;711
"LVB";"M";"01";"REG";"D";2024-07;266
"LVB_CUMR";"A";"49";"DEP";"D";2018;719
"LVB";"M";"89";"DEP";"D";2023-04;198
"LVB";"M";"64";"DEP";"D";2021-04;453
"LVB";"A";"94";"REG";"D";2024;2477
"LVB";"M";"27";"REG";"D";2024-07;2003
"LVB";"M";"76";"DEP";"D";2023-02;918
"LVB_CUMR";"A";"32";"DEP";"D";2021;111
"LVB";"M";"45";"DEP";"D";2021-05;594
"LVB";"M";"52";"REG";"D";2022-05;3276
"LVB";"A";"89";"DEP";"D";2021;2979
"LVB_CUMR";"A";"76";"REG";"D";2023;4400
"LVB";"A";"45";"DEP";"D";2024;6960
"LVB";"M";"02";"REG";"D";2023-10;289
"LVB";"M";"58";"DEP";"D";2024-03;119
"LVB";"A";"54";"DEP";"D";2020;6819
"LVB";"M";"64";"DEP";"D";2022-08;537
"LVB";"M";"31";"DEP";"D";2021-07;1463
"LVB";"M";"78";"DEP";"D";2023-12;1457
"LVB";"M";"24";"REG";"D";2021-09;2250
"LVB";"M";"91";"DEP";"D";2022-06;1522
"LVB";"M";"11";"REG";"D";2022-05;14334
"LVB";"M";"47";"DEP";"PROV";2025-09;196
"LVB";"M";"31";"DEP";"D";2021-06;1343
"LVB";"M";"87";"DEP";"D";2021-01;215
"LVB";"M";"94";"REG";"D";2023-12;181
"LVB";"M";"59";"DEP";"D";2022-02;2284
"LVB";"M";"74";"DEP";"D";2022-04;716
"LVB_CUMR";"A";"54";"DEP";"D";2017;626
"LVB";"M";"32";"REG";"D";2022-07;5681
"LVB";"M";"61";"DEP";"D";2023-02;158
"LVB";"M";"04";"REG";"PROV";2025-11;850
"LVB";"M";"36";"DEP";"D";2022-08;121
"LVB";"M";"43";"DEP";"D";2022-07;160
"LVB";"M";"88";"DEP";"D";2024-07;220
"LVB";"M";"32";"REG";"PROV";2025-06;4648
"LVB";"A";"78";"DEP";"D";2017;18537
"LVB";"M";"49";"DEP";"D";2022-11;659
"LVB";"M";"84";"REG";"D";2022-05;7204
"LVB";"M";"54";"DEP";"PROV";2025-05;470
"LVB";"M";"62";"DEP";"D";2021-11;1328
"LVB";"M";"62";"DEP";"D";2024-05;1164
"LVB";"M";"47";"DEP";"D";2021-12;268
"LVB";"M";"78";"DEP";"D";2022-03;1513
"LVB";"M";"32";"REG";"D";2024-10;5026
"LVB";"M";"03";"REG";"PROV";2025-08;524
"LVB";"M";"60";"DEP";"PROV";2025-01;672
"LVB";"M";"90";"DEP";"D";2021-12;116
"LVB";"M";"31";"DEP";"D";2023-11;1174
"LVB";"M";"84";"REG";"D";2023-08;6779
"LVB";"M";"50";"DEP";"D";2024-02;305
"LVB";"M";"46";"DEP";"D";2023-07;92
"LVB";"M";"64";"DEP";"D";2023-05;450
"LVB";"M";"04";"REG";"D";2024-05;1043
"LVB";"M";"28";"REG";"D";2023-11;2540
"LVB";"M";"56";"DEP";"D";2024-01;466
"LVB";"M";"84";"REG";"D";2023-07;6881
"LVB";"M";"77";"DEP";"PROV";2025-03;1377
"LVB";"M";"85";"DEP";"D";2023-11;481
"LVB";"M";"52";"DEP";"D";2023-11;98
"LVB";"M";"49";"DEP";"PROV";2025-06;633
"LVB";"M";"34";"DEP";"D";2021-10;1080
"LVB";"M";"03";"REG";"D";2021-08;698
"LVB";"M";"62";"DEP";"D";2024-11;1144
"LVB";"M";"24";"REG";"D";2023-11;1947
"LVB";"M";"45";"DEP";"D";2024-12;530
"LVB_CUMR";"A";"04";"REG";"D";2017;1105
"LVB";"M";"94";"REG";"D";2022-09;247
"LVB";"M";"65";"DEP";"D";2024-04;158
"LVB";"A";"79";"DEP";"D";2020;3146
"LVB_CUMR";"A";"64";"DEP";"D";2019;521
"LVB";"M";"89";"DEP";"D";2024-07;243
"LVB";"M";"73";"DEP";"D";2023-02;292
"LVB";"M";"54";"DEP";"PROV";2025-12;463
"LVB_CUMR";"A";"75";"DEP";"D";2019;2292
"LVB";"M";"53";"REG";"D";2021-10;2802
"LVB";"M";"65";"DEP";"D";2021-11;154
"LVB";"M";"51";"DEP";"D";2022-05;474
"LVB";"M";"27";"REG";"D";2023-03;1881
"LVB_CUMR";"A";"31";"DEP";"D";2022;1279
"LVB";"M";"04";"REG";"D";2022-06;1206
"LVB";"M";"48";"DEP";"D";2024-02;49
"LVB";"M";"84";"REG";"D";2024-02;6065
"LVB";"M";"31";"DEP";"D";2022-03;1306
"LVB";"M";"60";"DEP";"D";2024-11;674
"LVB";"M";"87";"DEP";"D";2021-06;258
"LVB_CUMR";"A";"77";"DEP";"PROV";2025;1386
"LVB";"M";"63";"DEP";"D";2023-08;475
"LVB";"M";"51";"DEP";"PROV";2025-01;441
"LVB";"M";"64";"DEP";"D";2023-03;467
"LVB";"M";"28";"REG";"D";2023-05;2489
"LVB";"M";"44";"DEP";"D";2024-07;1263
"LVB";"M";"04";"REG";"D";2023-11;964
"LVB";"A";"27";"REG";"D";2021;25429
"LVB";"A";"75";"REG";"D";2020;53196
"LVB";"M";"89";"DEP";"PROV";2025-01;255
"LVB_CUMR";"A";"65";"DEP";"D";2018;144
"LVB";"M";"75";"DEP";"D";2023-07;1902
"LVB";"M";"35";"DEP";"PROV";2025-10;886
"LVB_CUMR";"A";"62";"DEP";"D";2019;1315
"LVB";"M";"52";"DEP";"D";2023-07;115
"LVB";"M";"57";"DEP";"PROV";2026-01;730
"LVB";"M";"44";"DEP";"D";2023-10;1358
"LVB_CUMR";"A";"90";"DEP";"PROV";2026;107
"LVB_CUMR";"A";"35";"DEP";"D";2019;968
"LVB";"M";"55";"DEP";"D";2022-10;138
"LVB";"M";"27";"REG";"D";2024-04;1735
"LVB";"M";"06";"REG";"D";2022-10;721
"LVB_CUMR";"A";"61";"DEP";"D";2020;188
"LVB";"M";"77";"DEP";"PROV";2025-08;1435
"LVB";"M";"75";"REG";"D";2024-09;3915
"LVB_CUMR";"A";"55";"DEP";"D";2019;140
"LVB";"M";"52";"DEP";"D";2024-09;108
"LVB";"M";"43";"DEP";"D";2021-04;153
"LVB";"M";"31";"DEP";"PROV";2025-03;1157
"LVB";"M";"43";"DEP";"D";2021-06;204
"LVB";"A";"89";"DEP";"PROV";2025;2555
"LVB";"A";"02";"REG";"D";2020;3529
"LVB";"M";"52";"REG";"D";2023-02;2739
"LVB";"M";"88";"DEP";"D";2022-12;229
"LVB";"M";"64";"DEP";"D";2024-11;448
"LVB";"M";"75";"REG";"PROV";2025-07;4212
"LVB";"M";"75";"DEP";"D";2023-10;1877
"LVB_CUMR";"A";"54";"DEP";"PROV";2025;486
"LVB";"A";"44";"DEP";"D";2018;16198
"LVB";"M";"55";"DEP";"D";2022-08;112
"LVB_CUMR";"A";"64";"DEP";"D";2021;436
"LVB";"M";"63";"DEP";"PROV";2025-05;430
"LVB";"M";"33";"DEP";"D";2021-10;1663
"LVB";"M";"27";"REG";"D";2024-12;1822
"LVB_CUMR";"A";"03";"REG";"D";2020;683
"LVB";"M";"53";"REG";"D";2021-07;2844
"LVB";"A";"86";"DEP";"PROV";2025;3457
"LVB";"M";"44";"REG";"D";2021-06;4319
"LVB";"A";"54";"DEP";"D";2022;6560
"LVB";"A";"60";"DEP";"D";2017;9974
"LVB";"M";"48";"DEP";"D";2024-10;46
"LVB_CUMR";"A";"77";"DEP";"D";2024;1434
"LVB";"A";"65";"DEP";"D";2018;1802
"LVB";"A";"34";"DEP";"D";2018;12577
"LVB";"M";"52";"REG";"D";2024-08;3116
"LVB";"M";"01";"REG";"D";2023-03;339
"LVB_CUMR";"A";"84";"REG";"D";2016;7618
"LVB";"M";"88";"DEP";"D";2022-02;205
"LVB";"M";"45";"DEP";"PROV";2025-09;531
"LVB_CUMR";"A";"59";"DEP";"D";2022;2435
"LVB";"M";"24";"REG";"D";2021-05;2009
"LVB";"M";"49";"DEP";"D";2021-08;762
"LVB";"M";"75";"DEP";"PROV";2025-07;1911
"LVB";"M";"65";"DEP";"D";2024-07;150
"LVB";"A";"11";"REG";"D";2023;154128
"LVB";"M";"35";"DEP";"D";2022-11;899
"LVB";"M";"93";"REG";"D";2024-07;4307
"LVB";"M";"91";"DEP";"D";2021-12;1631
"LVB";"M";"24";"REG";"D";2024-03;1826
"LVB";"M";"43";"DEP";"D";2024-01;161
"LVB";"M";"56";"DEP";"PROV";2025-09;485
"LVB_CUMR";"A";"36";"DEP";"D";2021;143
"LVB";"M";"49";"DEP";"D";2024-01;642
"LVB_CUMR";"A";"66";"DEP";"D";2018;352
"LVB";"A";"75";"DEP";"D";2018;27367
"LVB";"M";"04";"REG";"D";2021-06;1161
"LVB";"M";"44";"REG";"D";2023-09;3938
"LVB";"M";"43";"DEP";"D";2022-12;156
"LVB";"M";"90";"DEP";"PROV";2025-02;102
"LVB";"M";"36";"DEP";"D";2021-03;148
"LVB";"M";"58";"DEP";"PROV";2025-03;109
"LVB";"M";"94";"REG";"D";2024-05;218
"LVB";"M";"52";"DEP";"D";2024-01;100
"LVB_CUMR";"A";"74";"DEP";"D";2017;740
"LVB";"M";"84";"REG";"D";2021-12;7490
"LVB";"M";"63";"DEP";"D";2021-02;427
"LVB";"M";"01";"REG";"D";2024-01;331
"LVB";"A";"60";"DEP";"D";2019;9509
"LVB";"M";"89";"DEP";"D";2023-10;226
"LVB_CUMR";"A";"52";"REG";"D";2016;3416
"LVB_CUMR";"A";"47";"DEP";"D";2024;218
"LVB";"M";"34";"DEP";"D";2024-04;812
"LVB";"M";"76";"DEP";"PROV";2025-07;1078
"LVB";"M";"50";"DEP";"PROV";2025-09;328
"LVB";"M";"59";"DEP";"PROV";2025-03;2170
"LVB";"A";"53";"REG";"PROV";2025;28066
"LVB_CUMR";"A";"89";"DEP";"D";2024;229
"LVB";"M";"52";"REG";"D";2023-10;3204
"LVB";"M";"01";"REG";"D";2023-02;300
"LVB";"M";"61";"DEP";"PROV";2025-01;191
"LVB";"M";"53";"DEP";"PROV";2025-10;265
"LVB";"M";"48";"DEP";"D";2022-08;55
"LVB";"M";"79";"DEP";"D";2021-03;278
"LVB_CUMR";"A";"49";"DEP";"D";2023;651
"LVB";"A";"76";"DEP";"D";2016;14645
"LVB_CUMR";"A";"56";"DEP";"PROV";2026;492
"LVB_CUMR";"A";"84";"REG";"PROV";2025;6324
"LVB_CUMR";"A";"11";"REG";"D";2020;14042
"LVB_CUMR";"A";"33";"DEP";"D";2019;1349
"LVB_CUMR";"A";"88";"DEP";"D";2016;245
"LVB";"A";"66";"DEP";"D";2019;4319
"LVB";"M";"24";"REG";"D";2024-01;2009
"LVB";"M";"46";"DEP";"D";2024-11;99
"LVB_CUMR";"A";"01";"REG";"PROV";2026;294
"LVB";"M";"54";"DEP";"D";2021-11;582
"LVB";"M";"78";"DEP";"D";2021-12;1597
"LVB";"M";"32";"DEP";"PROV";2025-01;107
"LVB_CUMR";"A";"57";"DEP";"D";2023;720
"LVB";"M";"91";"DEP";"D";2022-08;1645
"LVB";"M";"53";"REG";"D";2021-12;2750
"LVB";"M";"61";"DEP";"D";2023-04;181
"LVB";"M";"45";"DEP";"PROV";2025-12;550
"LVB";"M";"44";"REG";"D";2024-12;3783
"LVB";"M";"44";"REG";"D";2022-09;4353
"LVB";"M";"03";"REG";"D";2021-11;765
"LVB";"M";"62";"DEP";"D";2022-01;1273
"LVB";"M";"76";"DEP";"D";2022-09;1094
"LVB";"M";"88";"DEP";"PROV";2025-06;203
"LVB";"M";"30";"DEP";"D";2023-11;560
"LVB";"M";"49";"DEP";"D";2023-07;694
"LVB";"M";"53";"REG";"PROV";2025-03;2320
"LVB";"M";"56";"DEP";"D";2023-07;518
"LVB";"A";"73";"DEP";"D";2022;4272
"LVB";"M";"43";"DEP";"D";2022-06;162
"LVB_CUMR";"A";"02";"REG";"PROV";2025;250
"LVB";"M";"52";"REG";"D";2022-02;2996
"LVB";"M";"94";"REG";"PROV";2025-09;212
"LVB";"M";"90";"DEP";"PROV";2025-03;94
"LVB";"M";"66";"DEP";"PROV";2025-07;344
"LVB";"A";"51";"DEP";"D";2021;6041
"LVB";"M";"32";"DEP";"D";2021-09;147
"LVB";"A";"55";"DEP";"PROV";2025;1229
"LVB";"M";"45";"DEP";"D";2022-08;688
"LVB";"A";"75";"DEP";"D";2019;27373
"LVB";"M";"02";"REG";"PROV";2025-03;200
"LVB";"M";"93";"REG";"PROV";2025-01;4173
"LVB";"M";"87";"DEP";"D";2022-06;292
"LVB";"M";"33";"DEP";"D";2023-04;1144
"LVB";"A";"64";"DEP";"D";2023;5477
"LVB";"M";"28";"REG";"PROV";2025-06;2383
"LVB";"M";"58";"DEP";"D";2023-10;116
"LVB";"M";"57";"DEP";"PROV";2025-08;726
"LVB";"A";"53";"DEP";"D";2019;3003
"LVB";"M";"11";"REG";"D";2024-08;12901
"LVB";"M";"45";"DEP";"D";2023-12;551
"LVB";"M";"84";"REG";"D";2021-03;7087
"LVB";"M";"75";"DEP";"D";2024-12;1736
"LVB";"M";"01";"REG";"D";2024-03;301
"LVB";"A";"91";"DEP";"D";2016;18603
"LVB_CUMR";"A";"52";"DEP";"D";2024;100
"LVB";"M";"60";"DEP";"PROV";2026-01;696
"LVB";"M";"36";"DEP";"D";2023-04;122
"LVB_CUMR";"A";"28";"REG";"PROV";2026;2381
"LVB_CUMR";"A";"59";"DEP";"PROV";2026;2175
"LVB";"M";"47";"DEP";"D";2022-12;214
"LVB";"M";"53";"REG";"D";2024-02;2255
"LVB";"M";"02";"REG";"D";2023-06;227
"LVB";"M";"75";"DEP";"D";2022-06;2116
"LVB";"M";"86";"DEP";"D";2022-02;311
"LVB";"M";"66";"DEP";"D";2024-07;359
"LVB_CUMR";"A";"53";"DEP";"D";2018;277
"LVB_CUMR";"A";"56";"DEP";"D";2018;555
"LVB";"M";"84";"REG";"D";2023-05;6618
"LVB";"M";"36";"DEP";"D";2023-05;131
"LVB";"M";"27";"REG";"D";2023-01;1983
"LVB";"M";"06";"REG";"D";2021-02;803
"LVB_CUMR";"A";"43";"DEP";"D";2022;154
"LVB";"M";"88";"DEP";"D";2022-11;231
"LVB";"M";"57";"DEP";"D";2022-01;801
"LVB";"M";"93";"REG";"D";2023-03;4073
"LVB";"M";"78";"DEP";"PROV";2025-05;1404
"LVB";"M";"52";"DEP";"D";2023-01;111
"LVB";"M";"66";"DEP";"D";2024-02;305
"LVB";"M";"32";"REG";"D";2023-04;4716
"LVB";"M";"30";"DEP";"PROV";2025-11;521
"LVB";"M";"85";"DEP";"PROV";2025-01;442
"LVB_CUMR";"A";"11";"REG";"D";2017;14578
"LVB";"M";"55";"DEP";"D";2024-10;97
"LVB_CUMR";"A";"43";"DEP";"PROV";2026;136
"LVB";"A";"51";"DEP";"D";2016;6410
"LVB";"M";"51";"DEP";"D";2024-11;408
"LVB_CUMR";"A";"55";"DEP";"D";2018;140
"LVB";"M";"84";"REG";"D";2024-07;6976
"LVB";"A";"74";"DEP";"D";2019;9823
"LVB";"M";"64";"DEP";"D";2022-09;506
"LVB";"M";"89";"DEP";"PROV";2025-09;191
"LVB";"A";"24";"REG";"D";2017;26380
"LVB";"M";"01";"REG";"D";2021-05;280
"LVB";"A";"33";"DEP";"D";2024;15392
"LVB";"M";"49";"DEP";"D";2023-01;651
"LVB";"M";"47";"DEP";"D";2021-08;264
"LVB";"M";"60";"DEP";"D";2022-03;814
"LVB";"M";"76";"REG";"D";2023-04;4122
"LVB";"M";"65";"DEP";"PROV";2025-11;122
"LVB";"M";"78";"DEP";"PROV";2025-02;1267
"LVB";"M";"11";"REG";"D";2022-12;13493
"LVB";"M";"90";"DEP";"D";2024-07;122
"LVB";"A";"50";"DEP";"D";2020;4257
"LVB";"M";"48";"DEP";"D";2021-11;49
"LVB";"M";"52";"REG";"D";2021-09;3589
"LVB";"A";"35";"DEP";"D";2021;11758
"LVB";"M";"58";"DEP";"D";2021-04;126
"LVB";"M";"62";"DEP";"PROV";2025-10;1067
"LVB";"M";"53";"REG";"D";2022-03;2526
"LVB";"A";"01";"REG";"D";2017;4126
"LVB";"M";"77";"DEP";"D";2023-11;1439
"LVB";"M";"86";"DEP";"D";2024-12;270
"LVB";"M";"53";"DEP";"D";2021-12;236
"LVB_CUMR";"A";"75";"DEP";"D";2018;2152
"LVB";"M";"28";"REG";"PROV";2025-02;2113
"LVB";"M";"43";"DEP";"D";2023-02;134
"LVB";"M";"55";"DEP";"D";2021-02;123
"LVB";"M";"27";"REG";"PROV";2025-06;1902
"LVB";"M";"66";"DEP";"D";2021-05;358
"LVB";"M";"34";"DEP";"D";2022-10;1013
"LVB";"M";"76";"REG";"PROV";2025-07;4483
"LVB";"M";"75";"REG";"D";2023-07;4340
"LVB_CUMR";"A";"03";"REG";"D";2022;714
"LVB";"M";"86";"DEP";"D";2023-08;350
"LVB_CUMR";"A";"43";"DEP";"D";2021;141
"LVB";"M";"66";"DEP";"D";2021-10;447
"LVB_CUMR";"A";"52";"DEP";"D";2017;134
"LVB";"M";"59";"DEP";"D";2021-11;2566
"LVB";"M";"76";"DEP";"D";2022-05;1154
"LVB";"M";"24";"REG";"D";2023-02;1818
"LVB";"M";"03";"REG";"PROV";2025-03;535
"LVB";"M";"31";"DEP";"D";2024-05;1268
"LVB";"M";"49";"DEP";"D";2022-08;719
"LVB_CUMR";"A";"93";"REG";"D";2023;4293
"LVB";"M";"87";"DEP";"PROV";2025-03;238
"LVB_CUMR";"A";"62";"DEP";"PROV";2026;1123
"LVB";"M";"43";"DEP";"D";2021-02;141
"LVB";"M";"28";"REG";"D";2024-03;2481
"LVB";"A";"06";"REG";"D";2019;9768
"LVB";"M";"54";"DEP";"PROV";2025-11;474
"LVB";"M";"77";"DEP";"D";2024-09;1438
"LVB";"A";"34";"DEP";"D";2021;12580
"LVB";"M";"52";"DEP";"D";2022-10;114
"LVB";"M";"75";"REG";"D";2023-04;3803
"LVB";"M";"86";"DEP";"D";2024-11;297
"LVB";"M";"61";"DEP";"D";2023-08;219
"LVB";"M";"59";"DEP";"D";2022-08;2584
"LVB";"M";"44";"DEP";"D";2021-10;1480
"LVB";"M";"75";"DEP";"D";2024-06;1809
"LVB";"M";"32";"REG";"D";2024-02;4798
"LVB";"M";"03";"REG";"D";2021-09;737
"LVB";"M";"87";"DEP";"D";2022-10;300
"LVB";"M";"49";"DEP";"D";2021-09;768
"LVB";"M";"32";"DEP";"PROV";2025-12;99
"LVB_CUMR";"A";"84";"REG";"D";2022;7169
"LVB_CUMR";"A";"62";"DEP";"D";2024;1213
"LVB_CUMR";"A";"57";"DEP";"D";2016;909
"LVB";"M";"77";"DEP";"D";2024-07;1491
"LVB";"M";"47";"DEP";"D";2021-02;185
"LVB";"M";"06";"REG";"D";2023-01;761
"LVB";"A";"52";"REG";"D";2024;35440
"LVB";"M";"74";"DEP";"D";2021-07;876
"LVB_CUMR";"A";"86";"DEP";"D";2017;367
"LVB";"M";"54";"DEP";"D";2024-11;470
"LVB";"M";"61";"DEP";"PROV";2025-09;168
"LVB";"M";"60";"DEP";"D";2022-12;753
"LVB";"M";"32";"DEP";"D";2024-03;106
"LVB_CUMR";"A";"93";"REG";"D";2021;4035
"LVB";"M";"58";"DEP";"D";2023-05;150
"LVB";"M";"76";"REG";"D";2023-02;4163
"LVB";"M";"43";"DEP";"D";2021-08;181
"LVB";"M";"03";"REG";"D";2023-09;639
"LVB";"A";"54";"DEP";"PROV";2025;5634
"LVB";"M";"79";"DEP";"D";2021-09;288
"LVB_CUMR";"A";"86";"DEP";"D";2019;357
"LVB";"M";"27";"REG";"PROV";2025-10;1857
"LVB";"M";"66";"DEP";"D";2023-02;331
"LVB";"M";"57";"DEP";"PROV";2025-03;666
"LVB";"M";"01";"REG";"D";2021-02;324
"LVB";"M";"45";"DEP";"D";2023-04;580
"LVB";"M";"34";"DEP";"D";2022-12;1035
"LVB";"M";"62";"DEP";"D";2023-05;1190
"LVB";"M";"28";"REG";"D";2022-11;2673
"LVB";"M";"51";"DEP";"D";2021-02;421
"LVB";"A";"65";"DEP";"D";2017;1907
"LVB_CUMR";"A";"89";"DEP";"D";2019;272
"LVB";"M";"94";"REG";"PROV";2025-02;176
"LVB";"M";"73";"DEP";"D";2023-01;293
"LVB";"M";"04";"REG";"D";2021-03;1217
"LVB_CUMR";"A";"78";"DEP";"D";2022;1416
"LVB";"M";"42";"DEP";"PROV";2025-07;608
"LVB";"M";"57";"DEP";"D";2021-06;801
"LVB";"M";"94";"REG";"D";2021-06;203
"LVB";"M";"33";"DEP";"D";2023-06;1360
"LVB";"M";"24";"REG";"D";2022-06;2140
"LVB";"A";"61";"DEP";"D";2017;2495
"LVB";"M";"85";"DEP";"D";2024-10;404
"LVB";"A";"53";"DEP";"D";2024;2841
"LVB";"M";"11";"REG";"D";2023-12;12872
"LVB_CUMR";"A";"74";"DEP";"D";2016;797
"LVB";"M";"52";"DEP";"D";2023-04;115
"LVB";"M";"48";"DEP";"D";2024-06;32
"LVB";"M";"57";"DEP";"D";2023-07;740
"LVB";"M";"50";"DEP";"D";2024-06;296
"LVB";"M";"53";"DEP";"D";2023-12;227
"LVB";"M";"45";"DEP";"PROV";2025-08;572
"LVB_CUMR";"A";"86";"DEP";"PROV";2026;283
"LVB";"A";"52";"REG";"D";2021;40227
"LVB";"M";"35";"DEP";"D";2022-07;1022
"LVB";"M";"56";"DEP";"D";2022-01;629
"LVB";"A";"87";"DEP";"D";2021;3146
"LVB";"M";"64";"DEP";"D";2024-02;413
"LVB";"A";"93";"REG";"D";2017;57286
"LVB";"M";"44";"REG";"D";2021-12;4620
"LVB";"M";"53";"REG";"D";2021-03;2618
"LVB";"A";"78";"DEP";"D";2021;18401
"LVB";"M";"04";"REG";"D";2023-04;1138
"LVB";"M";"57";"DEP";"D";2023-04;723
"LVB";"M";"62";"DEP";"D";2022-05;1231
"LVB";"M";"51";"DEP";"D";2021-09;516
"LVB";"M";"87";"DEP";"D";2024-02;243
"LVB";"M";"34";"DEP";"D";2022-01;1021
"LVB";"M";"45";"DEP";"D";2021-12;696
"LVB";"A";"11";"REG";"PROV";2025;148754
"LVB";"M";"75";"REG";"D";2023-05;4117
"LVB";"M";"78";"DEP";"D";2023-04;1379
"LVB_CUMR";"A";"52";"REG";"D";2022;3335
"LVB";"M";"88";"DEP";"D";2021-12;255
"LVB_CUMR";"A";"62";"DEP";"D";2017;1461
"LVB";"M";"58";"DEP";"D";2021-09;138
"LVB";"M";"31";"DEP";"D";2022-05;1359
"LVB";"M";"48";"DEP";"D";2022-05;60
"LVB";"M";"50";"DEP";"D";2022-03;345
"LVB_CUMR";"A";"04";"REG";"D";2021;964
"LVB_CUMR";"A";"93";"REG";"PROV";2026;4089
"LVB";"M";"86";"DEP";"D";2023-07;281
"LVB";"M";"73";"DEP";"D";2022-09;363
"LVB";"A";"57";"DEP";"D";2020;9697
"LVB";"M";"27";"REG";"D";2024-01;1884
"LVB";"M";"66";"DEP";"D";2023-11;347
"LVB";"M";"35";"DEP";"D";2021-08;1030
"LVB";"M";"43";"DEP";"D";2022-09;150
"LVB";"M";"03";"REG";"D";2024-11;594
"LVB_CUMR";"A";"54";"DEP";"D";2020;645
"LVB_CUMR";"A";"84";"REG";"D";2021;6426
"LVB";"A";"76";"DEP";"D";2021;13600
"LVB";"A";"87";"DEP";"D";2019;3406
"LVB";"M";"76";"DEP";"D";2021-08;1218
"LVB";"M";"85";"DEP";"D";2024-12;396
"LVB";"A";"06";"REG";"D";2023;10278
"LVB";"M";"31";"DEP";"D";2024-01;1211
"LVB";"M";"57";"DEP";"D";2024-07;796
"LVB";"M";"64";"DEP";"D";2021-10;548
"LVB_CUMR";"A";"52";"REG";"D";2018;3333
"LVB";"M";"44";"DEP";"D";2022-08;1488
"LVB";"M";"52";"DEP";"D";2024-07;105
"LVB";"M";"86";"DEP";"D";2023-10;278
"LVB";"M";"53";"REG";"PROV";2025-05;2365
"LVB";"M";"76";"REG";"D";2024-03;4143
"LVB";"A";"63";"DEP";"D";2023;5510
"LVB";"M";"76";"DEP";"PROV";2026-01;1008
"LVB";"M";"34";"DEP";"D";2021-09;1047
"LVB";"M";"24";"REG";"D";2023-03;1946
"LVB";"M";"55";"DEP";"D";2024-04;108
"LVB";"M";"03";"REG";"D";2021-10;792
"LVB";"M";"45";"DEP";"PROV";2025-10;561
"LVB";"A";"89";"DEP";"D";2020;3104
"LVB_CUMR";"A";"51";"DEP";"D";2023;442
"LVB";"M";"46";"DEP";"PROV";2025-07;90
"LVB_CUMR";"A";"94";"REG";"D";2020;242
"LVB_CUMR";"A";"60";"DEP";"D";2020;823
"LVB";"A";"33";"DEP";"PROV";2025;15007
"LVB";"A";"63";"DEP";"D";2017;6528
"LVB";"M";"54";"DEP";"D";2024-12;491
"LVB";"M";"01";"REG";"D";2022-10;397
"LVB";"M";"75";"DEP";"D";2022-08;2050
"LVB";"M";"11";"REG";"PROV";2025-12;12702
"LVB_CUMR";"A";"46";"DEP";"D";2023;119
"LVB_CUMR";"A";"27";"REG";"D";2018;2321
"LVB";"M";"89";"DEP";"D";2022-12;262
"LVB";"A";"06";"REG";"D";2018;9590
"LVB";"M";"75";"DEP";"D";2022-01;1902
"LVB_CUMR";"A";"75";"REG";"D";2022;4587
"LVB";"M";"89";"DEP";"D";2023-06;264
"LVB";"M";"31";"DEP";"D";2024-07;1269
"LVB";"M";"49";"DEP";"PROV";2026-01;614
"LVB";"M";"56";"DEP";"PROV";2025-02;513
"LVB";"M";"63";"DEP";"PROV";2025-08;530
"LVB";"M";"32";"REG";"D";2023-12;5142
"LVB";"M";"11";"REG";"PROV";2025-07;13185
"LVB";"M";"76";"REG";"D";2021-12;5067
"LVB";"A";"34";"DEP";"D";2019;12488
"LVB";"M";"73";"DEP";"D";2024-07;372
"LVB_CUMR";"A";"44";"DEP";"PROV";2026;1168
"LVB";"A";"53";"DEP";"D";2020;2968
"LVB";"A";"36";"DEP";"D";2021;1816
"LVB_CUMR";"A";"34";"DEP";"PROV";2026;897
"LVB_CUMR";"A";"93";"REG";"PROV";2025;4173
"LVB";"M";"91";"DEP";"D";2021-01;1318
"LVB";"A";"58";"DEP";"D";2024;1339
"LVB";"M";"78";"DEP";"D";2021-10;1622
"LVB";"M";"52";"REG";"PROV";2026-01;2894
"LVB";"M";"78";"DEP";"PROV";2025-07;1477
"LVB_CUMR";"A";"02";"REG";"D";2016;348
"LVB_CUMR";"A";"62";"DEP";"D";2022;1273
"LVB";"M";"47";"DEP";"D";2024-03;195
"LVB";"M";"33";"DEP";"D";2021-08;1597
"LVB";"M";"75";"DEP";"PROV";2025-02;1572
"LVB";"M";"65";"DEP";"D";2023-08;155
"LVB";"M";"93";"REG";"PROV";2025-11;3797
"LVB";"M";"88";"DEP";"D";2024-05;217
"LVB";"M";"59";"DEP";"D";2022-10;2471
"LVB";"M";"31";"DEP";"D";2024-02;1086
"LVB";"M";"52";"DEP";"PROV";2026-01;121
"LVB";"M";"06";"REG";"D";2024-09;619
"LVB";"A";"30";"DEP";"PROV";2025;6301
"LVB";"M";"27";"REG";"D";2022-06;2087
"LVB";"M";"45";"DEP";"PROV";2025-03;559
"LVB";"M";"74";"DEP";"D";2022-01;833
"LVB";"M";"53";"DEP";"D";2024-09;244
"LVB";"A";"57";"DEP";"D";2019;10232
"LVB";"M";"66";"DEP";"D";2023-06;364
"LVB";"M";"44";"REG";"PROV";2025-01;3869
"LVB";"M";"11";"REG";"D";2024-05;12948
"LVB";"M";"94";"REG";"D";2024-10;242
"LVB";"M";"86";"DEP";"PROV";2025-06;293
"LVB";"M";"32";"DEP";"D";2021-10;132
"LVB";"M";"62";"DEP";"D";2022-10;1281
"LVB";"M";"60";"DEP";"D";2022-07;802
"LVB";"M";"76";"DEP";"PROV";2025-02;859
"LVB";"M";"45";"DEP";"PROV";2025-04;544
"LVB";"M";"50";"DEP";"D";2024-03;326
"LVB";"A";"28";"REG";"D";2016;35744
"LVB_CUMR";"A";"63";"DEP";"D";2019;520
"LVB";"A";"03";"REG";"D";2022;7718
"LVB_CUMR";"A";"60";"DEP";"D";2017;838
"LVB";"M";"36";"DEP";"D";2022-07;148
"LVB";"M";"90";"DEP";"D";2023-10;115
"LVB";"M";"94";"REG";"D";2022-04;233
"LVB";"M";"76";"DEP";"PROV";2025-03;1000
"LVB";"M";"85";"DEP";"D";2023-06;447
"LVB";"M";"28";"REG";"D";2023-02;2266
"LVB";"M";"44";"DEP";"PROV";2025-05;1236
"LVB";"M";"52";"DEP";"D";2021-06;125
"LVB";"A";"64";"DEP";"D";2021;5979
"LVB";"M";"03";"REG";"D";2021-05;638
"LVB";"M";"55";"DEP";"D";2022-07;128
"LVB";"M";"27";"REG";"D";2021-10;2274
"LVB";"A";"75";"REG";"D";2017;54357
"LVB";"M";"31";"DEP";"D";2024-10;1271
"LVB";"A";"85";"DEP";"D";2023;5439
"LVB";"M";"24";"REG";"D";2022-12;2055
"LVB";"M";"45";"DEP";"D";2022-03;625
"LVB";"M";"73";"DEP";"D";2023-10;340
"LVB";"M";"52";"DEP";"D";2024-04;102
"LVB";"M";"75";"REG";"D";2023-01;4010
"LVB_CUMR";"A";"62";"DEP";"D";2021;1148
"LVB";"M";"58";"DEP";"PROV";2025-05;105
"LVB";"M";"28";"REG";"D";2022-03;2737
"LVB";"M";"11";"REG";"PROV";2025-01;12725
"LVB";"M";"31";"DEP";"D";2024-06;1171
"LVB";"A";"91";"DEP";"D";2018;18618
"LVB_CUMR";"A";"45";"DEP";"PROV";2025;537
"LVB_CUMR";"A";"73";"DEP";"PROV";2026;324
"LVB";"M";"59";"DEP";"D";2021-03;2455
"LVB";"A";"50";"DEP";"PROV";2025;3660
"LVB";"M";"53";"REG";"D";2021-08;2884
"LVB_CUMR";"A";"66";"DEP";"D";2022;329
"LVB";"M";"89";"DEP";"D";2024-06;204
"LVB";"M";"48";"DEP";"PROV";2025-04;35
"LVB";"M";"32";"REG";"D";2022-05;5455
"LVB";"M";"01";"REG";"PROV";2025-01;274
"LVB";"M";"54";"DEP";"D";2021-06;519
"LVB";"M";"24";"REG";"D";2021-08;2256
"LVB";"M";"34";"DEP";"D";2023-01;933
"LVB";"M";"94";"REG";"PROV";2025-07;236
"LVB";"M";"47";"DEP";"PROV";2025-01;195
"LVB";"M";"75";"DEP";"D";2022-10;1958
"LVB";"M";"85";"DEP";"D";2022-05;490
"LVB";"M";"33";"DEP";"D";2024-11;1228
"LVB";"A";"55";"DEP";"D";2022;1473
"LVB";"M";"64";"DEP";"D";2023-01;447
"LVB";"M";"76";"DEP";"D";2024-04;957
"LVB";"M";"28";"REG";"D";2022-01;2757
"LVB";"M";"53";"DEP";"D";2023-05;247
"LVB";"M";"03";"REG";"PROV";2025-11;558
"LVB";"A";"75";"REG";"D";2016;55818
"LVB";"M";"88";"DEP";"D";2023-11;244
"LVB";"M";"47";"DEP";"D";2023-06;235
"LVB";"M";"24";"REG";"D";2023-09;1919
"LVB";"M";"31";"DEP";"PROV";2025-05;1242
"LVB";"M";"75";"DEP";"D";2023-12;1850
"LVB";"A";"56";"DEP";"D";2019;6661
"LVB";"M";"44";"DEP";"D";2024-03;1139
"LVB";"M";"75";"REG";"D";2022-02;4096
"LVB";"M";"11";"REG";"D";2024-06;12293
"LVB_CUMR";"A";"28";"REG";"D";2022;2757
"LVB";"M";"93";"REG";"D";2024-04;3772
"LVB";"M";"52";"DEP";"D";2021-12;125
"LVB";"M";"66";"DEP";"D";2023-05;335
"LVB";"M";"89";"DEP";"D";2022-07;249
"LVB";"M";"34";"DEP";"D";2023-04;840
"LVB";"M";"94";"REG";"D";2022-12;223
"LVB";"A";"43";"DEP";"D";2021;1977
"LVB";"A";"56";"DEP";"D";2023;6186
"LVB";"M";"24";"REG";"D";2022-05;2128
"LVB";"M";"73";"DEP";"D";2024-05;324
"LVB";"M";"61";"DEP";"D";2023-03;190
"LVB";"M";"02";"REG";"D";2022-05;269
"LVB";"M";"89";"DEP";"PROV";2025-05;227
"LVB";"M";"54";"DEP";"D";2021-01;472
"LVB_CUMR";"A";"46";"DEP";"PROV";2026;94
"LVB";"A";"34";"DEP";"D";2017;12507
"LVB_CUMR";"A";"58";"DEP";"D";2024;119
"LVB";"M";"53";"REG";"D";2022-01;2661
"LVB";"M";"63";"DEP";"D";2022-01;488
"LVB";"A";"53";"REG";"D";2017;32136
"LVB";"M";"73";"DEP";"D";2024-02;321
"LVB";"M";"54";"DEP";"PROV";2026-01;505
"LVB";"A";"44";"REG";"D";2018;55580
"LVB";"M";"62";"DEP";"D";2024-02;1160
"LVB";"M";"49";"DEP";"D";2024-12;607
"LVB";"M";"88";"DEP";"D";2021-02;227
"LVB";"M";"11";"REG";"PROV";2025-08;12588
"LVB";"M";"31";"DEP";"D";2021-12;1414
"LVB";"M";"47";"DEP";"D";2022-01;238
"LVB";"M";"48";"DEP";"D";2024-01;36
"LVB";"M";"53";"DEP";"D";2023-01;241
"LVB";"M";"75";"REG";"D";2022-03;4446
"LVB";"M";"58";"DEP";"D";2023-09;129
"LVB";"M";"76";"DEP";"D";2022-08;1237
"LVB";"M";"88";"DEP";"PROV";2025-01;213
"LVB_CUMR";"A";"63";"DEP";"D";2017;502
"LVB";"M";"44";"REG";"PROV";2025-06;3655
"LVB";"M";"44";"DEP";"D";2023-02;1094
"LVB";"M";"35";"DEP";"D";2021-12;1045
"LVB";"M";"75";"REG";"D";2021-10;5007
"LVB";"M";"47";"DEP";"PROV";2026-01;239
"LVB";"M";"06";"REG";"D";2021-05;1089
"LVB_CUMR";"A";"52";"DEP";"D";2020;122
"LVB";"M";"58";"DEP";"D";2023-08;123
"LVB";"A";"76";"DEP";"D";2024;12254
"LVB";"M";"27";"REG";"D";2023-08;2028
"LVB";"M";"90";"DEP";"D";2024-02;103
"LVB";"M";"66";"DEP";"PROV";2025-04;282
"LVB";"M";"58";"DEP";"D";2021-03;125
"LVB";"M";"31";"DEP";"D";2021-08;1495
"LVB";"M";"48";"DEP";"D";2023-12;52
"LVB";"M";"53";"REG";"D";2021-01;2414
"LVB";"M";"47";"DEP";"D";2022-04;230
"LVB";"A";"03";"REG";"D";2016;7270
"LVB";"M";"87";"DEP";"D";2023-09;237
"LVB";"M";"51";"DEP";"D";2023-12;436
"LVB";"M";"74";"DEP";"D";2022-11;776
"LVB";"M";"65";"DEP";"D";2024-01;138
"LVB";"M";"32";"REG";"PROV";2025-10;4720
"LVB";"A";"91";"DEP";"D";2021;18430
"LVB";"M";"33";"DEP";"D";2023-05;1305
"LVB";"M";"35";"DEP";"PROV";2025-08;933
"LVB";"M";"58";"DEP";"D";2022-09;130
"LVB";"M";"76";"REG";"D";2024-05;4430
"LVB";"M";"47";"DEP";"PROV";2025-08;205
"LVB_CUMR";"A";"06";"REG";"D";2020;654
"LVB";"M";"54";"DEP";"D";2022-11;535
"LVB_CUMR";"A";"66";"DEP";"D";2023;338
"LVB";"M";"60";"DEP";"D";2021-08;864
"LVB";"A";"77";"DEP";"D";2018;18418
"LVB";"M";"89";"DEP";"D";2022-02;222
"LVB";"M";"32";"REG";"D";2021-06;5228
"LVB";"M";"49";"DEP";"D";2022-10;758
"LVB";"M";"31";"DEP";"D";2023-05;1253
"LVB";"M";"30";"DEP";"D";2023-05;559
"LVB_CUMR";"A";"75";"REG";"D";2023;4010
"LVB";"M";"86";"DEP";"D";2021-11;346
"LVB";"M";"46";"DEP";"D";2022-04;86
"LVB";"M";"64";"DEP";"PROV";2025-08;450
"LVB";"M";"85";"DEP";"PROV";2025-11;392
"LVB";"M";"01";"REG";"D";2024-12;319
"LVB";"A";"78";"DEP";"D";2023;17291
"LVB";"M";"58";"DEP";"PROV";2025-12;95
"LVB";"M";"24";"REG";"PROV";2026-01;1979
"LVB";"A";"52";"DEP";"D";2016;1611
"LVB_CUMR";"A";"34";"DEP";"D";2023;933
"LVB";"M";"79";"DEP";"D";2021-08;292
"LVB";"M";"53";"REG";"PROV";2025-11;2221
"LVB";"A";"43";"DEP";"D";2023;1746
"LVB";"M";"88";"DEP";"D";2021-09;301
"LVB";"M";"65";"DEP";"D";2021-07;171
"LVB";"M";"02";"REG";"D";2024-03;228
"LVB";"M";"56";"DEP";"D";2024-09;502
"LVB";"M";"63";"DEP";"D";2022-12;497
"LVB";"M";"51";"DEP";"D";2022-10;494
"LVB";"M";"94";"REG";"PROV";2025-08;206
"LVB";"M";"27";"REG";"D";2024-03;1852
"LVB";"A";"77";"DEP";"PROV";2025;16643
"LVB_CUMR";"A";"48";"DEP";"D";2023;51
"LVB";"M";"89";"DEP";"D";2024-05;237
"LVB_CUMR";"A";"31";"DEP";"PROV";2026;1162
"LVB";"M";"04";"REG";"D";2022-10;925
"LVB";"M";"36";"DEP";"D";2023-08;139
"LVB_CUMR";"A";"65";"DEP";"D";2017;167
"LVB";"M";"84";"REG";"D";2023-04;6242
"LVB";"M";"32";"REG";"PROV";2025-11;4511
"LVB";"M";"76";"REG";"PROV";2025-10;4427
"LVB";"M";"51";"DEP";"D";2023-02;409
"LVB";"M";"76";"DEP";"D";2022-10;1175
"LVB";"A";"48";"DEP";"D";2020;525
"LVB";"M";"27";"REG";"D";2021-01;1870
"LVB";"M";"89";"DEP";"D";2021-08;236
"LVB";"M";"59";"DEP";"D";2024-05;2274
"LVB";"M";"65";"DEP";"PROV";2025-12;128
"LVB";"M";"03";"REG";"PROV";2025-09;656
"LVB";"A";"31";"DEP";"D";2020;15825
"LVB";"M";"28";"REG";"PROV";2025-01;2425
"LVB";"A";"45";"DEP";"D";2018;7815
"LVB";"M";"74";"DEP";"D";2023-03;734
"LVB";"M";"76";"REG";"D";2021-03;4959
"LVB";"M";"50";"DEP";"D";2021-12;399
"LVB";"M";"86";"DEP";"PROV";2025-01;301
"LVB";"M";"58";"DEP";"D";2021-01;128
"LVB";"M";"90";"DEP";"PROV";2025-09;106
"LVB";"A";"67";"DEP";"D";2017;12299
"LVB";"A";"11";"REG";"D";2017;175799
"LVB";"M";"75";"DEP";"D";2022-09;1917
"LVB";"M";"75";"REG";"PROV";2025-12;3799
"LVB";"M";"32";"DEP";"PROV";2025-09;116
"LVB_CUMR";"A";"44";"DEP";"D";2021;1190
"LVB";"M";"28";"REG";"D";2024-06;2309
"LVB";"M";"55";"DEP";"D";2022-03;124
"LVB";"M";"49";"DEP";"D";2024-11;598
"LVB_CUMR";"A";"86";"DEP";"D";2022;342
"LVB";"M";"43";"DEP";"D";2023-09;159
"LVB";"M";"94";"REG";"D";2023-05;213
"LVB";"M";"85";"DEP";"D";2023-02;392
"LVB";"M";"66";"DEP";"D";2024-08;342
"LVB";"M";"78";"DEP";"D";2024-07;1491
"LVB";"M";"02";"REG";"D";2022-07;292
"LVB";"M";"31";"DEP";"PROV";2025-02;1041
"LVB";"M";"55";"DEP";"PROV";2025-02;83
"LVB_CUMR";"A";"44";"REG";"PROV";2026;3922
"LVB";"M";"48";"DEP";"D";2024-11;35
"LVB";"M";"48";"DEP";"D";2023-05;46
"LVB_CUMR";"A";"88";"DEP";"D";2020;263
"LVB";"M";"93";"REG";"D";2022-10;4559
"LVB";"M";"77";"DEP";"D";2021-09;1635
"LVB";"M";"66";"DEP";"D";2021-04;336
"LVB";"M";"01";"REG";"D";2024-06;268
"LVB";"M";"78";"DEP";"PROV";2026-01;1438
"LVB";"M";"36";"DEP";"D";2022-11;122
"LVB";"M";"51";"DEP";"D";2024-12;416
"LVB";"A";"44";"DEP";"D";2017;16309
"LVB";"M";"59";"DEP";"D";2023-05;2258
"LVB";"M";"44";"REG";"D";2024-08;3948
"LVB_CUMR";"A";"91";"DEP";"D";2022;1441
"LVB";"M";"75";"DEP";"D";2021-04;2163
"LVB";"M";"61";"DEP";"D";2021-08;193
"LVB";"M";"28";"REG";"D";2022-02;2594
"LVB";"A";"64";"DEP";"D";2019;5893
"LVB";"M";"06";"REG";"D";2024-01;762
"LVB";"M";"93";"REG";"D";2021-05;4495
"LVB";"M";"51";"DEP";"D";2022-02;431
"LVB";"M";"90";"DEP";"PROV";2025-12;98
"LVB";"M";"59";"DEP";"PROV";2025-10;2181
"LVB";"M";"74";"DEP";"D";2021-12;805
"LVB";"M";"34";"DEP";"D";2024-10;948
"LVB";"M";"48";"DEP";"D";2024-08;53
"LVB";"M";"52";"REG";"D";2022-07;3383
"LVB";"M";"63";"DEP";"D";2024-08;470
"LVB";"M";"02";"REG";"PROV";2025-12;266
"LVB";"M";"84";"REG";"D";2023-03;6466
"LVB";"M";"56";"DEP";"D";2024-05;491
"LVB";"M";"52";"DEP";"D";2022-12;116
"LVB";"M";"30";"DEP";"D";2024-04;525
"LVB";"M";"85";"DEP";"D";2024-06;402
"LVB";"M";"45";"DEP";"D";2021-06;596
"LVB";"M";"24";"REG";"PROV";2025-07;1917
"LVB";"M";"77";"DEP";"PROV";2025-02;1245
"LVB";"M";"01";"REG";"D";2023-07;341
"LVB";"M";"64";"DEP";"PROV";2025-10;432
"LVB";"M";"85";"DEP";"D";2024-08;449
"LVB";"M";"84";"REG";"D";2021-01;6426
"LVB";"M";"60";"DEP";"D";2023-02;704
"LVB";"M";"06";"REG";"PROV";2025-06;854
"LVB";"M";"31";"DEP";"D";2022-01;1279
"LVB";"M";"45";"DEP";"D";2022-04;612
"LVB";"M";"50";"DEP";"PROV";2025-11;274
"LVB";"A";"52";"DEP";"D";2023;1375
"LVB";"A";"24";"REG";"D";2018;26093
"LVB";"M";"94";"REG";"D";2021-02;189
"LVB";"M";"75";"DEP";"D";2023-01;1746
"LVB";"M";"64";"DEP";"D";2023-04;388
"LVB";"M";"90";"DEP";"D";2023-04;106
"LVB";"M";"06";"REG";"D";2021-03;1136
"LVB_CUMR";"A";"58";"DEP";"PROV";2026;99
"LVB_CUMR";"A";"94";"REG";"D";2016;287
"LVB";"M";"50";"DEP";"D";2022-09;396
"LVB";"A";"45";"DEP";"D";2017;7781
"LVB";"M";"04";"REG";"D";2021-09;1133
"LVB";"M";"63";"DEP";"D";2022-04;476
"LVB";"M";"35";"DEP";"D";2022-05;965
"LVB";"M";"54";"DEP";"PROV";2025-01;486
"LVB";"M";"28";"REG";"D";2024-02;2345
"LVB_CUMR";"A";"75";"DEP";"PROV";2026;1725
"LVB";"M";"85";"DEP";"D";2024-02;420
"LVB";"M";"89";"DEP";"PROV";2025-12;211
"LVB";"M";"86";"DEP";"D";2023-01;269
"LVB";"M";"94";"REG";"PROV";2025-10;177
"LVB";"M";"55";"DEP";"PROV";2025-09;97
"LVB";"M";"50";"DEP";"D";2021-11;355
"LVB_CUMR";"A";"63";"DEP";"D";2016;538
"LVB";"A";"79";"DEP";"D";2021;3267
"LVB_CUMR";"A";"31";"DEP";"PROV";2025;1190
"LVB";"M";"46";"DEP";"D";2024-06;74
"LVB";"M";"57";"DEP";"D";2024-12;697
"LVB";"M";"65";"DEP";"PROV";2025-01;132
"LVB";"M";"52";"REG";"D";2023-01;2997
"LVB_CUMR";"A";"11";"REG";"PROV";2025;12725
"LVB";"M";"44";"REG";"D";2022-01;4413
"LVB";"A";"87";"DEP";"D";2023;3115
"LVB";"A";"48";"DEP";"D";2023;562
"LVB_CUMR";"A";"93";"REG";"D";2019;4695
"LVB";"A";"52";"DEP";"D";2019;1424
"LVB";"M";"33";"DEP";"D";2022-12;1396
"LVB";"M";"74";"DEP";"D";2022-07;877
"LVB_CUMR";"A";"52";"REG";"D";2020;3283
"LVB";"A";"58";"DEP";"D";2016;1675
"LVB";"M";"03";"REG";"D";2023-02;606
"LVB_CUMR";"A";"61";"DEP";"PROV";2026;187
"LVB";"A";"60";"DEP";"D";2020;9319
"LVB_CUMR";"A";"43";"DEP";"D";2017;168
"LVB";"M";"06";"REG";"D";2021-07;892
"LVB";"M";"75";"REG";"PROV";2025-10;3966
"LVB";"M";"89";"DEP";"D";2021-10;265
"LVB";"M";"33";"DEP";"D";2023-11;1403
"LVB";"M";"53";"DEP";"D";2023-09;228
"LVB";"M";"74";"DEP";"D";2023-04;718
"LVB";"M";"53";"REG";"D";2022-10;2680
"LVB_CUMR";"A";"28";"REG";"D";2019;2837
"LVB";"M";"44";"DEP";"D";2021-03;1400
"LVB_CUMR";"A";"55";"DEP";"D";2024;115
"LVB";"M";"33";"DEP";"PROV";2025-02;1175
"LVB";"M";"62";"DEP";"D";2021-05;1211
"LVB";"A";"44";"DEP";"D";2020;16159
"LVB";"A";"90";"DEP";"PROV";2025;1165
"LVB";"M";"03";"REG";"D";2021-07;683
"LVB_CUMR";"A";"61";"DEP";"D";2023;201
"LVB";"M";"77";"DEP";"D";2022-01;1509
"LVB";"M";"94";"REG";"D";2024-02;200
"LVB";"M";"54";"DEP";"D";2024-10;510
"LVB";"M";"78";"DEP";"PROV";2025-09;1409
"LVB";"A";"28";"REG";"D";2018;34047
"LVB";"M";"30";"DEP";"D";2023-03;543
"LVB";"M";"55";"DEP";"PROV";2025-01;139
"LVB";"M";"46";"DEP";"D";2021-05;76
"LVB";"A";"85";"DEP";"PROV";2025;5091
"LVB_CUMR";"A";"01";"REG";"D";2021;338
"LVB";"M";"61";"DEP";"D";2022-03;198
"LVB";"M";"53";"REG";"D";2022-07;2803
"LVB_CUMR";"A";"46";"DEP";"D";2017;96
"LVB";"M";"53";"DEP";"D";2024-07;256
"LVB";"M";"74";"DEP";"D";2022-02;739
"LVB";"M";"78";"DEP";"D";2023-10;1449
"LVB";"M";"86";"DEP";"D";2024-02;277
"LVB";"M";"60";"DEP";"D";2021-02;674
"LVB";"M";"49";"DEP";"D";2021-01;663
"LVB";"M";"30";"DEP";"PROV";2025-02;438
"LVB";"M";"28";"REG";"D";2021-12;2949
"LVB";"M";"03";"REG";"D";2022-05;653
"LVB";"M";"88";"DEP";"D";2024-06;237
"LVB_CUMR";"A";"67";"DEP";"D";2017;1033
"LVB";"M";"76";"REG";"D";2021-09;5070
"LVB";"M";"44";"DEP";"D";2024-05;1269
"LVB";"M";"46";"DEP";"D";2023-01;119
"LVB";"M";"55";"DEP";"D";2023-04;97
"LVB";"M";"77";"DEP";"PROV";2025-04;1296
"LVB_CUMR";"A";"54";"DEP";"D";2018;602
"LVB";"M";"04";"REG";"D";2022-12;1012
"LVB";"M";"90";"DEP";"D";2022-05;124
"LVB";"A";"52";"REG";"PROV";2025;35389
"LVB";"M";"32";"DEP";"D";2024-08;106
"LVB";"A";"66";"DEP";"D";2020;4329
"LVB_CUMR";"A";"93";"REG";"D";2018;4734
"LVB";"A";"77";"DEP";"D";2023;17400
"LVB";"M";"46";"DEP";"PROV";2025-05;80
"LVB";"M";"51";"DEP";"D";2021-07;534
"LVB";"M";"57";"DEP";"D";2022-04;723
"LVB_CUMR";"A";"04";"REG";"D";2022;1112
"LVB";"M";"27";"REG";"D";2022-02;1949
"LVB";"A";"93";"REG";"PROV";2025;48428
"LVB";"M";"89";"DEP";"PROV";2025-06;209
"LVB";"A";"33";"DEP";"D";2018;17115
"LVB";"M";"64";"DEP";"PROV";2025-11;386
"LVB";"M";"77";"DEP";"D";2021-03;1520
"LVB";"M";"52";"DEP";"D";2022-07;112
"LVB";"M";"62";"DEP";"D";2024-09;1167
"LVB";"M";"04";"REG";"D";2024-04;1056
"LVB";"M";"45";"DEP";"D";2022-11;608
"LVB";"M";"56";"DEP";"D";2021-12;568
"LVB";"M";"35";"DEP";"D";2024-01;889
"LVB";"A";"24";"REG";"D";2024;22951
"LVB";"M";"94";"REG";"D";2022-06;229
"LVB";"A";"87";"DEP";"D";2018;3318
"LVB";"A";"79";"DEP";"D";2016;3646
"LVB";"M";"53";"DEP";"D";2022-02;245
"LVB_CUMR";"A";"02";"REG";"D";2020;308
"LVB";"M";"62";"DEP";"D";2022-03;1231
"LVB_CUMR";"A";"79";"DEP";"D";2019;286
"LVB";"M";"57";"DEP";"D";2021-10;871
"LVB";"M";"35";"DEP";"PROV";2025-07;941
"LVB";"M";"54";"DEP";"D";2023-02;489
"LVB";"M";"42";"DEP";"D";2024-07;674
"LVB";"M";"75";"REG";"D";2022-11;4292
"LVB";"M";"90";"DEP";"PROV";2025-10;88
"LVB";"M";"32";"REG";"D";2022-03;5343
"LVB";"M";"01";"REG";"PROV";2025-07;292
"LVB";"M";"49";"DEP";"D";2022-01;742
"LVB";"M";"78";"DEP";"PROV";2025-04;1274
"LVB";"M";"66";"DEP";"PROV";2025-01;327
"LVB_CUMR";"A";"42";"DEP";"PROV";2026;597
"LVB";"M";"30";"DEP";"D";2023-06;560
"LVB";"A";"56";"DEP";"PROV";2025;6005
"LVB";"M";"53";"REG";"PROV";2025-01;2377
"LVB";"M";"59";"DEP";"PROV";2025-06;2123
"LVB";"M";"01";"REG";"D";2022-08;414
"LVB";"M";"60";"DEP";"D";2021-03;749
"LVB";"M";"64";"DEP";"D";2021-01;436
"LVB";"M";"86";"DEP";"D";2024-10;310
"LVB_CUMR";"A";"53";"DEP";"D";2019;225
"LVB";"M";"34";"DEP";"PROV";2025-09;912
"LVB";"M";"44";"REG";"D";2021-01;3911
"LVB";"M";"47";"DEP";"D";2023-07;253
"LVB";"M";"77";"DEP";"D";2024-06;1336
"LVB_CUMR";"A";"75";"REG";"D";2024;4183
"LVB";"M";"61";"DEP";"PROV";2025-12;159
"LVB";"M";"03";"REG";"D";2021-03;581
"LVB";"M";"59";"DEP";"D";2023-09;2187
"LVB";"M";"90";"DEP";"D";2021-07;127
"LVB";"M";"48";"DEP";"D";2021-01;52
"LVB_CUMR";"A";"32";"DEP";"PROV";2026;109
"LVB";"A";"77";"DEP";"D";2021;18431
"LVB";"M";"02";"REG";"D";2021-03;256
"LVB";"A";"27";"REG";"D";2023;23226
"LVB";"M";"76";"REG";"D";2021-10;5226
"LVB";"M";"49";"DEP";"D";2021-11;749
"LVB";"M";"47";"DEP";"D";2023-09;230
"LVB";"M";"49";"DEP";"D";2024-07;725
"LVB";"M";"65";"DEP";"D";2021-06;133
"LVB";"M";"75";"DEP";"PROV";2025-04;1727
"LVB";"M";"33";"DEP";"D";2023-10;1408
"LVB";"A";"55";"DEP";"D";2019;1551
"LVB";"M";"88";"DEP";"D";2023-09;245
"LVB";"M";"76";"REG";"D";2023-06;4426
"LVB";"M";"02";"REG";"D";2021-10;376
"LVB";"M";"52";"REG";"D";2022-03;3248
"LVB";"M";"55";"DEP";"D";2023-07;116
"LVB_CUMR";"A";"48";"DEP";"D";2024;36
"LVB";"A";"49";"DEP";"D";2022;8480
"LVB";"A";"65";"DEP";"D";2021;1810
"LVB";"M";"35";"DEP";"PROV";2025-11;812
"LVB";"M";"06";"REG";"D";2023-07;902
"LVB";"M";"76";"REG";"PROV";2025-06;4161
"LVB";"M";"88";"DEP";"D";2023-05;203
"LVB";"M";"76";"DEP";"D";2022-03;1137
"LVB_CUMR";"A";"56";"DEP";"D";2021;538
"LVB";"A";"44";"DEP";"D";2016;16190
"LVB";"M";"44";"REG";"D";2024-05;3947
"LVB";"M";"52";"DEP";"D";2023-02;102
"LVB";"M";"64";"DEP";"PROV";2025-01;440
"LVB";"M";"77";"DEP";"D";2021-10;1663
"LVB";"A";"84";"REG";"PROV";2025;75632
"LVB";"M";"89";"DEP";"D";2024-09;227
"LVB";"M";"34";"DEP";"D";2024-09;908
"LVB";"M";"43";"DEP";"D";2023-12;133
"LVB";"M";"04";"REG";"D";2024-03;1060
"LVB";"M";"59";"DEP";"PROV";2025-09;2086
"LVB_CUMR";"A";"52";"REG";"D";2024;2993
"LVB";"M";"56";"DEP";"D";2021-09;585
"LVB";"A";"53";"DEP";"D";2023;2873
"LVB";"M";"47";"DEP";"D";2022-06;228
"LVB";"M";"62";"DEP";"PROV";2025-12;1088
"LVB";"M";"84";"REG";"PROV";2025-11;5970
"LVB_CUMR";"A";"85";"DEP";"PROV";2026;452
"LVB_CUMR";"A";"78";"DEP";"D";2021;1284
"LVB";"M";"56";"DEP";"PROV";2025-05;481
"LVB_CUMR";"A";"34";"DEP";"D";2020;984
"LVB";"M";"11";"REG";"D";2022-04;13043
"LVB";"M";"57";"DEP";"D";2021-07;856
"LVB_CUMR";"A";"52";"DEP";"D";2018;136
"LVB";"M";"84";"REG";"D";2021-09;7787
"LVB";"M";"42";"DEP";"D";2024-06;598
"LVB";"M";"91";"DEP";"D";2022-01;1441
"LVB";"A";"32";"REG";"PROV";2025;56151
"LVB";"M";"61";"DEP";"D";2021-06;161
"LVB";"M";"74";"DEP";"PROV";2025-02;657
"LVB_CUMR";"A";"91";"DEP";"D";2021;1318
"LVB_CUMR";"A";"02";"REG";"D";2018;349
"LVB";"M";"50";"DEP";"D";2023-11;319
"LVB_CUMR";"A";"76";"DEP";"D";2019;1178
"LVB";"A";"58";"DEP";"D";2018;1657
"LVB";"M";"34";"DEP";"D";2021-03;1072
"LVB";"M";"01";"REG";"D";2024-09;331
"LVB";"M";"94";"REG";"D";2021-09;256
"LVB";"A";"62";"DEP";"D";2024;13903
"LVB";"M";"42";"DEP";"D";2024-08;645
"LVB";"M";"84";"REG";"PROV";2025-06;6445
"LVB";"A";"28";"REG";"D";2019;33592
"LVB";"M";"88";"DEP";"D";2021-06;268
"LVB";"M";"50";"DEP";"D";2021-10;419
"LVB";"A";"44";"REG";"D";2017;56766
"LVB";"A";"34";"DEP";"PROV";2025;10760
"LVB";"M";"60";"DEP";"D";2021-06;705
"LVB";"M";"47";"DEP";"D";2021-10;251
"LVB";"M";"75";"DEP";"PROV";2025-08;1757
"LVB";"M";"02";"REG";"D";2023-02;267
"LVB";"A";"63";"DEP";"D";2020;6175
"LVB_CUMR";"A";"76";"REG";"PROV";2026;4185
"LVB";"M";"59";"DEP";"D";2022-12;2344
"LVB_CUMR";"A";"90";"DEP";"PROV";2025;102
"LVB";"M";"44";"REG";"D";2023-08;4250
"LVB";"M";"50";"DEP";"D";2022-04;302
"LVB";"M";"35";"DEP";"PROV";2025-02;815
"LVB";"M";"43";"DEP";"D";2021-07;186
"LVB";"M";"93";"REG";"D";2022-07;5058
"LVB";"M";"77";"DEP";"D";2022-11;1573
"LVB";"M";"03";"REG";"D";2024-09;588
"LVB_CUMR";"A";"61";"DEP";"D";2019;213
"LVB";"M";"47";"DEP";"PROV";2025-11;190
"LVB";"M";"03";"REG";"PROV";2025-05;551
"LVB";"A";"86";"DEP";"D";2017;4175
"LVB";"A";"76";"REG";"D";2021;58474
"LVB";"M";"60";"DEP";"D";2023-04;670
"LVB";"A";"31";"DEP";"D";2018;15966
"LVB_CUMR";"A";"48";"DEP";"PROV";2025;38
"LVB";"M";"52";"REG";"PROV";2025-05;3046
"LVB";"M";"06";"REG";"D";2023-02;838
"LVB";"M";"62";"DEP";"D";2022-08;1299
"LVB";"A";"78";"DEP";"D";2019;18550
"LVB";"M";"43";"DEP";"D";2024-12;130
"LVB";"M";"87";"DEP";"D";2024-06;230
"LVB";"M";"28";"REG";"D";2024-08;2683
"LVB";"M";"76";"REG";"PROV";2025-01;4315
"LVB";"A";"55";"DEP";"D";2024;1297
"LVB";"M";"34";"DEP";"D";2024-01;936
"LVB";"M";"53";"DEP";"PROV";2025-02;210
"LVB";"M";"62";"DEP";"PROV";2026-01;1123
"LVB";"M";"03";"REG";"D";2022-11;690
"LVB";"M";"75";"DEP";"D";2024-07;1843
"LVB";"M";"65";"DEP";"PROV";2026-01;129
"LVB";"M";"90";"DEP";"D";2022-04;88
"LVB";"M";"91";"DEP";"D";2021-04;1539
"LVB";"M";"87";"DEP";"D";2021-07;313
"LVB";"M";"84";"REG";"D";2022-02;6584
"LVB";"M";"27";"REG";"PROV";2025-02;1661
"LVB";"M";"32";"DEP";"D";2021-02;103
"LVB";"A";"88";"DEP";"D";2024;2655
"LVB";"M";"11";"REG";"D";2024-10;13314
"LVB";"A";"94";"REG";"D";2021;2728
"LVB";"M";"43";"DEP";"D";2023-05;169
"LVB";"M";"35";"DEP";"PROV";2025-04;853
"LVB_CUMR";"A";"87";"DEP";"D";2023;268
"LVB";"M";"52";"REG";"D";2024-10;2998
"LVB";"M";"73";"DEP";"PROV";2025-10;322
"LVB";"M";"04";"REG";"D";2021-08;1112
"LVB";"M";"54";"DEP";"D";2023-03;518
"LVB";"M";"61";"DEP";"D";2021-07;188
"LVB";"M";"31";"DEP";"D";2022-06;1336
"LVB_CUMR";"A";"45";"DEP";"D";2023;654
"LVB";"M";"58";"DEP";"D";2023-12;101
"LVB";"M";"90";"DEP";"D";2023-12;94
"LVB";"M";"76";"REG";"D";2024-09;4318
"LVB";"M";"27";"REG";"D";2022-01;2102
"LVB";"M";"78";"DEP";"D";2021-06;1551
"LVB";"M";"65";"DEP";"D";2023-05;173
"LVB";"A";"04";"REG";"D";2022;13205
"LVB_CUMR";"A";"31";"DEP";"D";2023;1216
"LVB";"A";"50";"DEP";"D";2019;4403
"LVB";"M";"86";"DEP";"PROV";2025-11;294
"LVB";"M";"43";"DEP";"D";2023-11;130
"LVB";"M";"53";"REG";"D";2022-06;2716
"LVB";"M";"55";"DEP";"D";2023-09;102
"LVB";"M";"28";"REG";"D";2023-12;2444
"LVB";"M";"76";"DEP";"D";2021-09;1209
"LVB";"M";"57";"DEP";"D";2024-06;702
"LVB";"M";"74";"DEP";"D";2024-10;781
"LVB";"M";"11";"REG";"D";2021-05;14088
"LVB";"M";"89";"DEP";"D";2024-02;201
"LVB";"M";"24";"REG";"D";2024-06;1825
"LVB_CUMR";"A";"48";"DEP";"D";2019;44
"LVB";"M";"62";"DEP";"D";2024-08;1236
"LVB";"M";"94";"REG";"D";2021-12;247
"LVB";"M";"32";"DEP";"D";2021-01;111
"LVB";"M";"52";"DEP";"D";2024-02;127
"LVB";"M";"86";"DEP";"D";2021-05;305
"LVB";"M";"24";"REG";"PROV";2025-10;1877
"LVB";"A";"56";"DEP";"D";2024;5974
"LVB";"M";"43";"DEP";"D";2021-10;173
"LVB";"M";"85";"DEP";"D";2022-08;539
"LVB";"M";"84";"REG";"D";2022-03;7056
"LVB";"M";"73";"DEP";"D";2022-06;364
"LVB";"M";"03";"REG";"D";2024-03;582
"LVB_CUMR";"A";"61";"DEP";"D";2021;164
"LVB";"M";"32";"DEP";"D";2021-04;123
"LVB";"A";"46";"DEP";"D";2019;1230
"LVB";"M";"50";"DEP";"D";2022-07;407
"LVB";"M";"30";"DEP";"D";2023-09;562
"LVB_CUMR";"A";"58";"DEP";"PROV";2025;131
"LVB";"M";"76";"REG";"D";2024-08;4425
"LVB";"A";"44";"REG";"D";2024;46695
"LVB_CUMR";"A";"31";"DEP";"D";2016;1317
"LVB";"M";"91";"DEP";"D";2021-05;1504
"LVB";"A";"57";"DEP";"D";2021;9744
"LVB";"M";"06";"REG";"PROV";2025-09;664
"LVB";"A";"61";"DEP";"PROV";2025;2133
"LVB";"M";"73";"DEP";"D";2022-04;314
"LVB";"M";"52";"DEP";"D";2024-06;95
"LVB";"M";"84";"REG";"D";2021-11;7407
"LVB";"M";"47";"DEP";"PROV";2025-05;195
"LVB";"M";"27";"REG";"PROV";2025-04;1741
"LVB";"A";"86";"DEP";"D";2018;4044
"LVB";"M";"44";"REG";"D";2024-11;3757
"LVB";"M";"35";"DEP";"D";2023-10;969
"LVB";"A";"03";"REG";"D";2023;7689
"LVB";"A";"61";"DEP";"D";2019;2349
"LVB";"M";"60";"DEP";"D";2023-06;694
"LVB_CUMR";"A";"88";"DEP";"D";2019;252
"LVB";"M";"50";"DEP";"D";2022-05;378
"LVB";"M";"74";"DEP";"PROV";2025-09;732
"LVB";"M";"76";"REG";"D";2022-03;4710
"LVB";"M";"89";"DEP";"D";2021-11;259
"LVB";"M";"43";"DEP";"D";2021-09;161
"LVB";"M";"87";"DEP";"D";2021-08;266
"LVB_CUMR";"A";"44";"REG";"PROV";2025;3869
"LVB";"A";"67";"DEP";"D";2018;12176
"LVB";"A";"74";"DEP";"D";2023;8969
"LVB";"M";"32";"DEP";"D";2021-06;109
"LVB";"M";"03";"REG";"D";2024-05;550
"LVB";"M";"52";"DEP";"D";2021-03;125
"LVB";"M";"56";"DEP";"D";2024-10;522
"LVB_CUMR";"A";"60";"DEP";"PROV";2025;672
"LVB";"M";"75";"REG";"PROV";2025-06;3979
"LVB";"M";"46";"DEP";"PROV";2025-11;86
"LVB";"M";"27";"REG";"PROV";2025-07;2038
"LVB";"M";"89";"DEP";"D";2021-03;256
"LVB";"M";"65";"DEP";"D";2021-03;149
"LVB";"M";"74";"DEP";"D";2023-02;704
"LVB";"M";"03";"REG";"D";2023-03;632
"LVB";"M";"31";"DEP";"PROV";2025-07;1290
"LVB";"M";"53";"DEP";"PROV";2026-01;245
"LVB";"M";"56";"DEP";"PROV";2025-12;486
"LVB";"A";"75";"REG";"D";2018;53680
"LVB";"M";"43";"DEP";"D";2022-04;151
"LVB";"M";"32";"REG";"D";2022-02;5077
"LVB";"A";"46";"DEP";"PROV";2025;1053
"LVB";"M";"91";"DEP";"D";2022-12;1487
"LVB";"M";"73";"DEP";"D";2021-04;353
"LVB";"M";"34";"DEP";"D";2024-03;848
"LVB";"M";"65";"DEP";"D";2022-07;142
"LVB";"M";"53";"REG";"D";2021-11;2702
"LVB";"M";"11";"REG";"D";2023-09;12522
"LVB";"M";"54";"DEP";"PROV";2025-04;453
"LVB";"A";"84";"REG";"D";2022;84800
"LVB";"A";"53";"REG";"D";2018;31701
"LVB";"M";"57";"DEP";"D";2023-10;757
"LVB";"M";"46";"DEP";"D";2022-06;93
"LVB";"M";"93";"REG";"D";2023-04;3903
"LVB_CUMR";"A";"01";"REG";"D";2017;337
"LVB";"M";"53";"DEP";"PROV";2025-11;216
"LVB";"M";"32";"DEP";"D";2023-03;90
"LVB";"M";"86";"DEP";"D";2024-07;313
"LVB";"M";"62";"DEP";"D";2021-12;1433
"LVB";"M";"78";"DEP";"PROV";2025-10;1472
"LVB_CUMR";"A";"56";"DEP";"D";2016;635
"LVB";"A";"03";"REG";"D";2020;7992
"LVB";"M";"27";"REG";"D";2024-02;1805
"LVB";"M";"46";"DEP";"D";2023-04;90
"LVB_CUMR";"A";"50";"DEP";"D";2021;322
"LVB";"M";"32";"DEP";"PROV";2026-01;109
"LVB";"A";"63";"DEP";"D";2018;6555
"LVB";"M";"53";"REG";"D";2023-03;2413
"LVB";"M";"91";"DEP";"D";2022-05;1631
"LVB";"M";"73";"DEP";"D";2021-03;340
"LVB";"A";"58";"DEP";"D";2020;1482
"LVB";"M";"46";"DEP";"D";2024-04;90
"LVB";"M";"04";"REG";"D";2023-06;1130
"LVB";"M";"50";"DEP";"D";2023-07;337
"LVB";"M";"27";"REG";"PROV";2026-01;1852
"LVB";"M";"76";"DEP";"D";2022-01;1181
"LVB";"M";"93";"REG";"D";2021-07;4891
"LVB";"M";"31";"DEP";"PROV";2025-06;1195
"LVB";"M";"62";"DEP";"PROV";2025-04;1028
"LVB";"M";"88";"DEP";"PROV";2026-01;229
"LVB";"M";"44";"REG";"PROV";2025-05;3796
"LVB";"M";"59";"DEP";"D";2021-10;2751
"LVB";"M";"43";"DEP";"D";2022-11;142
"LVB";"M";"03";"REG";"PROV";2025-02;480
"LVB";"M";"53";"DEP";"PROV";2025-06;223
"LVB";"M";"65";"DEP";"D";2021-01;145
"LVB";"M";"74";"DEP";"PROV";2025-10;751
"LVB";"M";"44";"DEP";"D";2021-05;1423
"LVB";"M";"54";"DEP";"D";2023-07;470
"LVB";"M";"94";"REG";"D";2023-01;210
"LVB";"M";"58";"DEP";"D";2022-06;119
"LVB";"A";"31";"DEP";"D";2019;15870
"LVB";"M";"87";"DEP";"D";2022-05;281
"LVB";"M";"11";"REG";"D";2022-10;13766
"LVB";"M";"52";"REG";"D";2021-01;2958
"LVB_CUMR";"A";"60";"DEP";"PROV";2026;696
"LVB";"M";"58";"DEP";"D";2022-03;109
"LVB";"M";"45";"DEP";"D";2023-05;566
"LVB";"M";"94";"REG";"D";2024-09;191
"LVB";"A";"84";"REG";"D";2019;89226
"LVB";"M";"79";"DEP";"D";2021-04;270
"LVB";"M";"02";"REG";"PROV";2025-10;275
"LVB";"M";"50";"DEP";"PROV";2025-06;299
"LVB";"M";"60";"DEP";"PROV";2025-09;632
"LVB";"A";"89";"DEP";"D";2017;3162
"LVB";"M";"35";"DEP";"D";2023-12;813
"LVB_CUMR";"A";"11";"REG";"D";2019;14278
"LVB";"M";"32";"REG";"D";2022-04;5025
"LVB";"M";"47";"DEP";"D";2024-10;237
"LVB";"M";"63";"DEP";"D";2022-06;520
"LVB";"A";"76";"REG";"D";2018;58106
"LVB";"M";"55";"DEP";"D";2023-12;107
"LVB";"M";"53";"DEP";"D";2022-07;246
"LVB";"M";"45";"DEP";"D";2022-10;588
"LVB";"M";"74";"DEP";"D";2023-09;755
"LVB";"M";"77";"DEP";"D";2024-12;1400
"LVB";"M";"30";"DEP";"PROV";2025-03;552
"LVB";"M";"89";"DEP";"D";2022-11;231
"LVB";"M";"01";"REG";"D";2022-05;283
"LVB";"M";"47";"DEP";"D";2023-10;231
"LVB";"M";"53";"DEP";"PROV";2025-07;225
"LVB";"M";"61";"DEP";"D";2022-05;199
"LVB";"M";"90";"DEP";"D";2021-01;95
"LVB";"M";"56";"DEP";"PROV";2025-04;439
"LVB_CUMR";"A";"44";"REG";"D";2021;3911
"LVB";"M";"75";"REG";"D";2021-12;4647
"LVB";"M";"32";"REG";"PROV";2025-12;4712
"LVB_CUMR";"A";"78";"DEP";"D";2018;1493
"LVB";"M";"87";"DEP";"D";2022-11;250
"LVB";"M";"33";"DEP";"PROV";2025-11;1203
"LVB";"M";"55";"DEP";"D";2022-11;128
"LVB";"M";"61";"DEP";"D";2023-06;197
"LVB_CUMR";"A";"01";"REG";"D";2018;378
"LVB_CUMR";"A";"50";"DEP";"D";2020;338
"LVB_CUMR";"A";"47";"DEP";"PROV";2025;195
"LVB_CUMR";"A";"84";"REG";"D";2017;7352
"LVB_CUMR";"A";"32";"REG";"D";2024;5098
"LVB";"A";"87";"DEP";"D";2017;3368
"LVB_CUMR";"A";"78";"DEP";"D";2020;1462
"LVB_CUMR";"A";"27";"REG";"D";2020;2239
"LVB";"M";"30";"DEP";"D";2024-08;568
"LVB";"M";"63";"DEP";"D";2023-05;452
"LVB";"M";"57";"DEP";"D";2023-05;690
"LVB_CUMR";"A";"53";"DEP";"D";2024;213
"LVB";"M";"45";"DEP";"D";2023-06;579
"LVB";"M";"06";"REG";"PROV";2025-11;570
"LVB";"M";"53";"REG";"D";2023-08;2528
"LVB";"M";"06";"REG";"D";2023-12;628
"LVB_CUMR";"A";"44";"REG";"D";2022;4413
"LVB";"M";"86";"DEP";"D";2023-09;323
"LVB";"M";"74";"DEP";"PROV";2025-06;787
"LVB";"A";"34";"DEP";"D";2022;12436
"LVB";"M";"54";"DEP";"PROV";2025-07;502
"LVB";"M";"51";"DEP";"D";2021-08;476
"LVB";"M";"44";"DEP";"D";2023-11;1296
"LVB";"A";"61";"DEP";"D";2022;2391
"LVB";"M";"84";"REG";"D";2022-08;7518
"LVB";"M";"02";"REG";"D";2024-08;254
"LVB";"M";"45";"DEP";"D";2021-08;679
"LVB";"M";"28";"REG";"D";2021-02;2274
"LVB";"M";"88";"DEP";"D";2021-03;245
"LVB";"M";"76";"DEP";"D";2023-06;1059
"LVB";"M";"51";"DEP";"D";2024-04;445
"LVB";"M";"77";"DEP";"D";2023-04;1372
"LVB";"M";"55";"DEP";"D";2023-05;126
"LVB_CUMR";"A";"61";"DEP";"D";2022;181
"LVB";"M";"35";"DEP";"D";2021-01;871
"LVB";"M";"11";"REG";"D";2022-08;14302
"LVB";"A";"52";"REG";"D";2017;40263
"LVB";"A";"76";"REG";"D";2022;57282
"LVB";"M";"90";"DEP";"D";2022-11;118
"LVB_CUMR";"A";"33";"DEP";"D";2022;1456
"LVB";"M";"47";"DEP";"D";2024-06;182
"LVB";"A";"51";"DEP";"PROV";2025;5164
"LVB";"M";"74";"DEP";"D";2023-05;715
"LVB";"M";"60";"DEP";"D";2022-04;766
"LVB";"M";"89";"DEP";"D";2022-03;253
"LVB";"A";"66";"DEP";"D";2016;4439
"LVB";"M";"06";"REG";"D";2022-02;920
"LVB";"M";"31";"DEP";"PROV";2025-10;1267
"LVB";"M";"27";"REG";"D";2024-08;1941
"LVB";"M";"75";"REG";"D";2022-04;4200
"LVB";"M";"74";"DEP";"D";2022-06;844
"LVB_CUMR";"A";"50";"DEP";"D";2018;352
"LVB_CUMR";"A";"43";"DEP";"PROV";2025;120
"LVB";"M";"58";"DEP";"D";2022-12;127
"LVB";"M";"44";"DEP";"D";2021-09;1533
"LVB";"M";"89";"DEP";"PROV";2025-10;243
"LVB";"M";"65";"DEP";"D";2023-12;162
"LVB";"M";"53";"DEP";"D";2024-01;213
"LVB";"M";"01";"REG";"D";2022-03;334
"LVB";"A";"53";"REG";"D";2016;32727
"LVB";"M";"31";"DEP";"D";2021-03;1338
"LVB";"M";"93";"REG";"D";2023-08;4443
"LVB";"A";"78";"DEP";"D";2018;18548
"LVB";"M";"44";"DEP";"D";2024-01;1228
"LVB";"M";"58";"DEP";"PROV";2025-10;104
"LVB";"M";"85";"DEP";"D";2023-10;497
"LVB";"M";"51";"DEP";"D";2024-10;440
"LVB";"M";"64";"DEP";"PROV";2025-03;417
"LVB";"M";"99";"OTHER";"PROV";2025-08;102
"LVB";"M";"74";"DEP";"D";2021-09;929
"LVB";"M";"32";"REG";"D";2021-08;5786
"LVB";"M";"93";"REG";"PROV";2025-08;4223
"LVB";"M";"59";"DEP";"D";2023-12;2270
"LVB";"M";"33";"DEP";"D";2021-09;1595
"LVB";"M";"45";"DEP";"D";2023-10;577
"LVB";"M";"47";"DEP";"D";2023-03;253
"LVB";"M";"46";"DEP";"PROV";2025-01;95
"LVB";"A";"73";"DEP";"D";2024;3902
"LVB";"M";"91";"DEP";"D";2022-03;1479
"LVB";"M";"52";"DEP";"PROV";2025-01;122
"LVB_CUMR";"A";"64";"DEP";"D";2023;447
"LVB";"M";"55";"DEP";"D";2022-04;124
"LVB";"M";"01";"REG";"D";2021-01;338
"LVB";"M";"27";"REG";"D";2021-05;2103
"LVB";"M";"33";"DEP";"D";2023-12;1290
"LVB";"M";"66";"DEP";"D";2023-01;338
"LVB";"M";"76";"DEP";"D";2023-10;1079
"LVB_CUMR";"A";"51";"DEP";"D";2017;508
"LVB";"M";"76";"REG";"D";2022-12;4703
"LVB";"M";"50";"DEP";"D";2023-01;335
"LVB";"M";"04";"REG";"D";2022-04;1160
"LVB";"M";"86";"DEP";"D";2022-08;348
"LVB";"M";"42";"DEP";"PROV";2025-08;608
"LVB";"M";"59";"DEP";"D";2021-05;2398
"LVB";"M";"75";"DEP";"D";2023-09;1759
"LVB";"M";"54";"DEP";"D";2022-06;573
"LVB";"M";"28";"REG";"D";2022-08;3049
"LVB_CUMR";"A";"86";"DEP";"D";2016;390
"LVB";"M";"34";"DEP";"D";2023-02;888
"LVB";"M";"02";"REG";"D";2024-06;183
"LVB";"M";"66";"DEP";"D";2021-08;444
"LVB";"M";"48";"DEP";"D";2024-09;38
"LVB";"M";"53";"REG";"D";2024-05;2416
"LVB";"A";"30";"DEP";"D";2024;6546
"LVB";"M";"61";"DEP";"PROV";2026-01;187
"LVB";"A";"52";"REG";"D";2022;39182
"LVB";"M";"59";"DEP";"PROV";2025-07;2232
"LVB";"M";"50";"DEP";"D";2022-10;369
"LVB";"M";"88";"DEP";"PROV";2025-05;232
"LVB";"A";"11";"REG";"D";2016;177983
"LVB";"A";"78";"DEP";"D";2020;18141
"LVB";"M";"43";"DEP";"D";2021-12;166
"LVB";"M";"61";"DEP";"D";2023-07;184
"LVB";"A";"53";"REG";"D";2024;28394
"LVB";"M";"36";"DEP";"D";2023-06;138
"LVB";"M";"55";"DEP";"D";2022-09;131
"LVB";"M";"48";"DEP";"PROV";2025-12;44
"LVB_CUMR";"A";"75";"DEP";"D";2020;2221
"LVB";"M";"52";"REG";"D";2022-08;3569
"LVB";"M";"45";"DEP";"D";2024-11;572
"LVB";"M";"01";"REG";"D";2023-01;373
"LVB";"M";"86";"DEP";"D";2021-03;351
"LVB";"M";"66";"DEP";"D";2023-03;324
"LVB";"M";"28";"REG";"D";2024-09;2458
"LVB";"M";"34";"DEP";"PROV";2025-10;956
"LVB";"A";"59";"DEP";"D";2020;30145
"LVB_CUMR";"A";"53";"REG";"D";2020;2572
"LVB";"A";"49";"DEP";"PROV";2025;7709
"LVB";"M";"44";"DEP";"PROV";2025-07;1334
"LVB";"M";"77";"DEP";"D";2021-12;1696
"LVB_CUMR";"A";"87";"DEP";"D";2017;254
"LVB";"M";"04";"REG";"D";2024-06;996
"LVB";"M";"62";"DEP";"D";2023-08;1239
"LVB";"M";"44";"REG";"D";2023-02;3761
"LVB";"M";"33";"DEP";"D";2024-10;1394
"LVB";"M";"55";"DEP";"D";2024-07;122
"LVB";"M";"43";"DEP";"D";2024-08;155
"LVB";"M";"49";"DEP";"D";2024-02;641
"LVB";"M";"76";"REG";"D";2021-07;5362
"LVB";"M";"77";"DEP";"D";2022-04;1428
"LVB_CUMR";"A";"90";"DEP";"D";2023;97
"LVB";"M";"03";"REG";"D";2022-04;581
"LVB";"M";"61";"DEP";"D";2021-05;199
"LVB";"A";"32";"DEP";"D";2024;1243
"LVB";"A";"32";"REG";"D";2023;60338
"LVB";"M";"56";"DEP";"D";2022-12;503
"LVB";"M";"44";"DEP";"D";2024-11;1202
"LVB_CUMR";"A";"50";"DEP";"PROV";2025;306
"LVB";"M";"76";"REG";"D";2024-06;4004
"LVB_CUMR";"A";"77";"DEP";"D";2021;1321
"LVB";"M";"91";"DEP";"D";2021-10;1656
"LVB";"M";"64";"DEP";"D";2021-09;530
"LVB";"M";"46";"DEP";"PROV";2025-02;84
"LVB";"M";"04";"REG";"PROV";2025-06;986
"LVB";"M";"36";"DEP";"D";2021-01;143
"LVB";"M";"52";"DEP";"D";2021-08;119
"LVB";"A";"55";"DEP";"D";2023;1388
"LVB";"A";"49";"DEP";"D";2018;8776
"LVB_CUMR";"A";"76";"DEP";"D";2016;1277
"LVB";"M";"66";"DEP";"PROV";2025-02;280
"LVB";"M";"94";"REG";"D";2023-03;212
"LVB";"M";"89";"DEP";"D";2022-05;240
"LVB";"M";"33";"DEP";"D";2021-07;1559
"LVB";"M";"04";"REG";"PROV";2026-01;890
"LVB";"M";"43";"DEP";"D";2024-07;142
"LVB";"M";"60";"DEP";"D";2023-11;698
"LVB";"M";"53";"DEP";"PROV";2025-05;257
"LVB";"M";"75";"DEP";"PROV";2025-05;1906
"LVB";"M";"62";"DEP";"D";2022-09;1254
"LVB_CUMR";"A";"75";"REG";"D";2018;4374
"LVB";"M";"52";"DEP";"PROV";2025-09;113
"LVB";"M";"30";"DEP";"D";2024-06;488
"LVB";"A";"11";"REG";"D";2020;168467
"LVB";"M";"88";"DEP";"PROV";2025-03;224
"LVB";"M";"36";"DEP";"D";2022-10;132
"LVB";"M";"48";"DEP";"D";2021-03;58
"LVB";"M";"56";"DEP";"D";2024-08;538
"LVB";"M";"77";"DEP";"D";2023-08;1483
"LVB_CUMR";"A";"61";"DEP";"PROV";2025;191
"LVB";"M";"01";"REG";"PROV";2025-03;256
"LVB";"A";"57";"DEP";"D";2023;8660
"LVB";"M";"43";"DEP";"D";2023-01;145
"LVB";"M";"51";"DEP";"D";2024-08;436
"LVB";"M";"87";"DEP";"PROV";2025-02;223
"LVB";"M";"36";"DEP";"D";2021-05;163
"LVB";"M";"54";"DEP";"D";2021-10;643
"LVB_CUMR";"A";"77";"DEP";"D";2022;1509
"LVB";"A";"61";"DEP";"D";2023;2270
"LVB";"M";"03";"REG";"D";2022-07;616
"LVB_CUMR";"A";"58";"DEP";"D";2017;133
"LVB";"M";"48";"DEP";"D";2021-07;53
"LVB";"M";"65";"DEP";"D";2021-04;141
"LVB";"M";"61";"DEP";"D";2023-12;186
"LVB";"M";"89";"DEP";"D";2023-03;224
"LVB_CUMR";"A";"35";"DEP";"D";2022;959
"LVB";"M";"59";"DEP";"D";2023-07;2433
"LVB";"A";"51";"DEP";"D";2019;6113
"LVB";"M";"46";"DEP";"PROV";2025-03;88
"LVB";"M";"74";"DEP";"D";2021-06;842
"LVB";"M";"03";"REG";"D";2024-08;558
"LVB";"M";"66";"DEP";"D";2022-05;359
"LVB_CUMR";"A";"36";"DEP";"D";2019;162
"LVB";"M";"59";"DEP";"D";2022-01;2435
"LVB";"A";"86";"DEP";"D";2019;4084
"LVB";"M";"48";"DEP";"PROV";2025-03;41
"LVB";"M";"59";"DEP";"PROV";2025-04;2071
"LVB";"A";"78";"DEP";"D";2016;18918
"LVB";"M";"60";"DEP";"PROV";2025-06;654
"LVB";"A";"35";"DEP";"D";2020;11548
"LVB";"M";"44";"DEP";"D";2024-02;1102
"LVB_CUMR";"A";"04";"REG";"D";2019;1140
"LVB_CUMR";"A";"65";"DEP";"D";2019;153
"LVB";"A";"01";"REG";"D";2018;4249
"LVB";"M";"04";"REG";"D";2021-12;1180
"LVB";"M";"50";"DEP";"D";2023-10;334
"LVB";"A";"76";"DEP";"D";2019;14044
"LVB";"M";"90";"DEP";"D";2024-04;83
"LVB";"A";"60";"DEP";"D";2016;10159
"LVB";"M";"48";"DEP";"D";2024-04;33
"LVB";"M";"34";"DEP";"D";2023-03;927
"LVB";"M";"65";"DEP";"PROV";2025-10;155
"LVB";"M";"52";"DEP";"D";2023-09;106
"LVB";"M";"01";"REG";"D";2022-11;366
"LVB_CUMR";"A";"56";"DEP";"D";2022;629
"LVB";"M";"45";"DEP";"D";2021-11;628
"LVB_CUMR";"A";"87";"DEP";"D";2018;285
"LVB_CUMR";"A";"76";"DEP";"D";2020;1126
"LVB_CUMR";"A";"45";"DEP";"D";2016;637
"LVB";"M";"32";"DEP";"PROV";2025-04;81
"LVB_CUMR";"A";"65";"DEP";"D";2024;138
"LVB";"M";"53";"DEP";"D";2023-04;212
"LVB";"M";"11";"REG";"D";2022-11;13627
"LVB";"M";"56";"DEP";"D";2021-06;562
"LVB";"A";"44";"DEP";"D";2024;14582
"LVB";"A";"78";"DEP";"PROV";2025;16867
"LVB";"M";"65";"DEP";"D";2023-07;159
"LVB";"M";"31";"DEP";"D";2021-11;1289
"LVB";"M";"52";"DEP";"D";2021-07;130
"LVB";"M";"56";"DEP";"D";2022-10;555
"LVB_CUMR";"A";"04";"REG";"D";2024;1035
"LVB";"M";"73";"DEP";"D";2023-06;302
"LVB";"M";"61";"DEP";"D";2024-07;173
"LVB";"M";"47";"DEP";"D";2024-08;230
"LVB_CUMR";"A";"31";"DEP";"D";2020;1282
"LVB";"M";"57";"DEP";"D";2024-01;729
"LVB";"A";"49";"DEP";"D";2016;9104
"LVB";"M";"03";"REG";"D";2022-09;699
"LVB";"M";"73";"DEP";"D";2023-09;333
"LVB_CUMR";"A";"48";"DEP";"D";2022;43
"LVB_CUMR";"A";"67";"DEP";"D";2018;998
"LVB";"M";"56";"DEP";"D";2023-12;466
"LVB";"M";"33";"DEP";"D";2021-05;1379
"LVB";"M";"49";"DEP";"D";2023-02;617
"LVB_CUMR";"A";"01";"REG";"D";2020;423
"LVB";"M";"34";"DEP";"D";2021-12;1122
"LVB";"A";"77";"DEP";"D";2017;18729
"LVB";"M";"44";"DEP";"D";2023-12;1267
"LVB";"M";"66";"DEP";"D";2023-04;319
"LVB";"M";"58";"DEP";"D";2024-07;118
"LVB";"M";"51";"DEP";"PROV";2025-08;458
"LVB";"A";"01";"REG";"D";2021;4344
"LVB";"M";"46";"DEP";"D";2024-02;82
"LVB";"A";"75";"DEP";"D";2024;21484
"LVB";"M";"65";"DEP";"D";2023-03;131
"LVB";"M";"51";"DEP";"PROV";2025-05;450
"LVB_CUMR";"A";"55";"DEP";"PROV";2026;105
"LVB";"M";"43";"DEP";"PROV";2025-07;161
"LVB";"A";"02";"REG";"D";2024;2898
"LVB";"A";"74";"DEP";"D";2022;9595
"LVB";"M";"49";"DEP";"D";2021-04;725
"LVB";"M";"58";"DEP";"D";2024-01;119
"LVB";"A";"06";"REG";"D";2022;10773
"LVB";"M";"47";"DEP";"PROV";2025-10;206
"LVB";"M";"78";"DEP";"D";2022-10;1524
"LVB";"M";"53";"DEP";"D";2022-04;245
"LVB";"M";"55";"DEP";"D";2024-09;89
"LVB";"M";"48";"DEP";"D";2024-05;54
"LVB";"M";"04";"REG";"D";2023-01;1034
"LVB_CUMR";"A";"75";"DEP";"D";2022;1902
"LVB";"M";"53";"DEP";"D";2023-02;222
"LVB";"M";"56";"DEP";"D";2023-02;445
"LVB";"M";"44";"DEP";"D";2022-07;1426
"LVB";"M";"54";"DEP";"D";2024-09;488
"LVB_CUMR";"A";"74";"DEP";"D";2023;727
"LVB";"M";"52";"DEP";"D";2023-06;108
"LVB";"M";"55";"DEP";"D";2021-10;146
"LVB";"M";"49";"DEP";"PROV";2025-10;648
"LVB";"M";"43";"DEP";"PROV";2025-11;132
"LVB";"M";"77";"DEP";"D";2022-06;1530
"LVB";"M";"52";"DEP";"PROV";2025-02;92
"LVB";"M";"55";"DEP";"PROV";2025-07;107
"LVB";"M";"45";"DEP";"D";2024-10;595
"LVB";"M";"45";"DEP";"D";2021-01;538
"LVB";"M";"58";"DEP";"D";2023-07;114
"LVB";"M";"44";"DEP";"D";2022-04;1286