﻿dep;dep_l;newreg;newreg_l;sexe;trage;annee;Pop
01;01 - Ain;84;84 - Auvergne-Rhône-Alpes;H;0 à 4 ans;2019;20211
01;01 - Ain;84;84 - Auvergne-Rhône-Alpes;H;5 à 9 ans;2019;22938
01;01 - Ain;84;84 - Auvergne-Rhône-Alpes;H;10 à 14 ans;2019;23175
01;01 - Ain;84;84 - Auvergne-Rhône-Alpes;H;75 à 79 ans;2019;9037
01;01 - Ain;84;84 - Auvergne-Rhône-Alpes;F;15 à 19 ans;2019;19438
01;01 - Ain;84;84 - Auvergne-Rhône-Alpes;F;20 à 24 ans;2019;14446
01;01 - Ain;84;84 - Auvergne-Rhône-Alpes;F;40 à 44 ans;2019;21525
01;01 - Ain;84;84 - Auvergne-Rhône-Alpes;F;50 à 54 ans;2019;22902
01;01 - Ain;84;84 - Auvergne-Rhône-Alpes;F;65 à 69 ans;2019;17979
01;01 - Ain;84;84 - Auvergne-Rhône-Alpes;F;75 à 79 ans;2019;10275
01;01 - Ain;84;84 - Auvergne-Rhône-Alpes;F;80 ans et plus;2019;21273
02;02 - Aisne;32;32 - Hauts-de-France;H;15 à 19 ans;2019;18003
02;02 - Aisne;32;32 - Hauts-de-France;H;40 à 44 ans;2019;15256
02;02 - Aisne;32;32 - Hauts-de-France;H;50 à 54 ans;2019;17553
02;02 - Aisne;32;32 - Hauts-de-France;H;70 à 74 ans;2019;12570
02;02 - Aisne;32;32 - Hauts-de-France;H;75 à 79 ans;2019;7106
02;02 - Aisne;32;32 - Hauts-de-France;F;5 à 9 ans;2019;17103
02;02 - Aisne;32;32 - Hauts-de-France;F;10 à 14 ans;2019;17156
02;02 - Aisne;32;32 - Hauts-de-France;F;20 à 24 ans;2019;12451
02;02 - Aisne;32;32 - Hauts-de-France;F;50 à 54 ans;2019;17813
02;02 - Aisne;32;32 - Hauts-de-France;F;80 ans et plus;2019;21335
03;03 - Allier;84;84 - Auvergne-Rhône-Alpes;H;0 à 4 ans;2019;7420
03;03 - Allier;84;84 - Auvergne-Rhône-Alpes;H;30 à 34 ans;2019;7575
03;03 - Allier;84;84 - Auvergne-Rhône-Alpes;H;35 à 39 ans;2019;8785
03;03 - Allier;84;84 - Auvergne-Rhône-Alpes;H;50 à 54 ans;2019;11482
03;03 - Allier;84;84 - Auvergne-Rhône-Alpes;H;55 à 59 ans;2019;11487
03;03 - Allier;84;84 - Auvergne-Rhône-Alpes;H;60 à 64 ans;2019;11428
03;03 - Allier;84;84 - Auvergne-Rhône-Alpes;H;65 à 69 ans;2019;11721
03;03 - Allier;84;84 - Auvergne-Rhône-Alpes;H;75 à 79 ans;2019;6604
03;03 - Allier;84;84 - Auvergne-Rhône-Alpes;F;0 à 4 ans;2019;7295
03;03 - Allier;84;84 - Auvergne-Rhône-Alpes;F;10 à 14 ans;2019;9074
03;03 - Allier;84;84 - Auvergne-Rhône-Alpes;F;20 à 24 ans;2019;6989
03;03 - Allier;84;84 - Auvergne-Rhône-Alpes;F;30 à 34 ans;2019;7985
03;03 - Allier;84;84 - Auvergne-Rhône-Alpes;F;50 à 54 ans;2019;11606
03;03 - Allier;84;84 - Auvergne-Rhône-Alpes;F;65 à 69 ans;2019;13397
04;04 - Alpes-de-Haute-Provence;93;93 - Provence-Alpes-Côte d'Azur;H;15 à 19 ans;2019;4905
04;04 - Alpes-de-Haute-Provence;93;93 - Provence-Alpes-Côte d'Azur;H;40 à 44 ans;2019;4268
04;04 - Alpes-de-Haute-Provence;93;93 - Provence-Alpes-Côte d'Azur;H;50 à 54 ans;2019;5840
04;04 - Alpes-de-Haute-Provence;93;93 - Provence-Alpes-Côte d'Azur;H;75 à 79 ans;2019;3520
04;04 - Alpes-de-Haute-Provence;93;93 - Provence-Alpes-Côte d'Azur;F;0 à 4 ans;2019;3590
04;04 - Alpes-de-Haute-Provence;93;93 - Provence-Alpes-Côte d'Azur;F;10 à 14 ans;2019;4486
04;04 - Alpes-de-Haute-Provence;93;93 - Provence-Alpes-Côte d'Azur;F;20 à 24 ans;2019;2944
04;04 - Alpes-de-Haute-Provence;93;93 - Provence-Alpes-Côte d'Azur;F;55 à 59 ans;2019;6127
04;04 - Alpes-de-Haute-Provence;93;93 - Provence-Alpes-Côte d'Azur;F;65 à 69 ans;2019;6063
04;04 - Alpes-de-Haute-Provence;93;93 - Provence-Alpes-Côte d'Azur;F;75 à 79 ans;2019;4092
04;04 - Alpes-de-Haute-Provence;93;93 - Provence-Alpes-Côte d'Azur;F;80 ans et plus;2019;8172
05;05 - Hautes-Alpes;93;93 - Provence-Alpes-Côte d'Azur;H;5 à 9 ans;2019;4035
05;05 - Hautes-Alpes;93;93 - Provence-Alpes-Côte d'Azur;H;70 à 74 ans;2019;4106
05;05 - Hautes-Alpes;93;93 - Provence-Alpes-Côte d'Azur;F;30 à 34 ans;2019;3769
05;05 - Hautes-Alpes;93;93 - Provence-Alpes-Côte d'Azur;F;60 à 64 ans;2019;5277
05;05 - Hautes-Alpes;93;93 - Provence-Alpes-Côte d'Azur;F;70 à 74 ans;2019;4558
06;06 - Alpes-Maritimes;93;93 - Provence-Alpes-Côte d'Azur;H;0 à 4 ans;2019;28123
06;06 - Alpes-Maritimes;93;93 - Provence-Alpes-Côte d'Azur;H;5 à 9 ans;2019;30280
06;06 - Alpes-Maritimes;93;93 - Provence-Alpes-Côte d'Azur;H;45 à 49 ans;2019;35266
06;06 - Alpes-Maritimes;93;93 - Provence-Alpes-Côte d'Azur;H;50 à 54 ans;2019;35938
06;06 - Alpes-Maritimes;93;93 - Provence-Alpes-Côte d'Azur;H;75 à 79 ans;2019;20952
06;06 - Alpes-Maritimes;93;93 - Provence-Alpes-Côte d'Azur;F;5 à 9 ans;2019;28430
06;06 - Alpes-Maritimes;93;93 - Provence-Alpes-Côte d'Azur;F;10 à 14 ans;2019;29310
06;06 - Alpes-Maritimes;93;93 - Provence-Alpes-Côte d'Azur;F;35 à 39 ans;2019;35114
06;06 - Alpes-Maritimes;93;93 - Provence-Alpes-Côte d'Azur;F;50 à 54 ans;2019;39468
06;06 - Alpes-Maritimes;93;93 - Provence-Alpes-Côte d'Azur;F;60 à 64 ans;2019;35887
07;07 - Ardèche;84;84 - Auvergne-Rhône-Alpes;H;0 à 4 ans;2019;7860
07;07 - Ardèche;84;84 - Auvergne-Rhône-Alpes;H;15 à 19 ans;2019;9870
07;07 - Ardèche;84;84 - Auvergne-Rhône-Alpes;H;45 à 49 ans;2019;11483
07;07 - Ardèche;84;84 - Auvergne-Rhône-Alpes;H;50 à 54 ans;2019;11788
07;07 - Ardèche;84;84 - Auvergne-Rhône-Alpes;H;55 à 59 ans;2019;11388
07;07 - Ardèche;84;84 - Auvergne-Rhône-Alpes;H;60 à 64 ans;2019;11323
07;07 - Ardèche;84;84 - Auvergne-Rhône-Alpes;H;80 ans et plus;2019;9161
07;07 - Ardèche;84;84 - Auvergne-Rhône-Alpes;F;0 à 4 ans;2019;7557
07;07 - Ardèche;84;84 - Auvergne-Rhône-Alpes;F;35 à 39 ans;2019;9547
07;07 - Ardèche;84;84 - Auvergne-Rhône-Alpes;F;40 à 44 ans;2019;9499
07;07 - Ardèche;84;84 - Auvergne-Rhône-Alpes;F;50 à 54 ans;2019;11689
07;07 - Ardèche;84;84 - Auvergne-Rhône-Alpes;F;65 à 69 ans;2019;12136
07;07 - Ardèche;84;84 - Auvergne-Rhône-Alpes;F;75 à 79 ans;2019;7320
08;08 - Ardennes;44;44 - Grand Est;H;5 à 9 ans;2019;8117
08;08 - Ardennes;44;44 - Grand Est;H;10 à 14 ans;2019;8827
08;08 - Ardennes;44;44 - Grand Est;H;35 à 39 ans;2019;7704
08;08 - Ardennes;44;44 - Grand Est;H;40 à 44 ans;2019;7682
08;08 - Ardennes;44;44 - Grand Est;H;55 à 59 ans;2019;9815
08;08 - Ardennes;44;44 - Grand Est;H;60 à 64 ans;2019;8992
08;08 - Ardennes;44;44 - Grand Est;F;0 à 4 ans;2019;6768
08;08 - Ardennes;44;44 - Grand Est;F;15 à 19 ans;2019;7930
08;08 - Ardennes;44;44 - Grand Est;F;25 à 29 ans;2019;6719
08;08 - Ardennes;44;44 - Grand Est;F;35 à 39 ans;2019;7950
08;08 - Ardennes;44;44 - Grand Est;F;40 à 44 ans;2019;8045
08;08 - Ardennes;44;44 - Grand Est;F;60 à 64 ans;2019;9784
09;09 - Ariège;76;76 - Occitanie;H;5 à 9 ans;2019;4090
09;09 - Ariège;76;76 - Occitanie;H;15 à 19 ans;2019;4260
09;09 - Ariège;76;76 - Occitanie;H;30 à 34 ans;2019;3841
09;09 - Ariège;76;76 - Occitanie;H;50 à 54 ans;2019;5281
09;09 - Ariège;76;76 - Occitanie;F;0 à 4 ans;2019;3290
09;09 - Ariège;76;76 - Occitanie;F;5 à 9 ans;2019;3875
09;09 - Ariège;76;76 - Occitanie;F;40 à 44 ans;2019;4562
09;09 - Ariège;76;76 - Occitanie;F;80 ans et plus;2019;8231
10;10 - Aube;44;44 - Grand Est;H;10 à 14 ans;2019;10496
10;10 - Aube;44;44 - Grand Est;H;20 à 24 ans;2019;9060
10;10 - Aube;44;44 - Grand Est;H;25 à 29 ans;2019;8146
10;10 - Aube;44;44 - Grand Est;H;30 à 34 ans;2019;8840
10;10 - Aube;44;44 - Grand Est;H;35 à 39 ans;2019;9163
10;10 - Aube;44;44 - Grand Est;H;45 à 49 ans;2019;10014
10;10 - Aube;44;44 - Grand Est;H;55 à 59 ans;2019;9674
10;10 - Aube;44;44 - Grand Est;H;60 à 64 ans;2019;9308
10;10 - Aube;44;44 - Grand Est;F;40 à 44 ans;2019;9116
10;10 - Aube;44;44 - Grand Est;F;50 à 54 ans;2019;10182
10;10 - Aube;44;44 - Grand Est;F;55 à 59 ans;2019;10197
10;10 - Aube;44;44 - Grand Est;F;65 à 69 ans;2019;10290
10;10 - Aube;44;44 - Grand Est;F;70 à 74 ans;2019;8721
11;11 - Aude;76;76 - Occitanie;H;10 à 14 ans;2019;11423
11;11 - Aude;76;76 - Occitanie;H;20 à 24 ans;2019;8274
11;11 - Aude;76;76 - Occitanie;H;30 à 34 ans;2019;8933
11;11 - Aude;76;76 - Occitanie;H;45 à 49 ans;2019;12181
11;11 - Aude;76;76 - Occitanie;H;55 à 59 ans;2019;12012
11;11 - Aude;76;76 - Occitanie;H;70 à 74 ans;2019;11454
11;11 - Aude;76;76 - Occitanie;H;80 ans et plus;2019;10979
11;11 - Aude;76;76 - Occitanie;F;0 à 4 ans;2019;8339
11;11 - Aude;76;76 - Occitanie;F;5 à 9 ans;2019;10042
11;11 - Aude;76;76 - Occitanie;F;10 à 14 ans;2019;10815
11;11 - Aude;76;76 - Occitanie;F;25 à 29 ans;2019;7961
11;11 - Aude;76;76 - Occitanie;F;40 à 44 ans;2019;10748
11;11 - Aude;76;76 - Occitanie;F;60 à 64 ans;2019;13559
11;11 - Aude;76;76 - Occitanie;F;65 à 69 ans;2019;14609
12;12 - Aveyron;76;76 - Occitanie;H;5 à 9 ans;2019;7404
12;12 - Aveyron;76;76 - Occitanie;H;25 à 29 ans;2019;6221
12;12 - Aveyron;76;76 - Occitanie;H;65 à 69 ans;2019;10193
12;12 - Aveyron;76;76 - Occitanie;H;70 à 74 ans;2019;8502
12;12 - Aveyron;76;76 - Occitanie;H;80 ans et plus;2019;9970
12;12 - Aveyron;76;76 - Occitanie;F;20 à 24 ans;2019;5071
12;12 - Aveyron;76;76 - Occitanie;F;30 à 34 ans;2019;6758
12;12 - Aveyron;76;76 - Occitanie;F;50 à 54 ans;2019;9650
12;12 - Aveyron;76;76 - Occitanie;F;65 à 69 ans;2019;10576
12;12 - Aveyron;76;76 - Occitanie;F;70 à 74 ans;2019;9091
13;13 - Bouches-du-Rhône;93;93 - Provence-Alpes-Côte d'Azur;H;5 à 9 ans;2019;63175
13;13 - Bouches-du-Rhône;93;93 - Provence-Alpes-Côte d'Azur;H;10 à 14 ans;2019;61607
13;13 - Bouches-du-Rhône;93;93 - Provence-Alpes-Côte d'Azur;F;5 à 9 ans;2019;60257
13;13 - Bouches-du-Rhône;93;93 - Provence-Alpes-Côte d'Azur;F;30 à 34 ans;2019;64929
13;13 - Bouches-du-Rhône;93;93 - Provence-Alpes-Côte d'Azur;F;60 à 64 ans;2019;63985
13;13 - Bouches-du-Rhône;93;93 - Provence-Alpes-Côte d'Azur;F;80 ans et plus;2019;80843
14;14 - Calvados;28;28 - Normandie;H;5 à 9 ans;2019;20895
14;14 - Calvados;28;28 - Normandie;H;15 à 19 ans;2019;23543
14;14 - Calvados;28;28 - Normandie;H;20 à 24 ans;2019;21717
14;14 - Calvados;28;28 - Normandie;H;40 à 44 ans;2019;19937
14;14 - Calvados;28;28 - Normandie;H;45 à 49 ans;2019;22700
14;14 - Calvados;28;28 - Normandie;H;50 à 54 ans;2019;21775
14;14 - Calvados;28;28 - Normandie;H;55 à 59 ans;2019;21398
14;14 - Calvados;28;28 - Normandie;H;60 à 64 ans;2019;21724
14;14 - Calvados;28;28 - Normandie;H;75 à 79 ans;2019;10092
14;14 - Calvados;28;28 - Normandie;H;80 ans et plus;2019;15529
14;14 - Calvados;28;28 - Normandie;F;10 à 14 ans;2019;20566
14;14 - Calvados;28;28 - Normandie;F;25 à 29 ans;2019;18675
14;14 - Calvados;28;28 - Normandie;F;30 à 34 ans;2019;19681
14;14 - Calvados;28;28 - Normandie;F;35 à 39 ans;2019;21082
14;14 - Calvados;28;28 - Normandie;F;55 à 59 ans;2019;23175
14;14 - Calvados;28;28 - Normandie;F;75 à 79 ans;2019;13304
14;14 - Calvados;28;28 - Normandie;F;80 ans et plus;2019;30153
15;15 - Cantal;84;84 - Auvergne-Rhône-Alpes;H;5 à 9 ans;2019;3417
15;15 - Cantal;84;84 - Auvergne-Rhône-Alpes;H;10 à 14 ans;2019;3859
15;15 - Cantal;84;84 - Auvergne-Rhône-Alpes;H;20 à 24 ans;2019;3059
15;15 - Cantal;84;84 - Auvergne-Rhône-Alpes;H;25 à 29 ans;2019;3019
15;15 - Cantal;84;84 - Auvergne-Rhône-Alpes;H;35 à 39 ans;2019;3785
15;15 - Cantal;84;84 - Auvergne-Rhône-Alpes;H;45 à 49 ans;2019;4859
15;15 - Cantal;84;84 - Auvergne-Rhône-Alpes;H;50 à 54 ans;2019;5331
15;15 - Cantal;84;84 - Auvergne-Rhône-Alpes;H;65 à 69 ans;2019;5638
15;15 - Cantal;84;84 - Auvergne-Rhône-Alpes;H;70 à 74 ans;2019;4517
15;15 - Cantal;84;84 - Auvergne-Rhône-Alpes;F;0 à 4 ans;2019;2765
15;15 - Cantal;84;84 - Auvergne-Rhône-Alpes;F;5 à 9 ans;2019;3435
15;15 - Cantal;84;84 - Auvergne-Rhône-Alpes;F;40 à 44 ans;2019;3956
15;15 - Cantal;84;84 - Auvergne-Rhône-Alpes;F;55 à 59 ans;2019;5381
15;15 - Cantal;84;84 - Auvergne-Rhône-Alpes;F;60 à 64 ans;2019;5594
15;15 - Cantal;84;84 - Auvergne-Rhône-Alpes;F;75 à 79 ans;2019;3534
16;16 - Charente;75;75 - Nouvelle-Aquitaine;H;35 à 39 ans;2019;9824
16;16 - Charente;75;75 - Nouvelle-Aquitaine;H;65 à 69 ans;2019;12093
16;16 - Charente;75;75 - Nouvelle-Aquitaine;H;70 à 74 ans;2019;9926
16;16 - Charente;75;75 - Nouvelle-Aquitaine;H;75 à 79 ans;2019;6265
16;16 - Charente;75;75 - Nouvelle-Aquitaine;F;5 à 9 ans;2019;9123
16;16 - Charente;75;75 - Nouvelle-Aquitaine;F;10 à 14 ans;2019;9531
16;16 - Charente;75;75 - Nouvelle-Aquitaine;F;40 à 44 ans;2019;10128
16;16 - Charente;75;75 - Nouvelle-Aquitaine;F;55 à 59 ans;2019;12985
16;16 - Charente;75;75 - Nouvelle-Aquitaine;F;75 à 79 ans;2019;7882
17;17 - Charente-Maritime;75;75 - Nouvelle-Aquitaine;H;10 à 14 ans;2019;18310
17;17 - Charente-Maritime;75;75 - Nouvelle-Aquitaine;H;20 à 24 ans;2019;15021
17;17 - Charente-Maritime;75;75 - Nouvelle-Aquitaine;H;65 à 69 ans;2019;24276
17;17 - Charente-Maritime;75;75 - Nouvelle-Aquitaine;H;70 à 74 ans;2019;20746
17;17 - Charente-Maritime;75;75 - Nouvelle-Aquitaine;H;75 à 79 ans;2019;13225
17;17 - Charente-Maritime;75;75 - Nouvelle-Aquitaine;F;0 à 4 ans;2019;13455
17;17 - Charente-Maritime;75;75 - Nouvelle-Aquitaine;F;5 à 9 ans;2019;16366
17;17 - Charente-Maritime;75;75 - Nouvelle-Aquitaine;F;20 à 24 ans;2019;13121
17;17 - Charente-Maritime;75;75 - Nouvelle-Aquitaine;F;50 à 54 ans;2019;22210
17;17 - Charente-Maritime;75;75 - Nouvelle-Aquitaine;F;65 à 69 ans;2019;27636
17;17 - Charente-Maritime;75;75 - Nouvelle-Aquitaine;F;70 à 74 ans;2019;24056
17;17 - Charente-Maritime;75;75 - Nouvelle-Aquitaine;F;75 à 79 ans;2019;15898
18;18 - Cher;24;24 - Centre-Val de Loire;H;0 à 4 ans;2019;7062
18;18 - Cher;24;24 - Centre-Val de Loire;H;10 à 14 ans;2019;8822
18;18 - Cher;24;24 - Centre-Val de Loire;H;25 à 29 ans;2019;7173
18;18 - Cher;24;24 - Centre-Val de Loire;H;45 à 49 ans;2019;10204
18;18 - Cher;24;24 - Centre-Val de Loire;H;50 à 54 ans;2019;10213
18;18 - Cher;24;24 - Centre-Val de Loire;H;60 à 64 ans;2019;10436
18;18 - Cher;24;24 - Centre-Val de Loire;H;75 à 79 ans;2019;5731
18;18 - Cher;24;24 - Centre-Val de Loire;F;0 à 4 ans;2019;6950
18;18 - Cher;24;24 - Centre-Val de Loire;F;5 à 9 ans;2019;8072
18;18 - Cher;24;24 - Centre-Val de Loire;F;20 à 24 ans;2019;6030
18;18 - Cher;24;24 - Centre-Val de Loire;F;30 à 34 ans;2019;7991
18;18 - Cher;24;24 - Centre-Val de Loire;F;35 à 39 ans;2019;8283
18;18 - Cher;24;24 - Centre-Val de Loire;F;45 à 49 ans;2019;10272
18;18 - Cher;24;24 - Centre-Val de Loire;F;65 à 69 ans;2019;11619
18;18 - Cher;24;24 - Centre-Val de Loire;F;75 à 79 ans;2019;6752
19;19 - Corrèze;75;75 - Nouvelle-Aquitaine;H;0 à 4 ans;2019;5189
19;19 - Corrèze;75;75 - Nouvelle-Aquitaine;H;15 à 19 ans;2019;7505
19;19 - Corrèze;75;75 - Nouvelle-Aquitaine;H;30 à 34 ans;2019;5758
19;19 - Corrèze;75;75 - Nouvelle-Aquitaine;H;45 à 49 ans;2019;8005
19;19 - Corrèze;75;75 - Nouvelle-Aquitaine;H;50 à 54 ans;2019;8251
19;19 - Corrèze;75;75 - Nouvelle-Aquitaine;H;55 à 59 ans;2019;8162
19;19 - Corrèze;75;75 - Nouvelle-Aquitaine;H;75 à 79 ans;2019;4577
19;19 - Corrèze;75;75 - Nouvelle-Aquitaine;H;80 ans et plus;2019;7866
19;19 - Corrèze;75;75 - Nouvelle-Aquitaine;F;0 à 4 ans;2019;4774
19;19 - Corrèze;75;75 - Nouvelle-Aquitaine;F;15 à 19 ans;2019;6282
19;19 - Corrèze;75;75 - Nouvelle-Aquitaine;F;45 à 49 ans;2019;8067
19;19 - Corrèze;75;75 - Nouvelle-Aquitaine;F;60 à 64 ans;2019;9305
19;19 - Corrèze;75;75 - Nouvelle-Aquitaine;F;70 à 74 ans;2019;8216
2A;2A - Corse-du-Sud;94;94 - Corse;H;0 à 4 ans;2019;4133
2A;2A - Corse-du-Sud;94;94 - Corse;H;5 à 9 ans;2019;4383
2A;2A - Corse-du-Sud;94;94 - Corse;H;30 à 34 ans;2019;4377
2A;2A - Corse-du-Sud;94;94 - Corse;H;50 à 54 ans;2019;5563
2A;2A - Corse-du-Sud;94;94 - Corse;H;55 à 59 ans;2019;5206
2A;2A - Corse-du-Sud;94;94 - Corse;H;65 à 69 ans;2019;5056
2A;2A - Corse-du-Sud;94;94 - Corse;H;75 à 79 ans;2019;3406
2A;2A - Corse-du-Sud;94;94 - Corse;H;80 ans et plus;2019;4403
2A;2A - Corse-du-Sud;94;94 - Corse;F;5 à 9 ans;2019;4177
2A;2A - Corse-du-Sud;94;94 - Corse;F;30 à 34 ans;2019;5130
2A;2A - Corse-du-Sud;94;94 - Corse;F;35 à 39 ans;2019;5606
2A;2A - Corse-du-Sud;94;94 - Corse;F;40 à 44 ans;2019;5229
2A;2A - Corse-du-Sud;94;94 - Corse;F;50 à 54 ans;2019;5902
2A;2A - Corse-du-Sud;94;94 - Corse;F;65 à 69 ans;2019;5402
2B;2B - Haute-Corse;94;94 - Corse;H;0 à 4 ans;2019;4240
2B;2B - Haute-Corse;94;94 - Corse;H;10 à 14 ans;2019;5037
2B;2B - Haute-Corse;94;94 - Corse;H;30 à 34 ans;2019;5338
2B;2B - Haute-Corse;94;94 - Corse;H;50 à 54 ans;2019;6291
2B;2B - Haute-Corse;94;94 - Corse;H;55 à 59 ans;2019;5952
2B;2B - Haute-Corse;94;94 - Corse;H;60 à 64 ans;2019;5604
2B;2B - Haute-Corse;94;94 - Corse;F;0 à 4 ans;2019;4203
2B;2B - Haute-Corse;94;94 - Corse;F;5 à 9 ans;2019;4613
2B;2B - Haute-Corse;94;94 - Corse;F;10 à 14 ans;2019;4600
2B;2B - Haute-Corse;94;94 - Corse;F;25 à 29 ans;2019;4823
2B;2B - Haute-Corse;94;94 - Corse;F;30 à 34 ans;2019;5707
2B;2B - Haute-Corse;94;94 - Corse;F;35 à 39 ans;2019;6029
2B;2B - Haute-Corse;94;94 - Corse;F;70 à 74 ans;2019;5320
2B;2B - Haute-Corse;94;94 - Corse;F;75 à 79 ans;2019;4294
21;21 - Côte-d'Or;27;27 - Bourgogne-Franche-Comté;H;5 à 9 ans;2019;15226
21;21 - Côte-d'Or;27;27 - Bourgogne-Franche-Comté;H;30 à 34 ans;2019;15636
21;21 - Côte-d'Or;27;27 - Bourgogne-Franche-Comté;H;40 à 44 ans;2019;14969
21;21 - Côte-d'Or;27;27 - Bourgogne-Franche-Comté;H;45 à 49 ans;2019;17887
21;21 - Côte-d'Or;27;27 - Bourgogne-Franche-Comté;H;65 à 69 ans;2019;15401
21;21 - Côte-d'Or;27;27 - Bourgogne-Franche-Comté;H;70 à 74 ans;2019;12766
21;21 - Côte-d'Or;27;27 - Bourgogne-Franche-Comté;F;30 à 34 ans;2019;15837
21;21 - Côte-d'Or;27;27 - Bourgogne-Franche-Comté;F;55 à 59 ans;2019;18134
21;21 - Côte-d'Or;27;27 - Bourgogne-Franche-Comté;F;75 à 79 ans;2019;9917
22;22 - Côtes-d'Armor;53;53 - Bretagne;H;25 à 29 ans;2019;12323
22;22 - Côtes-d'Armor;53;53 - Bretagne;H;30 à 34 ans;2019;14332
22;22 - Côtes-d'Armor;53;53 - Bretagne;H;45 à 49 ans;2019;20285
22;22 - Côtes-d'Armor;53;53 - Bretagne;H;55 à 59 ans;2019;19969
22;22 - Côtes-d'Armor;53;53 - Bretagne;H;60 à 64 ans;2019;20880
22;22 - Côtes-d'Armor;53;53 - Bretagne;F;15 à 19 ans;2019;17343
22;22 - Côtes-d'Armor;53;53 - Bretagne;F;40 à 44 ans;2019;17055
22;22 - Côtes-d'Armor;53;53 - Bretagne;F;55 à 59 ans;2019;20836
23;23 - Creuse;75;75 - Nouvelle-Aquitaine;H;10 à 14 ans;2019;3008
23;23 - Creuse;75;75 - Nouvelle-Aquitaine;H;15 à 19 ans;2019;3116
23;23 - Creuse;75;75 - Nouvelle-Aquitaine;H;35 à 39 ans;2019;2819
23;23 - Creuse;75;75 - Nouvelle-Aquitaine;H;55 à 59 ans;2019;4342
23;23 - Creuse;75;75 - Nouvelle-Aquitaine;H;75 à 79 ans;2019;2356
23;23 - Creuse;75;75 - Nouvelle-Aquitaine;H;80 ans et plus;2019;4213
23;23 - Creuse;75;75 - Nouvelle-Aquitaine;F;0 à 4 ans;2019;2141
23;23 - Creuse;75;75 - Nouvelle-Aquitaine;F;50 à 54 ans;2019;4074
23;23 - Creuse;75;75 - Nouvelle-Aquitaine;F;60 à 64 ans;2019;4836
23;23 - Creuse;75;75 - Nouvelle-Aquitaine;F;65 à 69 ans;2019;4885
23;23 - Creuse;75;75 - Nouvelle-Aquitaine;F;75 à 79 ans;2019;2827
24;24 - Dordogne;75;75 - Nouvelle-Aquitaine;H;5 à 9 ans;2019;10083
24;24 - Dordogne;75;75 - Nouvelle-Aquitaine;H;20 à 24 ans;2019;8338
24;24 - Dordogne;75;75 - Nouvelle-Aquitaine;H;40 à 44 ans;2019;10726
24;24 - Dordogne;75;75 - Nouvelle-Aquitaine;H;65 à 69 ans;2019;16084
24;24 - Dordogne;75;75 - Nouvelle-Aquitaine;H;70 à 74 ans;2019;13992
24;24 - Dordogne;75;75 - Nouvelle-Aquitaine;H;75 à 79 ans;2019;8572
24;24 - Dordogne;75;75 - Nouvelle-Aquitaine;H;80 ans et plus;2019;14341
24;24 - Dordogne;75;75 - Nouvelle-Aquitaine;F;40 à 44 ans;2019;11457
24;24 - Dordogne;75;75 - Nouvelle-Aquitaine;F;45 à 49 ans;2019;13931
24;24 - Dordogne;75;75 - Nouvelle-Aquitaine;F;50 à 54 ans;2019;14774
24;24 - Dordogne;75;75 - Nouvelle-Aquitaine;F;55 à 59 ans;2019;15847
24;24 - Dordogne;75;75 - Nouvelle-Aquitaine;F;60 à 64 ans;2019;16623
24;24 - Dordogne;75;75 - Nouvelle-Aquitaine;F;65 à 69 ans;2019;17589
24;24 - Dordogne;75;75 - Nouvelle-Aquitaine;F;75 à 79 ans;2019;10423
25;25 - Doubs;27;27 - Bourgogne-Franche-Comté;H;50 à 54 ans;2019;17701
25;25 - Doubs;27;27 - Bourgogne-Franche-Comté;H;80 ans et plus;2019;11913
25;25 - Doubs;27;27 - Bourgogne-Franche-Comté;F;25 à 29 ans;2019;15500
25;25 - Doubs;27;27 - Bourgogne-Franche-Comté;F;80 ans et plus;2019;20450
26;26 - Drôme;84;84 - Auvergne-Rhône-Alpes;H;25 à 29 ans;2019;12483
26;26 - Drôme;84;84 - Auvergne-Rhône-Alpes;H;55 à 59 ans;2019;16495
26;26 - Drôme;84;84 - Auvergne-Rhône-Alpes;H;80 ans et plus;2019;12428
26;26 - Drôme;84;84 - Auvergne-Rhône-Alpes;F;15 à 19 ans;2019;15462
26;26 - Drôme;84;84 - Auvergne-Rhône-Alpes;F;50 à 54 ans;2019;18011
26;26 - Drôme;84;84 - Auvergne-Rhône-Alpes;F;75 à 79 ans;2019;10726
27;27 - Eure;28;28 - Normandie;H;0 à 4 ans;2019;17103
27;27 - Eure;28;28 - Normandie;H;5 à 9 ans;2019;20540
27;27 - Eure;28;28 - Normandie;H;15 à 19 ans;2019;20311
27;27 - Eure;28;28 - Normandie;H;50 à 54 ans;2019;20383
27;27 - Eure;28;28 - Normandie;F;20 à 24 ans;2019;12936
27;27 - Eure;28;28 - Normandie;F;45 à 49 ans;2019;21407
27;27 - Eure;28;28 - Normandie;F;55 à 59 ans;2019;20192
27;27 - Eure;28;28 - Normandie;F;75 à 79 ans;2019;10131
27;27 - Eure;28;28 - Normandie;F;80 ans et plus;2019;20807
28;28 - Eure-et-Loir;24;24 - Centre-Val de Loire;H;5 à 9 ans;2019;14481
28;28 - Eure-et-Loir;24;24 - Centre-Val de Loire;H;15 à 19 ans;2019;14015
28;28 - Eure-et-Loir;24;24 - Centre-Val de Loire;H;25 à 29 ans;2019;10734
28;28 - Eure-et-Loir;24;24 - Centre-Val de Loire;H;30 à 34 ans;2019;11834
28;28 - Eure-et-Loir;24;24 - Centre-Val de Loire;H;40 à 44 ans;2019;13258
28;28 - Eure-et-Loir;24;24 - Centre-Val de Loire;H;70 à 74 ans;2019;10124
28;28 - Eure-et-Loir;24;24 - Centre-Val de Loire;F;15 à 19 ans;2019;12903
28;28 - Eure-et-Loir;24;24 - Centre-Val de Loire;F;30 à 34 ans;2019;12745
28;28 - Eure-et-Loir;24;24 - Centre-Val de Loire;F;50 à 54 ans;2019;14581
28;28 - Eure-et-Loir;24;24 - Centre-Val de Loire;F;60 à 64 ans;2019;14103
28;28 - Eure-et-Loir;24;24 - Centre-Val de Loire;F;80 ans et plus;2019;16970
29;29 - Finistère;53;53 - Bretagne;H;5 à 9 ans;2019;26229
29;29 - Finistère;53;53 - Bretagne;H;25 à 29 ans;2019;22477
29;29 - Finistère;53;53 - Bretagne;H;35 à 39 ans;2019;26880
29;29 - Finistère;53;53 - Bretagne;H;60 à 64 ans;2019;30639
29;29 - Finistère;53;53 - Bretagne;H;65 à 69 ans;2019;29377
29;29 - Finistère;53;53 - Bretagne;F;15 à 19 ans;2019;27287
29;29 - Finistère;53;53 - Bretagne;F;40 à 44 ans;2019;26436
29;29 - Finistère;53;53 - Bretagne;F;45 à 49 ans;2019;31132
29;29 - Finistère;53;53 - Bretagne;F;60 à 64 ans;2019;32773
29;29 - Finistère;53;53 - Bretagne;F;65 à 69 ans;2019;32427
29;29 - Finistère;53;53 - Bretagne;F;70 à 74 ans;2019;27800
29;29 - Finistère;53;53 - Bretagne;F;75 à 79 ans;2019;18891
30;30 - Gard;76;76 - Occitanie;H;0 à 4 ans;2019;19767
30;30 - Gard;76;76 - Occitanie;H;40 à 44 ans;2019;20782
30;30 - Gard;76;76 - Occitanie;H;80 ans et plus;2019;18442
30;30 - Gard;76;76 - Occitanie;F;5 à 9 ans;2019;21309
30;30 - Gard;76;76 - Occitanie;F;10 à 14 ans;2019;22486
30;30 - Gard;76;76 - Occitanie;F;30 à 34 ans;2019;20580
30;30 - Gard;76;76 - Occitanie;F;60 à 64 ans;2019;26500
30;30 - Gard;76;76 - Occitanie;F;65 à 69 ans;2019;26381
30;30 - Gard;76;76 - Occitanie;F;75 à 79 ans;2019;16116
31;31 - Haute-Garonne;76;76 - Occitanie;H;0 à 4 ans;2019;40572
31;31 - Haute-Garonne;76;76 - Occitanie;H;20 à 24 ans;2019;51922
31;31 - Haute-Garonne;76;76 - Occitanie;H;60 à 64 ans;2019;35061
31;31 - Haute-Garonne;76;76 - Occitanie;H;70 à 74 ans;2019;26292
31;31 - Haute-Garonne;76;76 - Occitanie;F;20 à 24 ans;2019;53844
31;31 - Haute-Garonne;76;76 - Occitanie;F;25 à 29 ans;2019;48808
31;31 - Haute-Garonne;76;76 - Occitanie;F;40 à 44 ans;2019;44727
31;31 - Haute-Garonne;76;76 - Occitanie;F;55 à 59 ans;2019;42774
31;31 - Haute-Garonne;76;76 - Occitanie;F;70 à 74 ans;2019;31281
32;32 - Gers;76;76 - Occitanie;H;0 à 4 ans;2019;4108
32;32 - Gers;76;76 - Occitanie;H;10 à 14 ans;2019;5544
32;32 - Gers;76;76 - Occitanie;H;20 à 24 ans;2019;3764
32;32 - Gers;76;76 - Occitanie;H;25 à 29 ans;2019;3772
32;32 - Gers;76;76 - Occitanie;H;40 à 44 ans;2019;5174
32;32 - Gers;76;76 - Occitanie;F;30 à 34 ans;2019;4505
32;32 - Gers;76;76 - Occitanie;F;45 à 49 ans;2019;6761
32;32 - Gers;76;76 - Occitanie;F;55 à 59 ans;2019;7315
33;33 - Gironde;75;75 - Nouvelle-Aquitaine;H;5 à 9 ans;2019;48706
33;33 - Gironde;75;75 - Nouvelle-Aquitaine;H;10 à 14 ans;2019;48886
33;33 - Gironde;75;75 - Nouvelle-Aquitaine;H;15 à 19 ans;2019;51459
33;33 - Gironde;75;75 - Nouvelle-Aquitaine;H;20 à 24 ans;2019;51609
33;33 - Gironde;75;75 - Nouvelle-Aquitaine;H;50 à 54 ans;2019;51647
33;33 - Gironde;75;75 - Nouvelle-Aquitaine;H;55 à 59 ans;2019;47730
33;33 - Gironde;75;75 - Nouvelle-Aquitaine;H;70 à 74 ans;2019;35101
33;33 - Gironde;75;75 - Nouvelle-Aquitaine;H;75 à 79 ans;2019;21971
33;33 - Gironde;75;75 - Nouvelle-Aquitaine;F;20 à 24 ans;2019;54300
33;33 - Gironde;75;75 - Nouvelle-Aquitaine;F;40 à 44 ans;2019;52772
33;33 - Gironde;75;75 - Nouvelle-Aquitaine;F;45 à 49 ans;2019;59026
33;33 - Gironde;75;75 - Nouvelle-Aquitaine;F;50 à 54 ans;2019;54610
33;33 - Gironde;75;75 - Nouvelle-Aquitaine;F;60 à 64 ans;2019;49774
33;33 - Gironde;75;75 - Nouvelle-Aquitaine;F;65 à 69 ans;2019;50029
33;33 - Gironde;75;75 - Nouvelle-Aquitaine;F;75 à 79 ans;2019;27888
34;34 - Hérault;76;76 - Occitanie;H;0 à 4 ans;2019;31448
34;34 - Hérault;76;76 - Occitanie;H;10 à 14 ans;2019;34973
34;34 - Hérault;76;76 - Occitanie;H;20 à 24 ans;2019;38102
34;34 - Hérault;76;76 - Occitanie;H;25 à 29 ans;2019;34077
34;34 - Hérault;76;76 - Occitanie;H;35 à 39 ans;2019;34687
34;34 - Hérault;76;76 - Occitanie;H;70 à 74 ans;2019;29819
34;34 - Hérault;76;76 - Occitanie;F;10 à 14 ans;2019;33161
34;34 - Hérault;76;76 - Occitanie;F;15 à 19 ans;2019;35114
34;34 - Hérault;76;76 - Occitanie;F;20 à 24 ans;2019;39430
34;34 - Hérault;76;76 - Occitanie;F;60 à 64 ans;2019;37285
34;34 - Hérault;76;76 - Occitanie;F;65 à 69 ans;2019;39187
34;34 - Hérault;76;76 - Occitanie;F;80 ans et plus;2019;46806
35;35 - Ille-et-Vilaine;53;53 - Bretagne;H;0 à 4 ans;2019;30765
35;35 - Ille-et-Vilaine;53;53 - Bretagne;H;10 à 14 ans;2019;36320
35;35 - Ille-et-Vilaine;53;53 - Bretagne;H;45 à 49 ans;2019;37565
35;35 - Ille-et-Vilaine;53;53 - Bretagne;H;60 à 64 ans;2019;28502
35;35 - Ille-et-Vilaine;53;53 - Bretagne;F;60 à 64 ans;2019;29899
35;35 - Ille-et-Vilaine;53;53 - Bretagne;F;70 à 74 ans;2019;25429
36;36 - Indre;24;24 - Centre-Val de Loire;H;5 à 9 ans;2019;5558
36;36 - Indre;24;24 - Centre-Val de Loire;H;10 à 14 ans;2019;6165
36;36 - Indre;24;24 - Centre-Val de Loire;H;15 à 19 ans;2019;6373
36;36 - Indre;24;24 - Centre-Val de Loire;H;20 à 24 ans;2019;4817
36;36 - Indre;24;24 - Centre-Val de Loire;H;25 à 29 ans;2019;4572
36;36 - Indre;24;24 - Centre-Val de Loire;H;35 à 39 ans;2019;5403
36;36 - Indre;24;24 - Centre-Val de Loire;H;45 à 49 ans;2019;7326
36;36 - Indre;24;24 - Centre-Val de Loire;H;65 à 69 ans;2019;8192
36;36 - Indre;24;24 - Centre-Val de Loire;F;10 à 14 ans;2019;5976
36;36 - Indre;24;24 - Centre-Val de Loire;F;25 à 29 ans;2019;4553
36;36 - Indre;24;24 - Centre-Val de Loire;F;35 à 39 ans;2019;5657
36;36 - Indre;24;24 - Centre-Val de Loire;F;70 à 74 ans;2019;7672
36;36 - Indre;24;24 - Centre-Val de Loire;F;75 à 79 ans;2019;5487
37;37 - Indre-et-Loire;24;24 - Centre-Val de Loire;H;15 à 19 ans;2019;19731
37;37 - Indre-et-Loire;24;24 - Centre-Val de Loire;H;20 à 24 ans;2019;17579
37;37 - Indre-et-Loire;24;24 - Centre-Val de Loire;H;25 à 29 ans;2019;16187
37;37 - Indre-et-Loire;24;24 - Centre-Val de Loire;H;30 à 34 ans;2019;17153
37;37 - Indre-et-Loire;24;24 - Centre-Val de Loire;H;35 à 39 ans;2019;17741
37;37 - Indre-et-Loire;24;24 - Centre-Val de Loire;H;40 à 44 ans;2019;17677
37;37 - Indre-et-Loire;24;24 - Centre-Val de Loire;H;45 à 49 ans;2019;20457
37;37 - Indre-et-Loire;24;24 - Centre-Val de Loire;H;50 à 54 ans;2019;19767
37;37 - Indre-et-Loire;24;24 - Centre-Val de Loire;H;55 à 59 ans;2019;18889
37;37 - Indre-et-Loire;24;24 - Centre-Val de Loire;H;60 à 64 ans;2019;18355
37;37 - Indre-et-Loire;24;24 - Centre-Val de Loire;F;5 à 9 ans;2019;17590
37;37 - Indre-et-Loire;24;24 - Centre-Val de Loire;F;10 à 14 ans;2019;17700
37;37 - Indre-et-Loire;24;24 - Centre-Val de Loire;F;25 à 29 ans;2019;16262
37;37 - Indre-et-Loire;24;24 - Centre-Val de Loire;F;40 à 44 ans;2019;17915
37;37 - Indre-et-Loire;24;24 - Centre-Val de Loire;F;60 à 64 ans;2019;19810
38;38 - Isère;84;84 - Auvergne-Rhône-Alpes;H;5 à 9 ans;2019;42569
38;38 - Isère;84;84 - Auvergne-Rhône-Alpes;H;15 à 19 ans;2019;43576
38;38 - Isère;84;84 - Auvergne-Rhône-Alpes;H;25 à 29 ans;2019;35276
38;38 - Isère;84;84 - Auvergne-Rhône-Alpes;H;40 à 44 ans;2019;39583
38;38 - Isère;84;84 - Auvergne-Rhône-Alpes;H;65 à 69 ans;2019;31864
38;38 - Isère;84;84 - Auvergne-Rhône-Alpes;F;5 à 9 ans;2019;40739
38;38 - Isère;84;84 - Auvergne-Rhône-Alpes;F;10 à 14 ans;2019;40760
38;38 - Isère;84;84 - Auvergne-Rhône-Alpes;F;15 à 19 ans;2019;40653
38;38 - Isère;84;84 - Auvergne-Rhône-Alpes;F;25 à 29 ans;2019;34657
38;38 - Isère;84;84 - Auvergne-Rhône-Alpes;F;35 à 39 ans;2019;41879
38;38 - Isère;84;84 - Auvergne-Rhône-Alpes;F;50 à 54 ans;2019;42721
38;38 - Isère;84;84 - Auvergne-Rhône-Alpes;F;55 à 59 ans;2019;41081
38;38 - Isère;84;84 - Auvergne-Rhône-Alpes;F;65 à 69 ans;2019;35637
38;38 - Isère;84;84 - Auvergne-Rhône-Alpes;F;80 ans et plus;2019;43760
39;39 - Jura;27;27 - Bourgogne-Franche-Comté;H;0 à 4 ans;2019;6337
39;39 - Jura;27;27 - Bourgogne-Franche-Comté;H;10 à 14 ans;2019;8271
39;39 - Jura;27;27 - Bourgogne-Franche-Comté;H;15 à 19 ans;2019;8126
39;39 - Jura;27;27 - Bourgogne-Franche-Comté;H;20 à 24 ans;2019;6077
39;39 - Jura;27;27 - Bourgogne-Franche-Comté;H;25 à 29 ans;2019;6012
39;39 - Jura;27;27 - Bourgogne-Franche-Comté;H;30 à 34 ans;2019;6686
39;39 - Jura;27;27 - Bourgogne-Franche-Comté;H;55 à 59 ans;2019;8843
39;39 - Jura;27;27 - Bourgogne-Franche-Comté;H;75 à 79 ans;2019;4586
39;39 - Jura;27;27 - Bourgogne-Franche-Comté;F;30 à 34 ans;2019;6917
39;39 - Jura;27;27 - Bourgogne-Franche-Comté;F;45 à 49 ans;2019;8903
40;40 - Landes;75;75 - Nouvelle-Aquitaine;H;10 à 14 ans;2019;12529
40;40 - Landes;75;75 - Nouvelle-Aquitaine;H;15 à 19 ans;2019;12106
40;40 - Landes;75;75 - Nouvelle-Aquitaine;H;25 à 29 ans;2019;8657
40;40 - Landes;75;75 - Nouvelle-Aquitaine;H;40 à 44 ans;2019;12529
40;40 - Landes;75;75 - Nouvelle-Aquitaine;F;0 à 4 ans;2019;8897
40;40 - Landes;75;75 - Nouvelle-Aquitaine;F;5 à 9 ans;2019;10960
40;40 - Landes;75;75 - Nouvelle-Aquitaine;F;10 à 14 ans;2019;11750
40;40 - Landes;75;75 - Nouvelle-Aquitaine;F;25 à 29 ans;2019;8655
40;40 - Landes;75;75 - Nouvelle-Aquitaine;F;30 à 34 ans;2019;10690
40;40 - Landes;75;75 - Nouvelle-Aquitaine;F;40 à 44 ans;2019;12830
40;40 - Landes;75;75 - Nouvelle-Aquitaine;F;55 à 59 ans;2019;14730
40;40 - Landes;75;75 - Nouvelle-Aquitaine;F;65 à 69 ans;2019;16070
40;40 - Landes;75;75 - Nouvelle-Aquitaine;F;80 ans et plus;2019;19802
41;41 - Loir-et-Cher;24;24 - Centre-Val de Loire;H;5 à 9 ans;2019;9760
41;41 - Loir-et-Cher;24;24 - Centre-Val de Loire;H;10 à 14 ans;2019;10358
41;41 - Loir-et-Cher;24;24 - Centre-Val de Loire;H;55 à 59 ans;2019;11070
41;41 - Loir-et-Cher;24;24 - Centre-Val de Loire;H;60 à 64 ans;2019;10897
41;41 - Loir-et-Cher;24;24 - Centre-Val de Loire;H;75 à 79 ans;2019;5707
41;41 - Loir-et-Cher;24;24 - Centre-Val de Loire;F;45 à 49 ans;2019;11386
41;41 - Loir-et-Cher;24;24 - Centre-Val de Loire;F;60 à 64 ans;2019;11715
41;41 - Loir-et-Cher;24;24 - Centre-Val de Loire;F;70 à 74 ans;2019;10214
41;41 - Loir-et-Cher;24;24 - Centre-Val de Loire;F;75 à 79 ans;2019;6892
42;42 - Loire;84;84 - Auvergne-Rhône-Alpes;H;0 à 4 ans;2019;22162
42;42 - Loire;84;84 - Auvergne-Rhône-Alpes;H;10 à 14 ans;2019;24818
42;42 - Loire;84;84 - Auvergne-Rhône-Alpes;H;20 à 24 ans;2019;22021
42;42 - Loire;84;84 - Auvergne-Rhône-Alpes;H;30 à 34 ans;2019;20790
42;42 - Loire;84;84 - Auvergne-Rhône-Alpes;H;40 à 44 ans;2019;21921
42;42 - Loire;84;84 - Auvergne-Rhône-Alpes;H;45 à 49 ans;2019;25212
42;42 - Loire;84;84 - Auvergne-Rhône-Alpes;H;55 à 59 ans;2019;23196
42;42 - Loire;84;84 - Auvergne-Rhône-Alpes;H;60 à 64 ans;2019;22106
42;42 - Loire;84;84 - Auvergne-Rhône-Alpes;F;5 à 9 ans;2019;22965
42;42 - Loire;84;84 - Auvergne-Rhône-Alpes;F;10 à 14 ans;2019;23342
42;42 - Loire;84;84 - Auvergne-Rhône-Alpes;F;20 à 24 ans;2019;20896
42;42 - Loire;84;84 - Auvergne-Rhône-Alpes;F;40 à 44 ans;2019;21867
42;42 - Loire;84;84 - Auvergne-Rhône-Alpes;F;65 à 69 ans;2019;25054
42;42 - Loire;84;84 - Auvergne-Rhône-Alpes;F;80 ans et plus;2019;36092
43;43 - Haute-Loire;84;84 - Auvergne-Rhône-Alpes;H;45 à 49 ans;2019;8033
43;43 - Haute-Loire;84;84 - Auvergne-Rhône-Alpes;H;55 à 59 ans;2019;7895
43;43 - Haute-Loire;84;84 - Auvergne-Rhône-Alpes;H;60 à 64 ans;2019;7981
43;43 - Haute-Loire;84;84 - Auvergne-Rhône-Alpes;H;75 à 79 ans;2019;4021
43;43 - Haute-Loire;84;84 - Auvergne-Rhône-Alpes;F;15 à 19 ans;2019;6567
43;43 - Haute-Loire;84;84 - Auvergne-Rhône-Alpes;F;65 à 69 ans;2019;7960
43;43 - Haute-Loire;84;84 - Auvergne-Rhône-Alpes;F;70 à 74 ans;2019;7009
43;43 - Haute-Loire;84;84 - Auvergne-Rhône-Alpes;F;80 ans et plus;2019;11195
44;44 - Loire-Atlantique;52;52 - Pays de la Loire;H;5 à 9 ans;2019;47812
44;44 - Loire-Atlantique;52;52 - Pays de la Loire;H;45 à 49 ans;2019;49641
44;44 - Loire-Atlantique;52;52 - Pays de la Loire;H;65 à 69 ans;2019;36598
44;44 - Loire-Atlantique;52;52 - Pays de la Loire;H;75 à 79 ans;2019;17573
44;44 - Loire-Atlantique;52;52 - Pays de la Loire;H;80 ans et plus;2019;26829
44;44 - Loire-Atlantique;52;52 - Pays de la Loire;F;60 à 64 ans;2019;42037
44;44 - Loire-Atlantique;52;52 - Pays de la Loire;F;65 à 69 ans;2019;42880
45;45 - Loiret;24;24 - Centre-Val de Loire;H;15 à 19 ans;2019;21926
45;45 - Loiret;24;24 - Centre-Val de Loire;H;25 à 29 ans;2019;18362
45;45 - Loiret;24;24 - Centre-Val de Loire;H;30 à 34 ans;2019;19724
45;45 - Loiret;24;24 - Centre-Val de Loire;H;35 à 39 ans;2019;20516
45;45 - Loiret;24;24 - Centre-Val de Loire;H;45 à 49 ans;2019;22902
45;45 - Loiret;24;24 - Centre-Val de Loire;H;55 à 59 ans;2019;20805
45;45 - Loiret;24;24 - Centre-Val de Loire;H;75 à 79 ans;2019;9567
45;45 - Loiret;24;24 - Centre-Val de Loire;H;80 ans et plus;2019;15472
45;45 - Loiret;24;24 - Centre-Val de Loire;F;0 à 4 ans;2019;19711
45;45 - Loiret;24;24 - Centre-Val de Loire;F;10 à 14 ans;2019;21929
45;45 - Loiret;24;24 - Centre-Val de Loire;F;65 à 69 ans;2019;20833
46;46 - Lot;76;76 - Occitanie;H;5 à 9 ans;2019;4214
46;46 - Lot;76;76 - Occitanie;H;10 à 14 ans;2019;4674
46;46 - Lot;76;76 - Occitanie;H;25 à 29 ans;2019;3573
46;46 - Lot;76;76 - Occitanie;H;30 à 34 ans;2019;3815
46;46 - Lot;76;76 - Occitanie;H;45 à 49 ans;2019;5585
46;46 - Lot;76;76 - Occitanie;H;55 à 59 ans;2019;6320
46;46 - Lot;76;76 - Occitanie;H;75 à 79 ans;2019;3904
46;46 - Lot;76;76 - Occitanie;F;5 à 9 ans;2019;3951
46;46 - Lot;76;76 - Occitanie;F;15 à 19 ans;2019;4138
46;46 - Lot;76;76 - Occitanie;F;20 à 24 ans;2019;2938
46;46 - Lot;76;76 - Occitanie;F;30 à 34 ans;2019;3932
46;46 - Lot;76;76 - Occitanie;F;35 à 39 ans;2019;4435
46;46 - Lot;76;76 - Occitanie;F;50 à 54 ans;2019;6177
46;46 - Lot;76;76 - Occitanie;F;60 à 64 ans;2019;7312
46;46 - Lot;76;76 - Occitanie;F;65 à 69 ans;2019;7208
46;46 - Lot;76;76 - Occitanie;F;70 à 74 ans;2019;6532
47;47 - Lot-et-Garonne;75;75 - Nouvelle-Aquitaine;H;25 à 29 ans;2019;7291
47;47 - Lot-et-Garonne;75;75 - Nouvelle-Aquitaine;H;35 à 39 ans;2019;8842
47;47 - Lot-et-Garonne;75;75 - Nouvelle-Aquitaine;H;40 à 44 ans;2019;8730
47;47 - Lot-et-Garonne;75;75 - Nouvelle-Aquitaine;H;80 ans et plus;2019;10751
47;47 - Lot-et-Garonne;75;75 - Nouvelle-Aquitaine;F;20 à 24 ans;2019;7043
47;47 - Lot-et-Garonne;75;75 - Nouvelle-Aquitaine;F;50 à 54 ans;2019;11628
47;47 - Lot-et-Garonne;75;75 - Nouvelle-Aquitaine;F;55 à 59 ans;2019;11932
48;48 - Lozère;76;76 - Occitanie;H;10 à 14 ans;2019;2258
48;48 - Lozère;76;76 - Occitanie;H;20 à 24 ans;2019;1919
48;48 - Lozère;76;76 - Occitanie;H;30 à 34 ans;2019;1986
48;48 - Lozère;76;76 - Occitanie;H;50 à 54 ans;2019;2792
48;48 - Lozère;76;76 - Occitanie;H;60 à 64 ans;2019;2831
48;48 - Lozère;76;76 - Occitanie;H;70 à 74 ans;2019;2266
48;48 - Lozère;76;76 - Occitanie;H;75 à 79 ans;2019;1452
48;48 - Lozère;76;76 - Occitanie;H;80 ans et plus;2019;2418
48;48 - Lozère;76;76 - Occitanie;F;0 à 4 ans;2019;1643
48;48 - Lozère;76;76 - Occitanie;F;30 à 34 ans;2019;1823
48;48 - Lozère;76;76 - Occitanie;F;55 à 59 ans;2019;2662
48;48 - Lozère;76;76 - Occitanie;F;65 à 69 ans;2019;2712
49;49 - Maine-et-Loire;52;52 - Pays de la Loire;H;0 à 4 ans;2019;21675
49;49 - Maine-et-Loire;52;52 - Pays de la Loire;H;30 à 34 ans;2019;22997
49;49 - Maine-et-Loire;52;52 - Pays de la Loire;H;50 à 54 ans;2019;25747
49;49 - Maine-et-Loire;52;52 - Pays de la Loire;H;60 à 64 ans;2019;23818
49;49 - Maine-et-Loire;52;52 - Pays de la Loire;H;70 à 74 ans;2019;17779
49;49 - Maine-et-Loire;52;52 - Pays de la Loire;F;10 à 14 ans;2019;26886
49;49 - Maine-et-Loire;52;52 - Pays de la Loire;F;15 à 19 ans;2019;27762
49;49 - Maine-et-Loire;52;52 - Pays de la Loire;F;20 à 24 ans;2019;25794
49;49 - Maine-et-Loire;52;52 - Pays de la Loire;F;25 à 29 ans;2019;21212
49;49 - Maine-et-Loire;52;52 - Pays de la Loire;F;45 à 49 ans;2019;27027
49;49 - Maine-et-Loire;52;52 - Pays de la Loire;F;80 ans et plus;2019;34551
50;50 - Manche;28;28 - Normandie;H;0 à 4 ans;2019;11521
50;50 - Manche;28;28 - Normandie;H;5 à 9 ans;2019;14027
50;50 - Manche;28;28 - Normandie;H;10 à 14 ans;2019;15198
50;50 - Manche;28;28 - Normandie;H;30 à 34 ans;2019;12994
50;50 - Manche;28;28 - Normandie;H;35 à 39 ans;2019;14015
50;50 - Manche;28;28 - Normandie;H;40 à 44 ans;2019;13482
50;50 - Manche;28;28 - Normandie;H;60 à 64 ans;2019;17444
50;50 - Manche;28;28 - Normandie;H;65 à 69 ans;2019;16691
50;50 - Manche;28;28 - Normandie;F;30 à 34 ans;2019;12761
50;50 - Manche;28;28 - Normandie;F;40 à 44 ans;2019;13651
50;50 - Manche;28;28 - Normandie;F;50 à 54 ans;2019;16998
50;50 - Manche;28;28 - Normandie;F;75 à 79 ans;2019;10394
51;51 - Marne;44;44 - Grand Est;H;0 à 4 ans;2019;15601
51;51 - Marne;44;44 - Grand Est;H;15 à 19 ans;2019;18759
51;51 - Marne;44;44 - Grand Est;H;25 à 29 ans;2019;17215
51;51 - Marne;44;44 - Grand Est;H;35 à 39 ans;2019;17179
51;51 - Marne;44;44 - Grand Est;H;45 à 49 ans;2019;18651
51;51 - Marne;44;44 - Grand Est;H;70 à 74 ans;2019;12912
51;51 - Marne;44;44 - Grand Est;H;75 à 79 ans;2019;7316
51;51 - Marne;44;44 - Grand Est;F;25 à 29 ans;2019;16840
51;51 - Marne;44;44 - Grand Est;F;40 à 44 ans;2019;16749
51;51 - Marne;44;44 - Grand Est;F;75 à 79 ans;2019;9401
51;51 - Marne;44;44 - Grand Est;F;80 ans et plus;2019;21584
52;52 - Haute-Marne;44;44 - Grand Est;H;10 à 14 ans;2019;4999
52;52 - Haute-Marne;44;44 - Grand Est;H;25 à 29 ans;2019;4932
52;52 - Haute-Marne;44;44 - Grand Est;H;55 à 59 ans;2019;6226
52;52 - Haute-Marne;44;44 - Grand Est;H;60 à 64 ans;2019;6070
52;52 - Haute-Marne;44;44 - Grand Est;H;80 ans et plus;2019;4830
52;52 - Haute-Marne;44;44 - Grand Est;F;0 à 4 ans;2019;3894
52;52 - Haute-Marne;44;44 - Grand Est;F;15 à 19 ans;2019;4648
52;52 - Haute-Marne;44;44 - Grand Est;F;35 à 39 ans;2019;4531
52;52 - Haute-Marne;44;44 - Grand Est;F;45 à 49 ans;2019;5630
52;52 - Haute-Marne;44;44 - Grand Est;F;80 ans et plus;2019;8797
53;53 - Mayenne;52;52 - Pays de la Loire;H;10 à 14 ans;2019;10776
53;53 - Mayenne;52;52 - Pays de la Loire;H;20 à 24 ans;2019;7975
53;53 - Mayenne;52;52 - Pays de la Loire;H;45 à 49 ans;2019;10465
53;53 - Mayenne;52;52 - Pays de la Loire;H;50 à 54 ans;2019;10488
53;53 - Mayenne;52;52 - Pays de la Loire;H;65 à 69 ans;2019;9034
53;53 - Mayenne;52;52 - Pays de la Loire;H;70 à 74 ans;2019;7285
53;53 - Mayenne;52;52 - Pays de la Loire;F;5 à 9 ans;2019;9750
53;53 - Mayenne;52;52 - Pays de la Loire;F;25 à 29 ans;2019;6995
53;53 - Mayenne;52;52 - Pays de la Loire;F;35 à 39 ans;2019;8902
53;53 - Mayenne;52;52 - Pays de la Loire;F;70 à 74 ans;2019;8225
53;53 - Mayenne;52;52 - Pays de la Loire;F;75 à 79 ans;2019;5656
54;54 - Meurthe-et-Moselle;44;44 - Grand Est;H;5 à 9 ans;2019;22183
54;54 - Meurthe-et-Moselle;44;44 - Grand Est;H;70 à 74 ans;2019;15780
54;54 - Meurthe-et-Moselle;44;44 - Grand Est;H;75 à 79 ans;2019;9630
54;54 - Meurthe-et-Moselle;44;44 - Grand Est;F;0 à 4 ans;2019;18433
54;54 - Meurthe-et-Moselle;44;44 - Grand Est;F;20 à 24 ans;2019;25979
54;54 - Meurthe-et-Moselle;44;44 - Grand Est;F;25 à 29 ans;2019;21652
54;54 - Meurthe-et-Moselle;44;44 - Grand Est;F;30 à 34 ans;2019;22789
54;54 - Meurthe-et-Moselle;44;44 - Grand Est;F;40 à 44 ans;2019;21510
54;54 - Meurthe-et-Moselle;44;44 - Grand Est;F;45 à 49 ans;2019;24157
54;54 - Meurthe-et-Moselle;44;44 - Grand Est;F;50 à 54 ans;2019;23713
54;54 - Meurthe-et-Moselle;44;44 - Grand Est;F;55 à 59 ans;2019;24443
54;54 - Meurthe-et-Moselle;44;44 - Grand Est;F;80 ans et plus;2019;29038
55;55 - Meuse;44;44 - Grand Est;H;5 à 9 ans;2019;5473
55;55 - Meuse;44;44 - Grand Est;H;35 à 39 ans;2019;5378
55;55 - Meuse;44;44 - Grand Est;H;40 à 44 ans;2019;5409
55;55 - Meuse;44;44 - Grand Est;H;55 à 59 ans;2019;6700
55;55 - Meuse;44;44 - Grand Est;H;60 à 64 ans;2019;6423
55;55 - Meuse;44;44 - Grand Est;H;65 à 69 ans;2019;6354
55;55 - Meuse;44;44 - Grand Est;H;75 à 79 ans;2019;2675
55;55 - Meuse;44;44 - Grand Est;F;0 à 4 ans;2019;4334
55;55 - Meuse;44;44 - Grand Est;F;25 à 29 ans;2019;4288
55;55 - Meuse;44;44 - Grand Est;F;30 à 34 ans;2019;5110
55;55 - Meuse;44;44 - Grand Est;F;50 à 54 ans;2019;6257
55;55 - Meuse;44;44 - Grand Est;F;60 à 64 ans;2019;6662
55;55 - Meuse;44;44 - Grand Est;F;70 à 74 ans;2019;5124
56;56 - Morbihan;53;53 - Bretagne;H;20 à 24 ans;2019;18145
56;56 - Morbihan;53;53 - Bretagne;H;35 à 39 ans;2019;21784
56;56 - Morbihan;53;53 - Bretagne;H;50 à 54 ans;2019;25519
56;56 - Morbihan;53;53 - Bretagne;H;65 à 69 ans;2019;25942
56;56 - Morbihan;53;53 - Bretagne;H;70 à 74 ans;2019;21462
56;56 - Morbihan;53;53 - Bretagne;H;75 à 79 ans;2019;12687
56;56 - Morbihan;53;53 - Bretagne;F;25 à 29 ans;2019;15603
56;56 - Morbihan;53;53 - Bretagne;F;35 à 39 ans;2019;21950
56;56 - Morbihan;53;53 - Bretagne;F;40 à 44 ans;2019;22128
56;56 - Morbihan;53;53 - Bretagne;F;60 à 64 ans;2019;27960
57;57 - Moselle;44;44 - Grand Est;H;5 à 9 ans;2019;31033
57;57 - Moselle;44;44 - Grand Est;H;25 à 29 ans;2019;30318
57;57 - Moselle;44;44 - Grand Est;H;55 à 59 ans;2019;36563
57;57 - Moselle;44;44 - Grand Est;F;10 à 14 ans;2019;29706
57;57 - Moselle;44;44 - Grand Est;F;35 à 39 ans;2019;34237
57;57 - Moselle;44;44 - Grand Est;F;40 à 44 ans;2019;31311
57;57 - Moselle;44;44 - Grand Est;F;45 à 49 ans;2019;36013
57;57 - Moselle;44;44 - Grand Est;F;65 à 69 ans;2019;33311
57;57 - Moselle;44;44 - Grand Est;F;80 ans et plus;2019;39620
58;58 - Nièvre;27;27 - Bourgogne-Franche-Comté;H;0 à 4 ans;2019;4199
58;58 - Nièvre;27;27 - Bourgogne-Franche-Comté;H;10 à 14 ans;2019;5547
58;58 - Nièvre;27;27 - Bourgogne-Franche-Comté;H;15 à 19 ans;2019;5873
58;58 - Nièvre;27;27 - Bourgogne-Franche-Comté;H;20 à 24 ans;2019;4573
58;58 - Nièvre;27;27 - Bourgogne-Franche-Comté;H;25 à 29 ans;2019;4287
58;58 - Nièvre;27;27 - Bourgogne-Franche-Comté;H;50 à 54 ans;2019;6792
58;58 - Nièvre;27;27 - Bourgogne-Franche-Comté;H;75 à 79 ans;2019;4157
58;58 - Nièvre;27;27 - Bourgogne-Franche-Comté;F;25 à 29 ans;2019;4062
58;58 - Nièvre;27;27 - Bourgogne-Franche-Comté;F;30 à 34 ans;2019;4691
58;58 - Nièvre;27;27 - Bourgogne-Franche-Comté;F;65 à 69 ans;2019;8811
58;58 - Nièvre;27;27 - Bourgogne-Franche-Comté;F;70 à 74 ans;2019;7488
59;59 - Nord;32;32 - Hauts-de-France;H;0 à 4 ans;2019;81115
59;59 - Nord;32;32 - Hauts-de-France;H;20 à 24 ans;2019;88066
59;59 - Nord;32;32 - Hauts-de-France;H;25 à 29 ans;2019;80460
59;59 - Nord;32;32 - Hauts-de-France;H;60 à 64 ans;2019;70450
59;59 - Nord;32;32 - Hauts-de-France;H;80 ans et plus;2019;42030
59;59 - Nord;32;32 - Hauts-de-France;F;20 à 24 ans;2019;87363
59;59 - Nord;32;32 - Hauts-de-France;F;25 à 29 ans;2019;81711
59;59 - Nord;32;32 - Hauts-de-France;F;40 à 44 ans;2019;80405
59;59 - Nord;32;32 - Hauts-de-France;F;50 à 54 ans;2019;82987
59;59 - Nord;32;32 - Hauts-de-France;F;80 ans et plus;2019;88058
60;60 - Oise;32;32 - Hauts-de-France;H;10 à 14 ans;2019;29312
60;60 - Oise;32;32 - Hauts-de-France;H;15 à 19 ans;2019;27876
60;60 - Oise;32;32 - Hauts-de-France;H;20 à 24 ans;2019;22305
60;60 - Oise;32;32 - Hauts-de-France;H;35 à 39 ans;2019;26355
60;60 - Oise;32;32 - Hauts-de-France;H;40 à 44 ans;2019;26336
60;60 - Oise;32;32 - Hauts-de-France;H;45 à 49 ans;2019;29765
60;60 - Oise;32;32 - Hauts-de-France;F;0 à 4 ans;2019;24958
60;60 - Oise;32;32 - Hauts-de-France;F;5 à 9 ans;2019;28027
60;60 - Oise;32;32 - Hauts-de-France;F;15 à 19 ans;2019;26096
60;60 - Oise;32;32 - Hauts-de-France;F;50 à 54 ans;2019;28651
60;60 - Oise;32;32 - Hauts-de-France;F;70 à 74 ans;2019;18834
60;60 - Oise;32;32 - Hauts-de-France;F;80 ans et plus;2019;25042
61;61 - Orne;28;28 - Normandie;H;15 à 19 ans;2019;8647
61;61 - Orne;28;28 - Normandie;H;20 à 24 ans;2019;6813
61;61 - Orne;28;28 - Normandie;H;25 à 29 ans;2019;6229
61;61 - Orne;28;28 - Normandie;H;35 à 39 ans;2019;7481
61;61 - Orne;28;28 - Normandie;H;55 à 59 ans;2019;9736
61;61 - Orne;28;28 - Normandie;H;60 à 64 ans;2019;9885
61;61 - Orne;28;28 - Normandie;H;70 à 74 ans;2019;7917
61;61 - Orne;28;28 - Normandie;H;75 à 79 ans;2019;4798
61;61 - Orne;28;28 - Normandie;F;5 à 9 ans;2019;7619
61;61 - Orne;28;28 - Normandie;F;25 à 29 ans;2019;5997
61;61 - Orne;28;28 - Normandie;F;65 à 69 ans;2019;10425
61;61 - Orne;28;28 - Normandie;F;70 à 74 ans;2019;9025
62;62 - Pas-de-Calais;32;32 - Hauts-de-France;H;10 à 14 ans;2019;50625
62;62 - Pas-de-Calais;32;32 - Hauts-de-France;H;15 à 19 ans;2019;49917
62;62 - Pas-de-Calais;32;32 - Hauts-de-France;H;25 à 29 ans;2019;39887
62;62 - Pas-de-Calais;32;32 - Hauts-de-France;H;35 à 39 ans;2019;45941
62;62 - Pas-de-Calais;32;32 - Hauts-de-France;H;40 à 44 ans;2019;43821
62;62 - Pas-de-Calais;32;32 - Hauts-de-France;H;45 à 49 ans;2019;49293
62;62 - Pas-de-Calais;32;32 - Hauts-de-France;H;50 à 54 ans;2019;47558
62;62 - Pas-de-Calais;32;32 - Hauts-de-France;H;70 à 74 ans;2019;30755
62;62 - Pas-de-Calais;32;32 - Hauts-de-France;H;80 ans et plus;2019;25696
62;62 - Pas-de-Calais;32;32 - Hauts-de-France;F;20 à 24 ans;2019;37907
62;62 - Pas-de-Calais;32;32 - Hauts-de-France;F;55 à 59 ans;2019;48819
62;62 - Pas-de-Calais;32;32 - Hauts-de-France;F;60 à 64 ans;2019;48639
62;62 - Pas-de-Calais;32;32 - Hauts-de-France;F;75 à 79 ans;2019;23312
63;63 - Puy-de-Dôme;84;84 - Auvergne-Rhône-Alpes;H;10 à 14 ans;2019;19321
63;63 - Puy-de-Dôme;84;84 - Auvergne-Rhône-Alpes;H;20 à 24 ans;2019;20670
63;63 - Puy-de-Dôme;84;84 - Auvergne-Rhône-Alpes;H;25 à 29 ans;2019;18543
63;63 - Puy-de-Dôme;84;84 - Auvergne-Rhône-Alpes;H;30 à 34 ans;2019;19281
63;63 - Puy-de-Dôme;84;84 - Auvergne-Rhône-Alpes;H;45 à 49 ans;2019;22588
63;63 - Puy-de-Dôme;84;84 - Auvergne-Rhône-Alpes;H;50 à 54 ans;2019;21784
63;63 - Puy-de-Dôme;84;84 - Auvergne-Rhône-Alpes;H;70 à 74 ans;2019;16452
63;63 - Puy-de-Dôme;84;84 - Auvergne-Rhône-Alpes;F;0 à 4 ans;2019;16239
63;63 - Puy-de-Dôme;84;84 - Auvergne-Rhône-Alpes;F;20 à 24 ans;2019;20504
63;63 - Puy-de-Dôme;84;84 - Auvergne-Rhône-Alpes;F;25 à 29 ans;2019;18257
63;63 - Puy-de-Dôme;84;84 - Auvergne-Rhône-Alpes;F;35 à 39 ans;2019;20458
63;63 - Puy-de-Dôme;84;84 - Auvergne-Rhône-Alpes;F;45 à 49 ans;2019;22497
63;63 - Puy-de-Dôme;84;84 - Auvergne-Rhône-Alpes;F;50 à 54 ans;2019;21863
63;63 - Puy-de-Dôme;84;84 - Auvergne-Rhône-Alpes;F;60 à 64 ans;2019;22246
63;63 - Puy-de-Dôme;84;84 - Auvergne-Rhône-Alpes;F;65 à 69 ans;2019;22046
63;63 - Puy-de-Dôme;84;84 - Auvergne-Rhône-Alpes;F;75 à 79 ans;2019;12843
64;64 - Pyrénées-Atlantiques;75;75 - Nouvelle-Aquitaine;H;35 à 39 ans;2019;20093
64;64 - Pyrénées-Atlantiques;75;75 - Nouvelle-Aquitaine;H;40 à 44 ans;2019;20140
64;64 - Pyrénées-Atlantiques;75;75 - Nouvelle-Aquitaine;H;70 à 74 ans;2019;17521
64;64 - Pyrénées-Atlantiques;75;75 - Nouvelle-Aquitaine;F;10 à 14 ans;2019;18749
64;64 - Pyrénées-Atlantiques;75;75 - Nouvelle-Aquitaine;F;30 à 34 ans;2019;19035
64;64 - Pyrénées-Atlantiques;75;75 - Nouvelle-Aquitaine;F;35 à 39 ans;2019;21269
64;64 - Pyrénées-Atlantiques;75;75 - Nouvelle-Aquitaine;F;60 à 64 ans;2019;23677
64;64 - Pyrénées-Atlantiques;75;75 - Nouvelle-Aquitaine;F;65 à 69 ans;2019;23873
64;64 - Pyrénées-Atlantiques;75;75 - Nouvelle-Aquitaine;F;70 à 74 ans;2019;20890
65;65 - Hautes-Pyrénées;76;76 - Occitanie;H;0 à 4 ans;2019;4907
65;65 - Hautes-Pyrénées;76;76 - Occitanie;H;5 à 9 ans;2019;5885
65;65 - Hautes-Pyrénées;76;76 - Occitanie;H;10 à 14 ans;2019;6234
65;65 - Hautes-Pyrénées;76;76 - Occitanie;H;15 à 19 ans;2019;7157
65;65 - Hautes-Pyrénées;76;76 - Occitanie;H;35 à 39 ans;2019;5903
65;65 - Hautes-Pyrénées;76;76 - Occitanie;H;45 à 49 ans;2019;7553
65;65 - Hautes-Pyrénées;76;76 - Occitanie;F;0 à 4 ans;2019;4631
65;65 - Hautes-Pyrénées;76;76 - Occitanie;F;20 à 24 ans;2019;4422
65;65 - Hautes-Pyrénées;76;76 - Occitanie;F;30 à 34 ans;2019;5614
65;65 - Hautes-Pyrénées;76;76 - Occitanie;F;40 à 44 ans;2019;6262
65;65 - Hautes-Pyrénées;76;76 - Occitanie;F;60 à 64 ans;2019;9005
66;66 - Pyrénées-Orientales;76;76 - Occitanie;H;0 à 4 ans;2019;11791
66;66 - Pyrénées-Orientales;76;76 - Occitanie;H;15 à 19 ans;2019;14221
66;66 - Pyrénées-Orientales;76;76 - Occitanie;H;30 à 34 ans;2019;11663
66;66 - Pyrénées-Orientales;76;76 - Occitanie;H;45 à 49 ans;2019;15411
66;66 - Pyrénées-Orientales;76;76 - Occitanie;H;50 à 54 ans;2019;15389
66;66 - Pyrénées-Orientales;76;76 - Occitanie;H;55 à 59 ans;2019;15005
66;66 - Pyrénées-Orientales;76;76 - Occitanie;H;60 à 64 ans;2019;14836
66;66 - Pyrénées-Orientales;76;76 - Occitanie;H;65 à 69 ans;2019;15988
66;66 - Pyrénées-Orientales;76;76 - Occitanie;H;75 à 79 ans;2019;9631
66;66 - Pyrénées-Orientales;76;76 - Occitanie;F;5 à 9 ans;2019;13174
66;66 - Pyrénées-Orientales;76;76 - Occitanie;F;20 à 24 ans;2019;10441
66;66 - Pyrénées-Orientales;76;76 - Occitanie;F;70 à 74 ans;2019;16970
66;66 - Pyrénées-Orientales;76;76 - Occitanie;F;75 à 79 ans;2019;11808
67;67 - Bas-Rhin;44;44 - Grand Est;H;0 à 4 ans;2019;31327
67;67 - Bas-Rhin;44;44 - Grand Est;H;5 à 9 ans;2019;33535
67;67 - Bas-Rhin;44;44 - Grand Est;H;10 à 14 ans;2019;33869
67;67 - Bas-Rhin;44;44 - Grand Est;H;15 à 19 ans;2019;35209
67;67 - Bas-Rhin;44;44 - Grand Est;H;20 à 24 ans;2019;36212
67;67 - Bas-Rhin;44;44 - Grand Est;H;35 à 39 ans;2019;35966
67;67 - Bas-Rhin;44;44 - Grand Est;H;40 à 44 ans;2019;34261
67;67 - Bas-Rhin;44;44 - Grand Est;H;60 à 64 ans;2019;34815
67;67 - Bas-Rhin;44;44 - Grand Est;H;75 à 79 ans;2019;17051
67;67 - Bas-Rhin;44;44 - Grand Est;F;5 à 9 ans;2019;31770
67;67 - Bas-Rhin;44;44 - Grand Est;F;10 à 14 ans;2019;32532
67;67 - Bas-Rhin;44;44 - Grand Est;F;15 à 19 ans;2019;34560
67;67 - Bas-Rhin;44;44 - Grand Est;F;20 à 24 ans;2019;36942
67;67 - Bas-Rhin;44;44 - Grand Est;F;30 à 34 ans;2019;36649
67;67 - Bas-Rhin;44;44 - Grand Est;F;75 à 79 ans;2019;20171
67;67 - Bas-Rhin;44;44 - Grand Est;F;80 ans et plus;2019;39990
68;68 - Haut-Rhin;44;44 - Grand Est;H;20 à 24 ans;2019;19593
68;68 - Haut-Rhin;44;44 - Grand Est;H;35 à 39 ans;2019;23447
68;68 - Haut-Rhin;44;44 - Grand Est;H;60 à 64 ans;2019;24204
68;68 - Haut-Rhin;44;44 - Grand Est;H;75 à 79 ans;2019;12262
68;68 - Haut-Rhin;44;44 - Grand Est;F;5 à 9 ans;2019;22482
68;68 - Haut-Rhin;44;44 - Grand Est;F;35 à 39 ans;2019;24931
68;68 - Haut-Rhin;44;44 - Grand Est;F;45 à 49 ans;2019;27437
68;68 - Haut-Rhin;44;44 - Grand Est;F;50 à 54 ans;2019;27750
68;68 - Haut-Rhin;44;44 - Grand Est;F;55 à 59 ans;2019;26916
68;68 - Haut-Rhin;44;44 - Grand Est;F;60 à 64 ans;2019;25844
68;68 - Haut-Rhin;44;44 - Grand Est;F;65 à 69 ans;2019;23966
69;69 - Rhône;84;84 - Auvergne-Rhône-Alpes;H;0 à 4 ans;2019;60641
69;69 - Rhône;84;84 - Auvergne-Rhône-Alpes;H;5 à 9 ans;2019;61864
69;69 - Rhône;84;84 - Auvergne-Rhône-Alpes;H;35 à 39 ans;2019;61816
69;69 - Rhône;84;84 - Auvergne-Rhône-Alpes;H;55 à 59 ans;2019;50977
69;69 - Rhône;84;84 - Auvergne-Rhône-Alpes;H;60 à 64 ans;2019;42674
69;69 - Rhône;84;84 - Auvergne-Rhône-Alpes;H;70 à 74 ans;2019;35149
69;69 - Rhône;84;84 - Auvergne-Rhône-Alpes;F;0 à 4 ans;2019;58401
69;69 - Rhône;84;84 - Auvergne-Rhône-Alpes;F;5 à 9 ans;2019;59255
69;69 - Rhône;84;84 - Auvergne-Rhône-Alpes;F;10 à 14 ans;2019;56420
69;69 - Rhône;84;84 - Auvergne-Rhône-Alpes;F;15 à 19 ans;2019;60329
69;69 - Rhône;84;84 - Auvergne-Rhône-Alpes;F;25 à 29 ans;2019;67205
69;69 - Rhône;84;84 - Auvergne-Rhône-Alpes;F;50 à 54 ans;2019;58680
69;69 - Rhône;84;84 - Auvergne-Rhône-Alpes;F;60 à 64 ans;2019;49638
69;69 - Rhône;84;84 - Auvergne-Rhône-Alpes;F;75 à 79 ans;2019;30010
70;70 - Haute-Saône;27;27 - Bourgogne-Franche-Comté;H;20 à 24 ans;2019;5212
70;70 - Haute-Saône;27;27 - Bourgogne-Franche-Comté;H;30 à 34 ans;2019;6086
70;70 - Haute-Saône;27;27 - Bourgogne-Franche-Comté;H;50 à 54 ans;2019;8330
70;70 - Haute-Saône;27;27 - Bourgogne-Franche-Comté;H;55 à 59 ans;2019;8136
70;70 - Haute-Saône;27;27 - Bourgogne-Franche-Comté;H;70 à 74 ans;2019;6506
70;70 - Haute-Saône;27;27 - Bourgogne-Franche-Comté;F;0 à 4 ans;2019;5516
70;70 - Haute-Saône;27;27 - Bourgogne-Franche-Comté;F;15 à 19 ans;2019;6775
70;70 - Haute-Saône;27;27 - Bourgogne-Franche-Comté;F;30 à 34 ans;2019;6201
70;70 - Haute-Saône;27;27 - Bourgogne-Franche-Comté;F;40 à 44 ans;2019;6869
70;70 - Haute-Saône;27;27 - Bourgogne-Franche-Comté;F;50 à 54 ans;2019;8135
70;70 - Haute-Saône;27;27 - Bourgogne-Franche-Comté;F;55 à 59 ans;2019;8446
70;70 - Haute-Saône;27;27 - Bourgogne-Franche-Comté;F;60 à 64 ans;2019;8494
70;70 - Haute-Saône;27;27 - Bourgogne-Franche-Comté;F;65 à 69 ans;2019;8321
71;71 - Saône-et-Loire;27;27 - Bourgogne-Franche-Comté;H;10 à 14 ans;2019;16560
71;71 - Saône-et-Loire;27;27 - Bourgogne-Franche-Comté;H;15 à 19 ans;2019;16363
71;71 - Saône-et-Loire;27;27 - Bourgogne-Franche-Comté;H;50 à 54 ans;2019;18678
71;71 - Saône-et-Loire;27;27 - Bourgogne-Franche-Comté;F;20 à 24 ans;2019;10392
71;71 - Saône-et-Loire;27;27 - Bourgogne-Franche-Comté;F;40 à 44 ans;2019;15114
71;71 - Saône-et-Loire;27;27 - Bourgogne-Franche-Comté;F;45 à 49 ans;2019;18684
71;71 - Saône-et-Loire;27;27 - Bourgogne-Franche-Comté;F;50 à 54 ans;2019;19379
72;72 - Sarthe;52;52 - Pays de la Loire;H;5 à 9 ans;2019;18065
72;72 - Sarthe;52;52 - Pays de la Loire;H;20 à 24 ans;2019;15521
72;72 - Sarthe;52;52 - Pays de la Loire;H;25 à 29 ans;2019;13698
72;72 - Sarthe;52;52 - Pays de la Loire;H;30 à 34 ans;2019;14666
72;72 - Sarthe;52;52 - Pays de la Loire;H;35 à 39 ans;2019;15799
72;72 - Sarthe;52;52 - Pays de la Loire;H;45 à 49 ans;2019;19098
72;72 - Sarthe;52;52 - Pays de la Loire;H;55 à 59 ans;2019;18311
72;72 - Sarthe;52;52 - Pays de la Loire;H;80 ans et plus;2019;14794
72;72 - Sarthe;52;52 - Pays de la Loire;F;0 à 4 ans;2019;14724
72;72 - Sarthe;52;52 - Pays de la Loire;F;5 à 9 ans;2019;17154
72;72 - Sarthe;52;52 - Pays de la Loire;F;40 à 44 ans;2019;16626
73;73 - Savoie;84;84 - Auvergne-Rhône-Alpes;H;5 à 9 ans;2019;13147
73;73 - Savoie;84;84 - Auvergne-Rhône-Alpes;H;15 à 19 ans;2019;13601
73;73 - Savoie;84;84 - Auvergne-Rhône-Alpes;H;30 à 34 ans;2019;12623
73;73 - Savoie;84;84 - Auvergne-Rhône-Alpes;H;35 à 39 ans;2019;13733
73;73 - Savoie;84;84 - Auvergne-Rhône-Alpes;H;50 à 54 ans;2019;15510
73;73 - Savoie;84;84 - Auvergne-Rhône-Alpes;H;60 à 64 ans;2019;13410
73;73 - Savoie;84;84 - Auvergne-Rhône-Alpes;H;70 à 74 ans;2019;10186
73;73 - Savoie;84;84 - Auvergne-Rhône-Alpes;H;75 à 79 ans;2019;6766
73;73 - Savoie;84;84 - Auvergne-Rhône-Alpes;H;80 ans et plus;2019;9833
73;73 - Savoie;84;84 - Auvergne-Rhône-Alpes;F;0 à 4 ans;2019;10858
73;73 - Savoie;84;84 - Auvergne-Rhône-Alpes;F;20 à 24 ans;2019;10396
73;73 - Savoie;84;84 - Auvergne-Rhône-Alpes;F;30 à 34 ans;2019;12970
73;73 - Savoie;84;84 - Auvergne-Rhône-Alpes;F;35 à 39 ans;2019;14028
73;73 - Savoie;84;84 - Auvergne-Rhône-Alpes;F;80 ans et plus;2019;17527
74;74 - Haute-Savoie;84;84 - Auvergne-Rhône-Alpes;H;0 à 4 ans;2019;25329
74;74 - Haute-Savoie;84;84 - Auvergne-Rhône-Alpes;H;15 à 19 ans;2019;25729
74;74 - Haute-Savoie;84;84 - Auvergne-Rhône-Alpes;H;35 à 39 ans;2019;30049
74;74 - Haute-Savoie;84;84 - Auvergne-Rhône-Alpes;H;40 à 44 ans;2019;28467
74;74 - Haute-Savoie;84;84 - Auvergne-Rhône-Alpes;H;65 à 69 ans;2019;19756
74;74 - Haute-Savoie;84;84 - Auvergne-Rhône-Alpes;H;70 à 74 ans;2019;16630
74;74 - Haute-Savoie;84;84 - Auvergne-Rhône-Alpes;H;75 à 79 ans;2019;10794
74;74 - Haute-Savoie;84;84 - Auvergne-Rhône-Alpes;H;80 ans et plus;2019;14389
74;74 - Haute-Savoie;84;84 - Auvergne-Rhône-Alpes;F;15 à 19 ans;2019;23100
74;74 - Haute-Savoie;84;84 - Auvergne-Rhône-Alpes;F;30 à 34 ans;2019;28998
74;74 - Haute-Savoie;84;84 - Auvergne-Rhône-Alpes;F;40 à 44 ans;2019;28717
74;74 - Haute-Savoie;84;84 - Auvergne-Rhône-Alpes;F;50 à 54 ans;2019;29559
74;74 - Haute-Savoie;84;84 - Auvergne-Rhône-Alpes;F;80 ans et plus;2019;25093
75;75 - Paris;11;11 - Île-de-France;H;0 à 4 ans;2019;55190
75;75 - Paris;11;11 - Île-de-France;H;30 à 34 ans;2019;93075
75;75 - Paris;11;11 - Île-de-France;H;40 à 44 ans;2019;70649
75;75 - Paris;11;11 - Île-de-France;H;50 à 54 ans;2019;64697
75;75 - Paris;11;11 - Île-de-France;H;55 à 59 ans;2019;59261
75;75 - Paris;11;11 - Île-de-France;H;60 à 64 ans;2019;51738
75;75 - Paris;11;11 - Île-de-France;H;65 à 69 ans;2019;46774
75;75 - Paris;11;11 - Île-de-France;H;75 à 79 ans;2019;26762
75;75 - Paris;11;11 - Île-de-France;H;80 ans et plus;2019;37397
75;75 - Paris;11;11 - Île-de-France;F;5 à 9 ans;2019;47928
75;75 - Paris;11;11 - Île-de-France;F;15 à 19 ans;2019;54881
75;75 - Paris;11;11 - Île-de-France;F;30 à 34 ans;2019;97702
75;75 - Paris;11;11 - Île-de-France;F;35 à 39 ans;2019;79843
75;75 - Paris;11;11 - Île-de-France;F;40 à 44 ans;2019;71348
75;75 - Paris;11;11 - Île-de-France;F;65 à 69 ans;2019;58518
75;75 - Paris;11;11 - Île-de-France;F;70 à 74 ans;2019;53294
76;76 - Seine-Maritime;28;28 - Normandie;H;0 à 4 ans;2019;35857
76;76 - Seine-Maritime;28;28 - Normandie;H;15 à 19 ans;2019;41437
76;76 - Seine-Maritime;28;28 - Normandie;H;45 à 49 ans;2019;40041
76;76 - Seine-Maritime;28;28 - Normandie;H;50 à 54 ans;2019;39449
76;76 - Seine-Maritime;28;28 - Normandie;H;55 à 59 ans;2019;39250
76;76 - Seine-Maritime;28;28 - Normandie;H;70 à 74 ans;2019;28054
76;76 - Seine-Maritime;28;28 - Normandie;H;75 à 79 ans;2019;16651
76;76 - Seine-Maritime;28;28 - Normandie;F;20 à 24 ans;2019;37687
76;76 - Seine-Maritime;28;28 - Normandie;F;25 à 29 ans;2019;36464
76;76 - Seine-Maritime;28;28 - Normandie;F;30 à 34 ans;2019;38820
76;76 - Seine-Maritime;28;28 - Normandie;F;60 à 64 ans;2019;41422
76;76 - Seine-Maritime;28;28 - Normandie;F;65 à 69 ans;2019;40499
76;76 - Seine-Maritime;28;28 - Normandie;F;80 ans et plus;2019;50373
77;77 - Seine-et-Marne;11;11 - Île-de-France;H;30 à 34 ans;2019;44194
77;77 - Seine-et-Marne;11;11 - Île-de-France;H;35 à 39 ans;2019;46621
77;77 - Seine-et-Marne;11;11 - Île-de-France;F;10 à 14 ans;2019;49780
77;77 - Seine-et-Marne;11;11 - Île-de-France;F;65 à 69 ans;2019;35604
77;77 - Seine-et-Marne;11;11 - Île-de-France;F;70 à 74 ans;2019;27561
78;78 - Yvelines;11;11 - Île-de-France;H;5 à 9 ans;2019;52105
78;78 - Yvelines;11;11 - Île-de-France;H;45 à 49 ans;2019;52269
78;78 - Yvelines;11;11 - Île-de-France;H;60 à 64 ans;2019;36554
78;78 - Yvelines;11;11 - Île-de-France;F;0 à 4 ans;2019;44437
78;78 - Yvelines;11;11 - Île-de-France;F;5 à 9 ans;2019;49360
78;78 - Yvelines;11;11 - Île-de-France;F;15 à 19 ans;2019;46954
78;78 - Yvelines;11;11 - Île-de-France;F;30 à 34 ans;2019;46043
78;78 - Yvelines;11;11 - Île-de-France;F;35 à 39 ans;2019;49614
78;78 - Yvelines;11;11 - Île-de-France;F;55 à 59 ans;2019;47631
78;78 - Yvelines;11;11 - Île-de-France;F;70 à 74 ans;2019;31536
78;78 - Yvelines;11;11 - Île-de-France;F;80 ans et plus;2019;44170
79;79 - Deux-Sèvres;75;75 - Nouvelle-Aquitaine;H;0 à 4 ans;2019;9114
79;79 - Deux-Sèvres;75;75 - Nouvelle-Aquitaine;H;10 à 14 ans;2019;12663
79;79 - Deux-Sèvres;75;75 - Nouvelle-Aquitaine;H;20 à 24 ans;2019;8579
79;79 - Deux-Sèvres;75;75 - Nouvelle-Aquitaine;H;40 à 44 ans;2019;11271
79;79 - Deux-Sèvres;75;75 - Nouvelle-Aquitaine;H;45 à 49 ans;2019;13006
79;79 - Deux-Sèvres;75;75 - Nouvelle-Aquitaine;H;60 à 64 ans;2019;12418
79;79 - Deux-Sèvres;75;75 - Nouvelle-Aquitaine;H;65 à 69 ans;2019;11902
79;79 - Deux-Sèvres;75;75 - Nouvelle-Aquitaine;F;0 à 4 ans;2019;8939
79;79 - Deux-Sèvres;75;75 - Nouvelle-Aquitaine;F;50 à 54 ans;2019;13110
79;79 - Deux-Sèvres;75;75 - Nouvelle-Aquitaine;F;65 à 69 ans;2019;12831
79;79 - Deux-Sèvres;75;75 - Nouvelle-Aquitaine;F;75 à 79 ans;2019;7607
79;79 - Deux-Sèvres;75;75 - Nouvelle-Aquitaine;F;80 ans et plus;2019;18113
80;80 - Somme;32;32 - Hauts-de-France;H;45 à 49 ans;2019;19144
80;80 - Somme;32;32 - Hauts-de-France;H;65 à 69 ans;2019;16713
80;80 - Somme;32;32 - Hauts-de-France;H;70 à 74 ans;2019;12968
80;80 - Somme;32;32 - Hauts-de-France;H;80 ans et plus;2019;11744
80;80 - Somme;32;32 - Hauts-de-France;F;5 à 9 ans;2019;16629
80;80 - Somme;32;32 - Hauts-de-France;F;15 à 19 ans;2019;18613
80;80 - Somme;32;32 - Hauts-de-France;F;40 à 44 ans;2019;17229
80;80 - Somme;32;32 - Hauts-de-France;F;55 à 59 ans;2019;18618
80;80 - Somme;32;32 - Hauts-de-France;F;60 à 64 ans;2019;18739
80;80 - Somme;32;32 - Hauts-de-France;F;65 à 69 ans;2019;18274
80;80 - Somme;32;32 - Hauts-de-France;F;80 ans et plus;2019;22088
81;81 - Tarn;76;76 - Occitanie;H;0 à 4 ans;2019;9273
81;81 - Tarn;76;76 - Occitanie;H;10 à 14 ans;2019;11932
81;81 - Tarn;76;76 - Occitanie;H;15 à 19 ans;2019;11706
81;81 - Tarn;76;76 - Occitanie;H;30 à 34 ans;2019;9297
81;81 - Tarn;76;76 - Occitanie;H;45 à 49 ans;2019;13003
81;81 - Tarn;76;76 - Occitanie;H;55 à 59 ans;2019;13099
81;81 - Tarn;76;76 - Occitanie;H;65 à 69 ans;2019;12756
81;81 - Tarn;76;76 - Occitanie;H;80 ans et plus;2019;12427
81;81 - Tarn;76;76 - Occitanie;F;0 à 4 ans;2019;8881
81;81 - Tarn;76;76 - Occitanie;F;10 à 14 ans;2019;11234
81;81 - Tarn;76;76 - Occitanie;F;15 à 19 ans;2019;11054
81;81 - Tarn;76;76 - Occitanie;F;20 à 24 ans;2019;8457
81;81 - Tarn;76;76 - Occitanie;F;30 à 34 ans;2019;9761
81;81 - Tarn;76;76 - Occitanie;F;45 à 49 ans;2019;13554
81;81 - Tarn;76;76 - Occitanie;F;50 à 54 ans;2019;13809
81;81 - Tarn;76;76 - Occitanie;F;55 à 59 ans;2019;13839
81;81 - Tarn;76;76 - Occitanie;F;70 à 74 ans;2019;12053
81;81 - Tarn;76;76 - Occitanie;F;80 ans et plus;2019;20805
82;82 - Tarn-et-Garonne;76;76 - Occitanie;H;35 à 39 ans;2019;7782
82;82 - Tarn-et-Garonne;76;76 - Occitanie;H;45 à 49 ans;2019;9144
82;82 - Tarn-et-Garonne;76;76 - Occitanie;H;50 à 54 ans;2019;8782
82;82 - Tarn-et-Garonne;76;76 - Occitanie;H;60 à 64 ans;2019;8048
82;82 - Tarn-et-Garonne;76;76 - Occitanie;H;65 à 69 ans;2019;8008
82;82 - Tarn-et-Garonne;76;76 - Occitanie;H;75 à 79 ans;2019;4217
82;82 - Tarn-et-Garonne;76;76 - Occitanie;F;30 à 34 ans;2019;6996
82;82 - Tarn-et-Garonne;76;76 - Occitanie;F;40 à 44 ans;2019;8533
82;82 - Tarn-et-Garonne;76;76 - Occitanie;F;50 à 54 ans;2019;8849
82;82 - Tarn-et-Garonne;76;76 - Occitanie;F;60 à 64 ans;2019;8551
82;82 - Tarn-et-Garonne;76;76 - Occitanie;F;70 à 74 ans;2019;7161
83;83 - Var;93;93 - Provence-Alpes-Côte d'Azur;H;5 à 9 ans;2019;29471
83;83 - Var;93;93 - Provence-Alpes-Côte d'Azur;H;10 à 14 ans;2019;30323
83;83 - Var;93;93 - Provence-Alpes-Côte d'Azur;H;15 à 19 ans;2019;31259
83;83 - Var;93;93 - Provence-Alpes-Côte d'Azur;H;35 à 39 ans;2019;30210
83;83 - Var;93;93 - Provence-Alpes-Côte d'Azur;H;45 à 49 ans;2019;34960
83;83 - Var;93;93 - Provence-Alpes-Côte d'Azur;H;50 à 54 ans;2019;34993
83;83 - Var;93;93 - Provence-Alpes-Côte d'Azur;H;55 à 59 ans;2019;34819
83;83 - Var;93;93 - Provence-Alpes-Côte d'Azur;H;65 à 69 ans;2019;34373
83;83 - Var;93;93 - Provence-Alpes-Côte d'Azur;H;75 à 79 ans;2019;22996
83;83 - Var;93;93 - Provence-Alpes-Côte d'Azur;F;0 à 4 ans;2019;24492
83;83 - Var;93;93 - Provence-Alpes-Côte d'Azur;F;10 à 14 ans;2019;28685
83;83 - Var;93;93 - Provence-Alpes-Côte d'Azur;F;30 à 34 ans;2019;29173
83;83 - Var;93;93 - Provence-Alpes-Côte d'Azur;F;50 à 54 ans;2019;38119
83;83 - Var;93;93 - Provence-Alpes-Côte d'Azur;F;60 à 64 ans;2019;38071
84;84 - Vaucluse;93;93 - Provence-Alpes-Côte d'Azur;H;0 à 4 ans;2019;16059
84;84 - Vaucluse;93;93 - Provence-Alpes-Côte d'Azur;H;15 à 19 ans;2019;17327
84;84 - Vaucluse;93;93 - Provence-Alpes-Côte d'Azur;H;25 à 29 ans;2019;13572
84;84 - Vaucluse;93;93 - Provence-Alpes-Côte d'Azur;H;40 à 44 ans;2019;15958
84;84 - Vaucluse;93;93 - Provence-Alpes-Côte d'Azur;H;45 à 49 ans;2019;18314
84;84 - Vaucluse;93;93 - Provence-Alpes-Côte d'Azur;H;50 à 54 ans;2019;18716
84;84 - Vaucluse;93;93 - Provence-Alpes-Côte d'Azur;H;60 à 64 ans;2019;16814
84;84 - Vaucluse;93;93 - Provence-Alpes-Côte d'Azur;H;70 à 74 ans;2019;14415
84;84 - Vaucluse;93;93 - Provence-Alpes-Côte d'Azur;H;80 ans et plus;2019;13521
84;84 - Vaucluse;93;93 - Provence-Alpes-Côte d'Azur;F;15 à 19 ans;2019;16079
84;84 - Vaucluse;93;93 - Provence-Alpes-Côte d'Azur;F;25 à 29 ans;2019;14321
84;84 - Vaucluse;93;93 - Provence-Alpes-Côte d'Azur;F;30 à 34 ans;2019;16293
84;84 - Vaucluse;93;93 - Provence-Alpes-Côte d'Azur;F;55 à 59 ans;2019;19649
84;84 - Vaucluse;93;93 - Provence-Alpes-Côte d'Azur;F;60 à 64 ans;2019;19219
84;84 - Vaucluse;93;93 - Provence-Alpes-Côte d'Azur;F;65 à 69 ans;2019;18615
84;84 - Vaucluse;93;93 - Provence-Alpes-Côte d'Azur;F;70 à 74 ans;2019;16701
85;85 - Vendée;52;52 - Pays de la Loire;H;5 à 9 ans;2019;21090
85;85 - Vendée;52;52 - Pays de la Loire;H;35 à 39 ans;2019;20660
85;85 - Vendée;52;52 - Pays de la Loire;H;60 à 64 ans;2019;22366
85;85 - Vendée;52;52 - Pays de la Loire;H;75 à 79 ans;2019;12026
85;85 - Vendée;52;52 - Pays de la Loire;F;5 à 9 ans;2019;20156
85;85 - Vendée;52;52 - Pays de la Loire;F;20 à 24 ans;2019;13393
85;85 - Vendée;52;52 - Pays de la Loire;F;35 à 39 ans;2019;20696
85;85 - Vendée;52;52 - Pays de la Loire;F;55 à 59 ans;2019;23225
85;85 - Vendée;52;52 - Pays de la Loire;F;65 à 69 ans;2019;25635
85;85 - Vendée;52;52 - Pays de la Loire;F;75 à 79 ans;2019;14380
86;86 - Vienne;75;75 - Nouvelle-Aquitaine;H;5 à 9 ans;2019;12828
86;86 - Vienne;75;75 - Nouvelle-Aquitaine;H;20 à 24 ans;2019;14616
86;86 - Vienne;75;75 - Nouvelle-Aquitaine;H;50 à 54 ans;2019;13676
86;86 - Vienne;75;75 - Nouvelle-Aquitaine;H;60 à 64 ans;2019;13668
86;86 - Vienne;75;75 - Nouvelle-Aquitaine;F;10 à 14 ans;2019;12552
86;86 - Vienne;75;75 - Nouvelle-Aquitaine;F;25 à 29 ans;2019;11742
86;86 - Vienne;75;75 - Nouvelle-Aquitaine;F;30 à 34 ans;2019;12089
86;86 - Vienne;75;75 - Nouvelle-Aquitaine;F;35 à 39 ans;2019;13098
86;86 - Vienne;75;75 - Nouvelle-Aquitaine;F;65 à 69 ans;2019;14341
86;86 - Vienne;75;75 - Nouvelle-Aquitaine;F;80 ans et plus;2019;20150
87;87 - Haute-Vienne;75;75 - Nouvelle-Aquitaine;H;5 à 9 ans;2019;9991
87;87 - Haute-Vienne;75;75 - Nouvelle-Aquitaine;H;10 à 14 ans;2019;10382
87;87 - Haute-Vienne;75;75 - Nouvelle-Aquitaine;H;30 à 34 ans;2019;9211
87;87 - Haute-Vienne;75;75 - Nouvelle-Aquitaine;H;55 à 59 ans;2019;12081
87;87 - Haute-Vienne;75;75 - Nouvelle-Aquitaine;H;65 à 69 ans;2019;12316
87;87 - Haute-Vienne;75;75 - Nouvelle-Aquitaine;H;80 ans et plus;2019;10700
87;87 - Haute-Vienne;75;75 - Nouvelle-Aquitaine;F;10 à 14 ans;2019;9889
87;87 - Haute-Vienne;75;75 - Nouvelle-Aquitaine;F;25 à 29 ans;2019;9269
87;87 - Haute-Vienne;75;75 - Nouvelle-Aquitaine;F;50 à 54 ans;2019;12550
87;87 - Haute-Vienne;75;75 - Nouvelle-Aquitaine;F;60 à 64 ans;2019;13141
87;87 - Haute-Vienne;75;75 - Nouvelle-Aquitaine;F;70 à 74 ans;2019;11845
87;87 - Haute-Vienne;75;75 - Nouvelle-Aquitaine;F;75 à 79 ans;2019;8011
88;88 - Vosges;44;44 - Grand Est;H;0 à 4 ans;2019;8556
88;88 - Vosges;44;44 - Grand Est;H;15 à 19 ans;2019;11504
88;88 - Vosges;44;44 - Grand Est;H;20 à 24 ans;2019;8853
88;88 - Vosges;44;44 - Grand Est;H;25 à 29 ans;2019;8632
88;88 - Vosges;44;44 - Grand Est;H;55 à 59 ans;2019;12862
88;88 - Vosges;44;44 - Grand Est;F;0 à 4 ans;2019;8079
88;88 - Vosges;44;44 - Grand Est;F;20 à 24 ans;2019;7656
88;88 - Vosges;44;44 - Grand Est;F;45 à 49 ans;2019;12268
88;88 - Vosges;44;44 - Grand Est;F;50 à 54 ans;2019;12743
88;88 - Vosges;44;44 - Grand Est;F;65 à 69 ans;2019;13443
88;88 - Vosges;44;44 - Grand Est;F;75 à 79 ans;2019;7296
89;89 - Yonne;27;27 - Bourgogne-Franche-Comté;H;15 à 19 ans;2019;10446
89;89 - Yonne;27;27 - Bourgogne-Franche-Comté;H;20 à 24 ans;2019;7096
89;89 - Yonne;27;27 - Bourgogne-Franche-Comté;H;25 à 29 ans;2019;7667
89;89 - Yonne;27;27 - Bourgogne-Franche-Comté;H;30 à 34 ans;2019;8677
89;89 - Yonne;27;27 - Bourgogne-Franche-Comté;H;45 à 49 ans;2019;11183
89;89 - Yonne;27;27 - Bourgogne-Franche-Comté;H;55 à 59 ans;2019;11130
89;89 - Yonne;27;27 - Bourgogne-Franche-Comté;H;75 à 79 ans;2019;5694
89;89 - Yonne;27;27 - Bourgogne-Franche-Comté;H;80 ans et plus;2019;9202
89;89 - Yonne;27;27 - Bourgogne-Franche-Comté;F;0 à 4 ans;2019;7897
89;89 - Yonne;27;27 - Bourgogne-Franche-Comté;F;5 à 9 ans;2019;9582
89;89 - Yonne;27;27 - Bourgogne-Franche-Comté;F;10 à 14 ans;2019;10223
89;89 - Yonne;27;27 - Bourgogne-Franche-Comté;F;20 à 24 ans;2019;6425
89;89 - Yonne;27;27 - Bourgogne-Franche-Comté;F;30 à 34 ans;2019;8992
89;89 - Yonne;27;27 - Bourgogne-Franche-Comté;F;50 à 54 ans;2019;11584
89;89 - Yonne;27;27 - Bourgogne-Franche-Comté;F;55 à 59 ans;2019;11603
89;89 - Yonne;27;27 - Bourgogne-Franche-Comté;F;80 ans et plus;2019;16369
90;90 - Territoire de Belfort;27;27 - Bourgogne-Franche-Comté;H;0 à 4 ans;2019;3937
90;90 - Territoire de Belfort;27;27 - Bourgogne-Franche-Comté;H;20 à 24 ans;2019;4480
90;90 - Territoire de Belfort;27;27 - Bourgogne-Franche-Comté;H;25 à 29 ans;2019;4331
90;90 - Territoire de Belfort;27;27 - Bourgogne-Franche-Comté;H;30 à 34 ans;2019;4234
90;90 - Territoire de Belfort;27;27 - Bourgogne-Franche-Comté;F;0 à 4 ans;2019;3719
90;90 - Territoire de Belfort;27;27 - Bourgogne-Franche-Comté;F;45 à 49 ans;2019;4760
90;90 - Territoire de Belfort;27;27 - Bourgogne-Franche-Comté;F;55 à 59 ans;2019;4774
90;90 - Territoire de Belfort;27;27 - Bourgogne-Franche-Comté;F;70 à 74 ans;2019;3558
90;90 - Territoire de Belfort;27;27 - Bourgogne-Franche-Comté;F;75 à 79 ans;2019;2494
90;90 - Territoire de Belfort;27;27 - Bourgogne-Franche-Comté;F;80 ans et plus;2019;5508
91;91 - Essonne;11;11 - Île-de-France;H;0 à 4 ans;2019;44840
91;91 - Essonne;11;11 - Île-de-France;H;10 à 14 ans;2019;45569
91;91 - Essonne;11;11 - Île-de-France;H;15 à 19 ans;2019;44997
91;91 - Essonne;11;11 - Île-de-France;H;25 à 29 ans;2019;40166
91;91 - Essonne;11;11 - Île-de-France;H;35 à 39 ans;2019;42060
91;91 - Essonne;11;11 - Île-de-France;H;40 à 44 ans;2019;43043
91;91 - Essonne;11;11 - Île-de-France;H;50 à 54 ans;2019;43234
91;91 - Essonne;11;11 - Île-de-France;H;55 à 59 ans;2019;40109
91;91 - Essonne;11;11 - Île-de-France;H;60 à 64 ans;2019;32935
91;91 - Essonne;11;11 - Île-de-France;H;70 à 74 ans;2019;22754
91;91 - Essonne;11;11 - Île-de-France;F;10 à 14 ans;2019;44192
91;91 - Essonne;11;11 - Île-de-France;F;15 à 19 ans;2019;41277
91;91 - Essonne;11;11 - Île-de-France;F;30 à 34 ans;2019;45073
91;91 - Essonne;11;11 - Île-de-France;F;50 à 54 ans;2019;43850
91;91 - Essonne;11;11 - Île-de-France;F;55 à 59 ans;2019;41271
91;91 - Essonne;11;11 - Île-de-France;F;60 à 64 ans;2019;35107
91;91 - Essonne;11;11 - Île-de-France;F;65 à 69 ans;2019;30894
91;91 - Essonne;11;11 - Île-de-France;F;80 ans et plus;2019;36457
92;92 - Hauts-de-Seine;11;11 - Île-de-France;H;15 à 19 ans;2019;48697
92;92 - Hauts-de-Seine;11;11 - Île-de-France;H;20 à 24 ans;2019;46624
92;92 - Hauts-de-Seine;11;11 - Île-de-France;H;30 à 34 ans;2019;58671
92;92 - Hauts-de-Seine;11;11 - Île-de-France;H;50 à 54 ans;2019;50156
92;92 - Hauts-de-Seine;11;11 - Île-de-France;H;55 à 59 ans;2019;45024
92;92 - Hauts-de-Seine;11;11 - Île-de-France;H;80 ans et plus;2019;26615
92;92 - Hauts-de-Seine;11;11 - Île-de-France;F;20 à 24 ans;2019;48579
92;92 - Hauts-de-Seine;11;11 - Île-de-France;F;35 à 39 ans;2019;63973
92;92 - Hauts-de-Seine;11;11 - Île-de-France;F;60 à 64 ans;2019;43382
92;92 - Hauts-de-Seine;11;11 - Île-de-France;F;70 à 74 ans;2019;32470
92;92 - Hauts-de-Seine;11;11 - Île-de-France;F;75 à 79 ans;2019;23009
93;93 - Seine-Saint-Denis;11;11 - Île-de-France;H;10 à 14 ans;2019;59305
93;93 - Seine-Saint-Denis;11;11 - Île-de-France;H;15 à 19 ans;2019;54835
93;93 - Seine-Saint-Denis;11;11 - Île-de-France;H;40 à 44 ans;2019;58636
93;93 - Seine-Saint-Denis;11;11 - Île-de-France;H;45 à 49 ans;2019;55970
93;93 - Seine-Saint-Denis;11;11 - Île-de-France;H;65 à 69 ans;2019;31272
93;93 - Seine-Saint-Denis;11;11 - Île-de-France;H;80 ans et plus;2019;18824
93;93 - Seine-Saint-Denis;11;11 - Île-de-France;F;10 à 14 ans;2019;57321
93;93 - Seine-Saint-Denis;11;11 - Île-de-France;F;20 à 24 ans;2019;51069
93;93 - Seine-Saint-Denis;11;11 - Île-de-France;F;60 à 64 ans;2019;41473
93;93 - Seine-Saint-Denis;11;11 - Île-de-France;F;75 à 79 ans;2019;16769
93;93 - Seine-Saint-Denis;11;11 - Île-de-France;F;80 ans et plus;2019;34144
94;94 - Val-de-Marne;11;11 - Île-de-France;H;35 à 39 ans;2019;48165
94;94 - Val-de-Marne;11;11 - Île-de-France;H;65 à 69 ans;2019;28196
94;94 - Val-de-Marne;11;11 - Île-de-France;H;70 à 74 ans;2019;22872
94;94 - Val-de-Marne;11;11 - Île-de-France;F;15 à 19 ans;2019;42240
94;94 - Val-de-Marne;11;11 - Île-de-France;F;20 à 24 ans;2019;43934
94;94 - Val-de-Marne;11;11 - Île-de-France;F;30 à 34 ans;2019;54193
94;94 - Val-de-Marne;11;11 - Île-de-France;F;35 à 39 ans;2019;52619
94;94 - Val-de-Marne;11;11 - Île-de-France;F;40 à 44 ans;2019;48079
94;94 - Val-de-Marne;11;11 - Île-de-France;F;45 à 49 ans;2019;48843
94;94 - Val-de-Marne;11;11 - Île-de-France;F;50 à 54 ans;2019;47107
94;94 - Val-de-Marne;11;11 - Île-de-France;F;55 à 59 ans;2019;45181
94;94 - Val-de-Marne;11;11 - Île-de-France;F;70 à 74 ans;2019;27392
95;95 - Val-d'Oise;11;11 - Île-de-France;H;5 à 9 ans;2019;48493
95;95 - Val-d'Oise;11;11 - Île-de-France;H;10 à 14 ans;2019;45630
95;95 - Val-d'Oise;11;11 - Île-de-France;H;30 à 34 ans;2019;40387
95;95 - Val-d'Oise;11;11 - Île-de-France;H;50 à 54 ans;2019;39125
95;95 - Val-d'Oise;11;11 - Île-de-France;H;55 à 59 ans;2019;36832
95;95 - Val-d'Oise;11;11 - Île-de-France;F;40 à 44 ans;2019;42606
971;971 - Guadeloupe;01;01 - Guadeloupe;H;5 à 9 ans;2019;11450
971;971 - Guadeloupe;01;01 - Guadeloupe;H;15 à 19 ans;2019;13738
971;971 - Guadeloupe;01;01 - Guadeloupe;H;45 à 49 ans;2019;12407
971;971 - Guadeloupe;01;01 - Guadeloupe;H;55 à 59 ans;2019;14220
971;971 - Guadeloupe;01;01 - Guadeloupe;H;60 à 64 ans;2019;12329
971;971 - Guadeloupe;01;01 - Guadeloupe;H;75 à 79 ans;2019;5593
971;971 - Guadeloupe;01;01 - Guadeloupe;H;80 ans et plus;2019;7347
971;971 - Guadeloupe;01;01 - Guadeloupe;F;10 à 14 ans;2019;13130
971;971 - Guadeloupe;01;01 - Guadeloupe;F;15 à 19 ans;2019;13281
971;971 - Guadeloupe;01;01 - Guadeloupe;F;40 à 44 ans;2019;13279
971;971 - Guadeloupe;01;01 - Guadeloupe;F;60 à 64 ans;2019;14244
972;972 - Martinique;02;02 - Martinique;H;0 à 4 ans;2019;8562
972;972 - Martinique;02;02 - Martinique;H;60 à 64 ans;2019;12679
972;972 - Martinique;02;02 - Martinique;H;70 à 74 ans;2019;8511
972;972 - Martinique;02;02 - Martinique;F;0 à 4 ans;2019;8244
972;972 - Martinique;02;02 - Martinique;F;30 à 34 ans;2019;9921
972;972 - Martinique;02;02 - Martinique;F;35 à 39 ans;2019;10484
972;972 - Martinique;02;02 - Martinique;F;40 à 44 ans;2019;11219
972;972 - Martinique;02;02 - Martinique;F;45 à 49 ans;2019;14928
972;972 - Martinique;02;02 - Martinique;F;50 à 54 ans;2019;17626
972;972 - Martinique;02;02 - Martinique;F;75 à 79 ans;2019;7511
973;973 - Guyane;03;03 - Guyane;H;20 à 24 ans;2019;9298
973;973 - Guyane;03;03 - Guyane;H;35 à 39 ans;2019;9471
973;973 - Guyane;03;03 - Guyane;H;40 à 44 ans;2019;8558
973;973 - Guyane;03;03 - Guyane;H;50 à 54 ans;2019;6888
973;973 - Guyane;03;03 - Guyane;F;0 à 4 ans;2019;15203
973;973 - Guyane;03;03 - Guyane;F;20 à 24 ans;2019;9825
973;973 - Guyane;03;03 - Guyane;F;30 à 34 ans;2019;10859
973;973 - Guyane;03;03 - Guyane;F;60 à 64 ans;2019;4701
973;973 - Guyane;03;03 - Guyane;F;65 à 69 ans;2019;3297
973;973 - Guyane;03;03 - Guyane;F;75 à 79 ans;2019;1431
974;974 - La Réunion;04;04 - La Réunion;H;0 à 4 ans;2019;29945
974;974 - La Réunion;04;04 - La Réunion;H;10 à 14 ans;2019;35577
974;974 - La Réunion;04;04 - La Réunion;H;25 à 29 ans;2019;23571
974;974 - La Réunion;04;04 - La Réunion;H;45 à 49 ans;2019;28752
974;974 - La Réunion;04;04 - La Réunion;H;60 à 64 ans;2019;22622
974;974 - La Réunion;04;04 - La Réunion;H;80 ans et plus;2019;8264
974;974 - La Réunion;04;04 - La Réunion;F;5 à 9 ans;2019;32251
974;974 - La Réunion;04;04 - La Réunion;F;15 à 19 ans;2019;32900
974;974 - La Réunion;04;04 - La Réunion;F;20 à 24 ans;2019;25388
974;974 - La Réunion;04;04 - La Réunion;F;30 à 34 ans;2019;28887
974;974 - La Réunion;04;04 - La Réunion;F;35 à 39 ans;2019;29878
974;974 - La Réunion;04;04 - La Réunion;F;45 à 49 ans;2019;31605
974;974 - La Réunion;04;04 - La Réunion;F;50 à 54 ans;2019;33967
976;976 - Mayotte;06;06 - Mayotte;H;10 à 14 ans;2019;17769
976;976 - Mayotte;06;06 - Mayotte;H;15 à 19 ans;2019;13021
976;976 - Mayotte;06;06 - Mayotte;H;25 à 29 ans;2019;7232
976;976 - Mayotte;06;06 - Mayotte;H;40 à 44 ans;2019;7066
976;976 - Mayotte;06;06 - Mayotte;H;45 à 49 ans;2019;6371
976;976 - Mayotte;06;06 - Mayotte;F;0 à 4 ans;2019;20967
976;976 - Mayotte;06;06 - Mayotte;F;25 à 29 ans;2019;10730
976;976 - Mayotte;06;06 - Mayotte;F;30 à 34 ans;2019;10831
976;976 - Mayotte;06;06 - Mayotte;F;55 à 59 ans;2019;3069
976;976 - Mayotte;06;06 - Mayotte;F;70 à 74 ans;2019;885
976;976 - Mayotte;06;06 - Mayotte;F;75 à 79 ans;2019;631
976;976 - Mayotte;06;06 - Mayotte;F;80 ans et plus;2019;655
01;01 - Ain;84;84 - Auvergne-Rhône-Alpes;H;30 à 34 ans;2019;20021
01;01 - Ain;84;84 - Auvergne-Rhône-Alpes;H;45 à 49 ans;2019;24042
01;01 - Ain;84;84 - Auvergne-Rhône-Alpes;H;50 à 54 ans;2019;23284
01;01 - Ain;84;84 - Auvergne-Rhône-Alpes;H;60 à 64 ans;2019;18311
01;01 - Ain;84;84 - Auvergne-Rhône-Alpes;F;0 à 4 ans;2019;18840
01;01 - Ain;84;84 - Auvergne-Rhône-Alpes;F;30 à 34 ans;2019;20513
01;01 - Ain;84;84 - Auvergne-Rhône-Alpes;F;35 à 39 ans;2019;22493
01;01 - Ain;84;84 - Auvergne-Rhône-Alpes;F;55 à 59 ans;2019;21118
01;01 - Ain;84;84 - Auvergne-Rhône-Alpes;F;70 à 74 ans;2019;15410
02;02 - Aisne;32;32 - Hauts-de-France;H;0 à 4 ans;2019;14760
02;02 - Aisne;32;32 - Hauts-de-France;H;25 à 29 ans;2019;13364
02;02 - Aisne;32;32 - Hauts-de-France;H;35 à 39 ans;2019;16146
02;02 - Aisne;32;32 - Hauts-de-France;H;45 à 49 ans;2019;17548
02;02 - Aisne;32;32 - Hauts-de-France;H;80 ans et plus;2019;11100
02;02 - Aisne;32;32 - Hauts-de-France;F;0 à 4 ans;2019;14105
02;02 - Aisne;32;32 - Hauts-de-France;F;15 à 19 ans;2019;16491
02;02 - Aisne;32;32 - Hauts-de-France;F;30 à 34 ans;2019;15537
02;02 - Aisne;32;32 - Hauts-de-France;F;35 à 39 ans;2019;16065
02;02 - Aisne;32;32 - Hauts-de-France;F;60 à 64 ans;2019;17996
02;02 - Aisne;32;32 - Hauts-de-France;F;65 à 69 ans;2019;17655
02;02 - Aisne;32;32 - Hauts-de-France;F;75 à 79 ans;2019;9025
03;03 - Allier;84;84 - Auvergne-Rhône-Alpes;H;5 à 9 ans;2019;8857
03;03 - Allier;84;84 - Auvergne-Rhône-Alpes;H;15 à 19 ans;2019;10226
03;03 - Allier;84;84 - Auvergne-Rhône-Alpes;H;70 à 74 ans;2019;10258
03;03 - Allier;84;84 - Auvergne-Rhône-Alpes;H;80 ans et plus;2019;10886
03;03 - Allier;84;84 - Auvergne-Rhône-Alpes;F;15 à 19 ans;2019;8973
03;03 - Allier;84;84 - Auvergne-Rhône-Alpes;F;40 à 44 ans;2019;9354
03;03 - Allier;84;84 - Auvergne-Rhône-Alpes;F;45 à 49 ans;2019;11335
03;03 - Allier;84;84 - Auvergne-Rhône-Alpes;F;75 à 79 ans;2019;8278
04;04 - Alpes-de-Haute-Provence;93;93 - Provence-Alpes-Côte d'Azur;H;5 à 9 ans;2019;4591
04;04 - Alpes-de-Haute-Provence;93;93 - Provence-Alpes-Côte d'Azur;H;20 à 24 ans;2019;3285
04;04 - Alpes-de-Haute-Provence;93;93 - Provence-Alpes-Côte d'Azur;H;35 à 39 ans;2019;4242
04;04 - Alpes-de-Haute-Provence;93;93 - Provence-Alpes-Côte d'Azur;H;45 à 49 ans;2019;5371
04;04 - Alpes-de-Haute-Provence;93;93 - Provence-Alpes-Côte d'Azur;H;60 à 64 ans;2019;5971
04;04 - Alpes-de-Haute-Provence;93;93 - Provence-Alpes-Côte d'Azur;F;5 à 9 ans;2019;4267
04;04 - Alpes-de-Haute-Provence;93;93 - Provence-Alpes-Côte d'Azur;F;35 à 39 ans;2019;4597
04;04 - Alpes-de-Haute-Provence;93;93 - Provence-Alpes-Côte d'Azur;F;50 à 54 ans;2019;6138
04;04 - Alpes-de-Haute-Provence;93;93 - Provence-Alpes-Côte d'Azur;F;70 à 74 ans;2019;5648
05;05 - Hautes-Alpes;93;93 - Provence-Alpes-Côte d'Azur;H;10 à 14 ans;2019;4237
05;05 - Hautes-Alpes;93;93 - Provence-Alpes-Côte d'Azur;H;15 à 19 ans;2019;4269
05;05 - Hautes-Alpes;93;93 - Provence-Alpes-Côte d'Azur;H;20 à 24 ans;2019;2874
05;05 - Hautes-Alpes;93;93 - Provence-Alpes-Côte d'Azur;H;35 à 39 ans;2019;4123
05;05 - Hautes-Alpes;93;93 - Provence-Alpes-Côte d'Azur;H;60 à 64 ans;2019;5044
05;05 - Hautes-Alpes;93;93 - Provence-Alpes-Côte d'Azur;H;80 ans et plus;2019;3917
05;05 - Hautes-Alpes;93;93 - Provence-Alpes-Côte d'Azur;F;5 à 9 ans;2019;3914
05;05 - Hautes-Alpes;93;93 - Provence-Alpes-Côte d'Azur;F;10 à 14 ans;2019;3984
05;05 - Hautes-Alpes;93;93 - Provence-Alpes-Côte d'Azur;F;35 à 39 ans;2019;4303
05;05 - Hautes-Alpes;93;93 - Provence-Alpes-Côte d'Azur;F;45 à 49 ans;2019;4874
05;05 - Hautes-Alpes;93;93 - Provence-Alpes-Côte d'Azur;F;50 à 54 ans;2019;5005
05;05 - Hautes-Alpes;93;93 - Provence-Alpes-Côte d'Azur;F;65 à 69 ans;2019;5115
05;05 - Hautes-Alpes;93;93 - Provence-Alpes-Côte d'Azur;F;80 ans et plus;2019;6452
06;06 - Alpes-Maritimes;93;93 - Provence-Alpes-Côte d'Azur;H;15 à 19 ans;2019;30275
06;06 - Alpes-Maritimes;93;93 - Provence-Alpes-Côte d'Azur;H;35 à 39 ans;2019;31758
06;06 - Alpes-Maritimes;93;93 - Provence-Alpes-Côte d'Azur;H;60 à 64 ans;2019;31062
06;06 - Alpes-Maritimes;93;93 - Provence-Alpes-Côte d'Azur;F;15 à 19 ans;2019;29007
06;06 - Alpes-Maritimes;93;93 - Provence-Alpes-Côte d'Azur;F;20 à 24 ans;2019;26900
06;06 - Alpes-Maritimes;93;93 - Provence-Alpes-Côte d'Azur;F;40 à 44 ans;2019;33896
06;06 - Alpes-Maritimes;93;93 - Provence-Alpes-Côte d'Azur;F;45 à 49 ans;2019;38008
06;06 - Alpes-Maritimes;93;93 - Provence-Alpes-Côte d'Azur;F;55 à 59 ans;2019;38062
06;06 - Alpes-Maritimes;93;93 - Provence-Alpes-Côte d'Azur;F;65 à 69 ans;2019;36313
06;06 - Alpes-Maritimes;93;93 - Provence-Alpes-Côte d'Azur;F;75 à 79 ans;2019;27567
07;07 - Ardèche;84;84 - Auvergne-Rhône-Alpes;H;30 à 34 ans;2019;8114
07;07 - Ardèche;84;84 - Auvergne-Rhône-Alpes;H;35 à 39 ans;2019;9144
07;07 - Ardèche;84;84 - Auvergne-Rhône-Alpes;H;65 à 69 ans;2019;11405
07;07 - Ardèche;84;84 - Auvergne-Rhône-Alpes;H;70 à 74 ans;2019;9858
07;07 - Ardèche;84;84 - Auvergne-Rhône-Alpes;F;5 à 9 ans;2019;8987
07;07 - Ardèche;84;84 - Auvergne-Rhône-Alpes;F;20 à 24 ans;2019;5984
07;07 - Ardèche;84;84 - Auvergne-Rhône-Alpes;F;30 à 34 ans;2019;8338
07;07 - Ardèche;84;84 - Auvergne-Rhône-Alpes;F;45 à 49 ans;2019;11461
07;07 - Ardèche;84;84 - Auvergne-Rhône-Alpes;F;55 à 59 ans;2019;11705
07;07 - Ardèche;84;84 - Auvergne-Rhône-Alpes;F;80 ans et plus;2019;15584
08;08 - Ardennes;44;44 - Grand Est;H;0 à 4 ans;2019;7089
08;08 - Ardennes;44;44 - Grand Est;H;65 à 69 ans;2019;8575
08;08 - Ardennes;44;44 - Grand Est;H;80 ans et plus;2019;6216
08;08 - Ardennes;44;44 - Grand Est;F;45 à 49 ans;2019;9141
08;08 - Ardennes;44;44 - Grand Est;F;55 à 59 ans;2019;9727
08;08 - Ardennes;44;44 - Grand Est;F;65 à 69 ans;2019;9204
08;08 - Ardennes;44;44 - Grand Est;F;75 à 79 ans;2019;4805
09;09 - Ariège;76;76 - Occitanie;H;25 à 29 ans;2019;3564
09;09 - Ariège;76;76 - Occitanie;H;35 à 39 ans;2019;4117
09;09 - Ariège;76;76 - Occitanie;H;40 à 44 ans;2019;4390
09;09 - Ariège;76;76 - Occitanie;H;45 à 49 ans;2019;5054
09;09 - Ariège;76;76 - Occitanie;H;60 à 64 ans;2019;5505
09;09 - Ariège;76;76 - Occitanie;F;10 à 14 ans;2019;4232
09;09 - Ariège;76;76 - Occitanie;F;20 à 24 ans;2019;2831
09;09 - Ariège;76;76 - Occitanie;F;45 à 49 ans;2019;5286
09;09 - Ariège;76;76 - Occitanie;F;50 à 54 ans;2019;5332
09;09 - Ariège;76;76 - Occitanie;F;55 à 59 ans;2019;5690
09;09 - Ariège;76;76 - Occitanie;F;60 à 64 ans;2019;5761
09;09 - Ariège;76;76 - Occitanie;F;65 à 69 ans;2019;5712
09;09 - Ariège;76;76 - Occitanie;F;75 à 79 ans;2019;3422
10;10 - Aube;44;44 - Grand Est;H;0 à 4 ans;2019;8707
10;10 - Aube;44;44 - Grand Est;H;5 à 9 ans;2019;9844
10;10 - Aube;44;44 - Grand Est;H;15 à 19 ans;2019;10030
10;10 - Aube;44;44 - Grand Est;H;40 à 44 ans;2019;8865
10;10 - Aube;44;44 - Grand Est;H;65 à 69 ans;2019;9358
10;10 - Aube;44;44 - Grand Est;H;70 à 74 ans;2019;7818
10;10 - Aube;44;44 - Grand Est;H;75 à 79 ans;2019;4529
10;10 - Aube;44;44 - Grand Est;H;80 ans et plus;2019;7102
10;10 - Aube;44;44 - Grand Est;F;0 à 4 ans;2019;8149
10;10 - Aube;44;44 - Grand Est;F;5 à 9 ans;2019;9428
10;10 - Aube;44;44 - Grand Est;F;30 à 34 ans;2019;8970
10;10 - Aube;44;44 - Grand Est;F;35 à 39 ans;2019;9335
10;10 - Aube;44;44 - Grand Est;F;45 à 49 ans;2019;10279
10;10 - Aube;44;44 - Grand Est;F;60 à 64 ans;2019;10156
10;10 - Aube;44;44 - Grand Est;F;80 ans et plus;2019;13386
11;11 - Aude;76;76 - Occitanie;H;5 à 9 ans;2019;10561
11;11 - Aude;76;76 - Occitanie;H;35 à 39 ans;2019;9984
11;11 - Aude;76;76 - Occitanie;H;60 à 64 ans;2019;12590
11;11 - Aude;76;76 - Occitanie;H;75 à 79 ans;2019;7360
11;11 - Aude;76;76 - Occitanie;F;15 à 19 ans;2019;10257
11;11 - Aude;76;76 - Occitanie;F;20 à 24 ans;2019;7549
11;11 - Aude;76;76 - Occitanie;F;50 à 54 ans;2019;13226
11;11 - Aude;76;76 - Occitanie;F;70 à 74 ans;2019;13030
12;12 - Aveyron;76;76 - Occitanie;H;20 à 24 ans;2019;6624
12;12 - Aveyron;76;76 - Occitanie;H;30 à 34 ans;2019;6819
12;12 - Aveyron;76;76 - Occitanie;H;60 à 64 ans;2019;9863
12;12 - Aveyron;76;76 - Occitanie;H;75 à 79 ans;2019;5554
12;12 - Aveyron;76;76 - Occitanie;F;5 à 9 ans;2019;6933
12;12 - Aveyron;76;76 - Occitanie;F;25 à 29 ans;2019;5565
12;12 - Aveyron;76;76 - Occitanie;F;40 à 44 ans;2019;7679
12;12 - Aveyron;76;76 - Occitanie;F;45 à 49 ans;2019;9117
12;12 - Aveyron;76;76 - Occitanie;F;55 à 59 ans;2019;9876
12;12 - Aveyron;76;76 - Occitanie;F;60 à 64 ans;2019;10051
12;12 - Aveyron;76;76 - Occitanie;F;80 ans et plus;2019;16410
13;13 - Bouches-du-Rhône;93;93 - Provence-Alpes-Côte d'Azur;H;0 à 4 ans;2019;60266
13;13 - Bouches-du-Rhône;93;93 - Provence-Alpes-Côte d'Azur;H;15 à 19 ans;2019;62910
13;13 - Bouches-du-Rhône;93;93 - Provence-Alpes-Côte d'Azur;H;20 à 24 ans;2019;59994
13;13 - Bouches-du-Rhône;93;93 - Provence-Alpes-Côte d'Azur;H;25 à 29 ans;2019;56947
13;13 - Bouches-du-Rhône;93;93 - Provence-Alpes-Côte d'Azur;H;30 à 34 ans;2019;60314
13;13 - Bouches-du-Rhône;93;93 - Provence-Alpes-Côte d'Azur;H;60 à 64 ans;2019;56480
13;13 - Bouches-du-Rhône;93;93 - Provence-Alpes-Côte d'Azur;H;65 à 69 ans;2019;53474
13;13 - Bouches-du-Rhône;93;93 - Provence-Alpes-Côte d'Azur;H;70 à 74 ans;2019;46650
13;13 - Bouches-du-Rhône;93;93 - Provence-Alpes-Côte d'Azur;H;80 ans et plus;2019;45864
13;13 - Bouches-du-Rhône;93;93 - Provence-Alpes-Côte d'Azur;F;0 à 4 ans;2019;57797
13;13 - Bouches-du-Rhône;93;93 - Provence-Alpes-Côte d'Azur;F;15 à 19 ans;2019;60454
13;13 - Bouches-du-Rhône;93;93 - Provence-Alpes-Côte d'Azur;F;20 à 24 ans;2019;59776
13;13 - Bouches-du-Rhône;93;93 - Provence-Alpes-Côte d'Azur;F;25 à 29 ans;2019;59611
13;13 - Bouches-du-Rhône;93;93 - Provence-Alpes-Côte d'Azur;F;35 à 39 ans;2019;67820
13;13 - Bouches-du-Rhône;93;93 - Provence-Alpes-Côte d'Azur;F;45 à 49 ans;2019;70705
13;13 - Bouches-du-Rhône;93;93 - Provence-Alpes-Côte d'Azur;F;50 à 54 ans;2019;71460
13;13 - Bouches-du-Rhône;93;93 - Provence-Alpes-Côte d'Azur;F;55 à 59 ans;2019;68043
13;13 - Bouches-du-Rhône;93;93 - Provence-Alpes-Côte d'Azur;F;65 à 69 ans;2019;62676
14;14 - Calvados;28;28 - Normandie;H;35 à 39 ans;2019;19988
14;14 - Calvados;28;28 - Normandie;H;65 à 69 ans;2019;21249
14;14 - Calvados;28;28 - Normandie;F;0 à 4 ans;2019;16630
14;14 - Calvados;28;28 - Normandie;F;5 à 9 ans;2019;19710
14;14 - Calvados;28;28 - Normandie;F;15 à 19 ans;2019;21963
14;14 - Calvados;28;28 - Normandie;F;20 à 24 ans;2019;21715
14;14 - Calvados;28;28 - Normandie;F;45 à 49 ans;2019;23027
14;14 - Calvados;28;28 - Normandie;F;50 à 54 ans;2019;22575
14;14 - Calvados;28;28 - Normandie;F;60 à 64 ans;2019;24251
14;14 - Calvados;28;28 - Normandie;F;65 à 69 ans;2019;24240
15;15 - Cantal;84;84 - Auvergne-Rhône-Alpes;H;15 à 19 ans;2019;3790
15;15 - Cantal;84;84 - Auvergne-Rhône-Alpes;H;30 à 34 ans;2019;3433
15;15 - Cantal;84;84 - Auvergne-Rhône-Alpes;H;40 à 44 ans;2019;4180
15;15 - Cantal;84;84 - Auvergne-Rhône-Alpes;H;60 à 64 ans;2019;5670
15;15 - Cantal;84;84 - Auvergne-Rhône-Alpes;H;80 ans et plus;2019;4945
15;15 - Cantal;84;84 - Auvergne-Rhône-Alpes;F;15 à 19 ans;2019;3619
15;15 - Cantal;84;84 - Auvergne-Rhône-Alpes;F;45 à 49 ans;2019;4779
15;15 - Cantal;84;84 - Auvergne-Rhône-Alpes;F;50 à 54 ans;2019;5128
15;15 - Cantal;84;84 - Auvergne-Rhône-Alpes;F;70 à 74 ans;2019;4938
15;15 - Cantal;84;84 - Auvergne-Rhône-Alpes;F;80 ans et plus;2019;8677
16;16 - Charente;75;75 - Nouvelle-Aquitaine;H;5 à 9 ans;2019;9695
16;16 - Charente;75;75 - Nouvelle-Aquitaine;H;20 à 24 ans;2019;8232
16;16 - Charente;75;75 - Nouvelle-Aquitaine;H;30 à 34 ans;2019;8938
16;16 - Charente;75;75 - Nouvelle-Aquitaine;H;55 à 59 ans;2019;12042
16;16 - Charente;75;75 - Nouvelle-Aquitaine;F;0 à 4 ans;2019;7741
16;16 - Charente;75;75 - Nouvelle-Aquitaine;F;20 à 24 ans;2019;7572
16;16 - Charente;75;75 - Nouvelle-Aquitaine;F;45 à 49 ans;2019;11983
16;16 - Charente;75;75 - Nouvelle-Aquitaine;F;60 à 64 ans;2019;13394
16;16 - Charente;75;75 - Nouvelle-Aquitaine;F;65 à 69 ans;2019;13148
16;16 - Charente;75;75 - Nouvelle-Aquitaine;F;80 ans et plus;2019;18029
17;17 - Charente-Maritime;75;75 - Nouvelle-Aquitaine;H;0 à 4 ans;2019;13694
17;17 - Charente-Maritime;75;75 - Nouvelle-Aquitaine;H;5 à 9 ans;2019;17021
17;17 - Charente-Maritime;75;75 - Nouvelle-Aquitaine;H;25 à 29 ans;2019;13687
17;17 - Charente-Maritime;75;75 - Nouvelle-Aquitaine;H;30 à 34 ans;2019;15427
17;17 - Charente-Maritime;75;75 - Nouvelle-Aquitaine;H;35 à 39 ans;2019;17395
17;17 - Charente-Maritime;75;75 - Nouvelle-Aquitaine;H;50 à 54 ans;2019;20918
17;17 - Charente-Maritime;75;75 - Nouvelle-Aquitaine;H;60 à 64 ans;2019;22066
17;17 - Charente-Maritime;75;75 - Nouvelle-Aquitaine;H;80 ans et plus;2019;20277
17;17 - Charente-Maritime;75;75 - Nouvelle-Aquitaine;F;10 à 14 ans;2019;17491
17;17 - Charente-Maritime;75;75 - Nouvelle-Aquitaine;F;35 à 39 ans;2019;18692
17;17 - Charente-Maritime;75;75 - Nouvelle-Aquitaine;F;45 à 49 ans;2019;22663
18;18 - Cher;24;24 - Centre-Val de Loire;H;15 à 19 ans;2019;8438
18;18 - Cher;24;24 - Centre-Val de Loire;H;20 à 24 ans;2019;7231
18;18 - Cher;24;24 - Centre-Val de Loire;H;30 à 34 ans;2019;7677
18;18 - Cher;24;24 - Centre-Val de Loire;H;35 à 39 ans;2019;8160
18;18 - Cher;24;24 - Centre-Val de Loire;H;55 à 59 ans;2019;10516
18;18 - Cher;24;24 - Centre-Val de Loire;H;80 ans et plus;2019;8857
18;18 - Cher;24;24 - Centre-Val de Loire;F;15 à 19 ans;2019;8079
18;18 - Cher;24;24 - Centre-Val de Loire;F;25 à 29 ans;2019;6837
18;18 - Cher;24;24 - Centre-Val de Loire;F;50 à 54 ans;2019;10624
18;18 - Cher;24;24 - Centre-Val de Loire;F;80 ans et plus;2019;15644
19;19 - Corrèze;75;75 - Nouvelle-Aquitaine;H;5 à 9 ans;2019;6188
19;19 - Corrèze;75;75 - Nouvelle-Aquitaine;H;25 à 29 ans;2019;5195
19;19 - Corrèze;75;75 - Nouvelle-Aquitaine;H;60 à 64 ans;2019;8473
19;19 - Corrèze;75;75 - Nouvelle-Aquitaine;F;20 à 24 ans;2019;4531
19;19 - Corrèze;75;75 - Nouvelle-Aquitaine;F;30 à 34 ans;2019;5764
19;19 - Corrèze;75;75 - Nouvelle-Aquitaine;F;40 à 44 ans;2019;6740
19;19 - Corrèze;75;75 - Nouvelle-Aquitaine;F;50 à 54 ans;2019;8217
19;19 - Corrèze;75;75 - Nouvelle-Aquitaine;F;55 à 59 ans;2019;8634
19;19 - Corrèze;75;75 - Nouvelle-Aquitaine;F;65 à 69 ans;2019;9371
19;19 - Corrèze;75;75 - Nouvelle-Aquitaine;F;80 ans et plus;2019;14127
2A;2A - Corse-du-Sud;94;94 - Corse;H;60 à 64 ans;2019;4975
2A;2A - Corse-du-Sud;94;94 - Corse;H;70 à 74 ans;2019;4153
2A;2A - Corse-du-Sud;94;94 - Corse;F;0 à 4 ans;2019;3773
2A;2A - Corse-du-Sud;94;94 - Corse;F;25 à 29 ans;2019;4039
2A;2A - Corse-du-Sud;94;94 - Corse;F;55 à 59 ans;2019;5444
2A;2A - Corse-du-Sud;94;94 - Corse;F;70 à 74 ans;2019;4842
2B;2B - Haute-Corse;94;94 - Corse;H;15 à 19 ans;2019;4887
2B;2B - Haute-Corse;94;94 - Corse;H;20 à 24 ans;2019;5027
2B;2B - Haute-Corse;94;94 - Corse;H;40 à 44 ans;2019;5445
2B;2B - Haute-Corse;94;94 - Corse;H;45 à 49 ans;2019;6335
2B;2B - Haute-Corse;94;94 - Corse;H;65 à 69 ans;2019;5826
2B;2B - Haute-Corse;94;94 - Corse;H;75 à 79 ans;2019;3759
2B;2B - Haute-Corse;94;94 - Corse;F;15 à 19 ans;2019;4277
2B;2B - Haute-Corse;94;94 - Corse;F;40 à 44 ans;2019;5799
2B;2B - Haute-Corse;94;94 - Corse;F;50 à 54 ans;2019;6385
2B;2B - Haute-Corse;94;94 - Corse;F;60 à 64 ans;2019;5867
2B;2B - Haute-Corse;94;94 - Corse;F;65 à 69 ans;2019;6123
21;21 - Côte-d'Or;27;27 - Bourgogne-Franche-Comté;H;0 à 4 ans;2019;13321
21;21 - Côte-d'Or;27;27 - Bourgogne-Franche-Comté;H;10 à 14 ans;2019;15634
21;21 - Côte-d'Or;27;27 - Bourgogne-Franche-Comté;H;15 à 19 ans;2019;17542
21;21 - Côte-d'Or;27;27 - Bourgogne-Franche-Comté;H;20 à 24 ans;2019;17913
21;21 - Côte-d'Or;27;27 - Bourgogne-Franche-Comté;H;35 à 39 ans;2019;15606
21;21 - Côte-d'Or;27;27 - Bourgogne-Franche-Comté;H;75 à 79 ans;2019;8134
21;21 - Côte-d'Or;27;27 - Bourgogne-Franche-Comté;F;0 à 4 ans;2019;13341
21;21 - Côte-d'Or;27;27 - Bourgogne-Franche-Comté;F;5 à 9 ans;2019;14279
21;21 - Côte-d'Or;27;27 - Bourgogne-Franche-Comté;F;25 à 29 ans;2019;15082
21;21 - Côte-d'Or;27;27 - Bourgogne-Franche-Comté;F;35 à 39 ans;2019;16130
21;21 - Côte-d'Or;27;27 - Bourgogne-Franche-Comté;F;45 à 49 ans;2019;18056
21;21 - Côte-d'Or;27;27 - Bourgogne-Franche-Comté;F;60 à 64 ans;2019;17432
21;21 - Côte-d'Or;27;27 - Bourgogne-Franche-Comté;F;70 à 74 ans;2019;14508
22;22 - Côtes-d'Armor;53;53 - Bretagne;H;0 à 4 ans;2019;13851
22;22 - Côtes-d'Armor;53;53 - Bretagne;H;5 à 9 ans;2019;17378
22;22 - Côtes-d'Armor;53;53 - Bretagne;H;10 à 14 ans;2019;19038
22;22 - Côtes-d'Armor;53;53 - Bretagne;H;15 à 19 ans;2019;19260
22;22 - Côtes-d'Armor;53;53 - Bretagne;H;20 à 24 ans;2019;13249
22;22 - Côtes-d'Armor;53;53 - Bretagne;H;50 à 54 ans;2019;19807
22;22 - Côtes-d'Armor;53;53 - Bretagne;H;65 à 69 ans;2019;21102
22;22 - Côtes-d'Armor;53;53 - Bretagne;H;70 à 74 ans;2019;17956
22;22 - Côtes-d'Armor;53;53 - Bretagne;H;75 à 79 ans;2019;10776
22;22 - Côtes-d'Armor;53;53 - Bretagne;H;80 ans et plus;2019;17350
22;22 - Côtes-d'Armor;53;53 - Bretagne;F;5 à 9 ans;2019;16795
22;22 - Côtes-d'Armor;53;53 - Bretagne;F;10 à 14 ans;2019;18137
22;22 - Côtes-d'Armor;53;53 - Bretagne;F;30 à 34 ans;2019;14650
22;22 - Côtes-d'Armor;53;53 - Bretagne;F;45 à 49 ans;2019;20217
22;22 - Côtes-d'Armor;53;53 - Bretagne;F;65 à 69 ans;2019;23324
22;22 - Côtes-d'Armor;53;53 - Bretagne;F;70 à 74 ans;2019;20533
22;22 - Côtes-d'Armor;53;53 - Bretagne;F;75 à 79 ans;2019;13517
23;23 - Creuse;75;75 - Nouvelle-Aquitaine;H;20 à 24 ans;2019;2333
23;23 - Creuse;75;75 - Nouvelle-Aquitaine;H;45 à 49 ans;2019;3890
23;23 - Creuse;75;75 - Nouvelle-Aquitaine;H;60 à 64 ans;2019;4813
23;23 - Creuse;75;75 - Nouvelle-Aquitaine;H;65 à 69 ans;2019;4910
23;23 - Creuse;75;75 - Nouvelle-Aquitaine;F;35 à 39 ans;2019;2807
23;23 - Creuse;75;75 - Nouvelle-Aquitaine;F;45 à 49 ans;2019;3745
23;23 - Creuse;75;75 - Nouvelle-Aquitaine;F;70 à 74 ans;2019;4264
24;24 - Dordogne;75;75 - Nouvelle-Aquitaine;H;15 à 19 ans;2019;11333
24;24 - Dordogne;75;75 - Nouvelle-Aquitaine;H;25 à 29 ans;2019;8278
24;24 - Dordogne;75;75 - Nouvelle-Aquitaine;H;30 à 34 ans;2019;9250
24;24 - Dordogne;75;75 - Nouvelle-Aquitaine;H;35 à 39 ans;2019;10480
24;24 - Dordogne;75;75 - Nouvelle-Aquitaine;H;45 à 49 ans;2019;13369
24;24 - Dordogne;75;75 - Nouvelle-Aquitaine;F;0 à 4 ans;2019;7841
24;24 - Dordogne;75;75 - Nouvelle-Aquitaine;F;5 à 9 ans;2019;9687
24;24 - Dordogne;75;75 - Nouvelle-Aquitaine;F;15 à 19 ans;2019;10584
24;24 - Dordogne;75;75 - Nouvelle-Aquitaine;F;25 à 29 ans;2019;8188
24;24 - Dordogne;75;75 - Nouvelle-Aquitaine;F;30 à 34 ans;2019;9407
24;24 - Dordogne;75;75 - Nouvelle-Aquitaine;F;35 à 39 ans;2019;10675
24;24 - Dordogne;75;75 - Nouvelle-Aquitaine;F;70 à 74 ans;2019;15176
25;25 - Doubs;27;27 - Bourgogne-Franche-Comté;H;5 à 9 ans;2019;17594
25;25 - Doubs;27;27 - Bourgogne-Franche-Comté;H;15 à 19 ans;2019;17558
25;25 - Doubs;27;27 - Bourgogne-Franche-Comté;H;20 à 24 ans;2019;17152
25;25 - Doubs;27;27 - Bourgogne-Franche-Comté;H;25 à 29 ans;2019;16253
25;25 - Doubs;27;27 - Bourgogne-Franche-Comté;H;30 à 34 ans;2019;16566
25;25 - Doubs;27;27 - Bourgogne-Franche-Comté;H;35 à 39 ans;2019;17417
25;25 - Doubs;27;27 - Bourgogne-Franche-Comté;H;55 à 59 ans;2019;16239
25;25 - Doubs;27;27 - Bourgogne-Franche-Comté;H;60 à 64 ans;2019;15056
25;25 - Doubs;27;27 - Bourgogne-Franche-Comté;H;65 à 69 ans;2019;14417
25;25 - Doubs;27;27 - Bourgogne-Franche-Comté;H;70 à 74 ans;2019;12641
25;25 - Doubs;27;27 - Bourgogne-Franche-Comté;F;10 à 14 ans;2019;16895
25;25 - Doubs;27;27 - Bourgogne-Franche-Comté;F;20 à 24 ans;2019;16442
25;25 - Doubs;27;27 - Bourgogne-Franche-Comté;F;30 à 34 ans;2019;16944
25;25 - Doubs;27;27 - Bourgogne-Franche-Comté;F;35 à 39 ans;2019;17585
25;25 - Doubs;27;27 - Bourgogne-Franche-Comté;F;65 à 69 ans;2019;16005
25;25 - Doubs;27;27 - Bourgogne-Franche-Comté;F;75 à 79 ans;2019;9581
26;26 - Drôme;84;84 - Auvergne-Rhône-Alpes;H;0 à 4 ans;2019;14310
26;26 - Drôme;84;84 - Auvergne-Rhône-Alpes;H;5 à 9 ans;2019;16717
26;26 - Drôme;84;84 - Auvergne-Rhône-Alpes;H;20 à 24 ans;2019;12345
26;26 - Drôme;84;84 - Auvergne-Rhône-Alpes;H;30 à 34 ans;2019;14513
26;26 - Drôme;84;84 - Auvergne-Rhône-Alpes;H;35 à 39 ans;2019;15405
26;26 - Drôme;84;84 - Auvergne-Rhône-Alpes;H;40 à 44 ans;2019;14754
26;26 - Drôme;84;84 - Auvergne-Rhône-Alpes;H;45 à 49 ans;2019;17160
26;26 - Drôme;84;84 - Auvergne-Rhône-Alpes;H;50 à 54 ans;2019;17430
26;26 - Drôme;84;84 - Auvergne-Rhône-Alpes;F;20 à 24 ans;2019;10986
26;26 - Drôme;84;84 - Auvergne-Rhône-Alpes;F;25 à 29 ans;2019;12620
26;26 - Drôme;84;84 - Auvergne-Rhône-Alpes;F;30 à 34 ans;2019;15276
26;26 - Drôme;84;84 - Auvergne-Rhône-Alpes;F;35 à 39 ans;2019;16234
26;26 - Drôme;84;84 - Auvergne-Rhône-Alpes;F;40 à 44 ans;2019;15482
26;26 - Drôme;84;84 - Auvergne-Rhône-Alpes;F;45 à 49 ans;2019;17944
26;26 - Drôme;84;84 - Auvergne-Rhône-Alpes;F;55 à 59 ans;2019;17412
26;26 - Drôme;84;84 - Auvergne-Rhône-Alpes;F;65 à 69 ans;2019;16969
26;26 - Drôme;84;84 - Auvergne-Rhône-Alpes;F;70 à 74 ans;2019;15108
26;26 - Drôme;84;84 - Auvergne-Rhône-Alpes;F;80 ans et plus;2019;21240
27;27 - Eure;28;28 - Normandie;H;20 à 24 ans;2019;14279
27;27 - Eure;28;28 - Normandie;H;45 à 49 ans;2019;21331
27;27 - Eure;28;28 - Normandie;H;60 à 64 ans;2019;18330
27;27 - Eure;28;28 - Normandie;H;70 à 74 ans;2019;13883
27;27 - Eure;28;28 - Normandie;F;5 à 9 ans;2019;20101
27;27 - Eure;28;28 - Normandie;F;10 à 14 ans;2019;20023
27;27 - Eure;28;28 - Normandie;F;15 à 19 ans;2019;18331
27;27 - Eure;28;28 - Normandie;F;30 à 34 ans;2019;18053
27;27 - Eure;28;28 - Normandie;F;40 à 44 ans;2019;19038
27;27 - Eure;28;28 - Normandie;F;50 à 54 ans;2019;20511
27;27 - Eure;28;28 - Normandie;F;60 à 64 ans;2019;19973
27;27 - Eure;28;28 - Normandie;F;65 à 69 ans;2019;19227
27;27 - Eure;28;28 - Normandie;F;70 à 74 ans;2019;15354
28;28 - Eure-et-Loir;24;24 - Centre-Val de Loire;H;20 à 24 ans;2019;9905
28;28 - Eure-et-Loir;24;24 - Centre-Val de Loire;H;45 à 49 ans;2019;15047
28;28 - Eure-et-Loir;24;24 - Centre-Val de Loire;H;55 à 59 ans;2019;14072
28;28 - Eure-et-Loir;24;24 - Centre-Val de Loire;H;60 à 64 ans;2019;13083
28;28 - Eure-et-Loir;24;24 - Centre-Val de Loire;H;75 à 79 ans;2019;6081
28;28 - Eure-et-Loir;24;24 - Centre-Val de Loire;H;80 ans et plus;2019;9992
28;28 - Eure-et-Loir;24;24 - Centre-Val de Loire;F;10 à 14 ans;2019;14375
28;28 - Eure-et-Loir;24;24 - Centre-Val de Loire;F;20 à 24 ans;2019;9055
28;28 - Eure-et-Loir;24;24 - Centre-Val de Loire;F;45 à 49 ans;2019;15119
28;28 - Eure-et-Loir;24;24 - Centre-Val de Loire;F;65 à 69 ans;2019;13785
28;28 - Eure-et-Loir;24;24 - Centre-Val de Loire;F;70 à 74 ans;2019;11077
29;29 - Finistère;53;53 - Bretagne;H;10 à 14 ans;2019;28214
29;29 - Finistère;53;53 - Bretagne;H;15 à 19 ans;2019;28899
29;29 - Finistère;53;53 - Bretagne;H;20 à 24 ans;2019;25596
29;29 - Finistère;53;53 - Bretagne;H;40 à 44 ans;2019;26932
29;29 - Finistère;53;53 - Bretagne;F;5 à 9 ans;2019;24757
29;29 - Finistère;53;53 - Bretagne;F;25 à 29 ans;2019;20990
29;29 - Finistère;53;53 - Bretagne;F;50 à 54 ans;2019;30786
30;30 - Gard;76;76 - Occitanie;H;5 à 9 ans;2019;22201
30;30 - Gard;76;76 - Occitanie;H;10 à 14 ans;2019;23215
30;30 - Gard;76;76 - Occitanie;H;20 à 24 ans;2019;18618
30;30 - Gard;76;76 - Occitanie;H;45 à 49 ans;2019;24632
30;30 - Gard;76;76 - Occitanie;H;70 à 74 ans;2019;19928
30;30 - Gard;76;76 - Occitanie;H;75 à 79 ans;2019;13277
30;30 - Gard;76;76 - Occitanie;F;0 à 4 ans;2019;18444
30;30 - Gard;76;76 - Occitanie;F;20 à 24 ans;2019;17462
30;30 - Gard;76;76 - Occitanie;F;25 à 29 ans;2019;17620
30;30 - Gard;76;76 - Occitanie;F;35 à 39 ans;2019;22804
30;30 - Gard;76;76 - Occitanie;F;45 à 49 ans;2019;26091
30;30 - Gard;76;76 - Occitanie;F;50 à 54 ans;2019;26766
30;30 - Gard;76;76 - Occitanie;F;55 à 59 ans;2019;26823
31;31 - Haute-Garonne;76;76 - Occitanie;H;5 à 9 ans;2019;42731
31;31 - Haute-Garonne;76;76 - Occitanie;H;25 à 29 ans;2019;50033
31;31 - Haute-Garonne;76;76 - Occitanie;H;30 à 34 ans;2019;48061
31;31 - Haute-Garonne;76;76 - Occitanie;H;40 à 44 ans;2019;45071
31;31 - Haute-Garonne;76;76 - Occitanie;H;45 à 49 ans;2019;47196
31;31 - Haute-Garonne;76;76 - Occitanie;H;50 à 54 ans;2019;44854
31;31 - Haute-Garonne;76;76 - Occitanie;H;55 à 59 ans;2019;41610
31;31 - Haute-Garonne;76;76 - Occitanie;H;65 à 69 ans;2019;30790
31;31 - Haute-Garonne;76;76 - Occitanie;F;0 à 4 ans;2019;39351
31;31 - Haute-Garonne;76;76 - Occitanie;F;5 à 9 ans;2019;41356
31;31 - Haute-Garonne;76;76 - Occitanie;F;15 à 19 ans;2019;42817
31;31 - Haute-Garonne;76;76 - Occitanie;F;30 à 34 ans;2019;49177
31;31 - Haute-Garonne;76;76 - Occitanie;F;35 à 39 ans;2019;48924
31;31 - Haute-Garonne;76;76 - Occitanie;F;45 à 49 ans;2019;47560
31;31 - Haute-Garonne;76;76 - Occitanie;F;60 à 64 ans;2019;38304
31;31 - Haute-Garonne;76;76 - Occitanie;F;65 à 69 ans;2019;35801
31;31 - Haute-Garonne;76;76 - Occitanie;F;75 à 79 ans;2019;21395
31;31 - Haute-Garonne;76;76 - Occitanie;F;80 ans et plus;2019;45113
32;32 - Gers;76;76 - Occitanie;H;5 à 9 ans;2019;5135
32;32 - Gers;76;76 - Occitanie;H;15 à 19 ans;2019;5457
32;32 - Gers;76;76 - Occitanie;H;30 à 34 ans;2019;4188
32;32 - Gers;76;76 - Occitanie;H;60 à 64 ans;2019;7022
32;32 - Gers;76;76 - Occitanie;H;65 à 69 ans;2019;7082
32;32 - Gers;76;76 - Occitanie;H;70 à 74 ans;2019;5970
32;32 - Gers;76;76 - Occitanie;H;80 ans et plus;2019;6893
32;32 - Gers;76;76 - Occitanie;F;5 à 9 ans;2019;4710
32;32 - Gers;76;76 - Occitanie;F;20 à 24 ans;2019;3221
32;32 - Gers;76;76 - Occitanie;F;25 à 29 ans;2019;3674
32;32 - Gers;76;76 - Occitanie;F;40 à 44 ans;2019;5426
32;32 - Gers;76;76 - Occitanie;F;60 à 64 ans;2019;7356
32;32 - Gers;76;76 - Occitanie;F;65 à 69 ans;2019;7385
32;32 - Gers;76;76 - Occitanie;F;70 à 74 ans;2019;6357
32;32 - Gers;76;76 - Occitanie;F;75 à 79 ans;2019;4638
32;32 - Gers;76;76 - Occitanie;F;80 ans et plus;2019;10748
33;33 - Gironde;75;75 - Nouvelle-Aquitaine;H;25 à 29 ans;2019;48160
33;33 - Gironde;75;75 - Nouvelle-Aquitaine;H;35 à 39 ans;2019;52769
33;33 - Gironde;75;75 - Nouvelle-Aquitaine;H;40 à 44 ans;2019;51965
33;33 - Gironde;75;75 - Nouvelle-Aquitaine;H;45 à 49 ans;2019;56727
33;33 - Gironde;75;75 - Nouvelle-Aquitaine;H;60 à 64 ans;2019;43979
33;33 - Gironde;75;75 - Nouvelle-Aquitaine;F;0 à 4 ans;2019;41956
33;33 - Gironde;75;75 - Nouvelle-Aquitaine;F;5 à 9 ans;2019;46448
33;33 - Gironde;75;75 - Nouvelle-Aquitaine;F;25 à 29 ans;2019;49562
33;33 - Gironde;75;75 - Nouvelle-Aquitaine;F;80 ans et plus;2019;60678
34;34 - Hérault;76;76 - Occitanie;H;30 à 34 ans;2019;33701
34;34 - Hérault;76;76 - Occitanie;H;45 à 49 ans;2019;37800
34;34 - Hérault;76;76 - Occitanie;H;55 à 59 ans;2019;33810
34;34 - Hérault;76;76 - Occitanie;H;60 à 64 ans;2019;31913
34;34 - Hérault;76;76 - Occitanie;H;65 à 69 ans;2019;33334
34;34 - Hérault;76;76 - Occitanie;F;5 à 9 ans;2019;33238
34;34 - Hérault;76;76 - Occitanie;F;40 à 44 ans;2019;35709
34;34 - Hérault;76;76 - Occitanie;F;45 à 49 ans;2019;39754
34;34 - Hérault;76;76 - Occitanie;F;50 à 54 ans;2019;39092
34;34 - Hérault;76;76 - Occitanie;F;55 à 59 ans;2019;37733
34;34 - Hérault;76;76 - Occitanie;F;70 à 74 ans;2019;35332
35;35 - Ille-et-Vilaine;53;53 - Bretagne;H;15 à 19 ans;2019;36702
35;35 - Ille-et-Vilaine;53;53 - Bretagne;H;25 à 29 ans;2019;32466
35;35 - Ille-et-Vilaine;53;53 - Bretagne;H;35 à 39 ans;2019;35250
35;35 - Ille-et-Vilaine;53;53 - Bretagne;H;40 à 44 ans;2019;34375
35;35 - Ille-et-Vilaine;53;53 - Bretagne;H;50 à 54 ans;2019;34968
35;35 - Ille-et-Vilaine;53;53 - Bretagne;H;65 à 69 ans;2019;26201
35;35 - Ille-et-Vilaine;53;53 - Bretagne;H;80 ans et plus;2019;21942
35;35 - Ille-et-Vilaine;53;53 - Bretagne;F;10 à 14 ans;2019;34948
35;35 - Ille-et-Vilaine;53;53 - Bretagne;F;15 à 19 ans;2019;35909
35;35 - Ille-et-Vilaine;53;53 - Bretagne;F;40 à 44 ans;2019;34433
35;35 - Ille-et-Vilaine;53;53 - Bretagne;F;55 à 59 ans;2019;33042
35;35 - Ille-et-Vilaine;53;53 - Bretagne;F;65 à 69 ans;2019;29962
35;35 - Ille-et-Vilaine;53;53 - Bretagne;F;75 à 79 ans;2019;17116
35;35 - Ille-et-Vilaine;53;53 - Bretagne;F;80 ans et plus;2019;39593
36;36 - Indre;24;24 - Centre-Val de Loire;H;0 à 4 ans;2019;4680
36;36 - Indre;24;24 - Centre-Val de Loire;H;30 à 34 ans;2019;4979
36;36 - Indre;24;24 - Centre-Val de Loire;H;40 à 44 ans;2019;5902
36;36 - Indre;24;24 - Centre-Val de Loire;H;50 à 54 ans;2019;7641
36;36 - Indre;24;24 - Centre-Val de Loire;H;75 à 79 ans;2019;4517
36;36 - Indre;24;24 - Centre-Val de Loire;H;80 ans et plus;2019;7415
36;36 - Indre;24;24 - Centre-Val de Loire;F;15 à 19 ans;2019;5920
36;36 - Indre;24;24 - Centre-Val de Loire;F;30 à 34 ans;2019;5094
36;36 - Indre;24;24 - Centre-Val de Loire;F;40 à 44 ans;2019;5949
36;36 - Indre;24;24 - Centre-Val de Loire;F;55 à 59 ans;2019;7943
36;36 - Indre;24;24 - Centre-Val de Loire;F;65 à 69 ans;2019;8628
36;36 - Indre;24;24 - Centre-Val de Loire;F;80 ans et plus;2019;13025
37;37 - Indre-et-Loire;24;24 - Centre-Val de Loire;H;5 à 9 ans;2019;18207
37;37 - Indre-et-Loire;24;24 - Centre-Val de Loire;H;10 à 14 ans;2019;18908
37;37 - Indre-et-Loire;24;24 - Centre-Val de Loire;H;75 à 79 ans;2019;9283
37;37 - Indre-et-Loire;24;24 - Centre-Val de Loire;F;15 à 19 ans;2019;19524
37;37 - Indre-et-Loire;24;24 - Centre-Val de Loire;F;20 à 24 ans;2019;18969
37;37 - Indre-et-Loire;24;24 - Centre-Val de Loire;F;35 à 39 ans;2019;18364
38;38 - Isère;84;84 - Auvergne-Rhône-Alpes;H;10 à 14 ans;2019;43279
38;38 - Isère;84;84 - Auvergne-Rhône-Alpes;H;20 à 24 ans;2019;39693
38;38 - Isère;84;84 - Auvergne-Rhône-Alpes;H;30 à 34 ans;2019;37124
38;38 - Isère;84;84 - Auvergne-Rhône-Alpes;H;35 à 39 ans;2019;40187
38;38 - Isère;84;84 - Auvergne-Rhône-Alpes;H;50 à 54 ans;2019;42941
38;38 - Isère;84;84 - Auvergne-Rhône-Alpes;H;55 à 59 ans;2019;39101
38;38 - Isère;84;84 - Auvergne-Rhône-Alpes;H;75 à 79 ans;2019;18093
38;38 - Isère;84;84 - Auvergne-Rhône-Alpes;H;80 ans et plus;2019;25483
38;38 - Isère;84;84 - Auvergne-Rhône-Alpes;F;0 à 4 ans;2019;35843
38;38 - Isère;84;84 - Auvergne-Rhône-Alpes;F;30 à 34 ans;2019;38707
38;38 - Isère;84;84 - Auvergne-Rhône-Alpes;F;40 à 44 ans;2019;40227
38;38 - Isère;84;84 - Auvergne-Rhône-Alpes;F;60 à 64 ans;2019;37908
39;39 - Jura;27;27 - Bourgogne-Franche-Comté;H;50 à 54 ans;2019;9178
39;39 - Jura;27;27 - Bourgogne-Franche-Comté;H;60 à 64 ans;2019;8640
39;39 - Jura;27;27 - Bourgogne-Franche-Comté;H;70 à 74 ans;2019;7058
39;39 - Jura;27;27 - Bourgogne-Franche-Comté;F;0 à 4 ans;2019;6199
39;39 - Jura;27;27 - Bourgogne-Franche-Comté;F;5 à 9 ans;2019;7277
39;39 - Jura;27;27 - Bourgogne-Franche-Comté;F;15 à 19 ans;2019;7712
39;39 - Jura;27;27 - Bourgogne-Franche-Comté;F;20 à 24 ans;2019;5172
39;39 - Jura;27;27 - Bourgogne-Franche-Comté;F;40 à 44 ans;2019;7693
39;39 - Jura;27;27 - Bourgogne-Franche-Comté;F;50 à 54 ans;2019;9301
39;39 - Jura;27;27 - Bourgogne-Franche-Comté;F;55 à 59 ans;2019;9041
39;39 - Jura;27;27 - Bourgogne-Franche-Comté;F;60 à 64 ans;2019;8803
39;39 - Jura;27;27 - Bourgogne-Franche-Comté;F;75 à 79 ans;2019;5492
39;39 - Jura;27;27 - Bourgogne-Franche-Comté;F;80 ans et plus;2019;12220
40;40 - Landes;75;75 - Nouvelle-Aquitaine;H;5 à 9 ans;2019;11612
40;40 - Landes;75;75 - Nouvelle-Aquitaine;H;20 à 24 ans;2019;8302
40;40 - Landes;75;75 - Nouvelle-Aquitaine;H;50 à 54 ans;2019;14480
40;40 - Landes;75;75 - Nouvelle-Aquitaine;H;70 à 74 ans;2019;12186
40;40 - Landes;75;75 - Nouvelle-Aquitaine;H;75 à 79 ans;2019;7604
40;40 - Landes;75;75 - Nouvelle-Aquitaine;F;15 à 19 ans;2019;11006
40;40 - Landes;75;75 - Nouvelle-Aquitaine;F;35 à 39 ans;2019;12622
40;40 - Landes;75;75 - Nouvelle-Aquitaine;F;45 à 49 ans;2019;14999
40;40 - Landes;75;75 - Nouvelle-Aquitaine;F;50 à 54 ans;2019;14895
40;40 - Landes;75;75 - Nouvelle-Aquitaine;F;75 à 79 ans;2019;9096
41;41 - Loir-et-Cher;24;24 - Centre-Val de Loire;H;0 à 4 ans;2019;8060
41;41 - Loir-et-Cher;24;24 - Centre-Val de Loire;H;20 à 24 ans;2019;7238
41;41 - Loir-et-Cher;24;24 - Centre-Val de Loire;H;25 à 29 ans;2019;7374
41;41 - Loir-et-Cher;24;24 - Centre-Val de Loire;H;35 à 39 ans;2019;8899
41;41 - Loir-et-Cher;24;24 - Centre-Val de Loire;H;40 à 44 ans;2019;9395
41;41 - Loir-et-Cher;24;24 - Centre-Val de Loire;H;45 à 49 ans;2019;11200
41;41 - Loir-et-Cher;24;24 - Centre-Val de Loire;H;65 à 69 ans;2019;11025
41;41 - Loir-et-Cher;24;24 - Centre-Val de Loire;H;70 à 74 ans;2019;9144
41;41 - Loir-et-Cher;24;24 - Centre-Val de Loire;H;80 ans et plus;2019;10128
41;41 - Loir-et-Cher;24;24 - Centre-Val de Loire;F;0 à 4 ans;2019;7758
41;41 - Loir-et-Cher;24;24 - Centre-Val de Loire;F;5 à 9 ans;2019;9475
41;41 - Loir-et-Cher;24;24 - Centre-Val de Loire;F;10 à 14 ans;2019;9872
41;41 - Loir-et-Cher;24;24 - Centre-Val de Loire;F;20 à 24 ans;2019;6315
41;41 - Loir-et-Cher;24;24 - Centre-Val de Loire;F;35 à 39 ans;2019;9314
41;41 - Loir-et-Cher;24;24 - Centre-Val de Loire;F;40 à 44 ans;2019;9428
41;41 - Loir-et-Cher;24;24 - Centre-Val de Loire;F;55 à 59 ans;2019;11488
42;42 - Loire;84;84 - Auvergne-Rhône-Alpes;H;15 à 19 ans;2019;24559
42;42 - Loire;84;84 - Auvergne-Rhône-Alpes;H;25 à 29 ans;2019;19463
42;42 - Loire;84;84 - Auvergne-Rhône-Alpes;H;50 à 54 ans;2019;24277
42;42 - Loire;84;84 - Auvergne-Rhône-Alpes;H;65 à 69 ans;2019;22050
42;42 - Loire;84;84 - Auvergne-Rhône-Alpes;H;70 à 74 ans;2019;19320
42;42 - Loire;84;84 - Auvergne-Rhône-Alpes;H;75 à 79 ans;2019;12359
42;42 - Loire;84;84 - Auvergne-Rhône-Alpes;F;0 à 4 ans;2019;20771
42;42 - Loire;84;84 - Auvergne-Rhône-Alpes;F;15 à 19 ans;2019;23190
42;42 - Loire;84;84 - Auvergne-Rhône-Alpes;F;25 à 29 ans;2019;19735
42;42 - Loire;84;84 - Auvergne-Rhône-Alpes;F;35 à 39 ans;2019;22938
42;42 - Loire;84;84 - Auvergne-Rhône-Alpes;F;70 à 74 ans;2019;22169
42;42 - Loire;84;84 - Auvergne-Rhône-Alpes;F;75 à 79 ans;2019;15296
43;43 - Haute-Loire;84;84 - Auvergne-Rhône-Alpes;H;5 à 9 ans;2019;6609
43;43 - Haute-Loire;84;84 - Auvergne-Rhône-Alpes;H;10 à 14 ans;2019;7161
43;43 - Haute-Loire;84;84 - Auvergne-Rhône-Alpes;H;15 à 19 ans;2019;7325
43;43 - Haute-Loire;84;84 - Auvergne-Rhône-Alpes;H;20 à 24 ans;2019;5073
43;43 - Haute-Loire;84;84 - Auvergne-Rhône-Alpes;H;30 à 34 ans;2019;5693
43;43 - Haute-Loire;84;84 - Auvergne-Rhône-Alpes;H;35 à 39 ans;2019;6392
43;43 - Haute-Loire;84;84 - Auvergne-Rhône-Alpes;H;50 à 54 ans;2019;8244
43;43 - Haute-Loire;84;84 - Auvergne-Rhône-Alpes;H;80 ans et plus;2019;5951
43;43 - Haute-Loire;84;84 - Auvergne-Rhône-Alpes;F;5 à 9 ans;2019;6301
43;43 - Haute-Loire;84;84 - Auvergne-Rhône-Alpes;F;10 à 14 ans;2019;6918
43;43 - Haute-Loire;84;84 - Auvergne-Rhône-Alpes;F;20 à 24 ans;2019;4375
43;43 - Haute-Loire;84;84 - Auvergne-Rhône-Alpes;F;25 à 29 ans;2019;4827
43;43 - Haute-Loire;84;84 - Auvergne-Rhône-Alpes;F;30 à 34 ans;2019;5520
43;43 - Haute-Loire;84;84 - Auvergne-Rhône-Alpes;F;40 à 44 ans;2019;6765
43;43 - Haute-Loire;84;84 - Auvergne-Rhône-Alpes;F;55 à 59 ans;2019;7939
43;43 - Haute-Loire;84;84 - Auvergne-Rhône-Alpes;F;60 à 64 ans;2019;8024
44;44 - Loire-Atlantique;52;52 - Pays de la Loire;H;0 à 4 ans;2019;41738
44;44 - Loire-Atlantique;52;52 - Pays de la Loire;H;15 à 19 ans;2019;47991
44;44 - Loire-Atlantique;52;52 - Pays de la Loire;H;25 à 29 ans;2019;42270
44;44 - Loire-Atlantique;52;52 - Pays de la Loire;H;30 à 34 ans;2019;44726
44;44 - Loire-Atlantique;52;52 - Pays de la Loire;H;40 à 44 ans;2019;45661
44;44 - Loire-Atlantique;52;52 - Pays de la Loire;H;50 à 54 ans;2019;45115
44;44 - Loire-Atlantique;52;52 - Pays de la Loire;H;70 à 74 ans;2019;29415
44;44 - Loire-Atlantique;52;52 - Pays de la Loire;F;0 à 4 ans;2019;40278
44;44 - Loire-Atlantique;52;52 - Pays de la Loire;F;5 à 9 ans;2019;45380
44;44 - Loire-Atlantique;52;52 - Pays de la Loire;F;15 à 19 ans;2019;45491
44;44 - Loire-Atlantique;52;52 - Pays de la Loire;F;25 à 29 ans;2019;41269
44;44 - Loire-Atlantique;52;52 - Pays de la Loire;F;55 à 59 ans;2019;44392
44;44 - Loire-Atlantique;52;52 - Pays de la Loire;F;80 ans et plus;2019;51433
45;45 - Loiret;24;24 - Centre-Val de Loire;H;0 à 4 ans;2019;20159
45;45 - Loiret;24;24 - Centre-Val de Loire;H;10 à 14 ans;2019;23382
45;45 - Loiret;24;24 - Centre-Val de Loire;H;20 à 24 ans;2019;19015
45;45 - Loiret;24;24 - Centre-Val de Loire;H;60 à 64 ans;2019;19679
45;45 - Loiret;24;24 - Centre-Val de Loire;H;70 à 74 ans;2019;15619
45;45 - Loiret;24;24 - Centre-Val de Loire;F;20 à 24 ans;2019;17320
45;45 - Loiret;24;24 - Centre-Val de Loire;F;30 à 34 ans;2019;20940
45;45 - Loiret;24;24 - Centre-Val de Loire;F;35 à 39 ans;2019;21817
45;45 - Loiret;24;24 - Centre-Val de Loire;F;40 à 44 ans;2019;20566
45;45 - Loiret;24;24 - Centre-Val de Loire;F;70 à 74 ans;2019;17788
45;45 - Loiret;24;24 - Centre-Val de Loire;F;80 ans et plus;2019;26356
46;46 - Lot;76;76 - Occitanie;H;15 à 19 ans;2019;4528
46;46 - Lot;76;76 - Occitanie;H;20 à 24 ans;2019;3361
46;46 - Lot;76;76 - Occitanie;H;35 à 39 ans;2019;4384
46;46 - Lot;76;76 - Occitanie;H;60 à 64 ans;2019;6773
46;46 - Lot;76;76 - Occitanie;H;80 ans et plus;2019;6373
46;46 - Lot;76;76 - Occitanie;F;0 à 4 ans;2019;3263
46;46 - Lot;76;76 - Occitanie;F;10 à 14 ans;2019;4457
47;47 - Lot-et-Garonne;75;75 - Nouvelle-Aquitaine;H;10 à 14 ans;2019;9913
47;47 - Lot-et-Garonne;75;75 - Nouvelle-Aquitaine;H;15 à 19 ans;2019;9670
47;47 - Lot-et-Garonne;75;75 - Nouvelle-Aquitaine;H;30 à 34 ans;2019;8118
47;47 - Lot-et-Garonne;75;75 - Nouvelle-Aquitaine;H;45 à 49 ans;2019;10536
47;47 - Lot-et-Garonne;75;75 - Nouvelle-Aquitaine;H;55 à 59 ans;2019;11068
47;47 - Lot-et-Garonne;75;75 - Nouvelle-Aquitaine;H;75 à 79 ans;2019;6808
47;47 - Lot-et-Garonne;75;75 - Nouvelle-Aquitaine;F;5 à 9 ans;2019;8928
47;47 - Lot-et-Garonne;75;75 - Nouvelle-Aquitaine;F;15 à 19 ans;2019;9023
47;47 - Lot-et-Garonne;75;75 - Nouvelle-Aquitaine;F;25 à 29 ans;2019;7397
47;47 - Lot-et-Garonne;75;75 - Nouvelle-Aquitaine;F;35 à 39 ans;2019;9495
47;47 - Lot-et-Garonne;75;75 - Nouvelle-Aquitaine;F;40 à 44 ans;2019;9236
47;47 - Lot-et-Garonne;75;75 - Nouvelle-Aquitaine;F;70 à 74 ans;2019;11107
48;48 - Lozère;76;76 - Occitanie;H;0 à 4 ans;2019;1686
48;48 - Lozère;76;76 - Occitanie;H;15 à 19 ans;2019;2271
48;48 - Lozère;76;76 - Occitanie;H;25 à 29 ans;2019;1710
48;48 - Lozère;76;76 - Occitanie;F;5 à 9 ans;2019;1965
48;48 - Lozère;76;76 - Occitanie;F;20 à 24 ans;2019;1691
48;48 - Lozère;76;76 - Occitanie;F;50 à 54 ans;2019;2610
48;48 - Lozère;76;76 - Occitanie;F;60 à 64 ans;2019;2680
49;49 - Maine-et-Loire;52;52 - Pays de la Loire;H;5 à 9 ans;2019;27151
49;49 - Maine-et-Loire;52;52 - Pays de la Loire;H;10 à 14 ans;2019;28170
49;49 - Maine-et-Loire;52;52 - Pays de la Loire;H;20 à 24 ans;2019;25475
49;49 - Maine-et-Loire;52;52 - Pays de la Loire;H;25 à 29 ans;2019;21206
49;49 - Maine-et-Loire;52;52 - Pays de la Loire;H;40 à 44 ans;2019;24378
49;49 - Maine-et-Loire;52;52 - Pays de la Loire;H;45 à 49 ans;2019;27211
49;49 - Maine-et-Loire;52;52 - Pays de la Loire;H;55 à 59 ans;2019;24937
49;49 - Maine-et-Loire;52;52 - Pays de la Loire;H;65 à 69 ans;2019;22446
49;49 - Maine-et-Loire;52;52 - Pays de la Loire;H;80 ans et plus;2019;20000
49;49 - Maine-et-Loire;52;52 - Pays de la Loire;F;0 à 4 ans;2019;20814
49;49 - Maine-et-Loire;52;52 - Pays de la Loire;F;35 à 39 ans;2019;25289
49;49 - Maine-et-Loire;52;52 - Pays de la Loire;F;40 à 44 ans;2019;24326
49;49 - Maine-et-Loire;52;52 - Pays de la Loire;F;50 à 54 ans;2019;25856
49;49 - Maine-et-Loire;52;52 - Pays de la Loire;F;60 à 64 ans;2019;25271
50;50 - Manche;28;28 - Normandie;H;45 à 49 ans;2019;16271
50;50 - Manche;28;28 - Normandie;H;70 à 74 ans;2019;13525
50;50 - Manche;28;28 - Normandie;H;75 à 79 ans;2019;8432
50;50 - Manche;28;28 - Normandie;H;80 ans et plus;2019;14600
50;50 - Manche;28;28 - Normandie;F;5 à 9 ans;2019;13494
50;50 - Manche;28;28 - Normandie;F;15 à 19 ans;2019;13693
50;50 - Manche;28;28 - Normandie;F;20 à 24 ans;2019;10143
50;50 - Manche;28;28 - Normandie;F;55 à 59 ans;2019;17768
50;50 - Manche;28;28 - Normandie;F;60 à 64 ans;2019;17715
50;50 - Manche;28;28 - Normandie;F;70 à 74 ans;2019;15549
51;51 - Marne;44;44 - Grand Est;H;10 à 14 ans;2019;17792
51;51 - Marne;44;44 - Grand Est;H;30 à 34 ans;2019;17333
51;51 - Marne;44;44 - Grand Est;H;40 à 44 ans;2019;16770
51;51 - Marne;44;44 - Grand Est;H;50 à 54 ans;2019;18218
51;51 - Marne;44;44 - Grand Est;H;65 à 69 ans;2019;15501
51;51 - Marne;44;44 - Grand Est;F;0 à 4 ans;2019;15273
51;51 - Marne;44;44 - Grand Est;F;15 à 19 ans;2019;17571
51;51 - Marne;44;44 - Grand Est;F;20 à 24 ans;2019;18055
51;51 - Marne;44;44 - Grand Est;F;35 à 39 ans;2019;17433
51;51 - Marne;44;44 - Grand Est;F;45 à 49 ans;2019;19270
51;51 - Marne;44;44 - Grand Est;F;60 à 64 ans;2019;18308
51;51 - Marne;44;44 - Grand Est;F;65 à 69 ans;2019;18390
52;52 - Haute-Marne;44;44 - Grand Est;H;0 à 4 ans;2019;4200
52;52 - Haute-Marne;44;44 - Grand Est;H;5 à 9 ans;2019;4724
52;52 - Haute-Marne;44;44 - Grand Est;H;35 à 39 ans;2019;4844
52;52 - Haute-Marne;44;44 - Grand Est;H;40 à 44 ans;2019;4641
52;52 - Haute-Marne;44;44 - Grand Est;H;45 à 49 ans;2019;5641
52;52 - Haute-Marne;44;44 - Grand Est;H;50 à 54 ans;2019;5948
52;52 - Haute-Marne;44;44 - Grand Est;F;5 à 9 ans;2019;4465
52;52 - Haute-Marne;44;44 - Grand Est;F;10 à 14 ans;2019;4857
52;52 - Haute-Marne;44;44 - Grand Est;F;40 à 44 ans;2019;4738
52;52 - Haute-Marne;44;44 - Grand Est;F;50 à 54 ans;2019;5950
52;52 - Haute-Marne;44;44 - Grand Est;F;60 à 64 ans;2019;6506
52;52 - Haute-Marne;44;44 - Grand Est;F;70 à 74 ans;2019;5353
52;52 - Haute-Marne;44;44 - Grand Est;F;75 à 79 ans;2019;3711
53;53 - Mayenne;52;52 - Pays de la Loire;H;5 à 9 ans;2019;10153
53;53 - Mayenne;52;52 - Pays de la Loire;H;15 à 19 ans;2019;10478
53;53 - Mayenne;52;52 - Pays de la Loire;H;30 à 34 ans;2019;8003
53;53 - Mayenne;52;52 - Pays de la Loire;H;35 à 39 ans;2019;9139
53;53 - Mayenne;52;52 - Pays de la Loire;H;60 à 64 ans;2019;9686
53;53 - Mayenne;52;52 - Pays de la Loire;F;10 à 14 ans;2019;10316
53;53 - Mayenne;52;52 - Pays de la Loire;F;15 à 19 ans;2019;9546
53;53 - Mayenne;52;52 - Pays de la Loire;F;30 à 34 ans;2019;8208
53;53 - Mayenne;52;52 - Pays de la Loire;F;50 à 54 ans;2019;10090
53;53 - Mayenne;52;52 - Pays de la Loire;F;55 à 59 ans;2019;10108
53;53 - Mayenne;52;52 - Pays de la Loire;F;80 ans et plus;2019;14573
54;54 - Meurthe-et-Moselle;44;44 - Grand Est;H;15 à 19 ans;2019;23833
54;54 - Meurthe-et-Moselle;44;44 - Grand Est;H;25 à 29 ans;2019;22819
54;54 - Meurthe-et-Moselle;44;44 - Grand Est;H;40 à 44 ans;2019;21558
54;54 - Meurthe-et-Moselle;44;44 - Grand Est;H;45 à 49 ans;2019;24153
54;54 - Meurthe-et-Moselle;44;44 - Grand Est;H;55 à 59 ans;2019;22940
54;54 - Meurthe-et-Moselle;44;44 - Grand Est;F;15 à 19 ans;2019;23006
54;54 - Meurthe-et-Moselle;44;44 - Grand Est;F;35 à 39 ans;2019;23328
54;54 - Meurthe-et-Moselle;44;44 - Grand Est;F;75 à 79 ans;2019;12370
55;55 - Meuse;44;44 - Grand Est;H;10 à 14 ans;2019;5719
55;55 - Meuse;44;44 - Grand Est;H;20 à 24 ans;2019;4528
55;55 - Meuse;44;44 - Grand Est;H;25 à 29 ans;2019;4827
55;55 - Meuse;44;44 - Grand Est;H;50 à 54 ans;2019;6316
55;55 - Meuse;44;44 - Grand Est;H;70 à 74 ans;2019;4903
55;55 - Meuse;44;44 - Grand Est;H;80 ans et plus;2019;4570
55;55 - Meuse;44;44 - Grand Est;F;15 à 19 ans;2019;5205
55;55 - Meuse;44;44 - Grand Est;F;20 à 24 ans;2019;3651
55;55 - Meuse;44;44 - Grand Est;F;35 à 39 ans;2019;5232
55;55 - Meuse;44;44 - Grand Est;F;40 à 44 ans;2019;5212
55;55 - Meuse;44;44 - Grand Est;F;55 à 59 ans;2019;6416
55;55 - Meuse;44;44 - Grand Est;F;75 à 79 ans;2019;3368
55;55 - Meuse;44;44 - Grand Est;F;80 ans et plus;2019;8575
56;56 - Morbihan;53;53 - Bretagne;H;0 à 4 ans;2019;18364
56;56 - Morbihan;53;53 - Bretagne;H;10 à 14 ans;2019;23841
56;56 - Morbihan;53;53 - Bretagne;H;15 à 19 ans;2019;23839
56;56 - Morbihan;53;53 - Bretagne;H;40 à 44 ans;2019;21834
56;56 - Morbihan;53;53 - Bretagne;H;60 à 64 ans;2019;25790
56;56 - Morbihan;53;53 - Bretagne;F;0 à 4 ans;2019;17181
56;56 - Morbihan;53;53 - Bretagne;F;15 à 19 ans;2019;21565
56;56 - Morbihan;53;53 - Bretagne;F;30 à 34 ans;2019;19394
56;56 - Morbihan;53;53 - Bretagne;F;50 à 54 ans;2019;25787
56;56 - Morbihan;53;53 - Bretagne;F;65 à 69 ans;2019;28863
56;56 - Morbihan;53;53 - Bretagne;F;70 à 74 ans;2019;24807
56;56 - Morbihan;53;53 - Bretagne;F;80 ans et plus;2019;36807
57;57 - Moselle;44;44 - Grand Est;H;0 à 4 ans;2019;27622
57;57 - Moselle;44;44 - Grand Est;H;20 à 24 ans;2019;28369
57;57 - Moselle;44;44 - Grand Est;H;30 à 34 ans;2019;33076
57;57 - Moselle;44;44 - Grand Est;H;35 à 39 ans;2019;33953
57;57 - Moselle;44;44 - Grand Est;H;50 à 54 ans;2019;36915
57;57 - Moselle;44;44 - Grand Est;H;60 à 64 ans;2019;34258
57;57 - Moselle;44;44 - Grand Est;H;70 à 74 ans;2019;21779
57;57 - Moselle;44;44 - Grand Est;H;75 à 79 ans;2019;15472
57;57 - Moselle;44;44 - Grand Est;F;20 à 24 ans;2019;25251
57;57 - Moselle;44;44 - Grand Est;F;25 à 29 ans;2019;29827
57;57 - Moselle;44;44 - Grand Est;F;50 à 54 ans;2019;37094
57;57 - Moselle;44;44 - Grand Est;F;55 à 59 ans;2019;38816
57;57 - Moselle;44;44 - Grand Est;F;70 à 74 ans;2019;24753
57;57 - Moselle;44;44 - Grand Est;F;75 à 79 ans;2019;19911
58;58 - Nièvre;27;27 - Bourgogne-Franche-Comté;H;30 à 34 ans;2019;4582
58;58 - Nièvre;27;27 - Bourgogne-Franche-Comté;H;40 à 44 ans;2019;5204
58;58 - Nièvre;27;27 - Bourgogne-Franche-Comté;H;60 à 64 ans;2019;7590
58;58 - Nièvre;27;27 - Bourgogne-Franche-Comté;H;70 à 74 ans;2019;6707
58;58 - Nièvre;27;27 - Bourgogne-Franche-Comté;F;10 à 14 ans;2019;5308
58;58 - Nièvre;27;27 - Bourgogne-Franche-Comté;F;15 à 19 ans;2019;5221
58;58 - Nièvre;27;27 - Bourgogne-Franche-Comté;F;55 à 59 ans;2019;7517
58;58 - Nièvre;27;27 - Bourgogne-Franche-Comté;F;80 ans et plus;2019;12755
59;59 - Nord;32;32 - Hauts-de-France;H;5 à 9 ans;2019;89338
59;59 - Nord;32;32 - Hauts-de-France;H;10 à 14 ans;2019;88153
59;59 - Nord;32;32 - Hauts-de-France;H;30 à 34 ans;2019;81902
59;59 - Nord;32;32 - Hauts-de-France;H;35 à 39 ans;2019;83465
59;59 - Nord;32;32 - Hauts-de-France;H;40 à 44 ans;2019;79558
59;59 - Nord;32;32 - Hauts-de-France;H;70 à 74 ans;2019;50309
59;59 - Nord;32;32 - Hauts-de-France;H;75 à 79 ans;2019;27477
59;59 - Nord;32;32 - Hauts-de-France;F;0 à 4 ans;2019;77477
59;59 - Nord;32;32 - Hauts-de-France;F;5 à 9 ans;2019;85146
59;59 - Nord;32;32 - Hauts-de-France;F;10 à 14 ans;2019;84675
59;59 - Nord;32;32 - Hauts-de-France;F;15 à 19 ans;2019;86789
59;59 - Nord;32;32 - Hauts-de-France;F;60 à 64 ans;2019;79854
59;59 - Nord;32;32 - Hauts-de-France;F;70 à 74 ans;2019;61652
59;59 - Nord;32;32 - Hauts-de-France;F;75 à 79 ans;2019;37993
60;60 - Oise;32;32 - Hauts-de-France;H;25 à 29 ans;2019;22691
60;60 - Oise;32;32 - Hauts-de-France;H;50 à 54 ans;2019;28261
60;60 - Oise;32;32 - Hauts-de-France;H;60 à 64 ans;2019;23645
60;60 - Oise;32;32 - Hauts-de-France;H;70 à 74 ans;2019;16927
60;60 - Oise;32;32 - Hauts-de-France;F;20 à 24 ans;2019;20518
60;60 - Oise;32;32 - Hauts-de-France;F;25 à 29 ans;2019;23119
60;60 - Oise;32;32 - Hauts-de-France;F;30 à 34 ans;2019;27024
60;60 - Oise;32;32 - Hauts-de-France;F;40 à 44 ans;2019;27315
60;60 - Oise;32;32 - Hauts-de-France;F;45 à 49 ans;2019;29197
60;60 - Oise;32;32 - Hauts-de-France;F;60 à 64 ans;2019;25830
61;61 - Orne;28;28 - Normandie;H;0 à 4 ans;2019;6696
61;61 - Orne;28;28 - Normandie;H;10 à 14 ans;2019;8622
61;61 - Orne;28;28 - Normandie;H;50 à 54 ans;2019;9425
61;61 - Orne;28;28 - Normandie;H;65 à 69 ans;2019;10076
61;61 - Orne;28;28 - Normandie;F;15 à 19 ans;2019;7997
61;61 - Orne;28;28 - Normandie;F;30 à 34 ans;2019;6593
61;61 - Orne;28;28 - Normandie;F;50 à 54 ans;2019;9365
61;61 - Orne;28;28 - Normandie;F;55 à 59 ans;2019;10110
61;61 - Orne;28;28 - Normandie;F;60 à 64 ans;2019;10313
61;61 - Orne;28;28 - Normandie;F;75 à 79 ans;2019;6191
62;62 - Pas-de-Calais;32;32 - Hauts-de-France;H;30 à 34 ans;2019;44297
62;62 - Pas-de-Calais;32;32 - Hauts-de-France;H;65 à 69 ans;2019;41358
62;62 - Pas-de-Calais;32;32 - Hauts-de-France;F;10 à 14 ans;2019;48635
62;62 - Pas-de-Calais;32;32 - Hauts-de-France;F;15 à 19 ans;2019;46718
62;62 - Pas-de-Calais;32;32 - Hauts-de-France;F;25 à 29 ans;2019;38733
62;62 - Pas-de-Calais;32;32 - Hauts-de-France;F;30 à 34 ans;2019;44645
62;62 - Pas-de-Calais;32;32 - Hauts-de-France;F;35 à 39 ans;2019;46502
62;62 - Pas-de-Calais;32;32 - Hauts-de-France;F;40 à 44 ans;2019;45339
63;63 - Puy-de-Dôme;84;84 - Auvergne-Rhône-Alpes;H;0 à 4 ans;2019;16854
63;63 - Puy-de-Dôme;84;84 - Auvergne-Rhône-Alpes;H;5 à 9 ans;2019;18609
63;63 - Puy-de-Dôme;84;84 - Auvergne-Rhône-Alpes;H;15 à 19 ans;2019;20098
63;63 - Puy-de-Dôme;84;84 - Auvergne-Rhône-Alpes;H;35 à 39 ans;2019;19834
63;63 - Puy-de-Dôme;84;84 - Auvergne-Rhône-Alpes;H;60 à 64 ans;2019;20328
63;63 - Puy-de-Dôme;84;84 - Auvergne-Rhône-Alpes;H;65 à 69 ans;2019;20057
63;63 - Puy-de-Dôme;84;84 - Auvergne-Rhône-Alpes;F;30 à 34 ans;2019;19064
63;63 - Puy-de-Dôme;84;84 - Auvergne-Rhône-Alpes;F;40 à 44 ans;2019;19502
63;63 - Puy-de-Dôme;84;84 - Auvergne-Rhône-Alpes;F;55 à 59 ans;2019;22107
63;63 - Puy-de-Dôme;84;84 - Auvergne-Rhône-Alpes;F;70 à 74 ans;2019;19063
63;63 - Puy-de-Dôme;84;84 - Auvergne-Rhône-Alpes;F;80 ans et plus;2019;28369
64;64 - Pyrénées-Atlantiques;75;75 - Nouvelle-Aquitaine;H;10 à 14 ans;2019;19295
64;64 - Pyrénées-Atlantiques;75;75 - Nouvelle-Aquitaine;H;15 à 19 ans;2019;20425
64;64 - Pyrénées-Atlantiques;75;75 - Nouvelle-Aquitaine;H;20 à 24 ans;2019;16523
64;64 - Pyrénées-Atlantiques;75;75 - Nouvelle-Aquitaine;H;30 à 34 ans;2019;18308
64;64 - Pyrénées-Atlantiques;75;75 - Nouvelle-Aquitaine;H;45 à 49 ans;2019;23523
64;64 - Pyrénées-Atlantiques;75;75 - Nouvelle-Aquitaine;H;55 à 59 ans;2019;22693
64;64 - Pyrénées-Atlantiques;75;75 - Nouvelle-Aquitaine;H;80 ans et plus;2019;19321
64;64 - Pyrénées-Atlantiques;75;75 - Nouvelle-Aquitaine;F;45 à 49 ans;2019;24273
64;64 - Pyrénées-Atlantiques;75;75 - Nouvelle-Aquitaine;F;50 à 54 ans;2019;24396
64;64 - Pyrénées-Atlantiques;75;75 - Nouvelle-Aquitaine;F;55 à 59 ans;2019;24795
64;64 - Pyrénées-Atlantiques;75;75 - Nouvelle-Aquitaine;F;80 ans et plus;2019;34911
65;65 - Hautes-Pyrénées;76;76 - Occitanie;H;30 à 34 ans;2019;5517
65;65 - Hautes-Pyrénées;76;76 - Occitanie;H;40 à 44 ans;2019;6116
65;65 - Hautes-Pyrénées;76;76 - Occitanie;H;60 à 64 ans;2019;7903
65;65 - Hautes-Pyrénées;76;76 - Occitanie;H;70 à 74 ans;2019;6722
65;65 - Hautes-Pyrénées;76;76 - Occitanie;H;75 à 79 ans;2019;4465
65;65 - Hautes-Pyrénées;76;76 - Occitanie;F;25 à 29 ans;2019;4941
65;65 - Hautes-Pyrénées;76;76 - Occitanie;F;45 à 49 ans;2019;7956
65;65 - Hautes-Pyrénées;76;76 - Occitanie;F;55 à 59 ans;2019;8780
65;65 - Hautes-Pyrénées;76;76 - Occitanie;F;75 à 79 ans;2019;5623
65;65 - Hautes-Pyrénées;76;76 - Occitanie;F;80 ans et plus;2019;13254
66;66 - Pyrénées-Orientales;76;76 - Occitanie;H;20 à 24 ans;2019;11100
66;66 - Pyrénées-Orientales;76;76 - Occitanie;H;35 à 39 ans;2019;12709
66;66 - Pyrénées-Orientales;76;76 - Occitanie;H;40 à 44 ans;2019;13085
66;66 - Pyrénées-Orientales;76;76 - Occitanie;H;70 à 74 ans;2019;14207
66;66 - Pyrénées-Orientales;76;76 - Occitanie;F;0 à 4 ans;2019;11106
66;66 - Pyrénées-Orientales;76;76 - Occitanie;F;10 à 14 ans;2019;13523
66;66 - Pyrénées-Orientales;76;76 - Occitanie;F;25 à 29 ans;2019;10904
66;66 - Pyrénées-Orientales;76;76 - Occitanie;F;35 à 39 ans;2019;14133
66;66 - Pyrénées-Orientales;76;76 - Occitanie;F;55 à 59 ans;2019;16664
66;66 - Pyrénées-Orientales;76;76 - Occitanie;F;60 à 64 ans;2019;16619
66;66 - Pyrénées-Orientales;76;76 - Occitanie;F;80 ans et plus;2019;24673
67;67 - Bas-Rhin;44;44 - Grand Est;H;25 à 29 ans;2019;35451
67;67 - Bas-Rhin;44;44 - Grand Est;H;65 à 69 ans;2019;31143
67;67 - Bas-Rhin;44;44 - Grand Est;H;70 à 74 ans;2019;22379
67;67 - Bas-Rhin;44;44 - Grand Est;F;0 à 4 ans;2019;29229
67;67 - Bas-Rhin;44;44 - Grand Est;F;35 à 39 ans;2019;37907
67;67 - Bas-Rhin;44;44 - Grand Est;F;40 à 44 ans;2019;35042
67;67 - Bas-Rhin;44;44 - Grand Est;F;45 à 49 ans;2019;39788
67;67 - Bas-Rhin;44;44 - Grand Est;F;50 à 54 ans;2019;40044
67;67 - Bas-Rhin;44;44 - Grand Est;F;60 à 64 ans;2019;37593
67;67 - Bas-Rhin;44;44 - Grand Est;F;65 à 69 ans;2019;33509
68;68 - Haut-Rhin;44;44 - Grand Est;H;40 à 44 ans;2019;23367
68;68 - Haut-Rhin;44;44 - Grand Est;H;45 à 49 ans;2019;27531
68;68 - Haut-Rhin;44;44 - Grand Est;H;50 à 54 ans;2019;27767
68;68 - Haut-Rhin;44;44 - Grand Est;H;65 à 69 ans;2019;22623
68;68 - Haut-Rhin;44;44 - Grand Est;F;0 à 4 ans;2019;19894
68;68 - Haut-Rhin;44;44 - Grand Est;F;15 à 19 ans;2019;21730
68;68 - Haut-Rhin;44;44 - Grand Est;F;40 à 44 ans;2019;23961
68;68 - Haut-Rhin;44;44 - Grand Est;F;70 à 74 ans;2019;18083
68;68 - Haut-Rhin;44;44 - Grand Est;F;80 ans et plus;2019;28637
69;69 - Rhône;84;84 - Auvergne-Rhône-Alpes;H;10 à 14 ans;2019;59483
69;69 - Rhône;84;84 - Auvergne-Rhône-Alpes;H;20 à 24 ans;2019;67372
69;69 - Rhône;84;84 - Auvergne-Rhône-Alpes;H;30 à 34 ans;2019;63396
69;69 - Rhône;84;84 - Auvergne-Rhône-Alpes;H;40 à 44 ans;2019;57983
69;69 - Rhône;84;84 - Auvergne-Rhône-Alpes;H;45 à 49 ans;2019;60198
69;69 - Rhône;84;84 - Auvergne-Rhône-Alpes;H;80 ans et plus;2019;35762
69;69 - Rhône;84;84 - Auvergne-Rhône-Alpes;F;20 à 24 ans;2019;72513
69;69 - Rhône;84;84 - Auvergne-Rhône-Alpes;F;30 à 34 ans;2019;67214
69;69 - Rhône;84;84 - Auvergne-Rhône-Alpes;F;35 à 39 ans;2019;65425
69;69 - Rhône;84;84 - Auvergne-Rhône-Alpes;F;45 à 49 ans;2019;60459
69;69 - Rhône;84;84 - Auvergne-Rhône-Alpes;F;55 à 59 ans;2019;54393
69;69 - Rhône;84;84 - Auvergne-Rhône-Alpes;F;80 ans et plus;2019;65103
70;70 - Haute-Saône;27;27 - Bourgogne-Franche-Comté;H;5 à 9 ans;2019;7004
70;70 - Haute-Saône;27;27 - Bourgogne-Franche-Comté;H;10 à 14 ans;2019;7874
70;70 - Haute-Saône;27;27 - Bourgogne-Franche-Comté;H;25 à 29 ans;2019;5280
70;70 - Haute-Saône;27;27 - Bourgogne-Franche-Comté;H;40 à 44 ans;2019;6845
70;70 - Haute-Saône;27;27 - Bourgogne-Franche-Comté;H;45 à 49 ans;2019;8535
70;70 - Haute-Saône;27;27 - Bourgogne-Franche-Comté;H;65 à 69 ans;2019;8066
70;70 - Haute-Saône;27;27 - Bourgogne-Franche-Comté;H;80 ans et plus;2019;5800
70;70 - Haute-Saône;27;27 - Bourgogne-Franche-Comté;F;25 à 29 ans;2019;5170
70;70 - Haute-Saône;27;27 - Bourgogne-Franche-Comté;F;45 à 49 ans;2019;8330
70;70 - Haute-Saône;27;27 - Bourgogne-Franche-Comté;F;80 ans et plus;2019;9987
71;71 - Saône-et-Loire;27;27 - Bourgogne-Franche-Comté;H;35 à 39 ans;2019;15215
71;71 - Saône-et-Loire;27;27 - Bourgogne-Franche-Comté;H;40 à 44 ans;2019;15291
71;71 - Saône-et-Loire;27;27 - Bourgogne-Franche-Comté;H;65 à 69 ans;2019;19102
71;71 - Saône-et-Loire;27;27 - Bourgogne-Franche-Comté;H;70 à 74 ans;2019;16137
71;71 - Saône-et-Loire;27;27 - Bourgogne-Franche-Comté;F;55 à 59 ans;2019;19367
71;71 - Saône-et-Loire;27;27 - Bourgogne-Franche-Comté;F;60 à 64 ans;2019;20118
71;71 - Saône-et-Loire;27;27 - Bourgogne-Franche-Comté;F;65 à 69 ans;2019;20573
71;71 - Saône-et-Loire;27;27 - Bourgogne-Franche-Comté;F;70 à 74 ans;2019;18101
71;71 - Saône-et-Loire;27;27 - Bourgogne-Franche-Comté;F;75 à 79 ans;2019;12764
72;72 - Sarthe;52;52 - Pays de la Loire;H;15 à 19 ans;2019;19037
72;72 - Sarthe;52;52 - Pays de la Loire;H;60 à 64 ans;2019;17636
72;72 - Sarthe;52;52 - Pays de la Loire;H;65 à 69 ans;2019;17080
72;72 - Sarthe;52;52 - Pays de la Loire;H;70 à 74 ans;2019;13643
72;72 - Sarthe;52;52 - Pays de la Loire;F;20 à 24 ans;2019;14156
72;72 - Sarthe;52;52 - Pays de la Loire;F;70 à 74 ans;2019;15317
72;72 - Sarthe;52;52 - Pays de la Loire;F;75 à 79 ans;2019;10971
73;73 - Savoie;84;84 - Auvergne-Rhône-Alpes;H;0 à 4 ans;2019;11769
73;73 - Savoie;84;84 - Auvergne-Rhône-Alpes;H;40 à 44 ans;2019;13501
73;73 - Savoie;84;84 - Auvergne-Rhône-Alpes;H;45 à 49 ans;2019;15784
73;73 - Savoie;84;84 - Auvergne-Rhône-Alpes;H;55 à 59 ans;2019;14579
73;73 - Savoie;84;84 - Auvergne-Rhône-Alpes;H;65 à 69 ans;2019;12467
73;73 - Savoie;84;84 - Auvergne-Rhône-Alpes;F;5 à 9 ans;2019;12735
73;73 - Savoie;84;84 - Auvergne-Rhône-Alpes;F;15 à 19 ans;2019;12383
73;73 - Savoie;84;84 - Auvergne-Rhône-Alpes;F;40 à 44 ans;2019;13635
73;73 - Savoie;84;84 - Auvergne-Rhône-Alpes;F;55 à 59 ans;2019;15044
73;73 - Savoie;84;84 - Auvergne-Rhône-Alpes;F;60 à 64 ans;2019;14046
73;73 - Savoie;84;84 - Auvergne-Rhône-Alpes;F;70 à 74 ans;2019;11617
73;73 - Savoie;84;84 - Auvergne-Rhône-Alpes;F;75 à 79 ans;2019;8451
74;74 - Haute-Savoie;84;84 - Auvergne-Rhône-Alpes;H;10 à 14 ans;2019;27689
74;74 - Haute-Savoie;84;84 - Auvergne-Rhône-Alpes;H;25 à 29 ans;2019;24473
74;74 - Haute-Savoie;84;84 - Auvergne-Rhône-Alpes;H;30 à 34 ans;2019;28561
74;74 - Haute-Savoie;84;84 - Auvergne-Rhône-Alpes;H;55 à 59 ans;2019;25627
74;74 - Haute-Savoie;84;84 - Auvergne-Rhône-Alpes;F;20 à 24 ans;2019;17821
74;74 - Haute-Savoie;84;84 - Auvergne-Rhône-Alpes;F;25 à 29 ans;2019;24968
74;74 - Haute-Savoie;84;84 - Auvergne-Rhône-Alpes;F;60 à 64 ans;2019;23132
74;74 - Haute-Savoie;84;84 - Auvergne-Rhône-Alpes;F;70 à 74 ans;2019;19035
74;74 - Haute-Savoie;84;84 - Auvergne-Rhône-Alpes;F;75 à 79 ans;2019;13291
75;75 - Paris;11;11 - Île-de-France;H;15 à 19 ans;2019;52681
75;75 - Paris;11;11 - Île-de-France;H;20 à 24 ans;2019;69722
75;75 - Paris;11;11 - Île-de-France;H;25 à 29 ans;2019;104686
75;75 - Paris;11;11 - Île-de-France;H;35 à 39 ans;2019;76364
75;75 - Paris;11;11 - Île-de-France;H;70 à 74 ans;2019;41037
75;75 - Paris;11;11 - Île-de-France;F;0 à 4 ans;2019;53115
75;75 - Paris;11;11 - Île-de-France;F;20 à 24 ans;2019;86878
75;75 - Paris;11;11 - Île-de-France;F;25 à 29 ans;2019;118672
75;75 - Paris;11;11 - Île-de-France;F;60 à 64 ans;2019;60276
75;75 - Paris;11;11 - Île-de-France;F;75 à 79 ans;2019;36030
75;75 - Paris;11;11 - Île-de-France;F;80 ans et plus;2019;70007
76;76 - Seine-Maritime;28;28 - Normandie;H;10 à 14 ans;2019;40453
76;76 - Seine-Maritime;28;28 - Normandie;H;25 à 29 ans;2019;36013
76;76 - Seine-Maritime;28;28 - Normandie;H;60 à 64 ans;2019;37043
76;76 - Seine-Maritime;28;28 - Normandie;F;0 à 4 ans;2019;34434
76;76 - Seine-Maritime;28;28 - Normandie;F;40 à 44 ans;2019;36567
76;76 - Seine-Maritime;28;28 - Normandie;F;50 à 54 ans;2019;41123
76;76 - Seine-Maritime;28;28 - Normandie;F;55 à 59 ans;2019;42326
76;76 - Seine-Maritime;28;28 - Normandie;F;75 à 79 ans;2019;22016
77;77 - Seine-et-Marne;11;11 - Île-de-France;H;10 à 14 ans;2019;52693
77;77 - Seine-et-Marne;11;11 - Île-de-France;H;20 à 24 ans;2019;41328
77;77 - Seine-et-Marne;11;11 - Île-de-France;H;45 à 49 ans;2019;50380
77;77 - Seine-et-Marne;11;11 - Île-de-France;H;50 à 54 ans;2019;46870
77;77 - Seine-et-Marne;11;11 - Île-de-France;H;55 à 59 ans;2019;44178
77;77 - Seine-et-Marne;11;11 - Île-de-France;H;60 à 64 ans;2019;37048
77;77 - Seine-et-Marne;11;11 - Île-de-France;H;65 à 69 ans;2019;32275
77;77 - Seine-et-Marne;11;11 - Île-de-France;H;75 à 79 ans;2019;14890
77;77 - Seine-et-Marne;11;11 - Île-de-France;H;80 ans et plus;2019;20299
77;77 - Seine-et-Marne;11;11 - Île-de-France;F;5 à 9 ans;2019;49938
77;77 - Seine-et-Marne;11;11 - Île-de-France;F;35 à 39 ans;2019;50867
77;77 - Seine-et-Marne;11;11 - Île-de-France;F;40 à 44 ans;2019;48323
77;77 - Seine-et-Marne;11;11 - Île-de-France;F;45 à 49 ans;2019;52355
77;77 - Seine-et-Marne;11;11 - Île-de-France;F;55 à 59 ans;2019;45897
77;77 - Seine-et-Marne;11;11 - Île-de-France;F;60 à 64 ans;2019;40052
78;78 - Yvelines;11;11 - Île-de-France;H;20 à 24 ans;2019;40865
78;78 - Yvelines;11;11 - Île-de-France;H;25 à 29 ans;2019;40179
78;78 - Yvelines;11;11 - Île-de-France;H;30 à 34 ans;2019;42253
78;78 - Yvelines;11;11 - Île-de-France;H;40 à 44 ans;2019;49068
78;78 - Yvelines;11;11 - Île-de-France;H;50 à 54 ans;2019;48689
78;78 - Yvelines;11;11 - Île-de-France;H;65 à 69 ans;2019;32057
78;78 - Yvelines;11;11 - Île-de-France;H;75 à 79 ans;2019;18444
78;78 - Yvelines;11;11 - Île-de-France;F;10 à 14 ans;2019;48951
78;78 - Yvelines;11;11 - Île-de-France;F;40 à 44 ans;2019;50441
78;78 - Yvelines;11;11 - Île-de-France;F;45 à 49 ans;2019;52567
78;78 - Yvelines;11;11 - Île-de-France;F;50 à 54 ans;2019;50613
79;79 - Deux-Sèvres;75;75 - Nouvelle-Aquitaine;H;30 à 34 ans;2019;9530
79;79 - Deux-Sèvres;75;75 - Nouvelle-Aquitaine;H;35 à 39 ans;2019;10711
79;79 - Deux-Sèvres;75;75 - Nouvelle-Aquitaine;H;50 à 54 ans;2019;12752
79;79 - Deux-Sèvres;75;75 - Nouvelle-Aquitaine;H;55 à 59 ans;2019;12890
79;79 - Deux-Sèvres;75;75 - Nouvelle-Aquitaine;H;75 à 79 ans;2019;6276
79;79 - Deux-Sèvres;75;75 - Nouvelle-Aquitaine;F;5 à 9 ans;2019;10860
79;79 - Deux-Sèvres;75;75 - Nouvelle-Aquitaine;F;10 à 14 ans;2019;11662
79;79 - Deux-Sèvres;75;75 - Nouvelle-Aquitaine;F;15 à 19 ans;2019;10717
79;79 - Deux-Sèvres;75;75 - Nouvelle-Aquitaine;F;20 à 24 ans;2019;7317
79;79 - Deux-Sèvres;75;75 - Nouvelle-Aquitaine;F;30 à 34 ans;2019;9893
79;79 - Deux-Sèvres;75;75 - Nouvelle-Aquitaine;F;35 à 39 ans;2019;11192
79;79 - Deux-Sèvres;75;75 - Nouvelle-Aquitaine;F;55 à 59 ans;2019;13200
79;79 - Deux-Sèvres;75;75 - Nouvelle-Aquitaine;F;60 à 64 ans;2019;12986
80;80 - Somme;32;32 - Hauts-de-France;H;0 à 4 ans;2019;15152
80;80 - Somme;32;32 - Hauts-de-France;H;25 à 29 ans;2019;15971
80;80 - Somme;32;32 - Hauts-de-France;H;50 à 54 ans;2019;18596
80;80 - Somme;32;32 - Hauts-de-France;H;75 à 79 ans;2019;7556
80;80 - Somme;32;32 - Hauts-de-France;F;0 à 4 ans;2019;14303
80;80 - Somme;32;32 - Hauts-de-France;F;10 à 14 ans;2019;17346
80;80 - Somme;32;32 - Hauts-de-France;F;20 à 24 ans;2019;18359
80;80 - Somme;32;32 - Hauts-de-France;F;25 à 29 ans;2019;16064
80;80 - Somme;32;32 - Hauts-de-France;F;30 à 34 ans;2019;16859
80;80 - Somme;32;32 - Hauts-de-France;F;35 à 39 ans;2019;17312
80;80 - Somme;32;32 - Hauts-de-France;F;45 à 49 ans;2019;19387
80;80 - Somme;32;32 - Hauts-de-France;F;50 à 54 ans;2019;18593
80;80 - Somme;32;32 - Hauts-de-France;F;70 à 74 ans;2019;15323
80;80 - Somme;32;32 - Hauts-de-France;F;75 à 79 ans;2019;9944
81;81 - Tarn;76;76 - Occitanie;H;25 à 29 ans;2019;8216
81;81 - Tarn;76;76 - Occitanie;H;35 à 39 ans;2019;10839
81;81 - Tarn;76;76 - Occitanie;H;60 à 64 ans;2019;12660
81;81 - Tarn;76;76 - Occitanie;F;25 à 29 ans;2019;8328
81;81 - Tarn;76;76 - Occitanie;F;35 à 39 ans;2019;11444
81;81 - Tarn;76;76 - Occitanie;F;65 à 69 ans;2019;13897
82;82 - Tarn-et-Garonne;76;76 - Occitanie;H;5 à 9 ans;2019;8550
82;82 - Tarn-et-Garonne;76;76 - Occitanie;H;30 à 34 ans;2019;6745
82;82 - Tarn-et-Garonne;76;76 - Occitanie;H;40 à 44 ans;2019;8139
82;82 - Tarn-et-Garonne;76;76 - Occitanie;H;70 à 74 ans;2019;6566
82;82 - Tarn-et-Garonne;76;76 - Occitanie;H;80 ans et plus;2019;6984
82;82 - Tarn-et-Garonne;76;76 - Occitanie;F;0 à 4 ans;2019;6456
82;82 - Tarn-et-Garonne;76;76 - Occitanie;F;10 à 14 ans;2019;8436
82;82 - Tarn-et-Garonne;76;76 - Occitanie;F;15 à 19 ans;2019;7666
82;82 - Tarn-et-Garonne;76;76 - Occitanie;F;25 à 29 ans;2019;5840
82;82 - Tarn-et-Garonne;76;76 - Occitanie;F;65 à 69 ans;2019;8663
83;83 - Var;93;93 - Provence-Alpes-Côte d'Azur;H;0 à 4 ans;2019;26101
83;83 - Var;93;93 - Provence-Alpes-Côte d'Azur;H;20 à 24 ans;2019;25579
83;83 - Var;93;93 - Provence-Alpes-Côte d'Azur;H;25 à 29 ans;2019;24952
83;83 - Var;93;93 - Provence-Alpes-Côte d'Azur;F;5 à 9 ans;2019;27902
83;83 - Var;93;93 - Provence-Alpes-Côte d'Azur;F;15 à 19 ans;2019;28586
83;83 - Var;93;93 - Provence-Alpes-Côte d'Azur;F;20 à 24 ans;2019;22227
83;83 - Var;93;93 - Provence-Alpes-Côte d'Azur;F;35 à 39 ans;2019;31706
83;83 - Var;93;93 - Provence-Alpes-Côte d'Azur;F;45 à 49 ans;2019;36953
83;83 - Var;93;93 - Provence-Alpes-Côte d'Azur;F;65 à 69 ans;2019;39652
83;83 - Var;93;93 - Provence-Alpes-Côte d'Azur;F;75 à 79 ans;2019;28201
83;83 - Var;93;93 - Provence-Alpes-Côte d'Azur;F;80 ans et plus;2019;53646
84;84 - Vaucluse;93;93 - Provence-Alpes-Côte d'Azur;H;10 à 14 ans;2019;17931
84;84 - Vaucluse;93;93 - Provence-Alpes-Côte d'Azur;H;35 à 39 ans;2019;15975
84;84 - Vaucluse;93;93 - Provence-Alpes-Côte d'Azur;H;65 à 69 ans;2019;16732
84;84 - Vaucluse;93;93 - Provence-Alpes-Côte d'Azur;H;75 à 79 ans;2019;9714
84;84 - Vaucluse;93;93 - Provence-Alpes-Côte d'Azur;F;10 à 14 ans;2019;17216
84;84 - Vaucluse;93;93 - Provence-Alpes-Côte d'Azur;F;20 à 24 ans;2019;13232
84;84 - Vaucluse;93;93 - Provence-Alpes-Côte d'Azur;F;40 à 44 ans;2019;16755
84;84 - Vaucluse;93;93 - Provence-Alpes-Côte d'Azur;F;45 à 49 ans;2019;19413
84;84 - Vaucluse;93;93 - Provence-Alpes-Côte d'Azur;F;50 à 54 ans;2019;20294
84;84 - Vaucluse;93;93 - Provence-Alpes-Côte d'Azur;F;80 ans et plus;2019;23525
85;85 - Vendée;52;52 - Pays de la Loire;H;15 à 19 ans;2019;20819
85;85 - Vendée;52;52 - Pays de la Loire;H;20 à 24 ans;2019;14932
85;85 - Vendée;52;52 - Pays de la Loire;H;25 à 29 ans;2019;14912
85;85 - Vendée;52;52 - Pays de la Loire;H;30 à 34 ans;2019;17562
85;85 - Vendée;52;52 - Pays de la Loire;H;45 à 49 ans;2019;22761
85;85 - Vendée;52;52 - Pays de la Loire;H;50 à 54 ans;2019;22262
85;85 - Vendée;52;52 - Pays de la Loire;H;70 à 74 ans;2019;19510
85;85 - Vendée;52;52 - Pays de la Loire;H;80 ans et plus;2019;18743
85;85 - Vendée;52;52 - Pays de la Loire;F;10 à 14 ans;2019;21669
85;85 - Vendée;52;52 - Pays de la Loire;F;15 à 19 ans;2019;19285
85;85 - Vendée;52;52 - Pays de la Loire;F;25 à 29 ans;2019;14547
85;85 - Vendée;52;52 - Pays de la Loire;F;30 à 34 ans;2019;17738
85;85 - Vendée;52;52 - Pays de la Loire;F;40 à 44 ans;2019;20818
85;85 - Vendée;52;52 - Pays de la Loire;F;45 à 49 ans;2019;22759
85;85 - Vendée;52;52 - Pays de la Loire;F;50 à 54 ans;2019;22082
85;85 - Vendée;52;52 - Pays de la Loire;F;60 à 64 ans;2019;24576
86;86 - Vienne;75;75 - Nouvelle-Aquitaine;H;25 à 29 ans;2019;11774
86;86 - Vienne;75;75 - Nouvelle-Aquitaine;H;30 à 34 ans;2019;11944
86;86 - Vienne;75;75 - Nouvelle-Aquitaine;H;40 à 44 ans;2019;12241
86;86 - Vienne;75;75 - Nouvelle-Aquitaine;F;5 à 9 ans;2019;12173
86;86 - Vienne;75;75 - Nouvelle-Aquitaine;F;15 à 19 ans;2019;14403
86;86 - Vienne;75;75 - Nouvelle-Aquitaine;F;40 à 44 ans;2019;12760
86;86 - Vienne;75;75 - Nouvelle-Aquitaine;F;50 à 54 ans;2019;14206
86;86 - Vienne;75;75 - Nouvelle-Aquitaine;F;70 à 74 ans;2019;11681
86;86 - Vienne;75;75 - Nouvelle-Aquitaine;F;75 à 79 ans;2019;8349
87;87 - Haute-Vienne;75;75 - Nouvelle-Aquitaine;H;20 à 24 ans;2019;10289
87;87 - Haute-Vienne;75;75 - Nouvelle-Aquitaine;H;25 à 29 ans;2019;9110
87;87 - Haute-Vienne;75;75 - Nouvelle-Aquitaine;H;50 à 54 ans;2019;12227
87;87 - Haute-Vienne;75;75 - Nouvelle-Aquitaine;H;60 à 64 ans;2019;11797
87;87 - Haute-Vienne;75;75 - Nouvelle-Aquitaine;H;75 à 79 ans;2019;6400
87;87 - Haute-Vienne;75;75 - Nouvelle-Aquitaine;F;0 à 4 ans;2019;8460
87;87 - Haute-Vienne;75;75 - Nouvelle-Aquitaine;F;15 à 19 ans;2019;10791
87;87 - Haute-Vienne;75;75 - Nouvelle-Aquitaine;F;35 à 39 ans;2019;10565
87;87 - Haute-Vienne;75;75 - Nouvelle-Aquitaine;F;65 à 69 ans;2019;13742
87;87 - Haute-Vienne;75;75 - Nouvelle-Aquitaine;F;80 ans et plus;2019;19392
88;88 - Vosges;44;44 - Grand Est;H;5 à 9 ans;2019;10158
88;88 - Vosges;44;44 - Grand Est;H;10 à 14 ans;2019;11173
88;88 - Vosges;44;44 - Grand Est;H;35 à 39 ans;2019;10240
88;88 - Vosges;44;44 - Grand Est;H;40 à 44 ans;2019;10142
88;88 - Vosges;44;44 - Grand Est;H;50 à 54 ans;2019;12926
88;88 - Vosges;44;44 - Grand Est;H;60 à 64 ans;2019;12814
88;88 - Vosges;44;44 - Grand Est;H;75 à 79 ans;2019;5896
88;88 - Vosges;44;44 - Grand Est;F;5 à 9 ans;2019;9738
88;88 - Vosges;44;44 - Grand Est;F;10 à 14 ans;2019;10664
88;88 - Vosges;44;44 - Grand Est;F;15 à 19 ans;2019;10475
88;88 - Vosges;44;44 - Grand Est;F;40 à 44 ans;2019;10224
89;89 - Yonne;27;27 - Bourgogne-Franche-Comté;H;10 à 14 ans;2019;10761
89;89 - Yonne;27;27 - Bourgogne-Franche-Comté;H;40 à 44 ans;2019;9621
89;89 - Yonne;27;27 - Bourgogne-Franche-Comté;H;50 à 54 ans;2019;11362
89;89 - Yonne;27;27 - Bourgogne-Franche-Comté;H;60 à 64 ans;2019;11428
89;89 - Yonne;27;27 - Bourgogne-Franche-Comté;H;65 à 69 ans;2019;11799
89;89 - Yonne;27;27 - Bourgogne-Franche-Comté;H;70 à 74 ans;2019;9396
89;89 - Yonne;27;27 - Bourgogne-Franche-Comté;F;15 à 19 ans;2019;9286
89;89 - Yonne;27;27 - Bourgogne-Franche-Comté;F;25 à 29 ans;2019;7620
89;89 - Yonne;27;27 - Bourgogne-Franche-Comté;F;35 à 39 ans;2019;9787
89;89 - Yonne;27;27 - Bourgogne-Franche-Comté;F;40 à 44 ans;2019;9768
89;89 - Yonne;27;27 - Bourgogne-Franche-Comté;F;45 à 49 ans;2019;11353
90;90 - Territoire de Belfort;27;27 - Bourgogne-Franche-Comté;H;10 à 14 ans;2019;4513
90;90 - Territoire de Belfort;27;27 - Bourgogne-Franche-Comté;H;15 à 19 ans;2019;5276
90;90 - Territoire de Belfort;27;27 - Bourgogne-Franche-Comté;H;35 à 39 ans;2019;4372
90;90 - Territoire de Belfort;27;27 - Bourgogne-Franche-Comté;H;40 à 44 ans;2019;4228
90;90 - Territoire de Belfort;27;27 - Bourgogne-Franche-Comté;H;45 à 49 ans;2019;4899
90;90 - Territoire de Belfort;27;27 - Bourgogne-Franche-Comté;H;55 à 59 ans;2019;4381
90;90 - Territoire de Belfort;27;27 - Bourgogne-Franche-Comté;H;60 à 64 ans;2019;4184
90;90 - Territoire de Belfort;27;27 - Bourgogne-Franche-Comté;H;70 à 74 ans;2019;3206
90;90 - Territoire de Belfort;27;27 - Bourgogne-Franche-Comté;H;75 à 79 ans;2019;1992
90;90 - Territoire de Belfort;27;27 - Bourgogne-Franche-Comté;F;20 à 24 ans;2019;3269
90;90 - Territoire de Belfort;27;27 - Bourgogne-Franche-Comté;F;30 à 34 ans;2019;4152
90;90 - Territoire de Belfort;27;27 - Bourgogne-Franche-Comté;F;50 à 54 ans;2019;4772
91;91 - Essonne;11;11 - Île-de-France;H;20 à 24 ans;2019;40899
91;91 - Essonne;11;11 - Île-de-France;H;45 à 49 ans;2019;45560
91;91 - Essonne;11;11 - Île-de-France;H;65 à 69 ans;2019;27303
91;91 - Essonne;11;11 - Île-de-France;H;75 à 79 ans;2019;14883
91;91 - Essonne;11;11 - Île-de-France;F;0 à 4 ans;2019;43099
91;91 - Essonne;11;11 - Île-de-France;F;20 à 24 ans;2019;37793
91;91 - Essonne;11;11 - Île-de-France;F;25 à 29 ans;2019;40687
91;91 - Essonne;11;11 - Île-de-France;F;35 à 39 ans;2019;44838
91;91 - Essonne;11;11 - Île-de-France;F;40 à 44 ans;2019;43674
91;91 - Essonne;11;11 - Île-de-France;F;75 à 79 ans;2019;18430
92;92 - Hauts-de-Seine;11;11 - Île-de-France;H;0 à 4 ans;2019;54924
92;92 - Hauts-de-Seine;11;11 - Île-de-France;H;5 à 9 ans;2019;53358
92;92 - Hauts-de-Seine;11;11 - Île-de-France;H;10 à 14 ans;2019;51033
92;92 - Hauts-de-Seine;11;11 - Île-de-France;H;40 à 44 ans;2019;56449
92;92 - Hauts-de-Seine;11;11 - Île-de-France;H;75 à 79 ans;2019;17072
92;92 - Hauts-de-Seine;11;11 - Île-de-France;F;0 à 4 ans;2019;53078
92;92 - Hauts-de-Seine;11;11 - Île-de-France;F;10 à 14 ans;2019;48625
92;92 - Hauts-de-Seine;11;11 - Île-de-France;F;25 à 29 ans;2019;59221
92;92 - Hauts-de-Seine;11;11 - Île-de-France;F;30 à 34 ans;2019;64344
92;92 - Hauts-de-Seine;11;11 - Île-de-France;F;40 à 44 ans;2019;60314
92;92 - Hauts-de-Seine;11;11 - Île-de-France;F;45 à 49 ans;2019;59302
93;93 - Seine-Saint-Denis;11;11 - Île-de-France;H;20 à 24 ans;2019;50765
93;93 - Seine-Saint-Denis;11;11 - Île-de-France;H;35 à 39 ans;2019;61132
93;93 - Seine-Saint-Denis;11;11 - Île-de-France;H;50 à 54 ans;2019;50339
93;93 - Seine-Saint-Denis;11;11 - Île-de-France;H;55 à 59 ans;2019;45543
93;93 - Seine-Saint-Denis;11;11 - Île-de-France;H;60 à 64 ans;2019;37952
93;93 - Seine-Saint-Denis;11;11 - Île-de-France;H;75 à 79 ans;2019;14773
93;93 - Seine-Saint-Denis;11;11 - Île-de-France;F;0 à 4 ans;2019;64421
93;93 - Seine-Saint-Denis;11;11 - Île-de-France;F;30 à 34 ans;2019;65726
93;93 - Seine-Saint-Denis;11;11 - Île-de-France;F;45 à 49 ans;2019;53409
93;93 - Seine-Saint-Denis;11;11 - Île-de-France;F;65 à 69 ans;2019;34303
94;94 - Val-de-Marne;11;11 - Île-de-France;H;0 à 4 ans;2019;48408
94;94 - Val-de-Marne;11;11 - Île-de-France;H;5 à 9 ans;2019;47554
94;94 - Val-de-Marne;11;11 - Île-de-France;H;15 à 19 ans;2019;44193
94;94 - Val-de-Marne;11;11 - Île-de-France;H;20 à 24 ans;2019;45114
94;94 - Val-de-Marne;11;11 - Île-de-France;H;30 à 34 ans;2019;48463
94;94 - Val-de-Marne;11;11 - Île-de-France;H;50 à 54 ans;2019;43923
94;94 - Val-de-Marne;11;11 - Île-de-France;H;55 à 59 ans;2019;41621
94;94 - Val-de-Marne;11;11 - Île-de-France;H;60 à 64 ans;2019;34739
94;94 - Val-de-Marne;11;11 - Île-de-France;H;75 à 79 ans;2019;14739
94;94 - Val-de-Marne;11;11 - Île-de-France;F;60 à 64 ans;2019;38538
94;94 - Val-de-Marne;11;11 - Île-de-France;F;65 à 69 ans;2019;33450
95;95 - Val-d'Oise;11;11 - Île-de-France;H;15 à 19 ans;2019;43478
95;95 - Val-d'Oise;11;11 - Île-de-France;H;20 à 24 ans;2019;37887
95;95 - Val-d'Oise;11;11 - Île-de-France;H;25 à 29 ans;2019;37684
95;95 - Val-d'Oise;11;11 - Île-de-France;H;35 à 39 ans;2019;42191
95;95 - Val-d'Oise;11;11 - Île-de-France;H;65 à 69 ans;2019;26345
95;95 - Val-d'Oise;11;11 - Île-de-France;H;70 à 74 ans;2019;20142
95;95 - Val-d'Oise;11;11 - Île-de-France;F;0 à 4 ans;2019;44444
95;95 - Val-d'Oise;11;11 - Île-de-France;F;10 à 14 ans;2019;44209
95;95 - Val-d'Oise;11;11 - Île-de-France;F;15 à 19 ans;2019;41040
95;95 - Val-d'Oise;11;11 - Île-de-France;F;20 à 24 ans;2019;37629
95;95 - Val-d'Oise;11;11 - Île-de-France;F;25 à 29 ans;2019;40221
95;95 - Val-d'Oise;11;11 - Île-de-France;F;30 à 34 ans;2019;45572
95;95 - Val-d'Oise;11;11 - Île-de-France;F;35 à 39 ans;2019;45851
95;95 - Val-d'Oise;11;11 - Île-de-France;F;45 à 49 ans;2019;42246
95;95 - Val-d'Oise;11;11 - Île-de-France;F;55 à 59 ans;2019;40173
971;971 - Guadeloupe;01;01 - Guadeloupe;H;0 à 4 ans;2019;9454
971;971 - Guadeloupe;01;01 - Guadeloupe;H;10 à 14 ans;2019;13646
971;971 - Guadeloupe;01;01 - Guadeloupe;H;20 à 24 ans;2019;9607
971;971 - Guadeloupe;01;01 - Guadeloupe;H;40 à 44 ans;2019;9423
971;971 - Guadeloupe;01;01 - Guadeloupe;H;70 à 74 ans;2019;8469
971;971 - Guadeloupe;01;01 - Guadeloupe;F;0 à 4 ans;2019;9489
971;971 - Guadeloupe;01;01 - Guadeloupe;F;5 à 9 ans;2019;11531
971;971 - Guadeloupe;01;01 - Guadeloupe;F;30 à 34 ans;2019;10389
971;971 - Guadeloupe;01;01 - Guadeloupe;F;55 à 59 ans;2019;16351
971;971 - Guadeloupe;01;01 - Guadeloupe;F;75 à 79 ans;2019;7273
972;972 - Martinique;02;02 - Martinique;H;25 à 29 ans;2019;7697
972;972 - Martinique;02;02 - Martinique;H;30 à 34 ans;2019;7370
972;972 - Martinique;02;02 - Martinique;H;55 à 59 ans;2019;14558
972;972 - Martinique;02;02 - Martinique;H;75 à 79 ans;2019;5900
972;972 - Martinique;02;02 - Martinique;H;80 ans et plus;2019;8367
972;972 - Martinique;02;02 - Martinique;F;5 à 9 ans;2019;9826
972;972 - Martinique;02;02 - Martinique;F;10 à 14 ans;2019;10865
972;972 - Martinique;02;02 - Martinique;F;25 à 29 ans;2019;9212
972;972 - Martinique;02;02 - Martinique;F;70 à 74 ans;2019;9744
972;972 - Martinique;02;02 - Martinique;F;80 ans et plus;2019;13957
973;973 - Guyane;03;03 - Guyane;H;5 à 9 ans;2019;15273
973;973 - Guyane;03;03 - Guyane;H;15 à 19 ans;2019;13531
973;973 - Guyane;03;03 - Guyane;H;25 à 29 ans;2019;8696
973;973 - Guyane;03;03 - Guyane;H;55 à 59 ans;2019;5889
973;973 - Guyane;03;03 - Guyane;H;70 à 74 ans;2019;2167
973;973 - Guyane;03;03 - Guyane;F;10 à 14 ans;2019;14731
973;973 - Guyane;03;03 - Guyane;F;35 à 39 ans;2019;10605
973;973 - Guyane;03;03 - Guyane;F;50 à 54 ans;2019;7056
973;973 - Guyane;03;03 - Guyane;F;70 à 74 ans;2019;2161
973;973 - Guyane;03;03 - Guyane;F;80 ans et plus;2019;1768
974;974 - La Réunion;04;04 - La Réunion;H;30 à 34 ans;2019;23469
974;974 - La Réunion;04;04 - La Réunion;H;40 à 44 ans;2019;25631
974;974 - La Réunion;04;04 - La Réunion;H;50 à 54 ans;2019;31452
974;974 - La Réunion;04;04 - La Réunion;H;55 à 59 ans;2019;28167
974;974 - La Réunion;04;04 - La Réunion;F;0 à 4 ans;2019;29559
974;974 - La Réunion;04;04 - La Réunion;F;10 à 14 ans;2019;33974
974;974 - La Réunion;04;04 - La Réunion;F;40 à 44 ans;2019;30382
974;974 - La Réunion;04;04 - La Réunion;F;65 à 69 ans;2019;19587
974;974 - La Réunion;04;04 - La Réunion;F;70 à 74 ans;2019;13909
974;974 - La Réunion;04;04 - La Réunion;F;75 à 79 ans;2019;10492
976;976 - Mayotte;06;06 - Mayotte;H;65 à 69 ans;2019;1618
976;976 - Mayotte;06;06 - Mayotte;F;15 à 19 ans;2019;13909
976;976 - Mayotte;06;06 - Mayotte;F;20 à 24 ans;2019;10071
976;976 - Mayotte;06;06 - Mayotte;F;35 à 39 ans;2019;9951
976;976 - Mayotte;06;06 - Mayotte;F;40 à 44 ans;2019;7963
976;976 - Mayotte;06;06 - Mayotte;F;60 à 64 ans;2019;2081
976;976 - Mayotte;06;06 - Mayotte;F;65 à 69 ans;2019;1414
01;01 - Ain;84;84 - Auvergne-Rhône-Alpes;H;15 à 19 ans;2019;21277
01;01 - Ain;84;84 - Auvergne-Rhône-Alpes;H;20 à 24 ans;2019;15517
01;01 - Ain;84;84 - Auvergne-Rhône-Alpes;H;25 à 29 ans;2019;17167
01;01 - Ain;84;84 - Auvergne-Rhône-Alpes;H;35 à 39 ans;2019;21745
01;01 - Ain;84;84 - Auvergne-Rhône-Alpes;H;40 à 44 ans;2019;21019
01;01 - Ain;84;84 - Auvergne-Rhône-Alpes;H;55 à 59 ans;2019;20877
01;01 - Ain;84;84 - Auvergne-Rhône-Alpes;H;65 à 69 ans;2019;17038
01;01 - Ain;84;84 - Auvergne-Rhône-Alpes;H;70 à 74 ans;2019;13939
01;01 - Ain;84;84 - Auvergne-Rhône-Alpes;H;80 ans et plus;2019;12259
01;01 - Ain;84;84 - Auvergne-Rhône-Alpes;F;5 à 9 ans;2019;21734
01;01 - Ain;84;84 - Auvergne-Rhône-Alpes;F;10 à 14 ans;2019;22016
01;01 - Ain;84;84 - Auvergne-Rhône-Alpes;F;25 à 29 ans;2019;16947
01;01 - Ain;84;84 - Auvergne-Rhône-Alpes;F;45 à 49 ans;2019;24062
01;01 - Ain;84;84 - Auvergne-Rhône-Alpes;F;60 à 64 ans;2019;19604
02;02 - Aisne;32;32 - Hauts-de-France;H;5 à 9 ans;2019;17738
02;02 - Aisne;32;32 - Hauts-de-France;H;10 à 14 ans;2019;18232
02;02 - Aisne;32;32 - Hauts-de-France;H;20 à 24 ans;2019;13459
02;02 - Aisne;32;32 - Hauts-de-France;H;30 à 34 ans;2019;15094
02;02 - Aisne;32;32 - Hauts-de-France;H;55 à 59 ans;2019;17775
02;02 - Aisne;32;32 - Hauts-de-France;H;60 à 64 ans;2019;16954
02;02 - Aisne;32;32 - Hauts-de-France;H;65 à 69 ans;2019;16471
02;02 - Aisne;32;32 - Hauts-de-France;F;25 à 29 ans;2019;13464
02;02 - Aisne;32;32 - Hauts-de-France;F;40 à 44 ans;2019;15746
02;02 - Aisne;32;32 - Hauts-de-France;F;45 à 49 ans;2019;17544
02;02 - Aisne;32;32 - Hauts-de-France;F;55 à 59 ans;2019;18420
02;02 - Aisne;32;32 - Hauts-de-France;F;70 à 74 ans;2019;14310
03;03 - Allier;84;84 - Auvergne-Rhône-Alpes;H;10 à 14 ans;2019;9278
03;03 - Allier;84;84 - Auvergne-Rhône-Alpes;H;20 à 24 ans;2019;7773
03;03 - Allier;84;84 - Auvergne-Rhône-Alpes;H;25 à 29 ans;2019;7423
03;03 - Allier;84;84 - Auvergne-Rhône-Alpes;H;40 à 44 ans;2019;8909
03;03 - Allier;84;84 - Auvergne-Rhône-Alpes;H;45 à 49 ans;2019;11081
03;03 - Allier;84;84 - Auvergne-Rhône-Alpes;F;5 à 9 ans;2019;8364
03;03 - Allier;84;84 - Auvergne-Rhône-Alpes;F;25 à 29 ans;2019;7011
03;03 - Allier;84;84 - Auvergne-Rhône-Alpes;F;35 à 39 ans;2019;8924
03;03 - Allier;84;84 - Auvergne-Rhône-Alpes;F;55 à 59 ans;2019;11998
03;03 - Allier;84;84 - Auvergne-Rhône-Alpes;F;60 à 64 ans;2019;12677
03;03 - Allier;84;84 - Auvergne-Rhône-Alpes;F;70 à 74 ans;2019;11759
03;03 - Allier;84;84 - Auvergne-Rhône-Alpes;F;80 ans et plus;2019;19763
04;04 - Alpes-de-Haute-Provence;93;93 - Provence-Alpes-Côte d'Azur;H;0 à 4 ans;2019;3791
04;04 - Alpes-de-Haute-Provence;93;93 - Provence-Alpes-Côte d'Azur;H;10 à 14 ans;2019;4909
04;04 - Alpes-de-Haute-Provence;93;93 - Provence-Alpes-Côte d'Azur;H;25 à 29 ans;2019;3610
04;04 - Alpes-de-Haute-Provence;93;93 - Provence-Alpes-Côte d'Azur;H;30 à 34 ans;2019;3995
04;04 - Alpes-de-Haute-Provence;93;93 - Provence-Alpes-Côte d'Azur;H;55 à 59 ans;2019;5735
04;04 - Alpes-de-Haute-Provence;93;93 - Provence-Alpes-Côte d'Azur;H;65 à 69 ans;2019;5773
04;04 - Alpes-de-Haute-Provence;93;93 - Provence-Alpes-Côte d'Azur;H;70 à 74 ans;2019;5017
04;04 - Alpes-de-Haute-Provence;93;93 - Provence-Alpes-Côte d'Azur;H;80 ans et plus;2019;5020
04;04 - Alpes-de-Haute-Provence;93;93 - Provence-Alpes-Côte d'Azur;F;15 à 19 ans;2019;4292
04;04 - Alpes-de-Haute-Provence;93;93 - Provence-Alpes-Côte d'Azur;F;25 à 29 ans;2019;3446
04;04 - Alpes-de-Haute-Provence;93;93 - Provence-Alpes-Côte d'Azur;F;30 à 34 ans;2019;4178
04;04 - Alpes-de-Haute-Provence;93;93 - Provence-Alpes-Côte d'Azur;F;40 à 44 ans;2019;4644
04;04 - Alpes-de-Haute-Provence;93;93 - Provence-Alpes-Côte d'Azur;F;45 à 49 ans;2019;5606
04;04 - Alpes-de-Haute-Provence;93;93 - Provence-Alpes-Côte d'Azur;F;60 à 64 ans;2019;6175
05;05 - Hautes-Alpes;93;93 - Provence-Alpes-Côte d'Azur;H;0 à 4 ans;2019;3323
05;05 - Hautes-Alpes;93;93 - Provence-Alpes-Côte d'Azur;H;25 à 29 ans;2019;3257
05;05 - Hautes-Alpes;93;93 - Provence-Alpes-Côte d'Azur;H;30 à 34 ans;2019;3585
05;05 - Hautes-Alpes;93;93 - Provence-Alpes-Côte d'Azur;H;40 à 44 ans;2019;3961
05;05 - Hautes-Alpes;93;93 - Provence-Alpes-Côte d'Azur;H;45 à 49 ans;2019;4908
05;05 - Hautes-Alpes;93;93 - Provence-Alpes-Côte d'Azur;H;50 à 54 ans;2019;4945
05;05 - Hautes-Alpes;93;93 - Provence-Alpes-Côte d'Azur;H;55 à 59 ans;2019;5028
05;05 - Hautes-Alpes;93;93 - Provence-Alpes-Côte d'Azur;H;65 à 69 ans;2019;4798
05;05 - Hautes-Alpes;93;93 - Provence-Alpes-Côte d'Azur;H;75 à 79 ans;2019;2548
05;05 - Hautes-Alpes;93;93 - Provence-Alpes-Côte d'Azur;F;0 à 4 ans;2019;3118
05;05 - Hautes-Alpes;93;93 - Provence-Alpes-Côte d'Azur;F;15 à 19 ans;2019;3715
05;05 - Hautes-Alpes;93;93 - Provence-Alpes-Côte d'Azur;F;20 à 24 ans;2019;2438
05;05 - Hautes-Alpes;93;93 - Provence-Alpes-Côte d'Azur;F;25 à 29 ans;2019;3132
05;05 - Hautes-Alpes;93;93 - Provence-Alpes-Côte d'Azur;F;40 à 44 ans;2019;4148
05;05 - Hautes-Alpes;93;93 - Provence-Alpes-Côte d'Azur;F;55 à 59 ans;2019;5353
05;05 - Hautes-Alpes;93;93 - Provence-Alpes-Côte d'Azur;F;75 à 79 ans;2019;3107
06;06 - Alpes-Maritimes;93;93 - Provence-Alpes-Côte d'Azur;H;10 à 14 ans;2019;30659
06;06 - Alpes-Maritimes;93;93 - Provence-Alpes-Côte d'Azur;H;20 à 24 ans;2019;27991
06;06 - Alpes-Maritimes;93;93 - Provence-Alpes-Côte d'Azur;H;25 à 29 ans;2019;27315
06;06 - Alpes-Maritimes;93;93 - Provence-Alpes-Côte d'Azur;H;30 à 34 ans;2019;30135
06;06 - Alpes-Maritimes;93;93 - Provence-Alpes-Côte d'Azur;H;40 à 44 ans;2019;32466
06;06 - Alpes-Maritimes;93;93 - Provence-Alpes-Côte d'Azur;H;55 à 59 ans;2019;34459
06;06 - Alpes-Maritimes;93;93 - Provence-Alpes-Côte d'Azur;H;65 à 69 ans;2019;30836
06;06 - Alpes-Maritimes;93;93 - Provence-Alpes-Côte d'Azur;H;70 à 74 ans;2019;28055
06;06 - Alpes-Maritimes;93;93 - Provence-Alpes-Côte d'Azur;H;80 ans et plus;2019;32030
06;06 - Alpes-Maritimes;93;93 - Provence-Alpes-Côte d'Azur;F;0 à 4 ans;2019;27105
06;06 - Alpes-Maritimes;93;93 - Provence-Alpes-Côte d'Azur;F;25 à 29 ans;2019;28539
06;06 - Alpes-Maritimes;93;93 - Provence-Alpes-Côte d'Azur;F;30 à 34 ans;2019;31957
06;06 - Alpes-Maritimes;93;93 - Provence-Alpes-Côte d'Azur;F;70 à 74 ans;2019;35095
06;06 - Alpes-Maritimes;93;93 - Provence-Alpes-Côte d'Azur;F;80 ans et plus;2019;56025
07;07 - Ardèche;84;84 - Auvergne-Rhône-Alpes;H;5 à 9 ans;2019;9450
07;07 - Ardèche;84;84 - Auvergne-Rhône-Alpes;H;10 à 14 ans;2019;10180
07;07 - Ardèche;84;84 - Auvergne-Rhône-Alpes;H;20 à 24 ans;2019;6785
07;07 - Ardèche;84;84 - Auvergne-Rhône-Alpes;H;25 à 29 ans;2019;6879
07;07 - Ardèche;84;84 - Auvergne-Rhône-Alpes;H;40 à 44 ans;2019;9418
07;07 - Ardèche;84;84 - Auvergne-Rhône-Alpes;H;75 à 79 ans;2019;6143
07;07 - Ardèche;84;84 - Auvergne-Rhône-Alpes;F;10 à 14 ans;2019;9766
07;07 - Ardèche;84;84 - Auvergne-Rhône-Alpes;F;15 à 19 ans;2019;9372
07;07 - Ardèche;84;84 - Auvergne-Rhône-Alpes;F;25 à 29 ans;2019;6757
07;07 - Ardèche;84;84 - Auvergne-Rhône-Alpes;F;60 à 64 ans;2019;11838
07;07 - Ardèche;84;84 - Auvergne-Rhône-Alpes;F;70 à 74 ans;2019;10489
08;08 - Ardennes;44;44 - Grand Est;H;15 à 19 ans;2019;8813
08;08 - Ardennes;44;44 - Grand Est;H;20 à 24 ans;2019;6589
08;08 - Ardennes;44;44 - Grand Est;H;25 à 29 ans;2019;6947
08;08 - Ardennes;44;44 - Grand Est;H;30 à 34 ans;2019;7672
08;08 - Ardennes;44;44 - Grand Est;H;45 à 49 ans;2019;9220
08;08 - Ardennes;44;44 - Grand Est;H;50 à 54 ans;2019;9338
08;08 - Ardennes;44;44 - Grand Est;H;70 à 74 ans;2019;6694
08;08 - Ardennes;44;44 - Grand Est;H;75 à 79 ans;2019;3865
08;08 - Ardennes;44;44 - Grand Est;F;5 à 9 ans;2019;7997
08;08 - Ardennes;44;44 - Grand Est;F;10 à 14 ans;2019;8235
08;08 - Ardennes;44;44 - Grand Est;F;20 à 24 ans;2019;5809
08;08 - Ardennes;44;44 - Grand Est;F;30 à 34 ans;2019;7818
08;08 - Ardennes;44;44 - Grand Est;F;50 à 54 ans;2019;9500
08;08 - Ardennes;44;44 - Grand Est;F;70 à 74 ans;2019;7406
08;08 - Ardennes;44;44 - Grand Est;F;80 ans et plus;2019;11589
09;09 - Ariège;76;76 - Occitanie;H;0 à 4 ans;2019;3437
09;09 - Ariège;76;76 - Occitanie;H;10 à 14 ans;2019;4522
09;09 - Ariège;76;76 - Occitanie;H;20 à 24 ans;2019;3298
09;09 - Ariège;76;76 - Occitanie;H;55 à 59 ans;2019;5533
09;09 - Ariège;76;76 - Occitanie;H;65 à 69 ans;2019;5601
09;09 - Ariège;76;76 - Occitanie;H;70 à 74 ans;2019;4654
09;09 - Ariège;76;76 - Occitanie;H;75 à 79 ans;2019;2883
09;09 - Ariège;76;76 - Occitanie;H;80 ans et plus;2019;5019
09;09 - Ariège;76;76 - Occitanie;F;15 à 19 ans;2019;3872
09;09 - Ariège;76;76 - Occitanie;F;25 à 29 ans;2019;3147
09;09 - Ariège;76;76 - Occitanie;F;30 à 34 ans;2019;3806
09;09 - Ariège;76;76 - Occitanie;F;35 à 39 ans;2019;4326
09;09 - Ariège;76;76 - Occitanie;F;70 à 74 ans;2019;4863
10;10 - Aube;44;44 - Grand Est;H;50 à 54 ans;2019;9943
10;10 - Aube;44;44 - Grand Est;F;10 à 14 ans;2019;9774
10;10 - Aube;44;44 - Grand Est;F;15 à 19 ans;2019;9335
10;10 - Aube;44;44 - Grand Est;F;20 à 24 ans;2019;7791
10;10 - Aube;44;44 - Grand Est;F;25 à 29 ans;2019;8390
10;10 - Aube;44;44 - Grand Est;F;75 à 79 ans;2019;5846
11;11 - Aude;76;76 - Occitanie;H;0 à 4 ans;2019;8858
11;11 - Aude;76;76 - Occitanie;H;15 à 19 ans;2019;10923
11;11 - Aude;76;76 - Occitanie;H;25 à 29 ans;2019;7989
11;11 - Aude;76;76 - Occitanie;H;40 à 44 ans;2019;10424
11;11 - Aude;76;76 - Occitanie;H;50 à 54 ans;2019;12692
11;11 - Aude;76;76 - Occitanie;H;65 à 69 ans;2019;13228
11;11 - Aude;76;76 - Occitanie;F;30 à 34 ans;2019;9613
11;11 - Aude;76;76 - Occitanie;F;35 à 39 ans;2019;10858
11;11 - Aude;76;76 - Occitanie;F;45 à 49 ans;2019;13090
11;11 - Aude;76;76 - Occitanie;F;55 à 59 ans;2019;13293
11;11 - Aude;76;76 - Occitanie;F;75 à 79 ans;2019;8769
11;11 - Aude;76;76 - Occitanie;F;80 ans et plus;2019;18447
12;12 - Aveyron;76;76 - Occitanie;H;0 à 4 ans;2019;6185
12;12 - Aveyron;76;76 - Occitanie;H;10 à 14 ans;2019;8075
12;12 - Aveyron;76;76 - Occitanie;H;15 à 19 ans;2019;8126
12;12 - Aveyron;76;76 - Occitanie;H;35 à 39 ans;2019;7660
12;12 - Aveyron;76;76 - Occitanie;H;40 à 44 ans;2019;7839
12;12 - Aveyron;76;76 - Occitanie;H;45 à 49 ans;2019;9257
12;12 - Aveyron;76;76 - Occitanie;H;50 à 54 ans;2019;9868
12;12 - Aveyron;76;76 - Occitanie;H;55 à 59 ans;2019;9871
12;12 - Aveyron;76;76 - Occitanie;F;0 à 4 ans;2019;5763
12;12 - Aveyron;76;76 - Occitanie;F;10 à 14 ans;2019;7653
12;12 - Aveyron;76;76 - Occitanie;F;15 à 19 ans;2019;7092
12;12 - Aveyron;76;76 - Occitanie;F;35 à 39 ans;2019;7577
12;12 - Aveyron;76;76 - Occitanie;F;75 à 79 ans;2019;6702
13;13 - Bouches-du-Rhône;93;93 - Provence-Alpes-Côte d'Azur;H;35 à 39 ans;2019;62128
13;13 - Bouches-du-Rhône;93;93 - Provence-Alpes-Côte d'Azur;H;40 à 44 ans;2019;59856
13;13 - Bouches-du-Rhône;93;93 - Provence-Alpes-Côte d'Azur;H;45 à 49 ans;2019;65911
13;13 - Bouches-du-Rhône;93;93 - Provence-Alpes-Côte d'Azur;H;50 à 54 ans;2019;65195
13;13 - Bouches-du-Rhône;93;93 - Provence-Alpes-Côte d'Azur;H;55 à 59 ans;2019;62399
13;13 - Bouches-du-Rhône;93;93 - Provence-Alpes-Côte d'Azur;H;75 à 79 ans;2019;33009
13;13 - Bouches-du-Rhône;93;93 - Provence-Alpes-Côte d'Azur;F;10 à 14 ans;2019;58872
13;13 - Bouches-du-Rhône;93;93 - Provence-Alpes-Côte d'Azur;F;40 à 44 ans;2019;63540
13;13 - Bouches-du-Rhône;93;93 - Provence-Alpes-Côte d'Azur;F;70 à 74 ans;2019;55108
13;13 - Bouches-du-Rhône;93;93 - Provence-Alpes-Côte d'Azur;F;75 à 79 ans;2019;41055
14;14 - Calvados;28;28 - Normandie;H;0 à 4 ans;2019;17293
14;14 - Calvados;28;28 - Normandie;H;10 à 14 ans;2019;21991
14;14 - Calvados;28;28 - Normandie;H;25 à 29 ans;2019;18223
14;14 - Calvados;28;28 - Normandie;H;30 à 34 ans;2019;19149
14;14 - Calvados;28;28 - Normandie;H;70 à 74 ans;2019;16850
14;14 - Calvados;28;28 - Normandie;F;40 à 44 ans;2019;20371
14;14 - Calvados;28;28 - Normandie;F;70 à 74 ans;2019;19734
15;15 - Cantal;84;84 - Auvergne-Rhône-Alpes;H;0 à 4 ans;2019;2946
15;15 - Cantal;84;84 - Auvergne-Rhône-Alpes;H;55 à 59 ans;2019;5487
15;15 - Cantal;84;84 - Auvergne-Rhône-Alpes;H;75 à 79 ans;2019;2808
15;15 - Cantal;84;84 - Auvergne-Rhône-Alpes;F;10 à 14 ans;2019;3811
15;15 - Cantal;84;84 - Auvergne-Rhône-Alpes;F;20 à 24 ans;2019;2547
15;15 - Cantal;84;84 - Auvergne-Rhône-Alpes;F;25 à 29 ans;2019;2837
15;15 - Cantal;84;84 - Auvergne-Rhône-Alpes;F;30 à 34 ans;2019;3359
15;15 - Cantal;84;84 - Auvergne-Rhône-Alpes;F;35 à 39 ans;2019;3914
15;15 - Cantal;84;84 - Auvergne-Rhône-Alpes;F;65 à 69 ans;2019;5675
16;16 - Charente;75;75 - Nouvelle-Aquitaine;H;0 à 4 ans;2019;7807
16;16 - Charente;75;75 - Nouvelle-Aquitaine;H;10 à 14 ans;2019;10436
16;16 - Charente;75;75 - Nouvelle-Aquitaine;H;15 à 19 ans;2019;10071
16;16 - Charente;75;75 - Nouvelle-Aquitaine;H;25 à 29 ans;2019;8498
16;16 - Charente;75;75 - Nouvelle-Aquitaine;H;40 à 44 ans;2019;9606
16;16 - Charente;75;75 - Nouvelle-Aquitaine;H;45 à 49 ans;2019;11802
16;16 - Charente;75;75 - Nouvelle-Aquitaine;H;50 à 54 ans;2019;12004
16;16 - Charente;75;75 - Nouvelle-Aquitaine;H;60 à 64 ans;2019;12505
16;16 - Charente;75;75 - Nouvelle-Aquitaine;H;80 ans et plus;2019;10657
16;16 - Charente;75;75 - Nouvelle-Aquitaine;F;15 à 19 ans;2019;9373
16;16 - Charente;75;75 - Nouvelle-Aquitaine;F;25 à 29 ans;2019;8191
16;16 - Charente;75;75 - Nouvelle-Aquitaine;F;30 à 34 ans;2019;9028
16;16 - Charente;75;75 - Nouvelle-Aquitaine;F;35 à 39 ans;2019;9902
16;16 - Charente;75;75 - Nouvelle-Aquitaine;F;50 à 54 ans;2019;12533
16;16 - Charente;75;75 - Nouvelle-Aquitaine;F;70 à 74 ans;2019;11071
17;17 - Charente-Maritime;75;75 - Nouvelle-Aquitaine;H;15 à 19 ans;2019;19555
17;17 - Charente-Maritime;75;75 - Nouvelle-Aquitaine;H;40 à 44 ans;2019;17448
17;17 - Charente-Maritime;75;75 - Nouvelle-Aquitaine;H;45 à 49 ans;2019;21733
17;17 - Charente-Maritime;75;75 - Nouvelle-Aquitaine;H;55 à 59 ans;2019;20754
17;17 - Charente-Maritime;75;75 - Nouvelle-Aquitaine;F;15 à 19 ans;2019;17433
17;17 - Charente-Maritime;75;75 - Nouvelle-Aquitaine;F;25 à 29 ans;2019;13647
17;17 - Charente-Maritime;75;75 - Nouvelle-Aquitaine;F;30 à 34 ans;2019;15904
17;17 - Charente-Maritime;75;75 - Nouvelle-Aquitaine;F;40 à 44 ans;2019;18317
17;17 - Charente-Maritime;75;75 - Nouvelle-Aquitaine;F;55 à 59 ans;2019;22626
17;17 - Charente-Maritime;75;75 - Nouvelle-Aquitaine;F;60 à 64 ans;2019;25587
17;17 - Charente-Maritime;75;75 - Nouvelle-Aquitaine;F;80 ans et plus;2019;34703
18;18 - Cher;24;24 - Centre-Val de Loire;H;5 à 9 ans;2019;8399
18;18 - Cher;24;24 - Centre-Val de Loire;H;40 à 44 ans;2019;8140
18;18 - Cher;24;24 - Centre-Val de Loire;H;65 à 69 ans;2019;10413
18;18 - Cher;24;24 - Centre-Val de Loire;H;70 à 74 ans;2019;9015
18;18 - Cher;24;24 - Centre-Val de Loire;F;10 à 14 ans;2019;8198
18;18 - Cher;24;24 - Centre-Val de Loire;F;40 à 44 ans;2019;8304
18;18 - Cher;24;24 - Centre-Val de Loire;F;55 à 59 ans;2019;10912
18;18 - Cher;24;24 - Centre-Val de Loire;F;60 à 64 ans;2019;11230
18;18 - Cher;24;24 - Centre-Val de Loire;F;70 à 74 ans;2019;10022
19;19 - Corrèze;75;75 - Nouvelle-Aquitaine;H;10 à 14 ans;2019;6649
19;19 - Corrèze;75;75 - Nouvelle-Aquitaine;H;20 à 24 ans;2019;5614
19;19 - Corrèze;75;75 - Nouvelle-Aquitaine;H;35 à 39 ans;2019;6341
19;19 - Corrèze;75;75 - Nouvelle-Aquitaine;H;40 à 44 ans;2019;6830
19;19 - Corrèze;75;75 - Nouvelle-Aquitaine;H;65 à 69 ans;2019;8757
19;19 - Corrèze;75;75 - Nouvelle-Aquitaine;H;70 à 74 ans;2019;7182
19;19 - Corrèze;75;75 - Nouvelle-Aquitaine;F;5 à 9 ans;2019;5813
19;19 - Corrèze;75;75 - Nouvelle-Aquitaine;F;10 à 14 ans;2019;6451
19;19 - Corrèze;75;75 - Nouvelle-Aquitaine;F;25 à 29 ans;2019;4867
19;19 - Corrèze;75;75 - Nouvelle-Aquitaine;F;35 à 39 ans;2019;6464
19;19 - Corrèze;75;75 - Nouvelle-Aquitaine;F;75 à 79 ans;2019;5908
2A;2A - Corse-du-Sud;94;94 - Corse;H;10 à 14 ans;2019;4318
2A;2A - Corse-du-Sud;94;94 - Corse;H;15 à 19 ans;2019;4011
2A;2A - Corse-du-Sud;94;94 - Corse;H;20 à 24 ans;2019;3087
2A;2A - Corse-du-Sud;94;94 - Corse;H;25 à 29 ans;2019;3803
2A;2A - Corse-du-Sud;94;94 - Corse;H;35 à 39 ans;2019;4951
2A;2A - Corse-du-Sud;94;94 - Corse;H;40 à 44 ans;2019;4932
2A;2A - Corse-du-Sud;94;94 - Corse;H;45 à 49 ans;2019;5774
2A;2A - Corse-du-Sud;94;94 - Corse;F;10 à 14 ans;2019;4067
2A;2A - Corse-du-Sud;94;94 - Corse;F;15 à 19 ans;2019;3499
2A;2A - Corse-du-Sud;94;94 - Corse;F;20 à 24 ans;2019;3046
2A;2A - Corse-du-Sud;94;94 - Corse;F;45 à 49 ans;2019;5780
2A;2A - Corse-du-Sud;94;94 - Corse;F;60 à 64 ans;2019;5124
2A;2A - Corse-du-Sud;94;94 - Corse;F;75 à 79 ans;2019;3920
2A;2A - Corse-du-Sud;94;94 - Corse;F;80 ans et plus;2019;6996
2B;2B - Haute-Corse;94;94 - Corse;H;5 à 9 ans;2019;5118
2B;2B - Haute-Corse;94;94 - Corse;H;25 à 29 ans;2019;5027
2B;2B - Haute-Corse;94;94 - Corse;H;35 à 39 ans;2019;5669
2B;2B - Haute-Corse;94;94 - Corse;H;70 à 74 ans;2019;4855
2B;2B - Haute-Corse;94;94 - Corse;H;80 ans et plus;2019;4704
2B;2B - Haute-Corse;94;94 - Corse;F;20 à 24 ans;2019;4882
2B;2B - Haute-Corse;94;94 - Corse;F;45 à 49 ans;2019;6437
2B;2B - Haute-Corse;94;94 - Corse;F;55 à 59 ans;2019;6152
2B;2B - Haute-Corse;94;94 - Corse;F;80 ans et plus;2019;7308
21;21 - Côte-d'Or;27;27 - Bourgogne-Franche-Comté;H;25 à 29 ans;2019;15901
21;21 - Côte-d'Or;27;27 - Bourgogne-Franche-Comté;H;50 à 54 ans;2019;16856
21;21 - Côte-d'Or;27;27 - Bourgogne-Franche-Comté;H;55 à 59 ans;2019;16684
21;21 - Côte-d'Or;27;27 - Bourgogne-Franche-Comté;H;60 à 64 ans;2019;15989
21;21 - Côte-d'Or;27;27 - Bourgogne-Franche-Comté;H;80 ans et plus;2019;12207
21;21 - Côte-d'Or;27;27 - Bourgogne-Franche-Comté;F;10 à 14 ans;2019;14975
21;21 - Côte-d'Or;27;27 - Bourgogne-Franche-Comté;F;15 à 19 ans;2019;17001
21;21 - Côte-d'Or;27;27 - Bourgogne-Franche-Comté;F;20 à 24 ans;2019;19018
21;21 - Côte-d'Or;27;27 - Bourgogne-Franche-Comté;F;40 à 44 ans;2019;15882
21;21 - Côte-d'Or;27;27 - Bourgogne-Franche-Comté;F;50 à 54 ans;2019;17414
21;21 - Côte-d'Or;27;27 - Bourgogne-Franche-Comté;F;65 à 69 ans;2019;17249
21;21 - Côte-d'Or;27;27 - Bourgogne-Franche-Comté;F;80 ans et plus;2019;22197
22;22 - Côtes-d'Armor;53;53 - Bretagne;H;35 à 39 ans;2019;15876
22;22 - Côtes-d'Armor;53;53 - Bretagne;H;40 à 44 ans;2019;16778
22;22 - Côtes-d'Armor;53;53 - Bretagne;F;0 à 4 ans;2019;13718
22;22 - Côtes-d'Armor;53;53 - Bretagne;F;20 à 24 ans;2019;11482
22;22 - Côtes-d'Armor;53;53 - Bretagne;F;25 à 29 ans;2019;12071
22;22 - Côtes-d'Armor;53;53 - Bretagne;F;35 à 39 ans;2019;16477
22;22 - Côtes-d'Armor;53;53 - Bretagne;F;50 à 54 ans;2019;19854
22;22 - Côtes-d'Armor;53;53 - Bretagne;F;60 à 64 ans;2019;22005
22;22 - Côtes-d'Armor;53;53 - Bretagne;F;80 ans et plus;2019;32358
23;23 - Creuse;75;75 - Nouvelle-Aquitaine;H;0 à 4 ans;2019;2161
23;23 - Creuse;75;75 - Nouvelle-Aquitaine;H;5 à 9 ans;2019;2655
23;23 - Creuse;75;75 - Nouvelle-Aquitaine;H;25 à 29 ans;2019;2282
23;23 - Creuse;75;75 - Nouvelle-Aquitaine;H;30 à 34 ans;2019;2588
23;23 - Creuse;75;75 - Nouvelle-Aquitaine;H;40 à 44 ans;2019;3005
23;23 - Creuse;75;75 - Nouvelle-Aquitaine;H;50 à 54 ans;2019;4137
23;23 - Creuse;75;75 - Nouvelle-Aquitaine;H;70 à 74 ans;2019;4043
23;23 - Creuse;75;75 - Nouvelle-Aquitaine;F;5 à 9 ans;2019;2666
23;23 - Creuse;75;75 - Nouvelle-Aquitaine;F;10 à 14 ans;2019;2866
23;23 - Creuse;75;75 - Nouvelle-Aquitaine;F;15 à 19 ans;2019;2737
23;23 - Creuse;75;75 - Nouvelle-Aquitaine;F;20 à 24 ans;2019;1883
23;23 - Creuse;75;75 - Nouvelle-Aquitaine;F;25 à 29 ans;2019;2250
23;23 - Creuse;75;75 - Nouvelle-Aquitaine;F;30 à 34 ans;2019;2445
23;23 - Creuse;75;75 - Nouvelle-Aquitaine;F;40 à 44 ans;2019;3049
23;23 - Creuse;75;75 - Nouvelle-Aquitaine;F;55 à 59 ans;2019;4576
23;23 - Creuse;75;75 - Nouvelle-Aquitaine;F;80 ans et plus;2019;7895
24;24 - Dordogne;75;75 - Nouvelle-Aquitaine;H;0 à 4 ans;2019;8211
24;24 - Dordogne;75;75 - Nouvelle-Aquitaine;H;10 à 14 ans;2019;11395
24;24 - Dordogne;75;75 - Nouvelle-Aquitaine;H;50 à 54 ans;2019;14085
24;24 - Dordogne;75;75 - Nouvelle-Aquitaine;H;55 à 59 ans;2019;14816
24;24 - Dordogne;75;75 - Nouvelle-Aquitaine;H;60 à 64 ans;2019;15598
24;24 - Dordogne;75;75 - Nouvelle-Aquitaine;F;10 à 14 ans;2019;10773
24;24 - Dordogne;75;75 - Nouvelle-Aquitaine;F;20 à 24 ans;2019;7256
24;24 - Dordogne;75;75 - Nouvelle-Aquitaine;F;80 ans et plus;2019;24041
25;25 - Doubs;27;27 - Bourgogne-Franche-Comté;H;0 à 4 ans;2019;15623
25;25 - Doubs;27;27 - Bourgogne-Franche-Comté;H;10 à 14 ans;2019;17973
25;25 - Doubs;27;27 - Bourgogne-Franche-Comté;H;40 à 44 ans;2019;16236
25;25 - Doubs;27;27 - Bourgogne-Franche-Comté;H;45 à 49 ans;2019;17988
25;25 - Doubs;27;27 - Bourgogne-Franche-Comté;H;75 à 79 ans;2019;7820
25;25 - Doubs;27;27 - Bourgogne-Franche-Comté;F;0 à 4 ans;2019;15087
25;25 - Doubs;27;27 - Bourgogne-Franche-Comté;F;5 à 9 ans;2019;16968
25;25 - Doubs;27;27 - Bourgogne-Franche-Comté;F;15 à 19 ans;2019;16591
25;25 - Doubs;27;27 - Bourgogne-Franche-Comté;F;40 à 44 ans;2019;16226
25;25 - Doubs;27;27 - Bourgogne-Franche-Comté;F;45 à 49 ans;2019;17948
25;25 - Doubs;27;27 - Bourgogne-Franche-Comté;F;50 à 54 ans;2019;17487
25;25 - Doubs;27;27 - Bourgogne-Franche-Comté;F;55 à 59 ans;2019;17218
25;25 - Doubs;27;27 - Bourgogne-Franche-Comté;F;60 à 64 ans;2019;16839
25;25 - Doubs;27;27 - Bourgogne-Franche-Comté;F;70 à 74 ans;2019;14061
26;26 - Drôme;84;84 - Auvergne-Rhône-Alpes;H;10 à 14 ans;2019;17242
26;26 - Drôme;84;84 - Auvergne-Rhône-Alpes;H;15 à 19 ans;2019;16243
26;26 - Drôme;84;84 - Auvergne-Rhône-Alpes;H;60 à 64 ans;2019;15731
26;26 - Drôme;84;84 - Auvergne-Rhône-Alpes;H;65 à 69 ans;2019;15290
26;26 - Drôme;84;84 - Auvergne-Rhône-Alpes;H;70 à 74 ans;2019;13097
26;26 - Drôme;84;84 - Auvergne-Rhône-Alpes;H;75 à 79 ans;2019;8683
26;26 - Drôme;84;84 - Auvergne-Rhône-Alpes;F;0 à 4 ans;2019;13590
26;26 - Drôme;84;84 - Auvergne-Rhône-Alpes;F;5 à 9 ans;2019;15726
26;26 - Drôme;84;84 - Auvergne-Rhône-Alpes;F;10 à 14 ans;2019;16590
26;26 - Drôme;84;84 - Auvergne-Rhône-Alpes;F;60 à 64 ans;2019;17060
27;27 - Eure;28;28 - Normandie;H;10 à 14 ans;2019;21216
27;27 - Eure;28;28 - Normandie;H;25 à 29 ans;2019;14275
27;27 - Eure;28;28 - Normandie;H;30 à 34 ans;2019;17056
27;27 - Eure;28;28 - Normandie;H;35 à 39 ans;2019;18594
27;27 - Eure;28;28 - Normandie;H;40 à 44 ans;2019;18371
27;27 - Eure;28;28 - Normandie;H;55 à 59 ans;2019;19567
27;27 - Eure;28;28 - Normandie;H;65 à 69 ans;2019;17605
27;27 - Eure;28;28 - Normandie;H;75 à 79 ans;2019;7822
27;27 - Eure;28;28 - Normandie;H;80 ans et plus;2019;11621
27;27 - Eure;28;28 - Normandie;F;0 à 4 ans;2019;16860
27;27 - Eure;28;28 - Normandie;F;25 à 29 ans;2019;14619
27;27 - Eure;28;28 - Normandie;F;35 à 39 ans;2019;19657
28;28 - Eure-et-Loir;24;24 - Centre-Val de Loire;H;0 à 4 ans;2019;12620
28;28 - Eure-et-Loir;24;24 - Centre-Val de Loire;H;10 à 14 ans;2019;15178
28;28 - Eure-et-Loir;24;24 - Centre-Val de Loire;H;35 à 39 ans;2019;13157
28;28 - Eure-et-Loir;24;24 - Centre-Val de Loire;H;50 à 54 ans;2019;14607
28;28 - Eure-et-Loir;24;24 - Centre-Val de Loire;H;65 à 69 ans;2019;12868
28;28 - Eure-et-Loir;24;24 - Centre-Val de Loire;F;0 à 4 ans;2019;12040
28;28 - Eure-et-Loir;24;24 - Centre-Val de Loire;F;5 à 9 ans;2019;14122
28;28 - Eure-et-Loir;24;24 - Centre-Val de Loire;F;25 à 29 ans;2019;10288
28;28 - Eure-et-Loir;24;24 - Centre-Val de Loire;F;35 à 39 ans;2019;13760
28;28 - Eure-et-Loir;24;24 - Centre-Val de Loire;F;40 à 44 ans;2019;13546
28;28 - Eure-et-Loir;24;24 - Centre-Val de Loire;F;55 à 59 ans;2019;14482
28;28 - Eure-et-Loir;24;24 - Centre-Val de Loire;F;75 à 79 ans;2019;7568
29;29 - Finistère;53;53 - Bretagne;H;0 à 4 ans;2019;22005
29;29 - Finistère;53;53 - Bretagne;H;30 à 34 ans;2019;24204
29;29 - Finistère;53;53 - Bretagne;H;45 à 49 ans;2019;31980
29;29 - Finistère;53;53 - Bretagne;H;50 à 54 ans;2019;30546
29;29 - Finistère;53;53 - Bretagne;H;55 à 59 ans;2019;31149
29;29 - Finistère;53;53 - Bretagne;H;70 à 74 ans;2019;23320
29;29 - Finistère;53;53 - Bretagne;H;75 à 79 ans;2019;14214
29;29 - Finistère;53;53 - Bretagne;H;80 ans et plus;2019;22049
29;29 - Finistère;53;53 - Bretagne;F;0 à 4 ans;2019;20999
29;29 - Finistère;53;53 - Bretagne;F;10 à 14 ans;2019;26662
29;29 - Finistère;53;53 - Bretagne;F;20 à 24 ans;2019;22647
29;29 - Finistère;53;53 - Bretagne;F;30 à 34 ans;2019;23964
29;29 - Finistère;53;53 - Bretagne;F;35 à 39 ans;2019;26587
29;29 - Finistère;53;53 - Bretagne;F;55 à 59 ans;2019;31776
29;29 - Finistère;53;53 - Bretagne;F;80 ans et plus;2019;44466
30;30 - Gard;76;76 - Occitanie;H;15 à 19 ans;2019;23708
30;30 - Gard;76;76 - Occitanie;H;25 à 29 ans;2019;17659
30;30 - Gard;76;76 - Occitanie;H;30 à 34 ans;2019;19094
30;30 - Gard;76;76 - Occitanie;H;35 à 39 ans;2019;21200
30;30 - Gard;76;76 - Occitanie;H;50 à 54 ans;2019;25442
30;30 - Gard;76;76 - Occitanie;H;55 à 59 ans;2019;24384
30;30 - Gard;76;76 - Occitanie;H;60 à 64 ans;2019;23802
30;30 - Gard;76;76 - Occitanie;H;65 à 69 ans;2019;24534
30;30 - Gard;76;76 - Occitanie;F;15 à 19 ans;2019;21773
30;30 - Gard;76;76 - Occitanie;F;40 à 44 ans;2019;22224
30;30 - Gard;76;76 - Occitanie;F;70 à 74 ans;2019;23131
30;30 - Gard;76;76 - Occitanie;F;80 ans et plus;2019;31242
31;31 - Haute-Garonne;76;76 - Occitanie;H;10 à 14 ans;2019;41883
31;31 - Haute-Garonne;76;76 - Occitanie;H;15 à 19 ans;2019;43930
31;31 - Haute-Garonne;76;76 - Occitanie;H;35 à 39 ans;2019;49385
31;31 - Haute-Garonne;76;76 - Occitanie;H;75 à 79 ans;2019;16978
31;31 - Haute-Garonne;76;76 - Occitanie;H;80 ans et plus;2019;25823
31;31 - Haute-Garonne;76;76 - Occitanie;F;10 à 14 ans;2019;39959
31;31 - Haute-Garonne;76;76 - Occitanie;F;50 à 54 ans;2019;46656
32;32 - Gers;76;76 - Occitanie;H;35 à 39 ans;2019;4846
32;32 - Gers;76;76 - Occitanie;H;45 à 49 ans;2019;6515
32;32 - Gers;76;76 - Occitanie;H;50 à 54 ans;2019;6869
32;32 - Gers;76;76 - Occitanie;H;55 à 59 ans;2019;7028
32;32 - Gers;76;76 - Occitanie;H;75 à 79 ans;2019;3944
32;32 - Gers;76;76 - Occitanie;F;0 à 4 ans;2019;3798
32;32 - Gers;76;76 - Occitanie;F;10 à 14 ans;2019;5231
32;32 - Gers;76;76 - Occitanie;F;15 à 19 ans;2019;4981
32;32 - Gers;76;76 - Occitanie;F;35 à 39 ans;2019;5059
32;32 - Gers;76;76 - Occitanie;F;50 à 54 ans;2019;6901
33;33 - Gironde;75;75 - Nouvelle-Aquitaine;H;0 à 4 ans;2019;43022
33;33 - Gironde;75;75 - Nouvelle-Aquitaine;H;30 à 34 ans;2019;48976
33;33 - Gironde;75;75 - Nouvelle-Aquitaine;H;65 à 69 ans;2019;42859
33;33 - Gironde;75;75 - Nouvelle-Aquitaine;H;80 ans et plus;2019;33191
33;33 - Gironde;75;75 - Nouvelle-Aquitaine;F;10 à 14 ans;2019;47167
33;33 - Gironde;75;75 - Nouvelle-Aquitaine;F;15 à 19 ans;2019;48971
33;33 - Gironde;75;75 - Nouvelle-Aquitaine;F;30 à 34 ans;2019;52533
33;33 - Gironde;75;75 - Nouvelle-Aquitaine;F;35 à 39 ans;2019;55391
33;33 - Gironde;75;75 - Nouvelle-Aquitaine;F;55 à 59 ans;2019;52019
33;33 - Gironde;75;75 - Nouvelle-Aquitaine;F;70 à 74 ans;2019;41868
34;34 - Hérault;76;76 - Occitanie;H;5 à 9 ans;2019;34239
34;34 - Hérault;76;76 - Occitanie;H;15 à 19 ans;2019;36396
34;34 - Hérault;76;76 - Occitanie;H;40 à 44 ans;2019;33802
34;34 - Hérault;76;76 - Occitanie;H;50 à 54 ans;2019;36340
34;34 - Hérault;76;76 - Occitanie;H;75 à 79 ans;2019;19656
34;34 - Hérault;76;76 - Occitanie;H;80 ans et plus;2019;27594
34;34 - Hérault;76;76 - Occitanie;F;0 à 4 ans;2019;29917
34;34 - Hérault;76;76 - Occitanie;F;25 à 29 ans;2019;35212
34;34 - Hérault;76;76 - Occitanie;F;30 à 34 ans;2019;36247
34;34 - Hérault;76;76 - Occitanie;F;35 à 39 ans;2019;37347
34;34 - Hérault;76;76 - Occitanie;F;75 à 79 ans;2019;23368
35;35 - Ille-et-Vilaine;53;53 - Bretagne;H;5 à 9 ans;2019;35960
35;35 - Ille-et-Vilaine;53;53 - Bretagne;H;20 à 24 ans;2019;36356
35;35 - Ille-et-Vilaine;53;53 - Bretagne;H;30 à 34 ans;2019;32796
35;35 - Ille-et-Vilaine;53;53 - Bretagne;H;55 à 59 ans;2019;32372
35;35 - Ille-et-Vilaine;53;53 - Bretagne;H;70 à 74 ans;2019;21137
35;35 - Ille-et-Vilaine;53;53 - Bretagne;H;75 à 79 ans;2019;13420
35;35 - Ille-et-Vilaine;53;53 - Bretagne;F;0 à 4 ans;2019;29276
35;35 - Ille-et-Vilaine;53;53 - Bretagne;F;5 à 9 ans;2019;33791
35;35 - Ille-et-Vilaine;53;53 - Bretagne;F;20 à 24 ans;2019;36286
35;35 - Ille-et-Vilaine;53;53 - Bretagne;F;25 à 29 ans;2019;31909
35;35 - Ille-et-Vilaine;53;53 - Bretagne;F;30 à 34 ans;2019;33544
35;35 - Ille-et-Vilaine;53;53 - Bretagne;F;35 à 39 ans;2019;35370
35;35 - Ille-et-Vilaine;53;53 - Bretagne;F;45 à 49 ans;2019;36939
35;35 - Ille-et-Vilaine;53;53 - Bretagne;F;50 à 54 ans;2019;34955
36;36 - Indre;24;24 - Centre-Val de Loire;H;55 à 59 ans;2019;7626
36;36 - Indre;24;24 - Centre-Val de Loire;H;60 à 64 ans;2019;7986
36;36 - Indre;24;24 - Centre-Val de Loire;H;70 à 74 ans;2019;6791
36;36 - Indre;24;24 - Centre-Val de Loire;F;0 à 4 ans;2019;4522
36;36 - Indre;24;24 - Centre-Val de Loire;F;5 à 9 ans;2019;5330
36;36 - Indre;24;24 - Centre-Val de Loire;F;20 à 24 ans;2019;4127
36;36 - Indre;24;24 - Centre-Val de Loire;F;45 à 49 ans;2019;7407
36;36 - Indre;24;24 - Centre-Val de Loire;F;50 à 54 ans;2019;7850
36;36 - Indre;24;24 - Centre-Val de Loire;F;60 à 64 ans;2019;8233
37;37 - Indre-et-Loire;24;24 - Centre-Val de Loire;H;0 à 4 ans;2019;15993
37;37 - Indre-et-Loire;24;24 - Centre-Val de Loire;H;65 à 69 ans;2019;17689
37;37 - Indre-et-Loire;24;24 - Centre-Val de Loire;H;70 à 74 ans;2019;14357
37;37 - Indre-et-Loire;24;24 - Centre-Val de Loire;H;80 ans et plus;2019;15291
37;37 - Indre-et-Loire;24;24 - Centre-Val de Loire;F;0 à 4 ans;2019;15494
37;37 - Indre-et-Loire;24;24 - Centre-Val de Loire;F;30 à 34 ans;2019;18416
37;37 - Indre-et-Loire;24;24 - Centre-Val de Loire;F;45 à 49 ans;2019;20860
37;37 - Indre-et-Loire;24;24 - Centre-Val de Loire;F;50 à 54 ans;2019;20749
37;37 - Indre-et-Loire;24;24 - Centre-Val de Loire;F;55 à 59 ans;2019;19747
37;37 - Indre-et-Loire;24;24 - Centre-Val de Loire;F;65 à 69 ans;2019;20013
37;37 - Indre-et-Loire;24;24 - Centre-Val de Loire;F;70 à 74 ans;2019;17134
37;37 - Indre-et-Loire;24;24 - Centre-Val de Loire;F;75 à 79 ans;2019;11610
37;37 - Indre-et-Loire;24;24 - Centre-Val de Loire;F;80 ans et plus;2019;26658
38;38 - Isère;84;84 - Auvergne-Rhône-Alpes;H;0 à 4 ans;2019;37020
38;38 - Isère;84;84 - Auvergne-Rhône-Alpes;H;45 à 49 ans;2019;44528
38;38 - Isère;84;84 - Auvergne-Rhône-Alpes;H;60 à 64 ans;2019;35346
38;38 - Isère;84;84 - Auvergne-Rhône-Alpes;H;70 à 74 ans;2019;27069
38;38 - Isère;84;84 - Auvergne-Rhône-Alpes;F;20 à 24 ans;2019;36590
38;38 - Isère;84;84 - Auvergne-Rhône-Alpes;F;45 à 49 ans;2019;44427
38;38 - Isère;84;84 - Auvergne-Rhône-Alpes;F;70 à 74 ans;2019;30891
38;38 - Isère;84;84 - Auvergne-Rhône-Alpes;F;75 à 79 ans;2019;21954
39;39 - Jura;27;27 - Bourgogne-Franche-Comté;H;5 à 9 ans;2019;7676
39;39 - Jura;27;27 - Bourgogne-Franche-Comté;H;35 à 39 ans;2019;7539
39;39 - Jura;27;27 - Bourgogne-Franche-Comté;H;40 à 44 ans;2019;7404
39;39 - Jura;27;27 - Bourgogne-Franche-Comté;H;45 à 49 ans;2019;8893
39;39 - Jura;27;27 - Bourgogne-Franche-Comté;H;65 à 69 ans;2019;8207
39;39 - Jura;27;27 - Bourgogne-Franche-Comté;H;80 ans et plus;2019;6953
39;39 - Jura;27;27 - Bourgogne-Franche-Comté;F;10 à 14 ans;2019;7801
39;39 - Jura;27;27 - Bourgogne-Franche-Comté;F;25 à 29 ans;2019;5810
39;39 - Jura;27;27 - Bourgogne-Franche-Comté;F;35 à 39 ans;2019;7589
39;39 - Jura;27;27 - Bourgogne-Franche-Comté;F;65 à 69 ans;2019;8924
39;39 - Jura;27;27 - Bourgogne-Franche-Comté;F;70 à 74 ans;2019;7859
40;40 - Landes;75;75 - Nouvelle-Aquitaine;H;0 à 4 ans;2019;9465
40;40 - Landes;75;75 - Nouvelle-Aquitaine;H;30 à 34 ans;2019;10266
40;40 - Landes;75;75 - Nouvelle-Aquitaine;H;35 à 39 ans;2019;11942
40;40 - Landes;75;75 - Nouvelle-Aquitaine;H;45 à 49 ans;2019;14651
40;40 - Landes;75;75 - Nouvelle-Aquitaine;H;55 à 59 ans;2019;14215
40;40 - Landes;75;75 - Nouvelle-Aquitaine;H;60 à 64 ans;2019;13874
40;40 - Landes;75;75 - Nouvelle-Aquitaine;H;65 à 69 ans;2019;14519
40;40 - Landes;75;75 - Nouvelle-Aquitaine;H;80 ans et plus;2019;11579
40;40 - Landes;75;75 - Nouvelle-Aquitaine;F;20 à 24 ans;2019;7257
40;40 - Landes;75;75 - Nouvelle-Aquitaine;F;60 à 64 ans;2019;15195
40;40 - Landes;75;75 - Nouvelle-Aquitaine;F;70 à 74 ans;2019;13720
41;41 - Loir-et-Cher;24;24 - Centre-Val de Loire;H;15 à 19 ans;2019;10229
41;41 - Loir-et-Cher;24;24 - Centre-Val de Loire;H;30 à 34 ans;2019;8217
41;41 - Loir-et-Cher;24;24 - Centre-Val de Loire;H;50 à 54 ans;2019;11267
41;41 - Loir-et-Cher;24;24 - Centre-Val de Loire;F;15 à 19 ans;2019;9257
41;41 - Loir-et-Cher;24;24 - Centre-Val de Loire;F;25 à 29 ans;2019;7359
41;41 - Loir-et-Cher;24;24 - Centre-Val de Loire;F;30 à 34 ans;2019;8647
41;41 - Loir-et-Cher;24;24 - Centre-Val de Loire;F;50 à 54 ans;2019;11347
41;41 - Loir-et-Cher;24;24 - Centre-Val de Loire;F;65 à 69 ans;2019;12019
41;41 - Loir-et-Cher;24;24 - Centre-Val de Loire;F;80 ans et plus;2019;17016
42;42 - Loire;84;84 - Auvergne-Rhône-Alpes;H;5 à 9 ans;2019;24606
42;42 - Loire;84;84 - Auvergne-Rhône-Alpes;H;35 à 39 ans;2019;22382
42;42 - Loire;84;84 - Auvergne-Rhône-Alpes;H;80 ans et plus;2019;19249
42;42 - Loire;84;84 - Auvergne-Rhône-Alpes;F;30 à 34 ans;2019;21523
42;42 - Loire;84;84 - Auvergne-Rhône-Alpes;F;45 à 49 ans;2019;25234
42;42 - Loire;84;84 - Auvergne-Rhône-Alpes;F;50 à 54 ans;2019;25021
42;42 - Loire;84;84 - Auvergne-Rhône-Alpes;F;55 à 59 ans;2019;24793
42;42 - Loire;84;84 - Auvergne-Rhône-Alpes;F;60 à 64 ans;2019;24257
43;43 - Haute-Loire;84;84 - Auvergne-Rhône-Alpes;H;0 à 4 ans;2019;5496
43;43 - Haute-Loire;84;84 - Auvergne-Rhône-Alpes;H;25 à 29 ans;2019;5072
43;43 - Haute-Loire;84;84 - Auvergne-Rhône-Alpes;H;40 à 44 ans;2019;6656
43;43 - Haute-Loire;84;84 - Auvergne-Rhône-Alpes;H;65 à 69 ans;2019;7865
43;43 - Haute-Loire;84;84 - Auvergne-Rhône-Alpes;H;70 à 74 ans;2019;6389
43;43 - Haute-Loire;84;84 - Auvergne-Rhône-Alpes;F;0 à 4 ans;2019;5266
43;43 - Haute-Loire;84;84 - Auvergne-Rhône-Alpes;F;35 à 39 ans;2019;6390
43;43 - Haute-Loire;84;84 - Auvergne-Rhône-Alpes;F;45 à 49 ans;2019;7906
43;43 - Haute-Loire;84;84 - Auvergne-Rhône-Alpes;F;50 à 54 ans;2019;7983
43;43 - Haute-Loire;84;84 - Auvergne-Rhône-Alpes;F;75 à 79 ans;2019;4769
44;44 - Loire-Atlantique;52;52 - Pays de la Loire;H;10 à 14 ans;2019;48330
44;44 - Loire-Atlantique;52;52 - Pays de la Loire;H;20 à 24 ans;2019;43088
44;44 - Loire-Atlantique;52;52 - Pays de la Loire;H;35 à 39 ans;2019;47564
44;44 - Loire-Atlantique;52;52 - Pays de la Loire;H;55 à 59 ans;2019;42142
44;44 - Loire-Atlantique;52;52 - Pays de la Loire;H;60 à 64 ans;2019;38196
44;44 - Loire-Atlantique;52;52 - Pays de la Loire;F;10 à 14 ans;2019;45745
44;44 - Loire-Atlantique;52;52 - Pays de la Loire;F;20 à 24 ans;2019;41810
44;44 - Loire-Atlantique;52;52 - Pays de la Loire;F;30 à 34 ans;2019;45154
44;44 - Loire-Atlantique;52;52 - Pays de la Loire;F;35 à 39 ans;2019;48594
44;44 - Loire-Atlantique;52;52 - Pays de la Loire;F;40 à 44 ans;2019;46151
44;44 - Loire-Atlantique;52;52 - Pays de la Loire;F;45 à 49 ans;2019;49992
44;44 - Loire-Atlantique;52;52 - Pays de la Loire;F;50 à 54 ans;2019;46081
44;44 - Loire-Atlantique;52;52 - Pays de la Loire;F;70 à 74 ans;2019;34574
44;44 - Loire-Atlantique;52;52 - Pays de la Loire;F;75 à 79 ans;2019;23322
45;45 - Loiret;24;24 - Centre-Val de Loire;H;5 à 9 ans;2019;22910
45;45 - Loiret;24;24 - Centre-Val de Loire;H;40 à 44 ans;2019;20372
45;45 - Loiret;24;24 - Centre-Val de Loire;H;50 à 54 ans;2019;22044
45;45 - Loiret;24;24 - Centre-Val de Loire;H;65 à 69 ans;2019;18962
45;45 - Loiret;24;24 - Centre-Val de Loire;F;5 à 9 ans;2019;21723
45;45 - Loiret;24;24 - Centre-Val de Loire;F;15 à 19 ans;2019;20650
45;45 - Loiret;24;24 - Centre-Val de Loire;F;25 à 29 ans;2019;18563
45;45 - Loiret;24;24 - Centre-Val de Loire;F;45 à 49 ans;2019;23223
45;45 - Loiret;24;24 - Centre-Val de Loire;F;50 à 54 ans;2019;22403
45;45 - Loiret;24;24 - Centre-Val de Loire;F;55 à 59 ans;2019;21743
45;45 - Loiret;24;24 - Centre-Val de Loire;F;60 à 64 ans;2019;21500
45;45 - Loiret;24;24 - Centre-Val de Loire;F;75 à 79 ans;2019;11953
46;46 - Lot;76;76 - Occitanie;H;0 à 4 ans;2019;3448
46;46 - Lot;76;76 - Occitanie;H;40 à 44 ans;2019;4488
46;46 - Lot;76;76 - Occitanie;H;50 à 54 ans;2019;5992
46;46 - Lot;76;76 - Occitanie;H;65 à 69 ans;2019;7105
46;46 - Lot;76;76 - Occitanie;H;70 à 74 ans;2019;5946
46;46 - Lot;76;76 - Occitanie;F;25 à 29 ans;2019;3373
46;46 - Lot;76;76 - Occitanie;F;40 à 44 ans;2019;4564
46;46 - Lot;76;76 - Occitanie;F;45 à 49 ans;2019;5699
46;46 - Lot;76;76 - Occitanie;F;55 à 59 ans;2019;6673
46;46 - Lot;76;76 - Occitanie;F;75 à 79 ans;2019;4472
46;46 - Lot;76;76 - Occitanie;F;80 ans et plus;2019;10487
47;47 - Lot-et-Garonne;75;75 - Nouvelle-Aquitaine;H;0 à 4 ans;2019;7933
47;47 - Lot-et-Garonne;75;75 - Nouvelle-Aquitaine;H;5 à 9 ans;2019;9194
47;47 - Lot-et-Garonne;75;75 - Nouvelle-Aquitaine;H;20 à 24 ans;2019;7309
47;47 - Lot-et-Garonne;75;75 - Nouvelle-Aquitaine;H;50 à 54 ans;2019;11143
47;47 - Lot-et-Garonne;75;75 - Nouvelle-Aquitaine;H;60 à 64 ans;2019;10890
47;47 - Lot-et-Garonne;75;75 - Nouvelle-Aquitaine;H;65 à 69 ans;2019;11356
47;47 - Lot-et-Garonne;75;75 - Nouvelle-Aquitaine;H;70 à 74 ans;2019;9626
47;47 - Lot-et-Garonne;75;75 - Nouvelle-Aquitaine;F;0 à 4 ans;2019;7211
47;47 - Lot-et-Garonne;75;75 - Nouvelle-Aquitaine;F;10 à 14 ans;2019;9493
47;47 - Lot-et-Garonne;75;75 - Nouvelle-Aquitaine;F;30 à 34 ans;2019;8535
47;47 - Lot-et-Garonne;75;75 - Nouvelle-Aquitaine;F;45 à 49 ans;2019;11001
47;47 - Lot-et-Garonne;75;75 - Nouvelle-Aquitaine;F;60 à 64 ans;2019;12148
47;47 - Lot-et-Garonne;75;75 - Nouvelle-Aquitaine;F;65 à 69 ans;2019;12410
47;47 - Lot-et-Garonne;75;75 - Nouvelle-Aquitaine;F;75 à 79 ans;2019;7955
47;47 - Lot-et-Garonne;75;75 - Nouvelle-Aquitaine;F;80 ans et plus;2019;17551
48;48 - Lozère;76;76 - Occitanie;H;5 à 9 ans;2019;1994
48;48 - Lozère;76;76 - Occitanie;H;35 à 39 ans;2019;2067
48;48 - Lozère;76;76 - Occitanie;H;40 à 44 ans;2019;2172
48;48 - Lozère;76;76 - Occitanie;H;45 à 49 ans;2019;2743
48;48 - Lozère;76;76 - Occitanie;H;55 à 59 ans;2019;2841
48;48 - Lozère;76;76 - Occitanie;H;65 à 69 ans;2019;2887
48;48 - Lozère;76;76 - Occitanie;F;10 à 14 ans;2019;2101
48;48 - Lozère;76;76 - Occitanie;F;15 à 19 ans;2019;1875
48;48 - Lozère;76;76 - Occitanie;F;25 à 29 ans;2019;1644
48;48 - Lozère;76;76 - Occitanie;F;35 à 39 ans;2019;2197
48;48 - Lozère;76;76 - Occitanie;F;40 à 44 ans;2019;2166
48;48 - Lozère;76;76 - Occitanie;F;45 à 49 ans;2019;2593
48;48 - Lozère;76;76 - Occitanie;F;70 à 74 ans;2019;2378
48;48 - Lozère;76;76 - Occitanie;F;75 à 79 ans;2019;1619
48;48 - Lozère;76;76 - Occitanie;F;80 ans et plus;2019;3952
49;49 - Maine-et-Loire;52;52 - Pays de la Loire;H;15 à 19 ans;2019;28752
49;49 - Maine-et-Loire;52;52 - Pays de la Loire;H;35 à 39 ans;2019;24860
49;49 - Maine-et-Loire;52;52 - Pays de la Loire;H;75 à 79 ans;2019;11341
49;49 - Maine-et-Loire;52;52 - Pays de la Loire;F;5 à 9 ans;2019;25531
49;49 - Maine-et-Loire;52;52 - Pays de la Loire;F;30 à 34 ans;2019;23647
49;49 - Maine-et-Loire;52;52 - Pays de la Loire;F;55 à 59 ans;2019;26489
49;49 - Maine-et-Loire;52;52 - Pays de la Loire;F;65 à 69 ans;2019;24785
49;49 - Maine-et-Loire;52;52 - Pays de la Loire;F;70 à 74 ans;2019;20777
49;49 - Maine-et-Loire;52;52 - Pays de la Loire;F;75 à 79 ans;2019;14313
50;50 - Manche;28;28 - Normandie;H;15 à 19 ans;2019;14952
50;50 - Manche;28;28 - Normandie;H;20 à 24 ans;2019;11421
50;50 - Manche;28;28 - Normandie;H;25 à 29 ans;2019;12161
50;50 - Manche;28;28 - Normandie;H;50 à 54 ans;2019;16813
50;50 - Manche;28;28 - Normandie;H;55 à 59 ans;2019;17928
50;50 - Manche;28;28 - Normandie;F;0 à 4 ans;2019;11398
50;50 - Manche;28;28 - Normandie;F;10 à 14 ans;2019;14595
50;50 - Manche;28;28 - Normandie;F;25 à 29 ans;2019;11177
50;50 - Manche;28;28 - Normandie;F;35 à 39 ans;2019;13691
50;50 - Manche;28;28 - Normandie;F;45 à 49 ans;2019;16211
50;50 - Manche;28;28 - Normandie;F;65 à 69 ans;2019;17854
50;50 - Manche;28;28 - Normandie;F;80 ans et plus;2019;26478
51;51 - Marne;44;44 - Grand Est;H;5 à 9 ans;2019;17531
51;51 - Marne;44;44 - Grand Est;H;20 à 24 ans;2019;18834
51;51 - Marne;44;44 - Grand Est;H;55 à 59 ans;2019;17406
51;51 - Marne;44;44 - Grand Est;H;60 à 64 ans;2019;16183
51;51 - Marne;44;44 - Grand Est;H;80 ans et plus;2019;11126
51;51 - Marne;44;44 - Grand Est;F;5 à 9 ans;2019;17186
51;51 - Marne;44;44 - Grand Est;F;10 à 14 ans;2019;16844
51;51 - Marne;44;44 - Grand Est;F;30 à 34 ans;2019;17641
51;51 - Marne;44;44 - Grand Est;F;50 à 54 ans;2019;18633
51;51 - Marne;44;44 - Grand Est;F;55 à 59 ans;2019;18596
51;51 - Marne;44;44 - Grand Est;F;70 à 74 ans;2019;14754
52;52 - Haute-Marne;44;44 - Grand Est;H;15 à 19 ans;2019;4851
52;52 - Haute-Marne;44;44 - Grand Est;H;20 à 24 ans;2019;4255
52;52 - Haute-Marne;44;44 - Grand Est;H;30 à 34 ans;2019;4568
52;52 - Haute-Marne;44;44 - Grand Est;H;65 à 69 ans;2019;6018
52;52 - Haute-Marne;44;44 - Grand Est;H;70 à 74 ans;2019;4792
52;52 - Haute-Marne;44;44 - Grand Est;H;75 à 79 ans;2019;2961
52;52 - Haute-Marne;44;44 - Grand Est;F;20 à 24 ans;2019;3446
52;52 - Haute-Marne;44;44 - Grand Est;F;25 à 29 ans;2019;4126
52;52 - Haute-Marne;44;44 - Grand Est;F;30 à 34 ans;2019;4487
52;52 - Haute-Marne;44;44 - Grand Est;F;55 à 59 ans;2019;6477
52;52 - Haute-Marne;44;44 - Grand Est;F;65 à 69 ans;2019;6396
53;53 - Mayenne;52;52 - Pays de la Loire;H;0 à 4 ans;2019;8134
53;53 - Mayenne;52;52 - Pays de la Loire;H;25 à 29 ans;2019;7143
53;53 - Mayenne;52;52 - Pays de la Loire;H;40 à 44 ans;2019;9100
53;53 - Mayenne;52;52 - Pays de la Loire;H;55 à 59 ans;2019;10109
53;53 - Mayenne;52;52 - Pays de la Loire;H;75 à 79 ans;2019;4546
53;53 - Mayenne;52;52 - Pays de la Loire;H;80 ans et plus;2019;8854
53;53 - Mayenne;52;52 - Pays de la Loire;F;0 à 4 ans;2019;7805
53;53 - Mayenne;52;52 - Pays de la Loire;F;20 à 24 ans;2019;6779
53;53 - Mayenne;52;52 - Pays de la Loire;F;40 à 44 ans;2019;9046
53;53 - Mayenne;52;52 - Pays de la Loire;F;45 à 49 ans;2019;10244
53;53 - Mayenne;52;52 - Pays de la Loire;F;60 à 64 ans;2019;9757
53;53 - Mayenne;52;52 - Pays de la Loire;F;65 à 69 ans;2019;9694
54;54 - Meurthe-et-Moselle;44;44 - Grand Est;H;0 à 4 ans;2019;19346
54;54 - Meurthe-et-Moselle;44;44 - Grand Est;H;10 à 14 ans;2019;22024
54;54 - Meurthe-et-Moselle;44;44 - Grand Est;H;20 à 24 ans;2019;26733
54;54 - Meurthe-et-Moselle;44;44 - Grand Est;H;30 à 34 ans;2019;22482
54;54 - Meurthe-et-Moselle;44;44 - Grand Est;H;35 à 39 ans;2019;23157
54;54 - Meurthe-et-Moselle;44;44 - Grand Est;H;50 à 54 ans;2019;23034
54;54 - Meurthe-et-Moselle;44;44 - Grand Est;H;60 à 64 ans;2019;21493
54;54 - Meurthe-et-Moselle;44;44 - Grand Est;H;65 à 69 ans;2019;20110
54;54 - Meurthe-et-Moselle;44;44 - Grand Est;H;80 ans et plus;2019;15341
54;54 - Meurthe-et-Moselle;44;44 - Grand Est;F;5 à 9 ans;2019;20697
54;54 - Meurthe-et-Moselle;44;44 - Grand Est;F;10 à 14 ans;2019;21138
54;54 - Meurthe-et-Moselle;44;44 - Grand Est;F;60 à 64 ans;2019;23896
54;54 - Meurthe-et-Moselle;44;44 - Grand Est;F;65 à 69 ans;2019;22444
54;54 - Meurthe-et-Moselle;44;44 - Grand Est;F;70 à 74 ans;2019;18551
55;55 - Meuse;44;44 - Grand Est;H;0 à 4 ans;2019;4465
55;55 - Meuse;44;44 - Grand Est;H;15 à 19 ans;2019;6048
55;55 - Meuse;44;44 - Grand Est;H;30 à 34 ans;2019;5267
55;55 - Meuse;44;44 - Grand Est;H;45 à 49 ans;2019;6053
55;55 - Meuse;44;44 - Grand Est;F;5 à 9 ans;2019;5229
55;55 - Meuse;44;44 - Grand Est;F;10 à 14 ans;2019;5557
55;55 - Meuse;44;44 - Grand Est;F;45 à 49 ans;2019;6131
55;55 - Meuse;44;44 - Grand Est;F;65 à 69 ans;2019;6624
56;56 - Morbihan;53;53 - Bretagne;H;5 à 9 ans;2019;22115
56;56 - Morbihan;53;53 - Bretagne;H;25 à 29 ans;2019;16435
56;56 - Morbihan;53;53 - Bretagne;H;30 à 34 ans;2019;19065
56;56 - Morbihan;53;53 - Bretagne;H;45 à 49 ans;2019;25956
56;56 - Morbihan;53;53 - Bretagne;H;55 à 59 ans;2019;25604
56;56 - Morbihan;53;53 - Bretagne;H;80 ans et plus;2019;20039
56;56 - Morbihan;53;53 - Bretagne;F;5 à 9 ans;2019;21195
56;56 - Morbihan;53;53 - Bretagne;F;10 à 14 ans;2019;22777
56;56 - Morbihan;53;53 - Bretagne;F;20 à 24 ans;2019;15438
56;56 - Morbihan;53;53 - Bretagne;F;45 à 49 ans;2019;26395
56;56 - Morbihan;53;53 - Bretagne;F;55 à 59 ans;2019;27143
56;56 - Morbihan;53;53 - Bretagne;F;75 à 79 ans;2019;16270
57;57 - Moselle;44;44 - Grand Est;H;10 à 14 ans;2019;31164
57;57 - Moselle;44;44 - Grand Est;H;15 à 19 ans;2019;31371
57;57 - Moselle;44;44 - Grand Est;H;40 à 44 ans;2019;31744
57;57 - Moselle;44;44 - Grand Est;H;45 à 49 ans;2019;35573
57;57 - Moselle;44;44 - Grand Est;H;65 à 69 ans;2019;30602
57;57 - Moselle;44;44 - Grand Est;H;80 ans et plus;2019;22085
57;57 - Moselle;44;44 - Grand Est;F;0 à 4 ans;2019;26349
57;57 - Moselle;44;44 - Grand Est;F;5 à 9 ans;2019;29323
57;57 - Moselle;44;44 - Grand Est;F;15 à 19 ans;2019;28661
57;57 - Moselle;44;44 - Grand Est;F;30 à 34 ans;2019;33211
57;57 - Moselle;44;44 - Grand Est;F;60 à 64 ans;2019;37252
58;58 - Nièvre;27;27 - Bourgogne-Franche-Comté;H;5 à 9 ans;2019;5126
58;58 - Nièvre;27;27 - Bourgogne-Franche-Comté;H;35 à 39 ans;2019;5214
58;58 - Nièvre;27;27 - Bourgogne-Franche-Comté;H;45 à 49 ans;2019;6344
58;58 - Nièvre;27;27 - Bourgogne-Franche-Comté;H;55 à 59 ans;2019;7165
58;58 - Nièvre;27;27 - Bourgogne-Franche-Comté;H;65 à 69 ans;2019;8197
58;58 - Nièvre;27;27 - Bourgogne-Franche-Comté;H;80 ans et plus;2019;6818
58;58 - Nièvre;27;27 - Bourgogne-Franche-Comté;F;0 à 4 ans;2019;4263
58;58 - Nièvre;27;27 - Bourgogne-Franche-Comté;F;5 à 9 ans;2019;4714
58;58 - Nièvre;27;27 - Bourgogne-Franche-Comté;F;20 à 24 ans;2019;3760
58;58 - Nièvre;27;27 - Bourgogne-Franche-Comté;F;35 à 39 ans;2019;5158
58;58 - Nièvre;27;27 - Bourgogne-Franche-Comté;F;40 à 44 ans;2019;5401
58;58 - Nièvre;27;27 - Bourgogne-Franche-Comté;F;45 à 49 ans;2019;6323
58;58 - Nièvre;27;27 - Bourgogne-Franche-Comté;F;50 à 54 ans;2019;6951
58;58 - Nièvre;27;27 - Bourgogne-Franche-Comté;F;60 à 64 ans;2019;8266
58;58 - Nièvre;27;27 - Bourgogne-Franche-Comté;F;75 à 79 ans;2019;5388
59;59 - Nord;32;32 - Hauts-de-France;H;15 à 19 ans;2019;90922
59;59 - Nord;32;32 - Hauts-de-France;H;45 à 49 ans;2019;84614
59;59 - Nord;32;32 - Hauts-de-France;H;50 à 54 ans;2019;79415
59;59 - Nord;32;32 - Hauts-de-France;H;55 à 59 ans;2019;77507
59;59 - Nord;32;32 - Hauts-de-France;H;65 à 69 ans;2019;63702
59;59 - Nord;32;32 - Hauts-de-France;F;30 à 34 ans;2019;85871
59;59 - Nord;32;32 - Hauts-de-France;F;35 à 39 ans;2019;86406
59;59 - Nord;32;32 - Hauts-de-France;F;45 à 49 ans;2019;86158
59;59 - Nord;32;32 - Hauts-de-France;F;55 à 59 ans;2019;81827
59;59 - Nord;32;32 - Hauts-de-France;F;65 à 69 ans;2019;75491
60;60 - Oise;32;32 - Hauts-de-France;H;0 à 4 ans;2019;25534
60;60 - Oise;32;32 - Hauts-de-France;H;5 à 9 ans;2019;28709
60;60 - Oise;32;32 - Hauts-de-France;H;30 à 34 ans;2019;25361
60;60 - Oise;32;32 - Hauts-de-France;H;55 à 59 ans;2019;26823
60;60 - Oise;32;32 - Hauts-de-France;H;65 à 69 ans;2019;21873
60;60 - Oise;32;32 - Hauts-de-France;H;75 à 79 ans;2019;9813
60;60 - Oise;32;32 - Hauts-de-France;H;80 ans et plus;2019;13808
60;60 - Oise;32;32 - Hauts-de-France;F;10 à 14 ans;2019;28561
60;60 - Oise;32;32 - Hauts-de-France;F;35 à 39 ans;2019;27617
60;60 - Oise;32;32 - Hauts-de-France;F;55 à 59 ans;2019;27228
60;60 - Oise;32;32 - Hauts-de-France;F;65 à 69 ans;2019;24117
60;60 - Oise;32;32 - Hauts-de-France;F;75 à 79 ans;2019;11891
61;61 - Orne;28;28 - Normandie;H;5 à 9 ans;2019;7995
61;61 - Orne;28;28 - Normandie;H;30 à 34 ans;2019;6608
61;61 - Orne;28;28 - Normandie;H;40 à 44 ans;2019;7416
61;61 - Orne;28;28 - Normandie;H;45 à 49 ans;2019;9152
61;61 - Orne;28;28 - Normandie;H;80 ans et plus;2019;8837
61;61 - Orne;28;28 - Normandie;F;0 à 4 ans;2019;6306
61;61 - Orne;28;28 - Normandie;F;10 à 14 ans;2019;8053
61;61 - Orne;28;28 - Normandie;F;20 à 24 ans;2019;6138
61;61 - Orne;28;28 - Normandie;F;35 à 39 ans;2019;7557
61;61 - Orne;28;28 - Normandie;F;40 à 44 ans;2019;7535
61;61 - Orne;28;28 - Normandie;F;45 à 49 ans;2019;9055
61;61 - Orne;28;28 - Normandie;F;80 ans et plus;2019;15330
62;62 - Pas-de-Calais;32;32 - Hauts-de-France;H;0 à 4 ans;2019;42417
62;62 - Pas-de-Calais;32;32 - Hauts-de-France;H;5 à 9 ans;2019;49621
62;62 - Pas-de-Calais;32;32 - Hauts-de-France;H;20 à 24 ans;2019;42153
62;62 - Pas-de-Calais;32;32 - Hauts-de-France;H;55 à 59 ans;2019;46976
62;62 - Pas-de-Calais;32;32 - Hauts-de-France;H;60 à 64 ans;2019;44318
62;62 - Pas-de-Calais;32;32 - Hauts-de-France;H;75 à 79 ans;2019;16357
62;62 - Pas-de-Calais;32;32 - Hauts-de-France;F;0 à 4 ans;2019;40527
62;62 - Pas-de-Calais;32;32 - Hauts-de-France;F;5 à 9 ans;2019;47323
62;62 - Pas-de-Calais;32;32 - Hauts-de-France;F;45 à 49 ans;2019;49004
62;62 - Pas-de-Calais;32;32 - Hauts-de-France;F;50 à 54 ans;2019;47600
62;62 - Pas-de-Calais;32;32 - Hauts-de-France;F;65 à 69 ans;2019;47381
62;62 - Pas-de-Calais;32;32 - Hauts-de-France;F;70 à 74 ans;2019;37986
62;62 - Pas-de-Calais;32;32 - Hauts-de-France;F;80 ans et plus;2019;55218
63;63 - Puy-de-Dôme;84;84 - Auvergne-Rhône-Alpes;H;40 à 44 ans;2019;20028
63;63 - Puy-de-Dôme;84;84 - Auvergne-Rhône-Alpes;H;55 à 59 ans;2019;21058
63;63 - Puy-de-Dôme;84;84 - Auvergne-Rhône-Alpes;H;75 à 79 ans;2019;10193
63;63 - Puy-de-Dôme;84;84 - Auvergne-Rhône-Alpes;H;80 ans et plus;2019;14935
63;63 - Puy-de-Dôme;84;84 - Auvergne-Rhône-Alpes;F;5 à 9 ans;2019;18057
63;63 - Puy-de-Dôme;84;84 - Auvergne-Rhône-Alpes;F;10 à 14 ans;2019;18729
63;63 - Puy-de-Dôme;84;84 - Auvergne-Rhône-Alpes;F;15 à 19 ans;2019;19675
64;64 - Pyrénées-Atlantiques;75;75 - Nouvelle-Aquitaine;H;0 à 4 ans;2019;15858
64;64 - Pyrénées-Atlantiques;75;75 - Nouvelle-Aquitaine;H;5 à 9 ans;2019;18776
64;64 - Pyrénées-Atlantiques;75;75 - Nouvelle-Aquitaine;H;25 à 29 ans;2019;16665
64;64 - Pyrénées-Atlantiques;75;75 - Nouvelle-Aquitaine;H;50 à 54 ans;2019;23462
64;64 - Pyrénées-Atlantiques;75;75 - Nouvelle-Aquitaine;H;60 à 64 ans;2019;21514
64;64 - Pyrénées-Atlantiques;75;75 - Nouvelle-Aquitaine;H;65 à 69 ans;2019;21091
64;64 - Pyrénées-Atlantiques;75;75 - Nouvelle-Aquitaine;H;75 à 79 ans;2019;11930
64;64 - Pyrénées-Atlantiques;75;75 - Nouvelle-Aquitaine;F;0 à 4 ans;2019;15416
64;64 - Pyrénées-Atlantiques;75;75 - Nouvelle-Aquitaine;F;5 à 9 ans;2019;17603
64;64 - Pyrénées-Atlantiques;75;75 - Nouvelle-Aquitaine;F;15 à 19 ans;2019;18917
64;64 - Pyrénées-Atlantiques;75;75 - Nouvelle-Aquitaine;F;20 à 24 ans;2019;15197
64;64 - Pyrénées-Atlantiques;75;75 - Nouvelle-Aquitaine;F;25 à 29 ans;2019;16477
64;64 - Pyrénées-Atlantiques;75;75 - Nouvelle-Aquitaine;F;40 à 44 ans;2019;20553
64;64 - Pyrénées-Atlantiques;75;75 - Nouvelle-Aquitaine;F;75 à 79 ans;2019;15452
65;65 - Hautes-Pyrénées;76;76 - Occitanie;H;20 à 24 ans;2019;6031
65;65 - Hautes-Pyrénées;76;76 - Occitanie;H;25 à 29 ans;2019;4883
65;65 - Hautes-Pyrénées;76;76 - Occitanie;H;50 à 54 ans;2019;7950
65;65 - Hautes-Pyrénées;76;76 - Occitanie;H;55 à 59 ans;2019;7839
65;65 - Hautes-Pyrénées;76;76 - Occitanie;H;65 à 69 ans;2019;8252
65;65 - Hautes-Pyrénées;76;76 - Occitanie;H;80 ans et plus;2019;7219
65;65 - Hautes-Pyrénées;76;76 - Occitanie;F;5 à 9 ans;2019;5378
65;65 - Hautes-Pyrénées;76;76 - Occitanie;F;10 à 14 ans;2019;5989
65;65 - Hautes-Pyrénées;76;76 - Occitanie;F;15 à 19 ans;2019;6416
65;65 - Hautes-Pyrénées;76;76 - Occitanie;F;35 à 39 ans;2019;6279
65;65 - Hautes-Pyrénées;76;76 - Occitanie;F;50 à 54 ans;2019;8136
65;65 - Hautes-Pyrénées;76;76 - Occitanie;F;65 à 69 ans;2019;8815
65;65 - Hautes-Pyrénées;76;76 - Occitanie;F;70 à 74 ans;2019;7530
66;66 - Pyrénées-Orientales;76;76 - Occitanie;H;5 à 9 ans;2019;13819
66;66 - Pyrénées-Orientales;76;76 - Occitanie;H;10 à 14 ans;2019;14108
66;66 - Pyrénées-Orientales;76;76 - Occitanie;H;25 à 29 ans;2019;10594
66;66 - Pyrénées-Orientales;76;76 - Occitanie;H;80 ans et plus;2019;14577
66;66 - Pyrénées-Orientales;76;76 - Occitanie;F;15 à 19 ans;2019;13460
66;66 - Pyrénées-Orientales;76;76 - Occitanie;F;30 à 34 ans;2019;12974
66;66 - Pyrénées-Orientales;76;76 - Occitanie;F;40 à 44 ans;2019;14083
66;66 - Pyrénées-Orientales;76;76 - Occitanie;F;45 à 49 ans;2019;16413
66;66 - Pyrénées-Orientales;76;76 - Occitanie;F;50 à 54 ans;2019;16785
66;66 - Pyrénées-Orientales;76;76 - Occitanie;F;65 à 69 ans;2019;18115
67;67 - Bas-Rhin;44;44 - Grand Est;H;30 à 34 ans;2019;35080
67;67 - Bas-Rhin;44;44 - Grand Est;H;45 à 49 ans;2019;39005
67;67 - Bas-Rhin;44;44 - Grand Est;H;50 à 54 ans;2019;39868
67;67 - Bas-Rhin;44;44 - Grand Est;H;55 à 59 ans;2019;37622
67;67 - Bas-Rhin;44;44 - Grand Est;H;80 ans et plus;2019;21826
67;67 - Bas-Rhin;44;44 - Grand Est;F;25 à 29 ans;2019;35888
67;67 - Bas-Rhin;44;44 - Grand Est;F;55 à 59 ans;2019;39266
67;67 - Bas-Rhin;44;44 - Grand Est;F;70 à 74 ans;2019;24558
68;68 - Haut-Rhin;44;44 - Grand Est;H;0 à 4 ans;2019;21357
68;68 - Haut-Rhin;44;44 - Grand Est;H;5 à 9 ans;2019;23820
68;68 - Haut-Rhin;44;44 - Grand Est;H;10 à 14 ans;2019;23852
68;68 - Haut-Rhin;44;44 - Grand Est;H;15 à 19 ans;2019;23555
68;68 - Haut-Rhin;44;44 - Grand Est;H;25 à 29 ans;2019;20705
68;68 - Haut-Rhin;44;44 - Grand Est;H;30 à 34 ans;2019;22742
68;68 - Haut-Rhin;44;44 - Grand Est;H;55 à 59 ans;2019;26302
68;68 - Haut-Rhin;44;44 - Grand Est;H;70 à 74 ans;2019;16540
68;68 - Haut-Rhin;44;44 - Grand Est;H;80 ans et plus;2019;16261
68;68 - Haut-Rhin;44;44 - Grand Est;F;10 à 14 ans;2019;22884
68;68 - Haut-Rhin;44;44 - Grand Est;F;20 à 24 ans;2019;18295
68;68 - Haut-Rhin;44;44 - Grand Est;F;25 à 29 ans;2019;20615
68;68 - Haut-Rhin;44;44 - Grand Est;F;30 à 34 ans;2019;23492
68;68 - Haut-Rhin;44;44 - Grand Est;F;75 à 79 ans;2019;14241
69;69 - Rhône;84;84 - Auvergne-Rhône-Alpes;H;15 à 19 ans;2019;60635
69;69 - Rhône;84;84 - Auvergne-Rhône-Alpes;H;25 à 29 ans;2019;64669
69;69 - Rhône;84;84 - Auvergne-Rhône-Alpes;H;50 à 54 ans;2019;56093
69;69 - Rhône;84;84 - Auvergne-Rhône-Alpes;H;65 à 69 ans;2019;39370
69;69 - Rhône;84;84 - Auvergne-Rhône-Alpes;H;75 à 79 ans;2019;24223
69;69 - Rhône;84;84 - Auvergne-Rhône-Alpes;F;40 à 44 ans;2019;58782
69;69 - Rhône;84;84 - Auvergne-Rhône-Alpes;F;65 à 69 ans;2019;47275
69;69 - Rhône;84;84 - Auvergne-Rhône-Alpes;F;70 à 74 ans;2019;42340
70;70 - Haute-Saône;27;27 - Bourgogne-Franche-Comté;H;0 à 4 ans;2019;5908
70;70 - Haute-Saône;27;27 - Bourgogne-Franche-Comté;H;15 à 19 ans;2019;7503
70;70 - Haute-Saône;27;27 - Bourgogne-Franche-Comté;H;35 à 39 ans;2019;6798
70;70 - Haute-Saône;27;27 - Bourgogne-Franche-Comté;H;60 à 64 ans;2019;8037
70;70 - Haute-Saône;27;27 - Bourgogne-Franche-Comté;H;75 à 79 ans;2019;3910
70;70 - Haute-Saône;27;27 - Bourgogne-Franche-Comté;F;5 à 9 ans;2019;6780
70;70 - Haute-Saône;27;27 - Bourgogne-Franche-Comté;F;10 à 14 ans;2019;7204
70;70 - Haute-Saône;27;27 - Bourgogne-Franche-Comté;F;20 à 24 ans;2019;4567
70;70 - Haute-Saône;27;27 - Bourgogne-Franche-Comté;F;35 à 39 ans;2019;7027
70;70 - Haute-Saône;27;27 - Bourgogne-Franche-Comté;F;70 à 74 ans;2019;7030
70;70 - Haute-Saône;27;27 - Bourgogne-Franche-Comté;F;75 à 79 ans;2019;4631
71;71 - Saône-et-Loire;27;27 - Bourgogne-Franche-Comté;H;0 à 4 ans;2019;13305
71;71 - Saône-et-Loire;27;27 - Bourgogne-Franche-Comté;H;5 à 9 ans;2019;15777
71;71 - Saône-et-Loire;27;27 - Bourgogne-Franche-Comté;H;20 à 24 ans;2019;12382
71;71 - Saône-et-Loire;27;27 - Bourgogne-Franche-Comté;H;25 à 29 ans;2019;12368
71;71 - Saône-et-Loire;27;27 - Bourgogne-Franche-Comté;H;30 à 34 ans;2019;13728
71;71 - Saône-et-Loire;27;27 - Bourgogne-Franche-Comté;H;45 à 49 ans;2019;18159
71;71 - Saône-et-Loire;27;27 - Bourgogne-Franche-Comté;H;55 à 59 ans;2019;18999
71;71 - Saône-et-Loire;27;27 - Bourgogne-Franche-Comté;H;60 à 64 ans;2019;18987
71;71 - Saône-et-Loire;27;27 - Bourgogne-Franche-Comté;H;75 à 79 ans;2019;10266
71;71 - Saône-et-Loire;27;27 - Bourgogne-Franche-Comté;H;80 ans et plus;2019;16359
71;71 - Saône-et-Loire;27;27 - Bourgogne-Franche-Comté;F;0 à 4 ans;2019;12744
71;71 - Saône-et-Loire;27;27 - Bourgogne-Franche-Comté;F;5 à 9 ans;2019;14949
71;71 - Saône-et-Loire;27;27 - Bourgogne-Franche-Comté;F;10 à 14 ans;2019;15784
71;71 - Saône-et-Loire;27;27 - Bourgogne-Franche-Comté;F;15 à 19 ans;2019;15123
71;71 - Saône-et-Loire;27;27 - Bourgogne-Franche-Comté;F;25 à 29 ans;2019;11939
71;71 - Saône-et-Loire;27;27 - Bourgogne-Franche-Comté;F;30 à 34 ans;2019;14035
71;71 - Saône-et-Loire;27;27 - Bourgogne-Franche-Comté;F;35 à 39 ans;2019;15593
71;71 - Saône-et-Loire;27;27 - Bourgogne-Franche-Comté;F;80 ans et plus;2019;29158
72;72 - Sarthe;52;52 - Pays de la Loire;H;0 à 4 ans;2019;15489
72;72 - Sarthe;52;52 - Pays de la Loire;H;10 à 14 ans;2019;18762
72;72 - Sarthe;52;52 - Pays de la Loire;H;40 à 44 ans;2019;16878
72;72 - Sarthe;52;52 - Pays de la Loire;H;50 à 54 ans;2019;18411
72;72 - Sarthe;52;52 - Pays de la Loire;H;75 à 79 ans;2019;8728
72;72 - Sarthe;52;52 - Pays de la Loire;F;10 à 14 ans;2019;17874
72;72 - Sarthe;52;52 - Pays de la Loire;F;15 à 19 ans;2019;17779
72;72 - Sarthe;52;52 - Pays de la Loire;F;25 à 29 ans;2019;13979
72;72 - Sarthe;52;52 - Pays de la Loire;F;30 à 34 ans;2019;15351
72;72 - Sarthe;52;52 - Pays de la Loire;F;35 à 39 ans;2019;16617
72;72 - Sarthe;52;52 - Pays de la Loire;F;45 à 49 ans;2019;19043
72;72 - Sarthe;52;52 - Pays de la Loire;F;50 à 54 ans;2019;18768
72;72 - Sarthe;52;52 - Pays de la Loire;F;55 à 59 ans;2019;18985
72;72 - Sarthe;52;52 - Pays de la Loire;F;60 à 64 ans;2019;19034
72;72 - Sarthe;52;52 - Pays de la Loire;F;65 à 69 ans;2019;18648
72;72 - Sarthe;52;52 - Pays de la Loire;F;80 ans et plus;2019;25770
73;73 - Savoie;84;84 - Auvergne-Rhône-Alpes;H;10 à 14 ans;2019;13738
73;73 - Savoie;84;84 - Auvergne-Rhône-Alpes;H;20 à 24 ans;2019;11559
73;73 - Savoie;84;84 - Auvergne-Rhône-Alpes;H;25 à 29 ans;2019;11517
73;73 - Savoie;84;84 - Auvergne-Rhône-Alpes;F;10 à 14 ans;2019;13168
73;73 - Savoie;84;84 - Auvergne-Rhône-Alpes;F;25 à 29 ans;2019;11297
73;73 - Savoie;84;84 - Auvergne-Rhône-Alpes;F;45 à 49 ans;2019;15742
73;73 - Savoie;84;84 - Auvergne-Rhône-Alpes;F;50 à 54 ans;2019;15138
73;73 - Savoie;84;84 - Auvergne-Rhône-Alpes;F;65 à 69 ans;2019;13676
74;74 - Haute-Savoie;84;84 - Auvergne-Rhône-Alpes;H;5 à 9 ans;2019;27718
74;74 - Haute-Savoie;84;84 - Auvergne-Rhône-Alpes;H;20 à 24 ans;2019;20467
74;74 - Haute-Savoie;84;84 - Auvergne-Rhône-Alpes;H;45 à 49 ans;2019;30387
74;74 - Haute-Savoie;84;84 - Auvergne-Rhône-Alpes;H;50 à 54 ans;2019;29229
74;74 - Haute-Savoie;84;84 - Auvergne-Rhône-Alpes;H;60 à 64 ans;2019;21234
74;74 - Haute-Savoie;84;84 - Auvergne-Rhône-Alpes;F;0 à 4 ans;2019;24095
74;74 - Haute-Savoie;84;84 - Auvergne-Rhône-Alpes;F;5 à 9 ans;2019;26413
74;74 - Haute-Savoie;84;84 - Auvergne-Rhône-Alpes;F;10 à 14 ans;2019;25926
74;74 - Haute-Savoie;84;84 - Auvergne-Rhône-Alpes;F;35 à 39 ans;2019;30579
74;74 - Haute-Savoie;84;84 - Auvergne-Rhône-Alpes;F;45 à 49 ans;2019;30178
74;74 - Haute-Savoie;84;84 - Auvergne-Rhône-Alpes;F;55 à 59 ans;2019;26474
74;74 - Haute-Savoie;84;84 - Auvergne-Rhône-Alpes;F;65 à 69 ans;2019;22187
75;75 - Paris;11;11 - Île-de-France;H;5 à 9 ans;2019;49388
75;75 - Paris;11;11 - Île-de-France;H;10 à 14 ans;2019;49597
75;75 - Paris;11;11 - Île-de-France;H;45 à 49 ans;2019;70575
75;75 - Paris;11;11 - Île-de-France;F;10 à 14 ans;2019;47906
75;75 - Paris;11;11 - Île-de-France;F;45 à 49 ans;2019;72394
75;75 - Paris;11;11 - Île-de-France;F;50 à 54 ans;2019;69776
75;75 - Paris;11;11 - Île-de-France;F;55 à 59 ans;2019;67262
76;76 - Seine-Maritime;28;28 - Normandie;H;5 à 9 ans;2019;40082
76;76 - Seine-Maritime;28;28 - Normandie;H;20 à 24 ans;2019;37642
76;76 - Seine-Maritime;28;28 - Normandie;H;30 à 34 ans;2019;37635
76;76 - Seine-Maritime;28;28 - Normandie;H;35 à 39 ans;2019;37967
76;76 - Seine-Maritime;28;28 - Normandie;H;40 à 44 ans;2019;35893
76;76 - Seine-Maritime;28;28 - Normandie;H;65 à 69 ans;2019;35080
76;76 - Seine-Maritime;28;28 - Normandie;H;80 ans et plus;2019;25639
76;76 - Seine-Maritime;28;28 - Normandie;F;5 à 9 ans;2019;37992
76;76 - Seine-Maritime;28;28 - Normandie;F;10 à 14 ans;2019;37698
76;76 - Seine-Maritime;28;28 - Normandie;F;15 à 19 ans;2019;39454
76;76 - Seine-Maritime;28;28 - Normandie;F;35 à 39 ans;2019;39098
76;76 - Seine-Maritime;28;28 - Normandie;F;45 à 49 ans;2019;42048
76;76 - Seine-Maritime;28;28 - Normandie;F;70 à 74 ans;2019;33426
77;77 - Seine-et-Marne;11;11 - Île-de-France;H;0 à 4 ans;2019;46612
77;77 - Seine-et-Marne;11;11 - Île-de-France;H;5 à 9 ans;2019;52422
77;77 - Seine-et-Marne;11;11 - Île-de-France;H;15 à 19 ans;2019;49612
77;77 - Seine-et-Marne;11;11 - Île-de-France;H;25 à 29 ans;2019;40966
77;77 - Seine-et-Marne;11;11 - Île-de-France;H;40 à 44 ans;2019;46711
77;77 - Seine-et-Marne;11;11 - Île-de-France;H;70 à 74 ans;2019;24928
77;77 - Seine-et-Marne;11;11 - Île-de-France;F;0 à 4 ans;2019;44934
77;77 - Seine-et-Marne;11;11 - Île-de-France;F;15 à 19 ans;2019;47455
77;77 - Seine-et-Marne;11;11 - Île-de-France;F;20 à 24 ans;2019;40313
77;77 - Seine-et-Marne;11;11 - Île-de-France;F;25 à 29 ans;2019;43522
77;77 - Seine-et-Marne;11;11 - Île-de-France;F;30 à 34 ans;2019;49011
77;77 - Seine-et-Marne;11;11 - Île-de-France;F;50 à 54 ans;2019;48730
77;77 - Seine-et-Marne;11;11 - Île-de-France;F;75 à 79 ans;2019;18624
77;77 - Seine-et-Marne;11;11 - Île-de-France;F;80 ans et plus;2019;36204
78;78 - Yvelines;11;11 - Île-de-France;H;0 à 4 ans;2019;47224
78;78 - Yvelines;11;11 - Île-de-France;H;10 à 14 ans;2019;51671
78;78 - Yvelines;11;11 - Île-de-France;H;15 à 19 ans;2019;49364
78;78 - Yvelines;11;11 - Île-de-France;H;35 à 39 ans;2019;45574
78;78 - Yvelines;11;11 - Île-de-France;H;55 à 59 ans;2019;45111
78;78 - Yvelines;11;11 - Île-de-France;H;70 à 74 ans;2019;27678
78;78 - Yvelines;11;11 - Île-de-France;H;80 ans et plus;2019;26215
78;78 - Yvelines;11;11 - Île-de-France;F;20 à 24 ans;2019;38698
78;78 - Yvelines;11;11 - Île-de-France;F;25 à 29 ans;2019;40392
78;78 - Yvelines;11;11 - Île-de-France;F;60 à 64 ans;2019;41562
78;78 - Yvelines;11;11 - Île-de-France;F;65 à 69 ans;2019;36915
78;78 - Yvelines;11;11 - Île-de-France;F;75 à 79 ans;2019;23003
79;79 - Deux-Sèvres;75;75 - Nouvelle-Aquitaine;H;5 à 9 ans;2019;11389
79;79 - Deux-Sèvres;75;75 - Nouvelle-Aquitaine;H;15 à 19 ans;2019;11641
79;79 - Deux-Sèvres;75;75 - Nouvelle-Aquitaine;H;25 à 29 ans;2019;8687
79;79 - Deux-Sèvres;75;75 - Nouvelle-Aquitaine;H;70 à 74 ans;2019;9590
79;79 - Deux-Sèvres;75;75 - Nouvelle-Aquitaine;H;80 ans et plus;2019;11060
79;79 - Deux-Sèvres;75;75 - Nouvelle-Aquitaine;F;25 à 29 ans;2019;8274
79;79 - Deux-Sèvres;75;75 - Nouvelle-Aquitaine;F;40 à 44 ans;2019;11244
79;79 - Deux-Sèvres;75;75 - Nouvelle-Aquitaine;F;45 à 49 ans;2019;13012
79;79 - Deux-Sèvres;75;75 - Nouvelle-Aquitaine;F;70 à 74 ans;2019;10442
80;80 - Somme;32;32 - Hauts-de-France;H;5 à 9 ans;2019;17853
80;80 - Somme;32;32 - Hauts-de-France;H;10 à 14 ans;2019;18167
80;80 - Somme;32;32 - Hauts-de-France;H;15 à 19 ans;2019;19324
80;80 - Somme;32;32 - Hauts-de-France;H;20 à 24 ans;2019;18422
80;80 - Somme;32;32 - Hauts-de-France;H;30 à 34 ans;2019;16598
80;80 - Somme;32;32 - Hauts-de-France;H;35 à 39 ans;2019;17122
80;80 - Somme;32;32 - Hauts-de-France;H;40 à 44 ans;2019;16637
80;80 - Somme;32;32 - Hauts-de-France;H;55 à 59 ans;2019;17767
80;80 - Somme;32;32 - Hauts-de-France;H;60 à 64 ans;2019;17145
81;81 - Tarn;76;76 - Occitanie;H;5 à 9 ans;2019;11338
81;81 - Tarn;76;76 - Occitanie;H;20 à 24 ans;2019;9228
81;81 - Tarn;76;76 - Occitanie;H;40 à 44 ans;2019;11227
81;81 - Tarn;76;76 - Occitanie;H;50 à 54 ans;2019;13418
81;81 - Tarn;76;76 - Occitanie;H;70 à 74 ans;2019;10599
81;81 - Tarn;76;76 - Occitanie;H;75 à 79 ans;2019;6984
81;81 - Tarn;76;76 - Occitanie;F;5 à 9 ans;2019;10791
81;81 - Tarn;76;76 - Occitanie;F;40 à 44 ans;2019;11494
81;81 - Tarn;76;76 - Occitanie;F;60 à 64 ans;2019;13861
81;81 - Tarn;76;76 - Occitanie;F;75 à 79 ans;2019;8580
82;82 - Tarn-et-Garonne;76;76 - Occitanie;H;0 à 4 ans;2019;6932
82;82 - Tarn-et-Garonne;76;76 - Occitanie;H;10 à 14 ans;2019;9285
82;82 - Tarn-et-Garonne;76;76 - Occitanie;H;15 à 19 ans;2019;8234
82;82 - Tarn-et-Garonne;76;76 - Occitanie;H;20 à 24 ans;2019;5734
82;82 - Tarn-et-Garonne;76;76 - Occitanie;H;25 à 29 ans;2019;5936
82;82 - Tarn-et-Garonne;76;76 - Occitanie;H;55 à 59 ans;2019;8591
82;82 - Tarn-et-Garonne;76;76 - Occitanie;F;5 à 9 ans;2019;8053
82;82 - Tarn-et-Garonne;76;76 - Occitanie;F;20 à 24 ans;2019;5162
82;82 - Tarn-et-Garonne;76;76 - Occitanie;F;35 à 39 ans;2019;8213
82;82 - Tarn-et-Garonne;76;76 - Occitanie;F;45 à 49 ans;2019;9212
82;82 - Tarn-et-Garonne;76;76 - Occitanie;F;55 à 59 ans;2019;8842
82;82 - Tarn-et-Garonne;76;76 - Occitanie;F;75 à 79 ans;2019;5038
82;82 - Tarn-et-Garonne;76;76 - Occitanie;F;80 ans et plus;2019;11321
83;83 - Var;93;93 - Provence-Alpes-Côte d'Azur;H;30 à 34 ans;2019;28134
83;83 - Var;93;93 - Provence-Alpes-Côte d'Azur;H;40 à 44 ans;2019;30004
83;83 - Var;93;93 - Provence-Alpes-Côte d'Azur;H;60 à 64 ans;2019;33584
83;83 - Var;93;93 - Provence-Alpes-Côte d'Azur;H;70 à 74 ans;2019;32305
83;83 - Var;93;93 - Provence-Alpes-Côte d'Azur;H;80 ans et plus;2019;33072
83;83 - Var;93;93 - Provence-Alpes-Côte d'Azur;F;25 à 29 ans;2019;24992
83;83 - Var;93;93 - Provence-Alpes-Côte d'Azur;F;40 à 44 ans;2019;31235
83;83 - Var;93;93 - Provence-Alpes-Côte d'Azur;F;55 à 59 ans;2019;37773
83;83 - Var;93;93 - Provence-Alpes-Côte d'Azur;F;70 à 74 ans;2019;38163
84;84 - Vaucluse;93;93 - Provence-Alpes-Côte d'Azur;H;5 à 9 ans;2019;17525
84;84 - Vaucluse;93;93 - Provence-Alpes-Côte d'Azur;H;20 à 24 ans;2019;13719
84;84 - Vaucluse;93;93 - Provence-Alpes-Côte d'Azur;H;30 à 34 ans;2019;15105
84;84 - Vaucluse;93;93 - Provence-Alpes-Côte d'Azur;H;55 à 59 ans;2019;17909
84;84 - Vaucluse;93;93 - Provence-Alpes-Côte d'Azur;F;0 à 4 ans;2019;15187
84;84 - Vaucluse;93;93 - Provence-Alpes-Côte d'Azur;F;5 à 9 ans;2019;16594
84;84 - Vaucluse;93;93 - Provence-Alpes-Côte d'Azur;F;35 à 39 ans;2019;17168
84;84 - Vaucluse;93;93 - Provence-Alpes-Côte d'Azur;F;75 à 79 ans;2019;11902
85;85 - Vendée;52;52 - Pays de la Loire;H;0 à 4 ans;2019;17353
85;85 - Vendée;52;52 - Pays de la Loire;H;10 à 14 ans;2019;22668
85;85 - Vendée;52;52 - Pays de la Loire;H;40 à 44 ans;2019;21037
85;85 - Vendée;52;52 - Pays de la Loire;H;55 à 59 ans;2019;22095
85;85 - Vendée;52;52 - Pays de la Loire;H;65 à 69 ans;2019;23855
85;85 - Vendée;52;52 - Pays de la Loire;F;0 à 4 ans;2019;16449
85;85 - Vendée;52;52 - Pays de la Loire;F;70 à 74 ans;2019;22008
85;85 - Vendée;52;52 - Pays de la Loire;F;80 ans et plus;2019;31375
86;86 - Vienne;75;75 - Nouvelle-Aquitaine;H;0 à 4 ans;2019;10845
86;86 - Vienne;75;75 - Nouvelle-Aquitaine;H;10 à 14 ans;2019;13383
86;86 - Vienne;75;75 - Nouvelle-Aquitaine;H;15 à 19 ans;2019;14361
86;86 - Vienne;75;75 - Nouvelle-Aquitaine;H;35 à 39 ans;2019;12552
86;86 - Vienne;75;75 - Nouvelle-Aquitaine;H;45 à 49 ans;2019;14047
86;86 - Vienne;75;75 - Nouvelle-Aquitaine;H;55 à 59 ans;2019;13621
86;86 - Vienne;75;75 - Nouvelle-Aquitaine;H;65 à 69 ans;2019;13160
86;86 - Vienne;75;75 - Nouvelle-Aquitaine;H;70 à 74 ans;2019;10558
86;86 - Vienne;75;75 - Nouvelle-Aquitaine;H;75 à 79 ans;2019;6791
86;86 - Vienne;75;75 - Nouvelle-Aquitaine;H;80 ans et plus;2019;11728
86;86 - Vienne;75;75 - Nouvelle-Aquitaine;F;0 à 4 ans;2019;10614
86;86 - Vienne;75;75 - Nouvelle-Aquitaine;F;20 à 24 ans;2019;15181
86;86 - Vienne;75;75 - Nouvelle-Aquitaine;F;45 à 49 ans;2019;14359
86;86 - Vienne;75;75 - Nouvelle-Aquitaine;F;55 à 59 ans;2019;14225
86;86 - Vienne;75;75 - Nouvelle-Aquitaine;F;60 à 64 ans;2019;14719
87;87 - Haute-Vienne;75;75 - Nouvelle-Aquitaine;H;0 à 4 ans;2019;8863
87;87 - Haute-Vienne;75;75 - Nouvelle-Aquitaine;H;15 à 19 ans;2019;11016
87;87 - Haute-Vienne;75;75 - Nouvelle-Aquitaine;H;35 à 39 ans;2019;10376
87;87 - Haute-Vienne;75;75 - Nouvelle-Aquitaine;H;40 à 44 ans;2019;10343
87;87 - Haute-Vienne;75;75 - Nouvelle-Aquitaine;H;45 à 49 ans;2019;12141
87;87 - Haute-Vienne;75;75 - Nouvelle-Aquitaine;H;70 à 74 ans;2019;10169
87;87 - Haute-Vienne;75;75 - Nouvelle-Aquitaine;F;5 à 9 ans;2019;9852
87;87 - Haute-Vienne;75;75 - Nouvelle-Aquitaine;F;20 à 24 ans;2019;11402
87;87 - Haute-Vienne;75;75 - Nouvelle-Aquitaine;F;30 à 34 ans;2019;10019
87;87 - Haute-Vienne;75;75 - Nouvelle-Aquitaine;F;40 à 44 ans;2019;10718
87;87 - Haute-Vienne;75;75 - Nouvelle-Aquitaine;F;45 à 49 ans;2019;12475
87;87 - Haute-Vienne;75;75 - Nouvelle-Aquitaine;F;55 à 59 ans;2019;12826
88;88 - Vosges;44;44 - Grand Est;H;30 à 34 ans;2019;9384
88;88 - Vosges;44;44 - Grand Est;H;45 à 49 ans;2019;12356
88;88 - Vosges;44;44 - Grand Est;H;65 à 69 ans;2019;12664
88;88 - Vosges;44;44 - Grand Est;H;70 à 74 ans;2019;10135
88;88 - Vosges;44;44 - Grand Est;H;80 ans et plus;2019;9269
88;88 - Vosges;44;44 - Grand Est;F;25 à 29 ans;2019;8170
88;88 - Vosges;44;44 - Grand Est;F;30 à 34 ans;2019;9494
88;88 - Vosges;44;44 - Grand Est;F;35 à 39 ans;2019;10298
88;88 - Vosges;44;44 - Grand Est;F;55 à 59 ans;2019;13594
88;88 - Vosges;44;44 - Grand Est;F;60 à 64 ans;2019;13461
88;88 - Vosges;44;44 - Grand Est;F;70 à 74 ans;2019;11277
88;88 - Vosges;44;44 - Grand Est;F;80 ans et plus;2019;18055
89;89 - Yonne;27;27 - Bourgogne-Franche-Comté;H;0 à 4 ans;2019;8420
89;89 - Yonne;27;27 - Bourgogne-Franche-Comté;H;5 à 9 ans;2019;10167
89;89 - Yonne;27;27 - Bourgogne-Franche-Comté;H;35 à 39 ans;2019;9430
89;89 - Yonne;27;27 - Bourgogne-Franche-Comté;F;60 à 64 ans;2019;12034
89;89 - Yonne;27;27 - Bourgogne-Franche-Comté;F;65 à 69 ans;2019;12518
89;89 - Yonne;27;27 - Bourgogne-Franche-Comté;F;70 à 74 ans;2019;10211
89;89 - Yonne;27;27 - Bourgogne-Franche-Comté;F;75 à 79 ans;2019;6976
90;90 - Territoire de Belfort;27;27 - Bourgogne-Franche-Comté;H;5 à 9 ans;2019;4403
90;90 - Territoire de Belfort;27;27 - Bourgogne-Franche-Comté;H;50 à 54 ans;2019;4843
90;90 - Territoire de Belfort;27;27 - Bourgogne-Franche-Comté;H;65 à 69 ans;2019;3986
90;90 - Territoire de Belfort;27;27 - Bourgogne-Franche-Comté;H;80 ans et plus;2019;3009
90;90 - Territoire de Belfort;27;27 - Bourgogne-Franche-Comté;F;5 à 9 ans;2019;4102
90;90 - Territoire de Belfort;27;27 - Bourgogne-Franche-Comté;F;10 à 14 ans;2019;4289
90;90 - Territoire de Belfort;27;27 - Bourgogne-Franche-Comté;F;15 à 19 ans;2019;4128
90;90 - Territoire de Belfort;27;27 - Bourgogne-Franche-Comté;F;25 à 29 ans;2019;3884
90;90 - Territoire de Belfort;27;27 - Bourgogne-Franche-Comté;F;35 à 39 ans;2019;4420
90;90 - Territoire de Belfort;27;27 - Bourgogne-Franche-Comté;F;40 à 44 ans;2019;4269
90;90 - Territoire de Belfort;27;27 - Bourgogne-Franche-Comté;F;60 à 64 ans;2019;4638
90;90 - Territoire de Belfort;27;27 - Bourgogne-Franche-Comté;F;65 à 69 ans;2019;4308
91;91 - Essonne;11;11 - Île-de-France;H;5 à 9 ans;2019;47084
91;91 - Essonne;11;11 - Île-de-France;H;30 à 34 ans;2019;40626
91;91 - Essonne;11;11 - Île-de-France;H;80 ans et plus;2019;21387
91;91 - Essonne;11;11 - Île-de-France;F;5 à 9 ans;2019;45268
91;91 - Essonne;11;11 - Île-de-France;F;45 à 49 ans;2019;45845
91;91 - Essonne;11;11 - Île-de-France;F;70 à 74 ans;2019;26455
92;92 - Hauts-de-Seine;11;11 - Île-de-France;H;25 à 29 ans;2019;55960
92;92 - Hauts-de-Seine;11;11 - Île-de-France;H;35 à 39 ans;2019;59059
92;92 - Hauts-de-Seine;11;11 - Île-de-France;H;45 à 49 ans;2019;54970
92;92 - Hauts-de-Seine;11;11 - Île-de-France;H;60 à 64 ans;2019;36527
92;92 - Hauts-de-Seine;11;11 - Île-de-France;H;65 à 69 ans;2019;31578
92;92 - Hauts-de-Seine;11;11 - Île-de-France;H;70 à 74 ans;2019;26491
92;92 - Hauts-de-Seine;11;11 - Île-de-France;F;5 à 9 ans;2019;51045
92;92 - Hauts-de-Seine;11;11 - Île-de-France;F;15 à 19 ans;2019;46985
92;92 - Hauts-de-Seine;11;11 - Île-de-France;F;50 à 54 ans;2019;55830
92;92 - Hauts-de-Seine;11;11 - Île-de-France;F;55 à 59 ans;2019;51432
92;92 - Hauts-de-Seine;11;11 - Île-de-France;F;65 à 69 ans;2019;38906
92;92 - Hauts-de-Seine;11;11 - Île-de-France;F;80 ans et plus;2019;50654
93;93 - Seine-Saint-Denis;11;11 - Île-de-France;H;0 à 4 ans;2019;66815
93;93 - Seine-Saint-Denis;11;11 - Île-de-France;H;5 à 9 ans;2019;64658
93;93 - Seine-Saint-Denis;11;11 - Île-de-France;H;25 à 29 ans;2019;55518
93;93 - Seine-Saint-Denis;11;11 - Île-de-France;H;30 à 34 ans;2019;58963
93;93 - Seine-Saint-Denis;11;11 - Île-de-France;H;70 à 74 ans;2019;23694
93;93 - Seine-Saint-Denis;11;11 - Île-de-France;F;5 à 9 ans;2019;62498
93;93 - Seine-Saint-Denis;11;11 - Île-de-France;F;15 à 19 ans;2019;52403
93;93 - Seine-Saint-Denis;11;11 - Île-de-France;F;25 à 29 ans;2019;59492
93;93 - Seine-Saint-Denis;11;11 - Île-de-France;F;35 à 39 ans;2019;63749
93;93 - Seine-Saint-Denis;11;11 - Île-de-France;F;40 à 44 ans;2019;56579
93;93 - Seine-Saint-Denis;11;11 - Île-de-France;F;50 à 54 ans;2019;50746
93;93 - Seine-Saint-Denis;11;11 - Île-de-France;F;55 à 59 ans;2019;47173
93;93 - Seine-Saint-Denis;11;11 - Île-de-France;F;70 à 74 ans;2019;24634
94;94 - Val-de-Marne;11;11 - Île-de-France;H;10 à 14 ans;2019;45140
94;94 - Val-de-Marne;11;11 - Île-de-France;H;25 à 29 ans;2019;47662
94;94 - Val-de-Marne;11;11 - Île-de-France;H;40 à 44 ans;2019;46479
94;94 - Val-de-Marne;11;11 - Île-de-France;H;45 à 49 ans;2019;47601
94;94 - Val-de-Marne;11;11 - Île-de-France;H;80 ans et plus;2019;22091
94;94 - Val-de-Marne;11;11 - Île-de-France;F;0 à 4 ans;2019;47181
94;94 - Val-de-Marne;11;11 - Île-de-France;F;5 à 9 ans;2019;45769
94;94 - Val-de-Marne;11;11 - Île-de-France;F;10 à 14 ans;2019;43189
94;94 - Val-de-Marne;11;11 - Île-de-France;F;25 à 29 ans;2019;51087
94;94 - Val-de-Marne;11;11 - Île-de-France;F;75 à 79 ans;2019;19287
94;94 - Val-de-Marne;11;11 - Île-de-France;F;80 ans et plus;2019;42075
95;95 - Val-d'Oise;11;11 - Île-de-France;H;0 à 4 ans;2019;46511
95;95 - Val-d'Oise;11;11 - Île-de-France;H;40 à 44 ans;2019;41353
95;95 - Val-d'Oise;11;11 - Île-de-France;H;45 à 49 ans;2019;41362
95;95 - Val-d'Oise;11;11 - Île-de-France;H;60 à 64 ans;2019;31569
95;95 - Val-d'Oise;11;11 - Île-de-France;H;75 à 79 ans;2019;11819
95;95 - Val-d'Oise;11;11 - Île-de-France;H;80 ans et plus;2019;16508
95;95 - Val-d'Oise;11;11 - Île-de-France;F;5 à 9 ans;2019;46232
95;95 - Val-d'Oise;11;11 - Île-de-France;F;50 à 54 ans;2019;40973
95;95 - Val-d'Oise;11;11 - Île-de-France;F;60 à 64 ans;2019;35253
95;95 - Val-d'Oise;11;11 - Île-de-France;F;65 à 69 ans;2019;28904
95;95 - Val-d'Oise;11;11 - Île-de-France;F;70 à 74 ans;2019;22437
95;95 - Val-d'Oise;11;11 - Île-de-France;F;75 à 79 ans;2019;14612
95;95 - Val-d'Oise;11;11 - Île-de-France;F;80 ans et plus;2019;29956
971;971 - Guadeloupe;01;01 - Guadeloupe;H;25 à 29 ans;2019;8416
971;971 - Guadeloupe;01;01 - Guadeloupe;H;30 à 34 ans;2019;7430
971;971 - Guadeloupe;01;01 - Guadeloupe;H;35 à 39 ans;2019;7851
971;971 - Guadeloupe;01;01 - Guadeloupe;H;50 à 54 ans;2019;13539
971;971 - Guadeloupe;01;01 - Guadeloupe;H;65 à 69 ans;2019;10807
971;971 - Guadeloupe;01;01 - Guadeloupe;F;20 à 24 ans;2019;9313
971;971 - Guadeloupe;01;01 - Guadeloupe;F;25 à 29 ans;2019;9289
971;971 - Guadeloupe;01;01 - Guadeloupe;F;35 à 39 ans;2019;11880
971;971 - Guadeloupe;01;01 - Guadeloupe;F;45 à 49 ans;2019;16484
971;971 - Guadeloupe;01;01 - Guadeloupe;F;50 à 54 ans;2019;17251
971;971 - Guadeloupe;01;01 - Guadeloupe;F;65 à 69 ans;2019;12548
971;971 - Guadeloupe;01;01 - Guadeloupe;F;70 à 74 ans;2019;10172
971;971 - Guadeloupe;01;01 - Guadeloupe;F;80 ans et plus;2019;12609
972;972 - Martinique;02;02 - Martinique;H;5 à 9 ans;2019;9748
972;972 - Martinique;02;02 - Martinique;H;10 à 14 ans;2019;11307
972;972 - Martinique;02;02 - Martinique;H;15 à 19 ans;2019;11925
972;972 - Martinique;02;02 - Martinique;H;20 à 24 ans;2019;8672
972;972 - Martinique;02;02 - Martinique;H;35 à 39 ans;2019;7504
972;972 - Martinique;02;02 - Martinique;H;40 à 44 ans;2019;8195
972;972 - Martinique;02;02 - Martinique;H;45 à 49 ans;2019;11569
972;972 - Martinique;02;02 - Martinique;H;50 à 54 ans;2019;13883
972;972 - Martinique;02;02 - Martinique;H;65 à 69 ans;2019;10498
972;972 - Martinique;02;02 - Martinique;F;15 à 19 ans;2019;11668
972;972 - Martinique;02;02 - Martinique;F;20 à 24 ans;2019;8214
972;972 - Martinique;02;02 - Martinique;F;55 à 59 ans;2019;16936
972;972 - Martinique;02;02 - Martinique;F;60 à 64 ans;2019;14543
972;972 - Martinique;02;02 - Martinique;F;65 à 69 ans;2019;12665
973;973 - Guyane;03;03 - Guyane;H;0 à 4 ans;2019;15152
973;973 - Guyane;03;03 - Guyane;H;10 à 14 ans;2019;15207
973;973 - Guyane;03;03 - Guyane;H;30 à 34 ans;2019;8847
973;973 - Guyane;03;03 - Guyane;H;45 à 49 ans;2019;7997
973;973 - Guyane;03;03 - Guyane;H;60 à 64 ans;2019;4766
973;973 - Guyane;03;03 - Guyane;H;65 à 69 ans;2019;3209
973;973 - Guyane;03;03 - Guyane;H;75 à 79 ans;2019;1136
973;973 - Guyane;03;03 - Guyane;H;80 ans et plus;2019;1175
973;973 - Guyane;03;03 - Guyane;F;5 à 9 ans;2019;15150
973;973 - Guyane;03;03 - Guyane;F;15 à 19 ans;2019;13921
973;973 - Guyane;03;03 - Guyane;F;25 à 29 ans;2019;10187
973;973 - Guyane;03;03 - Guyane;F;40 à 44 ans;2019;9065
973;973 - Guyane;03;03 - Guyane;F;45 à 49 ans;2019;8557
973;973 - Guyane;03;03 - Guyane;F;55 à 59 ans;2019;5901
974;974 - La Réunion;04;04 - La Réunion;H;5 à 9 ans;2019;32364
974;974 - La Réunion;04;04 - La Réunion;H;15 à 19 ans;2019;34377
974;974 - La Réunion;04;04 - La Réunion;H;20 à 24 ans;2019;25052
974;974 - La Réunion;04;04 - La Réunion;H;35 à 39 ans;2019;24350
974;974 - La Réunion;04;04 - La Réunion;H;65 à 69 ans;2019;17781
974;974 - La Réunion;04;04 - La Réunion;H;70 à 74 ans;2019;11863
974;974 - La Réunion;04;04 - La Réunion;H;75 à 79 ans;2019;8156
974;974 - La Réunion;04;04 - La Réunion;F;25 à 29 ans;2019;27229
974;974 - La Réunion;04;04 - La Réunion;F;55 à 59 ans;2019;29521
974;974 - La Réunion;04;04 - La Réunion;F;60 à 64 ans;2019;24829
974;974 - La Réunion;04;04 - La Réunion;F;80 ans et plus;2019;15459
976;976 - Mayotte;06;06 - Mayotte;H;0 à 4 ans;2019;21404
976;976 - Mayotte;06;06 - Mayotte;H;5 à 9 ans;2019;19469
976;976 - Mayotte;06;06 - Mayotte;H;20 à 24 ans;2019;7315
976;976 - Mayotte;06;06 - Mayotte;H;30 à 34 ans;2019;7620
976;976 - Mayotte;06;06 - Mayotte;H;35 à 39 ans;2019;7946
976;976 - Mayotte;06;06 - Mayotte;H;50 à 54 ans;2019;4019
976;976 - Mayotte;06;06 - Mayotte;H;55 à 59 ans;2019;3303
976;976 - Mayotte;06;06 - Mayotte;H;60 à 64 ans;2019;2346
976;976 - Mayotte;06;06 - Mayotte;H;70 à 74 ans;2019;828
976;976 - Mayotte;06;06 - Mayotte;H;75 à 79 ans;2019;576
976;976 - Mayotte;06;06 - Mayotte;H;80 ans et plus;2019;579
976;976 - Mayotte;06;06 - Mayotte;F;5 à 9 ans;2019;20103
976;976 - Mayotte;06;06 - Mayotte;F;10 à 14 ans;2019;18278
976;976 - Mayotte;06;06 - Mayotte;F;45 à 49 ans;2019;5719
976;976 - Mayotte;06;06 - Mayotte;F;50 à 54 ans;2019;3840
