"ANNEE";"DEPARTEMENT_CODE";"DEPARTEMENT_LIBELLE";"TYPE_LGT";"LOG_AUT";"LOG_COM";"SDP_AUT";"SDP_COM"
"2024";"01";"Ain";"Tous Logements";4869;0;382620;
"2024";"01";"Ain";"Individuel pur";1020;0;122172;
"2024";"01";"Ain";"Individuel groupé";782;0;74851;
"2024";"01";"Ain";"Collectif";2198;0;147751;
"2024";"01";"Ain";"Résidence";869;0;37846;
"2024";"02";"Aisne";"Tous Logements";1185;0;89638;
"2024";"02";"Aisne";"Individuel pur";262;0;29420;
"2024";"02";"Aisne";"Individuel groupé";260;0;22466;
"2024";"02";"Aisne";"Collectif";489;0;29068;
"2024";"02";"Aisne";"Résidence";174;0;8684;
"2024";"03";"Allier";"Tous Logements";560;0;52418;
"2024";"03";"Allier";"Individuel pur";316;0;34816;
"2024";"03";"Allier";"Individuel groupé";77;0;7656;
"2024";"03";"Allier";"Collectif";98;0;6676;
"2024";"03";"Allier";"Résidence";69;0;3270;
"2024";"04";"Alpes-de-Haute-Provence";"Tous Logements";777;0;65817;
"2024";"04";"Alpes-de-Haute-Provence";"Individuel pur";308;0;32828;
"2024";"04";"Alpes-de-Haute-Provence";"Individuel groupé";134;0;11643;
"2024";"04";"Alpes-de-Haute-Provence";"Collectif";240;0;15853;
"2024";"04";"Alpes-de-Haute-Provence";"Résidence";95;0;5493;
"2024";"05";"Hautes-Alpes";"Tous Logements";1264;0;106366;
"2024";"05";"Hautes-Alpes";"Individuel pur";342;0;39635;
"2024";"05";"Hautes-Alpes";"Individuel groupé";97;0;10325;
"2024";"05";"Hautes-Alpes";"Collectif";704;0;46882;
"2024";"05";"Hautes-Alpes";"Résidence";121;0;9524;
"2024";"06";"Alpes-Maritimes";"Tous Logements";4977;0;381989;
"2024";"06";"Alpes-Maritimes";"Individuel pur";552;0;90517;
"2024";"06";"Alpes-Maritimes";"Individuel groupé";286;0;33160;
"2024";"06";"Alpes-Maritimes";"Collectif";3418;0;231850;
"2024";"06";"Alpes-Maritimes";"Résidence";721;0;26462;
"2024";"07";"Ardèche";"Tous Logements";1631;0;143361;
"2024";"07";"Ardèche";"Individuel pur";783;0;83246;
"2024";"07";"Ardèche";"Individuel groupé";322;0;26734;
"2024";"07";"Ardèche";"Collectif";288;0;18972;
"2024";"07";"Ardèche";"Résidence";238;0;14409;
"2024";"08";"Ardennes";"Tous Logements";440;0;43752;
"2024";"08";"Ardennes";"Individuel pur";221;0;26682;
"2024";"08";"Ardennes";"Individuel groupé";117;0;9815;
"2024";"08";"Ardennes";"Collectif";100;0;7165;
"2024";"08";"Ardennes";"Résidence";2;0;90;
"2024";"09";"Ariège";"Tous Logements";522;0;51469;
"2024";"09";"Ariège";"Individuel pur";312;0;33763;
"2024";"09";"Ariège";"Individuel groupé";121;0;10140;
"2024";"09";"Ariège";"Collectif";85;0;6770;
"2024";"09";"Ariège";"Résidence";4;0;796;
"2024";"10";"Aube";"Tous Logements";940;0;80990;
"2024";"10";"Aube";"Individuel pur";295;0;35796;
"2024";"10";"Aube";"Individuel groupé";197;0;16527;
"2024";"10";"Aube";"Collectif";357;0;24917;
"2024";"10";"Aube";"Résidence";91;0;3750;
"2024";"11";"Aude";"Tous Logements";2014;0;173534;
"2024";"11";"Aude";"Individuel pur";773;0;88390;
"2024";"11";"Aude";"Individuel groupé";299;0;24688;
"2024";"11";"Aude";"Collectif";700;0;48420;
"2024";"11";"Aude";"Résidence";242;0;12036;
"2024";"12";"Aveyron";"Tous Logements";1167;0;111528;
"2024";"12";"Aveyron";"Individuel pur";559;0;69472;
"2024";"12";"Aveyron";"Individuel groupé";188;0;15579;
"2024";"12";"Aveyron";"Collectif";411;0;25947;
"2024";"12";"Aveyron";"Résidence";9;0;530;
"2024";"13";"Bouches-du-Rhône";"Tous Logements";9733;0;703678;
"2024";"13";"Bouches-du-Rhône";"Individuel pur";1173;0;140397;
"2024";"13";"Bouches-du-Rhône";"Individuel groupé";908;0;88250;
"2024";"13";"Bouches-du-Rhône";"Collectif";6664;0;432582;
"2024";"13";"Bouches-du-Rhône";"Résidence";988;0;42449;
"2024";"14";"Calvados";"Tous Logements";4572;0;344224;
"2024";"14";"Calvados";"Individuel pur";1101;0;131780;
"2024";"14";"Calvados";"Individuel groupé";654;0;58042;
"2024";"14";"Calvados";"Collectif";2280;0;136605;
"2024";"14";"Calvados";"Résidence";537;0;17797;
"2024";"15";"Cantal";"Tous Logements";378;0;34932;
"2024";"15";"Cantal";"Individuel pur";233;0;25266;
"2024";"15";"Cantal";"Individuel groupé";27;0;2093;
"2024";"15";"Cantal";"Collectif";107;0;7277;
"2024";"15";"Cantal";"Résidence";11;0;296;
"2024";"16";"Charente";"Tous Logements";1269;0;97619;
"2024";"16";"Charente";"Individuel pur";343;0;35775;
"2024";"16";"Charente";"Individuel groupé";293;0;23978;
"2024";"16";"Charente";"Collectif";400;0;26007;
"2024";"16";"Charente";"Résidence";233;0;11859;
"2024";"17";"Charente-Maritime";"Tous Logements";5277;0;414947;
"2024";"17";"Charente-Maritime";"Individuel pur";1877;0;197985;
"2024";"17";"Charente-Maritime";"Individuel groupé";1156;0;93365;
"2024";"17";"Charente-Maritime";"Collectif";1452;0;90010;
"2024";"17";"Charente-Maritime";"Résidence";792;0;33587;
"2024";"18";"Cher";"Tous Logements";629;0;52390;
"2024";"18";"Cher";"Individuel pur";217;0;25246;
"2024";"18";"Cher";"Individuel groupé";61;0;5328;
"2024";"18";"Cher";"Collectif";289;0;19297;
"2024";"18";"Cher";"Résidence";62;0;2519;
"2024";"19";"Corrèze";"Tous Logements";1005;0;86393;
"2024";"19";"Corrèze";"Individuel pur";367;0;43161;
"2024";"19";"Corrèze";"Individuel groupé";212;0;17856;
"2024";"19";"Corrèze";"Collectif";252;0;16023;
"2024";"19";"Corrèze";"Résidence";174;0;9353;
"2024";"21";"Côte-d'Or";"Tous Logements";2117;0;155778;
"2024";"21";"Côte-d'Or";"Individuel pur";417;0;49962;
"2024";"21";"Côte-d'Or";"Individuel groupé";222;0;18838;
"2024";"21";"Côte-d'Or";"Collectif";1072;0;71020;
"2024";"21";"Côte-d'Or";"Résidence";406;0;15958;
"2024";"22";"Côtes-d'Armor";"Tous Logements";3385;0;295779;
"2024";"22";"Côtes-d'Armor";"Individuel pur";1467;0;162642;
"2024";"22";"Côtes-d'Armor";"Individuel groupé";570;0;46382;
"2024";"22";"Côtes-d'Armor";"Collectif";1254;0;80257;
"2024";"22";"Côtes-d'Armor";"Résidence";94;0;6498;
"2024";"23";"Creuse";"Tous Logements";187;0;17861;
"2024";"23";"Creuse";"Individuel pur";123;0;14078;
"2024";"23";"Creuse";"Individuel groupé";21;0;1589;
"2024";"23";"Creuse";"Collectif";39;0;1852;
"2024";"23";"Creuse";"Résidence";4;0;342;
"2024";"24";"Dordogne";"Tous Logements";2336;0;202376;
"2024";"24";"Dordogne";"Individuel pur";1025;0;109973;
"2024";"24";"Dordogne";"Individuel groupé";529;0;43201;
"2024";"24";"Dordogne";"Collectif";651;0;40105;
"2024";"24";"Dordogne";"Résidence";131;0;9097;
"2024";"25";"Doubs";"Tous Logements";2025;0;183429;
"2024";"25";"Doubs";"Individuel pur";590;0;73906;
"2024";"25";"Doubs";"Individuel groupé";332;0;31735;
"2024";"25";"Doubs";"Collectif";1025;0;73330;
"2024";"25";"Doubs";"Résidence";78;0;4458;
"2024";"26";"Drôme";"Tous Logements";1969;0;168929;
"2024";"26";"Drôme";"Individuel pur";655;0;73154;
"2024";"26";"Drôme";"Individuel groupé";273;0;25999;
"2024";"26";"Drôme";"Collectif";977;0;67176;
"2024";"26";"Drôme";"Résidence";64;0;2600;
"2024";"27";"Eure";"Tous Logements";2247;0;185140;
"2024";"27";"Eure";"Individuel pur";647;0;78632;
"2024";"27";"Eure";"Individuel groupé";271;0;21388;
"2024";"27";"Eure";"Collectif";940;0;62397;
"2024";"27";"Eure";"Résidence";389;0;22723;
"2024";"28";"Eure-et-Loir";"Tous Logements";1969;0;154307;
"2024";"28";"Eure-et-Loir";"Individuel pur";412;0;45347;
"2024";"28";"Eure-et-Loir";"Individuel groupé";307;0;27852;
"2024";"28";"Eure-et-Loir";"Collectif";1183;0;76824;
"2024";"28";"Eure-et-Loir";"Résidence";67;0;4284;
"2024";"29";"Finistère";"Tous Logements";4823;0;400486;
"2024";"29";"Finistère";"Individuel pur";1995;0;216240;
"2024";"29";"Finistère";"Individuel groupé";684;0;52728;
"2024";"29";"Finistère";"Collectif";1853;0;114931;
"2024";"29";"Finistère";"Résidence";291;0;16587;
"2024";"2A";"Corse-du-Sud";"Tous Logements";1318;0;117623;
"2024";"2A";"Corse-du-Sud";"Individuel pur";371;0;48191;
"2024";"2A";"Corse-du-Sud";"Individuel groupé";130;0;14169;
"2024";"2A";"Corse-du-Sud";"Collectif";799;0;53604;
"2024";"2A";"Corse-du-Sud";"Résidence";18;0;1659;
"2024";"2B";"Haute-Corse";"Tous Logements";2139;0;165252;
"2024";"2B";"Haute-Corse";"Individuel pur";445;0;53116;
"2024";"2B";"Haute-Corse";"Individuel groupé";152;0;12613;
"2024";"2B";"Haute-Corse";"Collectif";1447;0;93183;
"2024";"2B";"Haute-Corse";"Résidence";95;0;6340;
"2024";"30";"Gard";"Tous Logements";2844;0;237007;
"2024";"30";"Gard";"Individuel pur";1100;0;122739;
"2024";"30";"Gard";"Individuel groupé";371;0;32093;
"2024";"30";"Gard";"Collectif";919;0;64545;
"2024";"30";"Gard";"Résidence";454;0;17630;
"2024";"31";"Haute-Garonne";"Tous Logements";8315;0;595718;
"2024";"31";"Haute-Garonne";"Individuel pur";1386;0;168638;
"2024";"31";"Haute-Garonne";"Individuel groupé";1097;0;100403;
"2024";"31";"Haute-Garonne";"Collectif";4132;0;257630;
"2024";"31";"Haute-Garonne";"Résidence";1700;0;69047;
"2024";"32";"Gers";"Tous Logements";561;0;55794;
"2024";"32";"Gers";"Individuel pur";272;0;32556;
"2024";"32";"Gers";"Individuel groupé";131;0;12207;
"2024";"32";"Gers";"Collectif";157;0;10910;
"2024";"32";"Gers";"Résidence";1;0;121;
"2024";"33";"Gironde";"Tous Logements";10847;0;766412;
"2024";"33";"Gironde";"Individuel pur";2132;0;244455;
"2024";"33";"Gironde";"Individuel groupé";1494;0;124808;
"2024";"33";"Gironde";"Collectif";5618;0;337974;
"2024";"33";"Gironde";"Résidence";1603;0;59175;
"2024";"34";"Hérault";"Tous Logements";7323;0;557771;
"2024";"34";"Hérault";"Individuel pur";1776;0;198947;
"2024";"34";"Hérault";"Individuel groupé";985;0;80008;
"2024";"34";"Hérault";"Collectif";3814;0;243572;
"2024";"34";"Hérault";"Résidence";748;0;35244;
"2024";"35";"Ille-et-Vilaine";"Tous Logements";7425;0;548716;
"2024";"35";"Ille-et-Vilaine";"Individuel pur";1786;0;205388;
"2024";"35";"Ille-et-Vilaine";"Individuel groupé";610;0;54246;
"2024";"35";"Ille-et-Vilaine";"Collectif";3633;0;232960;
"2024";"35";"Ille-et-Vilaine";"Résidence";1396;0;56122;
"2024";"36";"Indre";"Tous Logements";325;0;28120;
"2024";"36";"Indre";"Individuel pur";162;0;17849;
"2024";"36";"Indre";"Individuel groupé";50;0;3212;
"2024";"36";"Indre";"Collectif";74;0;4696;
"2024";"36";"Indre";"Résidence";39;0;2363;
"2024";"37";"Indre-et-Loire";"Tous Logements";2053;0;168267;
"2024";"37";"Indre-et-Loire";"Individuel pur";580;0;71557;
"2024";"37";"Indre-et-Loire";"Individuel groupé";290;0;25375;
"2024";"37";"Indre-et-Loire";"Collectif";1038;0;67059;
"2024";"37";"Indre-et-Loire";"Résidence";145;0;4276;
"2024";"38";"Isère";"Tous Logements";6100;0;483767;
"2024";"38";"Isère";"Individuel pur";1412;0;169350;
"2024";"38";"Isère";"Individuel groupé";693;0;65109;
"2024";"38";"Isère";"Collectif";3036;0;217033;
"2024";"38";"Isère";"Résidence";959;0;32275;
"2024";"39";"Jura";"Tous Logements";758;0;68147;
"2024";"39";"Jura";"Individuel pur";389;0;44320;
"2024";"39";"Jura";"Individuel groupé";161;0;12285;
"2024";"39";"Jura";"Collectif";177;0;9511;
"2024";"39";"Jura";"Résidence";31;0;2031;
"2024";"40";"Landes";"Tous Logements";3552;0;282635;
"2024";"40";"Landes";"Individuel pur";1104;0;121220;
"2024";"40";"Landes";"Individuel groupé";537;0;45104;
"2024";"40";"Landes";"Collectif";1831;0;111278;
"2024";"40";"Landes";"Résidence";80;0;5033;
"2024";"41";"Loir-et-Cher";"Tous Logements";1192;0;90565;
"2024";"41";"Loir-et-Cher";"Individuel pur";423;0;45475;
"2024";"41";"Loir-et-Cher";"Individuel groupé";223;0;16896;
"2024";"41";"Loir-et-Cher";"Collectif";386;0;20851;
"2024";"41";"Loir-et-Cher";"Résidence";160;0;7343;
"2024";"42";"Loire";"Tous Logements";4108;0;282292;
"2024";"42";"Loire";"Individuel pur";767;0;87049;
"2024";"42";"Loire";"Individuel groupé";659;0;58647;
"2024";"42";"Loire";"Collectif";1243;0;88892;
"2024";"42";"Loire";"Résidence";1439;0;47704;
"2024";"43";"Haute-Loire";"Tous Logements";817;0;82051;
"2024";"43";"Haute-Loire";"Individuel pur";438;0;51466;
"2024";"43";"Haute-Loire";"Individuel groupé";129;0;12633;
"2024";"43";"Haute-Loire";"Collectif";198;0;13894;
"2024";"43";"Haute-Loire";"Résidence";52;0;4058;
"2024";"44";"Loire-Atlantique";"Tous Logements";6906;0;526935;
"2024";"44";"Loire-Atlantique";"Individuel pur";2191;0;236622;
"2024";"44";"Loire-Atlantique";"Individuel groupé";496;0;43199;
"2024";"44";"Loire-Atlantique";"Collectif";3651;0;226100;
"2024";"44";"Loire-Atlantique";"Résidence";568;0;21014;
"2024";"45";"Loiret";"Tous Logements";3285;0;227338;
"2024";"45";"Loiret";"Individuel pur";605;0;73384;
"2024";"45";"Loiret";"Individuel groupé";495;0;42452;
"2024";"45";"Loiret";"Collectif";1292;0;77000;
"2024";"45";"Loiret";"Résidence";893;0;34502;
"2024";"46";"Lot";"Tous Logements";788;0;76709;
"2024";"46";"Lot";"Individuel pur";515;0;55199;
"2024";"46";"Lot";"Individuel groupé";133;0;10240;
"2024";"46";"Lot";"Collectif";126;0;9951;
"2024";"46";"Lot";"Résidence";14;0;1319;
"2024";"47";"Lot-et-Garonne";"Tous Logements";1001;0;84768;
"2024";"47";"Lot-et-Garonne";"Individuel pur";388;0;44963;
"2024";"47";"Lot-et-Garonne";"Individuel groupé";307;0;23707;
"2024";"47";"Lot-et-Garonne";"Collectif";217;0;13329;
"2024";"47";"Lot-et-Garonne";"Résidence";89;0;2769;
"2024";"48";"Lozère";"Tous Logements";406;0;38311;
"2024";"48";"Lozère";"Individuel pur";253;0;26370;
"2024";"48";"Lozère";"Individuel groupé";79;0;7212;
"2024";"48";"Lozère";"Collectif";48;0;3072;
"2024";"48";"Lozère";"Résidence";26;0;1657;
"2024";"49";"Maine-et-Loire";"Tous Logements";4432;0;319321;
"2024";"49";"Maine-et-Loire";"Individuel pur";1034;0;116501;
"2024";"49";"Maine-et-Loire";"Individuel groupé";532;0;44013;
"2024";"49";"Maine-et-Loire";"Collectif";2109;0;126743;
"2024";"49";"Maine-et-Loire";"Résidence";757;0;32064;
"2024";"50";"Manche";"Tous Logements";2336;0;190076;
"2024";"50";"Manche";"Individuel pur";876;0;92992;
"2024";"50";"Manche";"Individuel groupé";352;0;27668;
"2024";"50";"Manche";"Collectif";1018;0;65250;
"2024";"50";"Manche";"Résidence";90;0;4166;
"2024";"51";"Marne";"Tous Logements";1119;0;109082;
"2024";"51";"Marne";"Individuel pur";339;0;45901;
"2024";"51";"Marne";"Individuel groupé";179;0;15105;
"2024";"51";"Marne";"Collectif";394;0;27694;
"2024";"51";"Marne";"Résidence";207;0;20382;
"2024";"52";"Haute-Marne";"Tous Logements";177;0;18242;
"2024";"52";"Haute-Marne";"Individuel pur";94;0;10960;
"2024";"52";"Haute-Marne";"Individuel groupé";11;0;991;
"2024";"52";"Haute-Marne";"Collectif";58;0;5012;
"2024";"52";"Haute-Marne";"Résidence";14;0;1279;
"2024";"53";"Mayenne";"Tous Logements";1233;0;94348;
"2024";"53";"Mayenne";"Individuel pur";338;0;41022;
"2024";"53";"Mayenne";"Individuel groupé";136;0;10795;
"2024";"53";"Mayenne";"Collectif";581;0;34965;
"2024";"53";"Mayenne";"Résidence";178;0;7566;
"2024";"54";"Meurthe-et-Moselle";"Tous Logements";3048;0;258398;
"2024";"54";"Meurthe-et-Moselle";"Individuel pur";467;0;61908;
"2024";"54";"Meurthe-et-Moselle";"Individuel groupé";259;0;26165;
"2024";"54";"Meurthe-et-Moselle";"Collectif";2093;0;159073;
"2024";"54";"Meurthe-et-Moselle";"Résidence";229;0;11252;
"2024";"55";"Meuse";"Tous Logements";334;0;33975;
"2024";"55";"Meuse";"Individuel pur";162;0;20694;
"2024";"55";"Meuse";"Individuel groupé";50;0;3477;
"2024";"55";"Meuse";"Collectif";108;0;8628;
"2024";"55";"Meuse";"Résidence";14;0;1176;
"2024";"56";"Morbihan";"Tous Logements";6599;0;522380;
"2024";"56";"Morbihan";"Individuel pur";1907;0;212504;
"2024";"56";"Morbihan";"Individuel groupé";941;0;74939;
"2024";"56";"Morbihan";"Collectif";3156;0;208018;
"2024";"56";"Morbihan";"Résidence";595;0;26919;
"2024";"57";"Moselle";"Tous Logements";4522;0;366259;
"2024";"57";"Moselle";"Individuel pur";920;0;125833;
"2024";"57";"Moselle";"Individuel groupé";383;0;39895;
"2024";"57";"Moselle";"Collectif";2513;0;171078;
"2024";"57";"Moselle";"Résidence";706;0;29453;
"2024";"58";"Nièvre";"Tous Logements";174;0;18380;
"2024";"58";"Nièvre";"Individuel pur";115;0;13221;
"2024";"58";"Nièvre";"Individuel groupé";31;0;2751;
"2024";"58";"Nièvre";"Collectif";26;0;2226;
"2024";"58";"Nièvre";"Résidence";2;0;182;
"2024";"59";"Nord";"Tous Logements";9525;0;694019;
"2024";"59";"Nord";"Individuel pur";1037;0;133853;
"2024";"59";"Nord";"Individuel groupé";1629;0;138350;
"2024";"59";"Nord";"Collectif";5113;0;332605;
"2024";"59";"Nord";"Résidence";1746;0;89211;
"2024";"60";"Oise";"Tous Logements";2108;0;179596;
"2024";"60";"Oise";"Individuel pur";528;0;64500;
"2024";"60";"Oise";"Individuel groupé";601;0;52970;
"2024";"60";"Oise";"Collectif";958;0;61604;
"2024";"60";"Oise";"Résidence";21;0;522;
"2024";"61";"Orne";"Tous Logements";566;0;46152;
"2024";"61";"Orne";"Individuel pur";201;0;23607;
"2024";"61";"Orne";"Individuel groupé";46;0;3280;
"2024";"61";"Orne";"Collectif";319;0;19265;
"2024";"61";"Orne";"Résidence";0;0;0;
"2024";"62";"Pas-de-Calais";"Tous Logements";7087;0;522555;
"2024";"62";"Pas-de-Calais";"Individuel pur";1083;0;136745;
"2024";"62";"Pas-de-Calais";"Individuel groupé";1132;0;95072;
"2024";"62";"Pas-de-Calais";"Collectif";3566;0;235156;
"2024";"62";"Pas-de-Calais";"Résidence";1306;0;55582;
"2024";"63";"Puy-de-Dôme";"Tous Logements";2764;0;218519;
"2024";"63";"Puy-de-Dôme";"Individuel pur";859;0;95361;
"2024";"63";"Puy-de-Dôme";"Individuel groupé";407;0;34375;
"2024";"63";"Puy-de-Dôme";"Collectif";1059;0;71124;
"2024";"63";"Puy-de-Dôme";"Résidence";439;0;17659;
"2024";"64";"Pyrénées-Atlantiques";"Tous Logements";4036;0;353263;
"2024";"64";"Pyrénées-Atlantiques";"Individuel pur";1225;0;149196;
"2024";"64";"Pyrénées-Atlantiques";"Individuel groupé";679;0;59580;
"2024";"64";"Pyrénées-Atlantiques";"Collectif";1393;0;93631;
"2024";"64";"Pyrénées-Atlantiques";"Résidence";739;0;50856;
"2024";"65";"Hautes-Pyrénées";"Tous Logements";1365;0;106781;
"2024";"65";"Hautes-Pyrénées";"Individuel pur";412;0;48459;
"2024";"65";"Hautes-Pyrénées";"Individuel groupé";192;0;17611;
"2024";"65";"Hautes-Pyrénées";"Collectif";330;0;22730;
"2024";"65";"Hautes-Pyrénées";"Résidence";431;0;17981;
"2024";"66";"Pyrénées-Orientales";"Tous Logements";2506;0;221503;
"2024";"66";"Pyrénées-Orientales";"Individuel pur";992;0;114744;
"2024";"66";"Pyrénées-Orientales";"Individuel groupé";314;0;29375;
"2024";"66";"Pyrénées-Orientales";"Collectif";1157;0;74607;
"2024";"66";"Pyrénées-Orientales";"Résidence";43;0;2777;
"2024";"67";"Bas-Rhin";"Tous Logements";6228;0;453955;
"2024";"67";"Bas-Rhin";"Individuel pur";858;0;118097;
"2024";"67";"Bas-Rhin";"Individuel groupé";592;0;55375;
"2024";"67";"Bas-Rhin";"Collectif";3795;0;249221;
"2024";"67";"Bas-Rhin";"Résidence";983;0;31262;
"2024";"68";"Haut-Rhin";"Tous Logements";3715;0;334519;
"2024";"68";"Haut-Rhin";"Individuel pur";728;0;106262;
"2024";"68";"Haut-Rhin";"Individuel groupé";721;0;67518;
"2024";"68";"Haut-Rhin";"Collectif";2155;0;153401;
"2024";"68";"Haut-Rhin";"Résidence";111;0;7338;
"2024";"69";"Rhône";"Tous Logements";7322;0;520351;
"2024";"69";"Rhône";"Individuel pur";880;0;113345;
"2024";"69";"Rhône";"Individuel groupé";488;0;44857;
"2024";"69";"Rhône";"Collectif";4717;0;317309;
"2024";"69";"Rhône";"Résidence";1237;0;44840;
"2024";"70";"Haute-Saône";"Tous Logements";411;0;43651;
"2024";"70";"Haute-Saône";"Individuel pur";266;0;31261;
"2024";"70";"Haute-Saône";"Individuel groupé";115;0;10516;
"2024";"70";"Haute-Saône";"Collectif";28;0;1774;
"2024";"70";"Haute-Saône";"Résidence";2;0;100;
"2024";"71";"Saône-et-Loire";"Tous Logements";1581;0;137377;
"2024";"71";"Saône-et-Loire";"Individuel pur";612;0;72066;
"2024";"71";"Saône-et-Loire";"Individuel groupé";391;0;32238;
"2024";"71";"Saône-et-Loire";"Collectif";396;0;26165;
"2024";"71";"Saône-et-Loire";"Résidence";182;0;6908;
"2024";"72";"Sarthe";"Tous Logements";1425;0;104313;
"2024";"72";"Sarthe";"Individuel pur";482;0;53163;
"2024";"72";"Sarthe";"Individuel groupé";198;0;15303;
"2024";"72";"Sarthe";"Collectif";360;0;20762;
"2024";"72";"Sarthe";"Résidence";385;0;15085;
"2024";"73";"Savoie";"Tous Logements";3706;0;310471;
"2024";"73";"Savoie";"Individuel pur";747;0;99289;
"2024";"73";"Savoie";"Individuel groupé";326;0;35585;
"2024";"73";"Savoie";"Collectif";2477;0;166607;
"2024";"73";"Savoie";"Résidence";156;0;8990;
"2024";"74";"Haute-Savoie";"Tous Logements";6802;0;583134;
"2024";"74";"Haute-Savoie";"Individuel pur";1221;0;172880;
"2024";"74";"Haute-Savoie";"Individuel groupé";809;0;90835;
"2024";"74";"Haute-Savoie";"Collectif";3804;0;274308;
"2024";"74";"Haute-Savoie";"Résidence";968;0;45111;
"2024";"75";"Paris";"Tous Logements";4086;0;221013;
"2024";"75";"Paris";"Individuel pur";117;0;11227;
"2024";"75";"Paris";"Individuel groupé";155;0;12816;
"2024";"75";"Paris";"Collectif";2015;0;122185;
"2024";"75";"Paris";"Résidence";1799;0;74785;
"2024";"76";"Seine-Maritime";"Tous Logements";5109;0;407043;
"2024";"76";"Seine-Maritime";"Individuel pur";945;0;132075;
"2024";"76";"Seine-Maritime";"Individuel groupé";1083;0;85275;
"2024";"76";"Seine-Maritime";"Collectif";2886;0;178688;
"2024";"76";"Seine-Maritime";"Résidence";195;0;11005;
"2024";"77";"Seine-et-Marne";"Tous Logements";6006;0;445859;
"2024";"77";"Seine-et-Marne";"Individuel pur";774;0;94373;
"2024";"77";"Seine-et-Marne";"Individuel groupé";646;0;57851;
"2024";"77";"Seine-et-Marne";"Collectif";4061;0;263637;
"2024";"77";"Seine-et-Marne";"Résidence";525;0;29998;
"2024";"78";"Yvelines";"Tous Logements";4179;0;326782;
"2024";"78";"Yvelines";"Individuel pur";649;0;92105;
"2024";"78";"Yvelines";"Individuel groupé";409;0;45848;
"2024";"78";"Yvelines";"Collectif";2685;0;169142;
"2024";"78";"Yvelines";"Résidence";436;0;19687;
"2024";"79";"Deux-Sèvres";"Tous Logements";1373;0;104558;
"2024";"79";"Deux-Sèvres";"Individuel pur";466;0;51722;
"2024";"79";"Deux-Sèvres";"Individuel groupé";416;0;31956;
"2024";"79";"Deux-Sèvres";"Collectif";248;0;10205;
"2024";"79";"Deux-Sèvres";"Résidence";243;0;10675;
"2024";"80";"Somme";"Tous Logements";2280;0;166138;
"2024";"80";"Somme";"Individuel pur";357;0;42332;
"2024";"80";"Somme";"Individuel groupé";504;0;41116;
"2024";"80";"Somme";"Collectif";1335;0;77762;
"2024";"80";"Somme";"Résidence";84;0;4928;
"2024";"81";"Tarn";"Tous Logements";1739;0;147174;
"2024";"81";"Tarn";"Individuel pur";590;0;64746;
"2024";"81";"Tarn";"Individuel groupé";486;0;40768;
"2024";"81";"Tarn";"Collectif";607;0;38206;
"2024";"81";"Tarn";"Résidence";56;0;3454;
"2024";"82";"Tarn-et-Garonne";"Tous Logements";1347;0;126454;
"2024";"82";"Tarn-et-Garonne";"Individuel pur";518;0;58577;
"2024";"82";"Tarn-et-Garonne";"Individuel groupé";523;0;46158;
"2024";"82";"Tarn-et-Garonne";"Collectif";287;0;20431;
"2024";"82";"Tarn-et-Garonne";"Résidence";19;0;1288;
"2024";"83";"Var";"Tous Logements";5983;0;473580;
"2024";"83";"Var";"Individuel pur";1117;0;160670;
"2024";"83";"Var";"Individuel groupé";581;0;57344;
"2024";"83";"Var";"Collectif";2902;0;187042;
"2024";"83";"Var";"Résidence";1383;0;68524;
"2024";"84";"Vaucluse";"Tous Logements";2054;0;179169;
"2024";"84";"Vaucluse";"Individuel pur";729;0;81472;
"2024";"84";"Vaucluse";"Individuel groupé";451;0;40247;
"2024";"84";"Vaucluse";"Collectif";700;0;44367;
"2024";"84";"Vaucluse";"Résidence";174;0;13083;
"2024";"85";"Vendée";"Tous Logements";5278;0;432146;
"2024";"85";"Vendée";"Individuel pur";2477;0;251363;
"2024";"85";"Vendée";"Individuel groupé";958;0;74071;
"2024";"85";"Vendée";"Collectif";1730;0;101232;
"2024";"85";"Vendée";"Résidence";113;0;5480;
"2024";"86";"Vienne";"Tous Logements";1742;0;120362;
"2024";"86";"Vienne";"Individuel pur";452;0;48703;
"2024";"86";"Vienne";"Individuel groupé";229;0;19296;
"2024";"86";"Vienne";"Collectif";656;0;30628;
"2024";"86";"Vienne";"Résidence";405;0;21735;
"2024";"87";"Haute-Vienne";"Tous Logements";890;0;83652;
"2024";"87";"Haute-Vienne";"Individuel pur";418;0;47756;
"2024";"87";"Haute-Vienne";"Individuel groupé";204;0;18120;
"2024";"87";"Haute-Vienne";"Collectif";225;0;14717;
"2024";"87";"Haute-Vienne";"Résidence";43;0;3059;
"2024";"88";"Vosges";"Tous Logements";1062;0;105290;
"2024";"88";"Vosges";"Individuel pur";506;0;61930;
"2024";"88";"Vosges";"Individuel groupé";238;0;20256;
"2024";"88";"Vosges";"Collectif";307;0;22127;
"2024";"88";"Vosges";"Résidence";11;0;977;
"2024";"89";"Yonne";"Tous Logements";572;0;52391;
"2024";"89";"Yonne";"Individuel pur";222;0;26802;
"2024";"89";"Yonne";"Individuel groupé";125;0;11661;
"2024";"89";"Yonne";"Collectif";224;0;13859;
"2024";"89";"Yonne";"Résidence";1;0;69;
"2024";"90";"Territoire de Belfort";"Tous Logements";308;0;28248;
"2024";"90";"Territoire de Belfort";"Individuel pur";108;0;13386;
"2024";"90";"Territoire de Belfort";"Individuel groupé";59;0;5240;
"2024";"90";"Territoire de Belfort";"Collectif";93;0;7454;
"2024";"90";"Territoire de Belfort";"Résidence";48;0;2168;
"2024";"91";"Essonne";"Tous Logements";5345;0;344351;
"2024";"91";"Essonne";"Individuel pur";527;0;70740;
"2024";"91";"Essonne";"Individuel groupé";388;0;40259;
"2024";"91";"Essonne";"Collectif";2947;0;177527;
"2024";"91";"Essonne";"Résidence";1483;0;55825;
"2024";"92";"Hauts-de-Seine";"Tous Logements";9861;0;618668;
"2024";"92";"Hauts-de-Seine";"Individuel pur";160;0;23992;
"2024";"92";"Hauts-de-Seine";"Individuel groupé";223;0;19879;
"2024";"92";"Hauts-de-Seine";"Collectif";7629;0;509344;
"2024";"92";"Hauts-de-Seine";"Résidence";1849;0;65453;
"2024";"93";"Seine-Saint-Denis";"Tous Logements";6907;0;429132;
"2024";"93";"Seine-Saint-Denis";"Individuel pur";312;0;39560;
"2024";"93";"Seine-Saint-Denis";"Individuel groupé";154;0;15743;
"2024";"93";"Seine-Saint-Denis";"Collectif";4787;0;312087;
"2024";"93";"Seine-Saint-Denis";"Résidence";1654;0;61742;
"2024";"94";"Val-de-Marne";"Tous Logements";11798;0;715124;
"2024";"94";"Val-de-Marne";"Individuel pur";254;0;37801;
"2024";"94";"Val-de-Marne";"Individuel groupé";152;0;16711;
"2024";"94";"Val-de-Marne";"Collectif";6775;0;463147;
"2024";"94";"Val-de-Marne";"Résidence";4617;0;197465;
"2024";"95";"Val-d'Oise";"Tous Logements";3726;0;271598;
"2024";"95";"Val-d'Oise";"Individuel pur";441;0;59279;
"2024";"95";"Val-d'Oise";"Individuel groupé";251;0;23336;
"2024";"95";"Val-d'Oise";"Collectif";2799;0;175726;
"2024";"95";"Val-d'Oise";"Résidence";235;0;13257;
"2024";"971";"Guadeloupe";"Tous Logements";2152;0;163877;
"2024";"971";"Guadeloupe";"Individuel pur";1045;0;95292;
"2024";"971";"Guadeloupe";"Individuel groupé";612;0;40986;
"2024";"971";"Guadeloupe";"Collectif";334;0;19097;
"2024";"971";"Guadeloupe";"Résidence";161;0;8502;
"2024";"972";"Martinique";"Tous Logements";2008;0;137472;
"2024";"972";"Martinique";"Individuel pur";567;0;53384;
"2024";"972";"Martinique";"Individuel groupé";306;0;16836;
"2024";"972";"Martinique";"Collectif";924;0;54823;
"2024";"972";"Martinique";"Résidence";211;0;12429;
"2024";"973";"Guyane";"Tous Logements";2125;0;151231;
"2024";"973";"Guyane";"Individuel pur";157;0;16816;
"2024";"973";"Guyane";"Individuel groupé";537;0;43825;
"2024";"973";"Guyane";"Collectif";1381;0;87545;
"2024";"973";"Guyane";"Résidence";50;0;3045;
"2024";"974";"La Réunion";"Tous Logements";5520;0;393397;
"2024";"974";"La Réunion";"Individuel pur";1545;0;149287;
"2024";"974";"La Réunion";"Individuel groupé";966;0;75736;
"2024";"974";"La Réunion";"Collectif";2285;0;138269;
"2024";"974";"La Réunion";"Résidence";724;0;30105;
"2024";"976";"Mayotte";"Tous Logements";1275;0;96036;
"2024";"976";"Mayotte";"Individuel pur";141;0;17302;
"2024";"976";"Mayotte";"Individuel groupé";280;0;20930;
"2024";"976";"Mayotte";"Collectif";739;0;50787;
"2024";"976";"Mayotte";"Résidence";115;0;7017;
"2023";"01";"Ain";"Tous Logements";4583;2495;408903;238406
"2023";"01";"Ain";"Individuel pur";1278;912;159795;114408
"2023";"01";"Ain";"Individuel groupé";673;363;67030;35529
"2023";"01";"Ain";"Collectif";2550;1217;177359;88142
"2023";"01";"Ain";"Résidence";82;3;4719;327
"2023";"02";"Aisne";"Tous Logements";1201;728;99050;60743
"2023";"02";"Aisne";"Individuel pur";391;254;45984;30614
"2023";"02";"Aisne";"Individuel groupé";198;89;17290;6020
"2023";"02";"Aisne";"Collectif";414;285;29711;21048
"2023";"02";"Aisne";"Résidence";198;100;6065;3061
"2023";"03";"Allier";"Tous Logements";757;590;68590;51842
"2023";"03";"Allier";"Individuel pur";367;286;42589;33436
"2023";"03";"Allier";"Individuel groupé";35;26;2803;1658
"2023";"03";"Allier";"Collectif";314;160;19171;10260
"2023";"03";"Allier";"Résidence";41;118;4027;6488
"2023";"04";"Alpes-de-Haute-Provence";"Tous Logements";992;483;85364;43633
"2023";"04";"Alpes-de-Haute-Provence";"Individuel pur";430;260;47538;28322
"2023";"04";"Alpes-de-Haute-Provence";"Individuel groupé";148;64;13219;6039
"2023";"04";"Alpes-de-Haute-Provence";"Collectif";242;115;15540;6865
"2023";"04";"Alpes-de-Haute-Provence";"Résidence";172;44;9067;2407
"2023";"05";"Hautes-Alpes";"Tous Logements";1183;1318;106542;110354
"2023";"05";"Hautes-Alpes";"Individuel pur";403;351;46857;41413
"2023";"05";"Hautes-Alpes";"Individuel groupé";127;154;14215;13671
"2023";"05";"Hautes-Alpes";"Collectif";491;560;34115;40009
"2023";"05";"Hautes-Alpes";"Résidence";162;253;11355;15261
"2023";"06";"Alpes-Maritimes";"Tous Logements";5623;3829;417971;258417
"2023";"06";"Alpes-Maritimes";"Individuel pur";650;324;109596;46563
"2023";"06";"Alpes-Maritimes";"Individuel groupé";200;78;26996;9510
"2023";"06";"Alpes-Maritimes";"Collectif";3997;2757;241224;169550
"2023";"06";"Alpes-Maritimes";"Résidence";776;670;40155;32794
"2023";"07";"Ardèche";"Tous Logements";1998;1304;189289;126383
"2023";"07";"Ardèche";"Individuel pur";1070;718;119070;79860
"2023";"07";"Ardèche";"Individuel groupé";418;267;37032;22859
"2023";"07";"Ardèche";"Collectif";469;313;30911;23479
"2023";"07";"Ardèche";"Résidence";41;6;2276;185
"2023";"08";"Ardennes";"Tous Logements";562;354;54253;34749
"2023";"08";"Ardennes";"Individuel pur";269;154;33671;19809
"2023";"08";"Ardennes";"Individuel groupé";177;54;12146;4626
"2023";"08";"Ardennes";"Collectif";61;118;5836;8561
"2023";"08";"Ardennes";"Résidence";55;28;2600;1753
"2023";"09";"Ariège";"Tous Logements";814;378;70380;36956
"2023";"09";"Ariège";"Individuel pur";383;265;40022;28110
"2023";"09";"Ariège";"Individuel groupé";163;61;13734;5622
"2023";"09";"Ariège";"Collectif";257;51;15838;3108
"2023";"09";"Ariège";"Résidence";11;1;786;116
"2023";"10";"Aube";"Tous Logements";810;856;78550;65690
"2023";"10";"Aube";"Individuel pur";404;266;48480;31526
"2023";"10";"Aube";"Individuel groupé";117;87;9629;7387
"2023";"10";"Aube";"Collectif";265;330;18660;21861
"2023";"10";"Aube";"Résidence";24;173;1781;4916
"2023";"11";"Aude";"Tous Logements";2044;973;181230;94766
"2023";"11";"Aude";"Individuel pur";1035;588;116687;65211
"2023";"11";"Aude";"Individuel groupé";371;153;21126;13348
"2023";"11";"Aude";"Collectif";623;212;42383;14877
"2023";"11";"Aude";"Résidence";15;20;1034;1330
"2023";"12";"Aveyron";"Tous Logements";1423;971;125681;86337
"2023";"12";"Aveyron";"Individuel pur";623;401;71648;47371
"2023";"12";"Aveyron";"Individuel groupé";137;97;11005;8093
"2023";"12";"Aveyron";"Collectif";602;472;38585;30724
"2023";"12";"Aveyron";"Résidence";61;1;4443;149
"2023";"13";"Bouches-du-Rhône";"Tous Logements";8467;6387;604839;494762
"2023";"13";"Bouches-du-Rhône";"Individuel pur";1365;1162;161267;141312
"2023";"13";"Bouches-du-Rhône";"Individuel groupé";1003;726;94333;68931
"2023";"13";"Bouches-du-Rhône";"Collectif";4983;4105;306642;269003
"2023";"13";"Bouches-du-Rhône";"Résidence";1116;394;42597;15516
"2023";"14";"Calvados";"Tous Logements";4741;3111;383401;264046
"2023";"14";"Calvados";"Individuel pur";1286;1035;154081;123536
"2023";"14";"Calvados";"Individuel groupé";438;270;40082;25074
"2023";"14";"Calvados";"Collectif";2658;1613;163073;105584
"2023";"14";"Calvados";"Résidence";359;193;26165;9852
"2023";"15";"Cantal";"Tous Logements";454;238;40483;24877
"2023";"15";"Cantal";"Individuel pur";228;172;25656;20131
"2023";"15";"Cantal";"Individuel groupé";68;35;4715;2594
"2023";"15";"Cantal";"Collectif";139;31;8652;2152
"2023";"15";"Cantal";"Résidence";19;0;1460;0
"2023";"16";"Charente";"Tous Logements";1123;892;99309;82959
"2023";"16";"Charente";"Individuel pur";523;395;55513;42676
"2023";"16";"Charente";"Individuel groupé";227;220;19465;20186
"2023";"16";"Charente";"Collectif";368;275;23790;19686
"2023";"16";"Charente";"Résidence";5;2;541;411
"2023";"17";"Charente-Maritime";"Tous Logements";5268;4216;442383;391661
"2023";"17";"Charente-Maritime";"Individuel pur";2313;2134;253050;235860
"2023";"17";"Charente-Maritime";"Individuel groupé";1149;766;87840;67253
"2023";"17";"Charente-Maritime";"Collectif";1389;1149;86597;78301
"2023";"17";"Charente-Maritime";"Résidence";417;167;14896;10153
"2023";"18";"Cher";"Tous Logements";605;491;58061;49169
"2023";"18";"Cher";"Individuel pur";352;260;41293;32005
"2023";"18";"Cher";"Individuel groupé";86;59;7390;5397
"2023";"18";"Cher";"Collectif";156;164;7736;10338
"2023";"18";"Cher";"Résidence";11;8;1642;1429
"2023";"19";"Corrèze";"Tous Logements";919;915;77928;73210
"2023";"19";"Corrèze";"Individuel pur";436;356;49647;40240
"2023";"19";"Corrèze";"Individuel groupé";136;152;9211;11098
"2023";"19";"Corrèze";"Collectif";226;176;12843;9044
"2023";"19";"Corrèze";"Résidence";121;231;6227;12828
"2023";"21";"Côte-d'Or";"Tous Logements";2539;1864;191015;126969
"2023";"21";"Côte-d'Or";"Individuel pur";482;355;63418;46923
"2023";"21";"Côte-d'Or";"Individuel groupé";332;93;32389;7979
"2023";"21";"Côte-d'Or";"Collectif";910;1071;59793;62492
"2023";"21";"Côte-d'Or";"Résidence";815;345;35415;9575
"2023";"22";"Côtes-d'Armor";"Tous Logements";3718;2274;331725;228138
"2023";"22";"Côtes-d'Armor";"Individuel pur";1847;1592;201995;175915
"2023";"22";"Côtes-d'Armor";"Individuel groupé";480;294;42620;24856
"2023";"22";"Côtes-d'Armor";"Collectif";1323;373;81869;26090
"2023";"22";"Côtes-d'Armor";"Résidence";68;15;5241;1277
"2023";"23";"Creuse";"Tous Logements";208;116;22356;13301
"2023";"23";"Creuse";"Individuel pur";143;93;16975;10442
"2023";"23";"Creuse";"Individuel groupé";46;15;3768;914
"2023";"23";"Creuse";"Collectif";19;8;1613;1945
"2023";"23";"Creuse";"Résidence";0;0;0;0
"2023";"24";"Dordogne";"Tous Logements";2402;1647;225938;158809
"2023";"24";"Dordogne";"Individuel pur";1310;973;146447;108399
"2023";"24";"Dordogne";"Individuel groupé";555;325;45025;28771
"2023";"24";"Dordogne";"Collectif";432;323;27590;19880
"2023";"24";"Dordogne";"Résidence";105;26;6876;1759
"2023";"25";"Doubs";"Tous Logements";2479;1799;213364;172957
"2023";"25";"Doubs";"Individuel pur";722;599;92683;78892
"2023";"25";"Doubs";"Individuel groupé";360;303;35652;29465
"2023";"25";"Doubs";"Collectif";922;811;65973;58849
"2023";"25";"Doubs";"Résidence";475;86;19056;5751
"2023";"26";"Drôme";"Tous Logements";2251;1685;211831;159434
"2023";"26";"Drôme";"Individuel pur";999;794;114806;91305
"2023";"26";"Drôme";"Individuel groupé";369;303;34065;28277
"2023";"26";"Drôme";"Collectif";655;480;47472;33377
"2023";"26";"Drôme";"Résidence";228;108;15488;6475
"2023";"27";"Eure";"Tous Logements";1575;1411;157055;130537
"2023";"27";"Eure";"Individuel pur";850;649;104863;77495
"2023";"27";"Eure";"Individuel groupé";303;198;23951;15413
"2023";"27";"Eure";"Collectif";375;309;25150;23048
"2023";"27";"Eure";"Résidence";47;255;3091;14581
"2023";"28";"Eure-et-Loir";"Tous Logements";2249;1740;185476;135208
"2023";"28";"Eure-et-Loir";"Individuel pur";533;428;66025;51395
"2023";"28";"Eure-et-Loir";"Individuel groupé";273;262;25464;23498
"2023";"28";"Eure-et-Loir";"Collectif";1256;916;86616;56716
"2023";"28";"Eure-et-Loir";"Résidence";187;134;7371;3599
"2023";"29";"Finistère";"Tous Logements";6035;4593;512394;417472
"2023";"29";"Finistère";"Individuel pur";2630;2466;286350;268347
"2023";"29";"Finistère";"Individuel groupé";746;518;74377;50313
"2023";"29";"Finistère";"Collectif";1725;1556;105671;94628
"2023";"29";"Finistère";"Résidence";934;53;45996;4184
"2023";"2A";"Corse-du-Sud";"Tous Logements";1706;729;143017;64706
"2023";"2A";"Corse-du-Sud";"Individuel pur";455;212;60129;28025
"2023";"2A";"Corse-du-Sud";"Individuel groupé";205;141;18158;12388
"2023";"2A";"Corse-du-Sud";"Collectif";951;376;60194;24293
"2023";"2A";"Corse-du-Sud";"Résidence";95;0;4536;0
"2023";"2B";"Haute-Corse";"Tous Logements";2137;1007;194742;89708
"2023";"2B";"Haute-Corse";"Individuel pur";505;309;63246;39358
"2023";"2B";"Haute-Corse";"Individuel groupé";283;121;25783;12148
"2023";"2B";"Haute-Corse";"Collectif";1346;548;105554;36872
"2023";"2B";"Haute-Corse";"Résidence";3;29;159;1330
"2023";"30";"Gard";"Tous Logements";4373;2370;374698;216802
"2023";"30";"Gard";"Individuel pur";1571;1141;177752;130525
"2023";"30";"Gard";"Individuel groupé";600;278;54413;26731
"2023";"30";"Gard";"Collectif";1966;833;131660;52360
"2023";"30";"Gard";"Résidence";236;118;10873;7186
"2023";"31";"Haute-Garonne";"Tous Logements";12974;6504;923722;521837
"2023";"31";"Haute-Garonne";"Individuel pur";2010;1715;240987;204645
"2023";"31";"Haute-Garonne";"Individuel groupé";1026;938;94185;80900
"2023";"31";"Haute-Garonne";"Collectif";8190;3270;503512;206933
"2023";"31";"Haute-Garonne";"Résidence";1748;581;85038;29359
"2023";"32";"Gers";"Tous Logements";647;573;70021;54507
"2023";"32";"Gers";"Individuel pur";401;298;47089;33792
"2023";"32";"Gers";"Individuel groupé";136;101;13041;9601
"2023";"32";"Gers";"Collectif";89;132;9053;8403
"2023";"32";"Gers";"Résidence";21;42;838;2711
"2023";"33";"Gironde";"Tous Logements";11918;7670;892574;597872
"2023";"33";"Gironde";"Individuel pur";2739;2139;319892;255800
"2023";"33";"Gironde";"Individuel groupé";1752;991;160837;91152
"2023";"33";"Gironde";"Collectif";4865;3007;312160;192877
"2023";"33";"Gironde";"Résidence";2562;1533;99685;58043
"2023";"34";"Hérault";"Tous Logements";9369;7060;713910;529075
"2023";"34";"Hérault";"Individuel pur";2366;1763;268794;200548
"2023";"34";"Hérault";"Individuel groupé";679;767;62711;66054
"2023";"34";"Hérault";"Collectif";4834;3493;304650;214991
"2023";"34";"Hérault";"Résidence";1490;1037;77755;47482
"2023";"35";"Ille-et-Vilaine";"Tous Logements";7447;6217;622839;537924
"2023";"35";"Ille-et-Vilaine";"Individuel pur";2289;2255;268046;265287
"2023";"35";"Ille-et-Vilaine";"Individuel groupé";916;471;76056;44585
"2023";"35";"Ille-et-Vilaine";"Collectif";3787;3066;257211;208837
"2023";"35";"Ille-et-Vilaine";"Résidence";455;425;21526;19215
"2023";"36";"Indre";"Tous Logements";390;188;33075;20196
"2023";"36";"Indre";"Individuel pur";176;148;19043;17351
"2023";"36";"Indre";"Individuel groupé";87;29;6720;2499
"2023";"36";"Indre";"Collectif";127;11;7312;346
"2023";"36";"Indre";"Résidence";0;0;0;0
"2023";"37";"Indre-et-Loire";"Tous Logements";3615;2019;256027;160917
"2023";"37";"Indre-et-Loire";"Individuel pur";775;608;90768;73873
"2023";"37";"Indre-et-Loire";"Individuel groupé";370;105;30024;9483
"2023";"37";"Indre-et-Loire";"Collectif";1538;1181;99483;71770
"2023";"37";"Indre-et-Loire";"Résidence";932;125;35752;5791
"2023";"38";"Isère";"Tous Logements";7618;4723;627348;404718
"2023";"38";"Isère";"Individuel pur";1845;1336;221932;162417
"2023";"38";"Isère";"Individuel groupé";917;405;87344;39744
"2023";"38";"Isère";"Collectif";3676;2780;255292;193368
"2023";"38";"Isère";"Résidence";1180;202;62780;9189
"2023";"39";"Jura";"Tous Logements";873;598;86121;62619
"2023";"39";"Jura";"Individuel pur";429;316;53164;39121
"2023";"39";"Jura";"Individuel groupé";158;105;14418;10224
"2023";"39";"Jura";"Collectif";262;174;17140;12991
"2023";"39";"Jura";"Résidence";24;3;1399;283
"2023";"40";"Landes";"Tous Logements";3503;3575;305155;296130
"2023";"40";"Landes";"Individuel pur";1424;1294;155269;143476
"2023";"40";"Landes";"Individuel groupé";604;504;56932;44416
"2023";"40";"Landes";"Collectif";1288;1403;85650;89344
"2023";"40";"Landes";"Résidence";187;374;7304;18894
"2023";"41";"Loir-et-Cher";"Tous Logements";1014;829;98921;80020
"2023";"41";"Loir-et-Cher";"Individuel pur";560;472;65302;55020
"2023";"41";"Loir-et-Cher";"Individuel groupé";274;113;20790;9097
"2023";"41";"Loir-et-Cher";"Collectif";172;88;12452;6572
"2023";"41";"Loir-et-Cher";"Résidence";8;156;377;9331
"2023";"42";"Loire";"Tous Logements";2895;2222;252170;187269
"2023";"42";"Loire";"Individuel pur";906;646;106909;79950
"2023";"42";"Loire";"Individuel groupé";373;276;37211;25900
"2023";"42";"Loire";"Collectif";1174;851;85960;61568
"2023";"42";"Loire";"Résidence";442;449;22090;19851
"2023";"43";"Haute-Loire";"Tous Logements";1053;581;104993;62745
"2023";"43";"Haute-Loire";"Individuel pur";573;409;68938;49419
"2023";"43";"Haute-Loire";"Individuel groupé";78;71;6978;6169
"2023";"43";"Haute-Loire";"Collectif";327;101;23329;7157
"2023";"43";"Haute-Loire";"Résidence";75;0;5748;0
"2023";"44";"Loire-Atlantique";"Tous Logements";9535;7070;737453;598400
"2023";"44";"Loire-Atlantique";"Individuel pur";2835;2939;309908;328810
"2023";"44";"Loire-Atlantique";"Individuel groupé";646;654;56459;54379
"2023";"44";"Loire-Atlantique";"Collectif";5346;2975;339419;188017
"2023";"44";"Loire-Atlantique";"Résidence";708;502;31667;27194
"2023";"45";"Loiret";"Tous Logements";3624;2369;297353;195788
"2023";"45";"Loiret";"Individuel pur";895;740;108824;90690
"2023";"45";"Loiret";"Individuel groupé";576;398;52561;36704
"2023";"45";"Loiret";"Collectif";2015;996;130401;61332
"2023";"45";"Loiret";"Résidence";138;235;5567;7062
"2023";"46";"Lot";"Tous Logements";857;481;83818;49124
"2023";"46";"Lot";"Individuel pur";551;352;61160;39488
"2023";"46";"Lot";"Individuel groupé";104;74;8958;6156
"2023";"46";"Lot";"Collectif";171;39;12330;2775
"2023";"46";"Lot";"Résidence";31;16;1370;705
"2023";"47";"Lot-et-Garonne";"Tous Logements";1946;1325;154168;106246
"2023";"47";"Lot-et-Garonne";"Individuel pur";544;456;66291;52865
"2023";"47";"Lot-et-Garonne";"Individuel groupé";406;203;32497;15632
"2023";"47";"Lot-et-Garonne";"Collectif";541;307;36051;19086
"2023";"47";"Lot-et-Garonne";"Résidence";455;359;19329;18663
"2023";"48";"Lozère";"Tous Logements";377;221;33314;23897
"2023";"48";"Lozère";"Individuel pur";234;172;23790;19777
"2023";"48";"Lozère";"Individuel groupé";65;35;4874;2898
"2023";"48";"Lozère";"Collectif";75;8;4405;864
"2023";"48";"Lozère";"Résidence";3;6;245;358
"2023";"49";"Maine-et-Loire";"Tous Logements";4879;3657;389298;303210
"2023";"49";"Maine-et-Loire";"Individuel pur";1324;1341;152973;156412
"2023";"49";"Maine-et-Loire";"Individuel groupé";624;487;56797;41778
"2023";"49";"Maine-et-Loire";"Collectif";2324;1238;150302;77123
"2023";"49";"Maine-et-Loire";"Résidence";607;591;29226;27897
"2023";"50";"Manche";"Tous Logements";2124;1487;184406;141994
"2023";"50";"Manche";"Individuel pur";1094;991;115982;106429
"2023";"50";"Manche";"Individuel groupé";343;180;26339;16601
"2023";"50";"Manche";"Collectif";610;195;37656;12501
"2023";"50";"Manche";"Résidence";77;121;4429;6463
"2023";"51";"Marne";"Tous Logements";1556;1587;141018;131354
"2023";"51";"Marne";"Individuel pur";484;402;64196;51680
"2023";"51";"Marne";"Individuel groupé";359;118;29945;13317
"2023";"51";"Marne";"Collectif";621;921;40958;59049
"2023";"51";"Marne";"Résidence";92;146;5919;7308
"2023";"52";"Haute-Marne";"Tous Logements";230;112;18871;12596
"2023";"52";"Haute-Marne";"Individuel pur";107;78;13806;9613
"2023";"52";"Haute-Marne";"Individuel groupé";26;8;1616;740
"2023";"52";"Haute-Marne";"Collectif";33;26;2053;2243
"2023";"52";"Haute-Marne";"Résidence";64;0;1396;0
"2023";"53";"Mayenne";"Tous Logements";1551;1349;117135;105076
"2023";"53";"Mayenne";"Individuel pur";466;482;52341;55547
"2023";"53";"Mayenne";"Individuel groupé";121;124;9294;9527
"2023";"53";"Mayenne";"Collectif";748;528;44679;29347
"2023";"53";"Mayenne";"Résidence";216;215;10821;10655
"2023";"54";"Meurthe-et-Moselle";"Tous Logements";2169;1739;190695;130582
"2023";"54";"Meurthe-et-Moselle";"Individuel pur";589;406;79509;55286
"2023";"54";"Meurthe-et-Moselle";"Individuel groupé";292;159;29094;17768
"2023";"54";"Meurthe-et-Moselle";"Collectif";883;610;62536;38680
"2023";"54";"Meurthe-et-Moselle";"Résidence";405;564;19556;18848
"2023";"55";"Meuse";"Tous Logements";250;184;29634;20138
"2023";"55";"Meuse";"Individuel pur";186;120;24279;16065
"2023";"55";"Meuse";"Individuel groupé";25;9;2538;602
"2023";"55";"Meuse";"Collectif";30;27;2040;1899
"2023";"55";"Meuse";"Résidence";9;28;777;1572
"2023";"56";"Morbihan";"Tous Logements";5486;4939;480942;466937
"2023";"56";"Morbihan";"Individuel pur";2561;2659;291795;300884
"2023";"56";"Morbihan";"Individuel groupé";609;481;53447;44899
"2023";"56";"Morbihan";"Collectif";1863;1753;118181;117688
"2023";"56";"Morbihan";"Résidence";453;46;17519;3466
"2023";"57";"Moselle";"Tous Logements";4820;2783;408537;260701
"2023";"57";"Moselle";"Individuel pur";1100;818;155474;116707
"2023";"57";"Moselle";"Individuel groupé";419;388;42209;30851
"2023";"57";"Moselle";"Collectif";2966;1506;193856;108531
"2023";"57";"Moselle";"Résidence";335;71;16998;4612
"2023";"58";"Nièvre";"Tous Logements";349;220;28203;17892
"2023";"58";"Nièvre";"Individuel pur";138;82;15046;9086
"2023";"58";"Nièvre";"Individuel groupé";34;30;2329;1778
"2023";"58";"Nièvre";"Collectif";102;108;7643;7028
"2023";"58";"Nièvre";"Résidence";75;0;3185;0
"2023";"59";"Nord";"Tous Logements";13084;8124;914433;590990
"2023";"59";"Nord";"Individuel pur";1244;1130;165886;150138
"2023";"59";"Nord";"Individuel groupé";2155;1042;190271;90775
"2023";"59";"Nord";"Collectif";6889;4030;442829;264196
"2023";"59";"Nord";"Résidence";2796;1922;115447;85881
"2023";"60";"Oise";"Tous Logements";3041;1824;263738;156019
"2023";"60";"Oise";"Individuel pur";754;559;93491;67521
"2023";"60";"Oise";"Individuel groupé";591;245;53828;20711
"2023";"60";"Oise";"Collectif";1617;1019;110416;67525
"2023";"60";"Oise";"Résidence";79;1;6003;262
"2023";"61";"Orne";"Tous Logements";376;370;38459;35239
"2023";"61";"Orne";"Individuel pur";223;185;26668;21079
"2023";"61";"Orne";"Individuel groupé";26;27;1606;2628
"2023";"61";"Orne";"Collectif";117;113;9794;8558
"2023";"61";"Orne";"Résidence";10;45;391;2974
"2023";"62";"Pas-de-Calais";"Tous Logements";5131;3854;415233;340253
"2023";"62";"Pas-de-Calais";"Individuel pur";1333;1216;166302;155934
"2023";"62";"Pas-de-Calais";"Individuel groupé";818;533;71372;47011
"2023";"62";"Pas-de-Calais";"Collectif";2396;1511;155914;103861
"2023";"62";"Pas-de-Calais";"Résidence";584;594;21645;33447
"2023";"63";"Puy-de-Dôme";"Tous Logements";4166;2252;313919;193623
"2023";"63";"Puy-de-Dôme";"Individuel pur";1136;836;128919;96891
"2023";"63";"Puy-de-Dôme";"Individuel groupé";270;157;25490;15789
"2023";"63";"Puy-de-Dôme";"Collectif";1865;1022;117261;69566
"2023";"63";"Puy-de-Dôme";"Résidence";895;237;42249;11377
"2023";"64";"Pyrénées-Atlantiques";"Tous Logements";3855;2716;339890;244805
"2023";"64";"Pyrénées-Atlantiques";"Individuel pur";1227;902;151366;115983
"2023";"64";"Pyrénées-Atlantiques";"Individuel groupé";501;234;49507;22385
"2023";"64";"Pyrénées-Atlantiques";"Collectif";2014;1495;132494;103093
"2023";"64";"Pyrénées-Atlantiques";"Résidence";113;85;6523;3344
"2023";"65";"Hautes-Pyrénées";"Tous Logements";1150;981;95415;84157
"2023";"65";"Hautes-Pyrénées";"Individuel pur";429;345;52011;40607
"2023";"65";"Hautes-Pyrénées";"Individuel groupé";169;160;14050;13804
"2023";"65";"Hautes-Pyrénées";"Collectif";353;302;23381;20654
"2023";"65";"Hautes-Pyrénées";"Résidence";199;174;5973;9092
"2023";"66";"Pyrénées-Orientales";"Tous Logements";2938;2086;256352;178554
"2023";"66";"Pyrénées-Orientales";"Individuel pur";1106;823;129684;93879
"2023";"66";"Pyrénées-Orientales";"Individuel groupé";416;253;36790;21068
"2023";"66";"Pyrénées-Orientales";"Collectif";1137;910;74270;57587
"2023";"66";"Pyrénées-Orientales";"Résidence";279;100;15608;6020
"2023";"67";"Bas-Rhin";"Tous Logements";7366;4602;585004;407402
"2023";"67";"Bas-Rhin";"Individuel pur";1226;1022;174792;150782
"2023";"67";"Bas-Rhin";"Individuel groupé";717;473;70822;45470
"2023";"67";"Bas-Rhin";"Collectif";4279;2824;298093;198668
"2023";"67";"Bas-Rhin";"Résidence";1144;283;41297;12482
"2023";"68";"Haut-Rhin";"Tous Logements";3840;3126;363541;298351
"2023";"68";"Haut-Rhin";"Individuel pur";1004;791;144122;122446
"2023";"68";"Haut-Rhin";"Individuel groupé";593;423;61356;43956
"2023";"68";"Haut-Rhin";"Collectif";2118;1759;148855;122468
"2023";"68";"Haut-Rhin";"Résidence";125;153;9208;9481
"2023";"69";"Rhône";"Tous Logements";9940;5388;720604;422858
"2023";"69";"Rhône";"Individuel pur";1130;816;147661;110847
"2023";"69";"Rhône";"Individuel groupé";926;589;81768;51369
"2023";"69";"Rhône";"Collectif";6209;3211;427925;223756
"2023";"69";"Rhône";"Résidence";1675;772;63250;36886
"2023";"70";"Haute-Saône";"Tous Logements";636;411;64789;42088
"2023";"70";"Haute-Saône";"Individuel pur";350;255;41590;29735
"2023";"70";"Haute-Saône";"Individuel groupé";129;53;11065;4494
"2023";"70";"Haute-Saône";"Collectif";100;103;8614;7859
"2023";"70";"Haute-Saône";"Résidence";57;0;3520;0
"2023";"71";"Saône-et-Loire";"Tous Logements";1846;1141;172482;115083
"2023";"71";"Saône-et-Loire";"Individuel pur";770;646;92472;77137
"2023";"71";"Saône-et-Loire";"Individuel groupé";268;174;23348;16152
"2023";"71";"Saône-et-Loire";"Collectif";773;281;54446;19502
"2023";"71";"Saône-et-Loire";"Résidence";35;40;2216;2292
"2023";"72";"Sarthe";"Tous Logements";1332;1262;112117;105109
"2023";"72";"Sarthe";"Individuel pur";580;583;68114;68144
"2023";"72";"Sarthe";"Individuel groupé";200;128;15059;9778
"2023";"72";"Sarthe";"Collectif";386;511;22645;25416
"2023";"72";"Sarthe";"Résidence";166;40;6299;1771
"2023";"73";"Savoie";"Tous Logements";5355;2404;478464;223515
"2023";"73";"Savoie";"Individuel pur";959;597;132192;81457
"2023";"73";"Savoie";"Individuel groupé";393;224;50709;23582
"2023";"73";"Savoie";"Collectif";3231;1298;245061;96341
"2023";"73";"Savoie";"Résidence";772;285;50502;22135
"2023";"74";"Haute-Savoie";"Tous Logements";8112;5277;702037;447329
"2023";"74";"Haute-Savoie";"Individuel pur";1533;985;223589;144128
"2023";"74";"Haute-Savoie";"Individuel groupé";773;394;93430;48227
"2023";"74";"Haute-Savoie";"Collectif";4239;3232;309137;231008
"2023";"74";"Haute-Savoie";"Résidence";1567;666;75881;23966
"2023";"75";"Paris";"Tous Logements";1827;1191;97363;53786
"2023";"75";"Paris";"Individuel pur";91;29;7394;2938
"2023";"75";"Paris";"Individuel groupé";28;23;4174;2308
"2023";"75";"Paris";"Collectif";1009;526;58333;28795
"2023";"75";"Paris";"Résidence";699;613;27462;19745
"2023";"76";"Seine-Maritime";"Tous Logements";5861;3361;450984;257416
"2023";"76";"Seine-Maritime";"Individuel pur";1285;1015;157131;124336
"2023";"76";"Seine-Maritime";"Individuel groupé";1010;345;78089;31110
"2023";"76";"Seine-Maritime";"Collectif";2851;1308;184224;77133
"2023";"76";"Seine-Maritime";"Résidence";715;693;31540;24837
"2023";"77";"Seine-et-Marne";"Tous Logements";6167;4227;466331;316378
"2023";"77";"Seine-et-Marne";"Individuel pur";1203;790;147133;95944
"2023";"77";"Seine-et-Marne";"Individuel groupé";501;315;49464;29060
"2023";"77";"Seine-et-Marne";"Collectif";3933;2984;250555;182152
"2023";"77";"Seine-et-Marne";"Résidence";530;138;19179;9222
"2023";"78";"Yvelines";"Tous Logements";7907;5447;573932;413107
"2023";"78";"Yvelines";"Individuel pur";887;701;127728;100308
"2023";"78";"Yvelines";"Individuel groupé";406;230;43584;26036
"2023";"78";"Yvelines";"Collectif";5859;3830;371214;246800
"2023";"78";"Yvelines";"Résidence";755;686;31406;39963
"2023";"79";"Deux-Sèvres";"Tous Logements";1402;1115;111492;89890
"2023";"79";"Deux-Sèvres";"Individuel pur";583;548;63764;60055
"2023";"79";"Deux-Sèvres";"Individuel groupé";255;196;18761;14125
"2023";"79";"Deux-Sèvres";"Collectif";262;108;17134;7325
"2023";"79";"Deux-Sèvres";"Résidence";302;263;11833;8385
"2023";"80";"Somme";"Tous Logements";2817;1253;218424;109311
"2023";"80";"Somme";"Individuel pur";437;378;51962;46513
"2023";"80";"Somme";"Individuel groupé";534;223;42890;18560
"2023";"80";"Somme";"Collectif";1683;601;112930;41992
"2023";"80";"Somme";"Résidence";163;51;10642;2246
"2023";"81";"Tarn";"Tous Logements";2485;1764;211441;155230
"2023";"81";"Tarn";"Individuel pur";858;739;94645;81274
"2023";"81";"Tarn";"Individuel groupé";510;365;46171;32889
"2023";"81";"Tarn";"Collectif";850;389;57514;25941
"2023";"81";"Tarn";"Résidence";267;271;13111;15126
"2023";"82";"Tarn-et-Garonne";"Tous Logements";1441;940;139562;95519
"2023";"82";"Tarn-et-Garonne";"Individuel pur";657;533;78794;62040
"2023";"82";"Tarn-et-Garonne";"Individuel groupé";329;262;31456;24037
"2023";"82";"Tarn-et-Garonne";"Collectif";383;145;24931;9442
"2023";"82";"Tarn-et-Garonne";"Résidence";72;0;4381;0
"2023";"83";"Var";"Tous Logements";6437;5205;536490;437222
"2023";"83";"Var";"Individuel pur";1462;1233;202413;171001
"2023";"83";"Var";"Individuel groupé";702;544;74036;57231
"2023";"83";"Var";"Collectif";3339;2823;214807;184481
"2023";"83";"Var";"Résidence";934;605;45234;24509
"2023";"84";"Vaucluse";"Tous Logements";2837;2645;241319;209173
"2023";"84";"Vaucluse";"Individuel pur";1060;848;120585;94070
"2023";"84";"Vaucluse";"Individuel groupé";422;330;37772;28401
"2023";"84";"Vaucluse";"Collectif";1150;1466;73415;86667
"2023";"84";"Vaucluse";"Résidence";205;1;9547;35
"2023";"85";"Vendée";"Tous Logements";6570;5820;537570;502116
"2023";"85";"Vendée";"Individuel pur";3058;3258;315785;332076
"2023";"85";"Vendée";"Individuel groupé";1130;772;85397;60525
"2023";"85";"Vendée";"Collectif";2128;1561;121820;95029
"2023";"85";"Vendée";"Résidence";254;229;14568;14486
"2023";"86";"Vienne";"Tous Logements";1967;1320;151401;118450
"2023";"86";"Vienne";"Individuel pur";659;624;73356;69306
"2023";"86";"Vienne";"Individuel groupé";275;250;21457;20389
"2023";"86";"Vienne";"Collectif";735;445;43332;28634
"2023";"86";"Vienne";"Résidence";298;1;13256;121
"2023";"87";"Haute-Vienne";"Tous Logements";927;945;89879;90350
"2023";"87";"Haute-Vienne";"Individuel pur";534;475;60936;55568
"2023";"87";"Haute-Vienne";"Individuel groupé";141;182;12844;17342
"2023";"87";"Haute-Vienne";"Collectif";226;188;14360;12091
"2023";"87";"Haute-Vienne";"Résidence";26;100;1739;5349
"2023";"88";"Vosges";"Tous Logements";1194;847;123778;86690
"2023";"88";"Vosges";"Individuel pur";624;428;79213;53841
"2023";"88";"Vosges";"Individuel groupé";212;140;19892;11756
"2023";"88";"Vosges";"Collectif";258;220;19583;17543
"2023";"88";"Vosges";"Résidence";100;59;5090;3550
"2023";"89";"Yonne";"Tous Logements";704;225;65227;24071
"2023";"89";"Yonne";"Individuel pur";311;155;37291;19401
"2023";"89";"Yonne";"Individuel groupé";100;18;8430;1785
"2023";"89";"Yonne";"Collectif";282;52;18491;2885
"2023";"89";"Yonne";"Résidence";11;0;1015;0
"2023";"90";"Territoire de Belfort";"Tous Logements";405;316;41230;32004
"2023";"90";"Territoire de Belfort";"Individuel pur";138;96;17863;13306
"2023";"90";"Territoire de Belfort";"Individuel groupé";56;12;6458;1679
"2023";"90";"Territoire de Belfort";"Collectif";202;204;16365;16776
"2023";"90";"Territoire de Belfort";"Résidence";9;4;544;243
"2023";"91";"Essonne";"Tous Logements";8320;4929;559209;342274
"2023";"91";"Essonne";"Individuel pur";807;699;98939;87497
"2023";"91";"Essonne";"Individuel groupé";691;322;59734;29946
"2023";"91";"Essonne";"Collectif";5474;3189;339805;195180
"2023";"91";"Essonne";"Résidence";1348;719;60731;29651
"2023";"92";"Hauts-de-Seine";"Tous Logements";9198;5581;589971;393601
"2023";"92";"Hauts-de-Seine";"Individuel pur";172;127;25099;20210
"2023";"92";"Hauts-de-Seine";"Individuel groupé";249;104;21997;11655
"2023";"92";"Hauts-de-Seine";"Collectif";7341;5018;492751;343453
"2023";"92";"Hauts-de-Seine";"Résidence";1436;332;50124;18283
"2023";"93";"Seine-Saint-Denis";"Tous Logements";10692;8224;695004;530303
"2023";"93";"Seine-Saint-Denis";"Individuel pur";311;204;38923;26049
"2023";"93";"Seine-Saint-Denis";"Individuel groupé";257;178;25360;16861
"2023";"93";"Seine-Saint-Denis";"Collectif";8496;6357;574038;425026
"2023";"93";"Seine-Saint-Denis";"Résidence";1628;1485;56683;62367
"2023";"94";"Val-de-Marne";"Tous Logements";9165;8231;554465;471709
"2023";"94";"Val-de-Marne";"Individuel pur";322;228;50455;37160
"2023";"94";"Val-de-Marne";"Individuel groupé";142;85;15790;9765
"2023";"94";"Val-de-Marne";"Collectif";6441;5484;400397;345545
"2023";"94";"Val-de-Marne";"Résidence";2260;2434;87823;79239
"2023";"95";"Val-d'Oise";"Tous Logements";6142;3701;407488;258164
"2023";"95";"Val-d'Oise";"Individuel pur";522;406;70795;55358
"2023";"95";"Val-d'Oise";"Individuel groupé";417;204;39218;19432
"2023";"95";"Val-d'Oise";"Collectif";3985;2759;248498;167215
"2023";"95";"Val-d'Oise";"Résidence";1218;332;48977;16159
"2023";"971";"Guadeloupe";"Tous Logements";2823;1361;224623;105573
"2023";"971";"Guadeloupe";"Individuel pur";1255;677;124799;66324
"2023";"971";"Guadeloupe";"Individuel groupé";662;247;45768;17476
"2023";"971";"Guadeloupe";"Collectif";681;390;39555;19291
"2023";"971";"Guadeloupe";"Résidence";225;47;14501;2482
"2023";"972";"Martinique";"Tous Logements";2076;1681;154751;115596
"2023";"972";"Martinique";"Individuel pur";652;468;62103;44685
"2023";"972";"Martinique";"Individuel groupé";354;189;24143;13095
"2023";"972";"Martinique";"Collectif";714;906;44045;52899
"2023";"972";"Martinique";"Résidence";356;118;24460;4917
"2023";"973";"Guyane";"Tous Logements";2226;530;157964;40057
"2023";"973";"Guyane";"Individuel pur";123;70;11561;7741
"2023";"973";"Guyane";"Individuel groupé";418;79;38176;6728
"2023";"973";"Guyane";"Collectif";1577;381;100403;25588
"2023";"973";"Guyane";"Résidence";108;0;7824;0
"2023";"974";"La Réunion";"Tous Logements";6394;4943;456504;377903
"2023";"974";"La Réunion";"Individuel pur";2004;1747;197157;176974
"2023";"974";"La Réunion";"Individuel groupé";970;656;74717;51628
"2023";"974";"La Réunion";"Collectif";2657;1900;153055;121252
"2023";"974";"La Réunion";"Résidence";763;640;31575;28049
"2023";"976";"Mayotte";"Tous Logements";1606;324;127575;26629
"2023";"976";"Mayotte";"Individuel pur";172;34;20663;4143
"2023";"976";"Mayotte";"Individuel groupé";352;62;31918;5527
"2023";"976";"Mayotte";"Collectif";1043;228;73159;16959
"2023";"976";"Mayotte";"Résidence";39;0;1835;0
"2022";"01";"Ain";"Tous Logements";6361;3593;592547;338274
"2022";"01";"Ain";"Individuel pur";2059;1501;258490;185039
"2022";"01";"Ain";"Individuel groupé";924;419;97060;41344
"2022";"01";"Ain";"Collectif";2875;1297;211715;92615
"2022";"01";"Ain";"Résidence";503;376;25282;19276
"2022";"02";"Aisne";"Tous Logements";1506;732;129303;66576
"2022";"02";"Aisne";"Individuel pur";555;364;65931;41975
"2022";"02";"Aisne";"Individuel groupé";208;76;17425;7595
"2022";"02";"Aisne";"Collectif";525;288;34196;16629
"2022";"02";"Aisne";"Résidence";218;4;11751;377
"2022";"03";"Allier";"Tous Logements";1289;958;125140;85733
"2022";"03";"Allier";"Individuel pur";699;505;83277;60012
"2022";"03";"Allier";"Individuel groupé";70;95;6760;8307
"2022";"03";"Allier";"Collectif";361;136;25437;8639
"2022";"03";"Allier";"Résidence";159;222;9666;8775
"2022";"04";"Alpes-de-Haute-Provence";"Tous Logements";1282;688;116589;59262
"2022";"04";"Alpes-de-Haute-Provence";"Individuel pur";562;304;65375;32347
"2022";"04";"Alpes-de-Haute-Provence";"Individuel groupé";162;85;15265;8568
"2022";"04";"Alpes-de-Haute-Provence";"Collectif";554;198;35611;14235
"2022";"04";"Alpes-de-Haute-Provence";"Résidence";4;101;338;4112
"2022";"05";"Hautes-Alpes";"Tous Logements";1916;938;168761;93556
"2022";"05";"Hautes-Alpes";"Individuel pur";619;452;74480;55497
"2022";"05";"Hautes-Alpes";"Individuel groupé";266;129;24422;11992
"2022";"05";"Hautes-Alpes";"Collectif";838;354;58204;25471
"2022";"05";"Hautes-Alpes";"Résidence";193;3;11655;596
"2022";"06";"Alpes-Maritimes";"Tous Logements";7191;4028;530207;282257
"2022";"06";"Alpes-Maritimes";"Individuel pur";798;450;128517;67210
"2022";"06";"Alpes-Maritimes";"Individuel groupé";419;203;45776;20970
"2022";"06";"Alpes-Maritimes";"Collectif";4880;2913;301808;177700
"2022";"06";"Alpes-Maritimes";"Résidence";1094;462;54106;16377
"2022";"07";"Ardèche";"Tous Logements";2501;1650;240970;163255
"2022";"07";"Ardèche";"Individuel pur";1326;997;149783;112807
"2022";"07";"Ardèche";"Individuel groupé";479;332;40662;29602
"2022";"07";"Ardèche";"Collectif";618;180;46054;13392
"2022";"07";"Ardèche";"Résidence";78;141;4471;7454
"2022";"08";"Ardennes";"Tous Logements";707;401;70495;42774
"2022";"08";"Ardennes";"Individuel pur";334;246;43086;31823
"2022";"08";"Ardennes";"Individuel groupé";125;58;10455;4461
"2022";"08";"Ardennes";"Collectif";217;29;15043;4035
"2022";"08";"Ardennes";"Résidence";31;68;1911;2455
"2022";"09";"Ariège";"Tous Logements";735;471;72495;48137
"2022";"09";"Ariège";"Individuel pur";490;345;53325;38200
"2022";"09";"Ariège";"Individuel groupé";146;67;12608;6038
"2022";"09";"Ariège";"Collectif";96;56;6368;3705
"2022";"09";"Ariège";"Résidence";3;3;194;194
"2022";"10";"Aube";"Tous Logements";1481;813;125869;76592
"2022";"10";"Aube";"Individuel pur";483;348;60740;43554
"2022";"10";"Aube";"Individuel groupé";269;48;23168;4376
"2022";"10";"Aube";"Collectif";492;250;32264;19239
"2022";"10";"Aube";"Résidence";237;167;9697;9423
"2022";"11";"Aude";"Tous Logements";2163;1237;209786;119416
"2022";"11";"Aude";"Individuel pur";1183;744;137168;84423
"2022";"11";"Aude";"Individuel groupé";397;260;35774;20636
"2022";"11";"Aude";"Collectif";533;231;33892;14227
"2022";"11";"Aude";"Résidence";50;2;2952;130
"2022";"12";"Aveyron";"Tous Logements";1745;1057;155292;100515
"2022";"12";"Aveyron";"Individuel pur";697;504;84277;60621
"2022";"12";"Aveyron";"Individuel groupé";129;90;12738;8235
"2022";"12";"Aveyron";"Collectif";847;448;53662;30802
"2022";"12";"Aveyron";"Résidence";72;15;4615;857
"2022";"13";"Bouches-du-Rhône";"Tous Logements";11491;9716;853502;719197
"2022";"13";"Bouches-du-Rhône";"Individuel pur";2021;1658;244634;201363
"2022";"13";"Bouches-du-Rhône";"Individuel groupé";1361;1042;130650;99975
"2022";"13";"Bouches-du-Rhône";"Collectif";6732;5765;428692;376455
"2022";"13";"Bouches-du-Rhône";"Résidence";1377;1251;49526;41404
"2022";"14";"Calvados";"Tous Logements";5890;5088;500617;415665
"2022";"14";"Calvados";"Individuel pur";1770;1463;214838;178379
"2022";"14";"Calvados";"Individuel groupé";620;503;61507;43299
"2022";"14";"Calvados";"Collectif";2994;2952;192824;185882
"2022";"14";"Calvados";"Résidence";506;170;31448;8105
"2022";"15";"Cantal";"Tous Logements";521;377;53571;41625
"2022";"15";"Cantal";"Individuel pur";361;305;41635;35579
"2022";"15";"Cantal";"Individuel groupé";68;41;5586;3724
"2022";"15";"Cantal";"Collectif";91;30;6204;2176
"2022";"15";"Cantal";"Résidence";1;1;146;146
"2022";"16";"Charente";"Tous Logements";1858;996;168951;95201
"2022";"16";"Charente";"Individuel pur";825;628;94161;70740
"2022";"16";"Charente";"Individuel groupé";344;133;31376;10936
"2022";"16";"Charente";"Collectif";599;193;40205;12164
"2022";"16";"Charente";"Résidence";90;42;3209;1361
"2022";"17";"Charente-Maritime";"Tous Logements";6794;5089;623060;480915
"2022";"17";"Charente-Maritime";"Individuel pur";3284;2781;368556;314449
"2022";"17";"Charente-Maritime";"Individuel groupé";1295;835;113853;72598
"2022";"17";"Charente-Maritime";"Collectif";1965;1270;127185;82551
"2022";"17";"Charente-Maritime";"Résidence";250;203;13466;11317
"2022";"18";"Cher";"Tous Logements";1170;1052;115436;89913
"2022";"18";"Cher";"Individuel pur";545;478;71948;61873
"2022";"18";"Cher";"Individuel groupé";220;77;19304;6078
"2022";"18";"Cher";"Collectif";362;175;22857;9138
"2022";"18";"Cher";"Résidence";43;322;1327;12824
"2022";"19";"Corrèze";"Tous Logements";1307;821;117914;79618
"2022";"19";"Corrèze";"Individuel pur";628;476;75512;58373
"2022";"19";"Corrèze";"Individuel groupé";204;80;14972;5430
"2022";"19";"Corrèze";"Collectif";166;91;9854;5879
"2022";"19";"Corrèze";"Résidence";309;174;17576;9936
"2022";"21";"Côte-d'Or";"Tous Logements";3372;2915;248437;209639
"2022";"21";"Côte-d'Or";"Individuel pur";798;592;103572;78349
"2022";"21";"Côte-d'Or";"Individuel groupé";216;162;19014;14249
"2022";"21";"Côte-d'Or";"Collectif";1625;1733;99341;101004
"2022";"21";"Côte-d'Or";"Résidence";733;428;26510;16037
"2022";"22";"Côtes-d'Armor";"Tous Logements";4370;2963;401767;300628
"2022";"22";"Côtes-d'Armor";"Individuel pur";2415;1989;273019;227942
"2022";"22";"Côtes-d'Armor";"Individuel groupé";461;307;38545;26752
"2022";"22";"Côtes-d'Armor";"Collectif";1294;529;78752;36880
"2022";"22";"Côtes-d'Armor";"Résidence";200;138;11451;9054
"2022";"23";"Creuse";"Tous Logements";256;173;27188;19529
"2022";"23";"Creuse";"Individuel pur";190;154;22490;17988
"2022";"23";"Creuse";"Individuel groupé";35;11;2445;865
"2022";"23";"Creuse";"Collectif";6;8;1144;676
"2022";"23";"Creuse";"Résidence";25;0;1109;0
"2022";"24";"Dordogne";"Tous Logements";3163;1768;296007;186890
"2022";"24";"Dordogne";"Individuel pur";1795;1418;205747;159342
"2022";"24";"Dordogne";"Individuel groupé";577;220;46672;19701
"2022";"24";"Dordogne";"Collectif";453;127;28981;7761
"2022";"24";"Dordogne";"Résidence";338;3;14607;86
"2022";"25";"Doubs";"Tous Logements";3177;2092;303826;204990
"2022";"25";"Doubs";"Individuel pur";1096;916;145566;119726
"2022";"25";"Doubs";"Individuel groupé";536;279;50876;27063
"2022";"25";"Doubs";"Collectif";1291;706;98237;52335
"2022";"25";"Doubs";"Résidence";254;191;9147;5866
"2022";"26";"Drôme";"Tous Logements";3679;2536;348172;234819
"2022";"26";"Drôme";"Individuel pur";1482;1101;176308;128373
"2022";"26";"Drôme";"Individuel groupé";662;429;63043;39918
"2022";"26";"Drôme";"Collectif";1466;762;103819;52449
"2022";"26";"Drôme";"Résidence";69;244;5002;14079
"2022";"27";"Eure";"Tous Logements";3089;1811;290091;192258
"2022";"27";"Eure";"Individuel pur";1379;1153;167504;139090
"2022";"27";"Eure";"Individuel groupé";574;319;52890;29933
"2022";"27";"Eure";"Collectif";746;304;48142;20068
"2022";"27";"Eure";"Résidence";390;35;21555;3167
"2022";"28";"Eure-et-Loir";"Tous Logements";3855;2148;307785;173665
"2022";"28";"Eure-et-Loir";"Individuel pur";882;557;106284;67573
"2022";"28";"Eure-et-Loir";"Individuel groupé";581;242;50975;21961
"2022";"28";"Eure-et-Loir";"Collectif";2322;1134;146677;72369
"2022";"28";"Eure-et-Loir";"Résidence";70;215;3849;11762
"2022";"29";"Finistère";"Tous Logements";6838;5401;605668;503281
"2022";"29";"Finistère";"Individuel pur";3289;3015;370101;341752
"2022";"29";"Finistère";"Individuel groupé";781;456;64665;40159
"2022";"29";"Finistère";"Collectif";2253;1473;140469;97395
"2022";"29";"Finistère";"Résidence";515;457;30433;23975
"2022";"2A";"Corse-du-Sud";"Tous Logements";1573;651;136653;67405
"2022";"2A";"Corse-du-Sud";"Individuel pur";464;314;60602;41367
"2022";"2A";"Corse-du-Sud";"Individuel groupé";332;130;26870;12178
"2022";"2A";"Corse-du-Sud";"Collectif";721;207;46499;13860
"2022";"2A";"Corse-du-Sud";"Résidence";56;0;2682;0
"2022";"2B";"Haute-Corse";"Tous Logements";3039;1404;257408;120640
"2022";"2B";"Haute-Corse";"Individuel pur";734;419;93030;50261
"2022";"2B";"Haute-Corse";"Individuel groupé";442;209;45485;19476
"2022";"2B";"Haute-Corse";"Collectif";1567;757;100942;49216
"2022";"2B";"Haute-Corse";"Résidence";296;19;17951;1687
"2022";"30";"Gard";"Tous Logements";5111;3499;460881;303668
"2022";"30";"Gard";"Individuel pur";2192;1541;256301;179585
"2022";"30";"Gard";"Individuel groupé";653;388;59116;33378
"2022";"30";"Gard";"Collectif";1859;1387;125421;83394
"2022";"30";"Gard";"Résidence";407;183;20043;7311
"2022";"31";"Haute-Garonne";"Tous Logements";14161;9963;1110256;796403
"2022";"31";"Haute-Garonne";"Individuel pur";3045;2552;376377;315283
"2022";"31";"Haute-Garonne";"Individuel groupé";2126;1381;185717;127627
"2022";"31";"Haute-Garonne";"Collectif";7201;5172;460075;311045
"2022";"31";"Haute-Garonne";"Résidence";1789;858;88087;42448
"2022";"32";"Gers";"Tous Logements";1014;560;101507;57926
"2022";"32";"Gers";"Individuel pur";483;335;57820;40128
"2022";"32";"Gers";"Individuel groupé";227;143;21275;12353
"2022";"32";"Gers";"Collectif";255;63;19123;3905
"2022";"32";"Gers";"Résidence";49;19;3289;1540
"2022";"33";"Gironde";"Tous Logements";13520;9956;1094320;849107
"2022";"33";"Gironde";"Individuel pur";4056;3205;480767;385446
"2022";"33";"Gironde";"Individuel groupé";1702;1436;156318;134266
"2022";"33";"Gironde";"Collectif";5691;4502;358527;295300
"2022";"33";"Gironde";"Résidence";2071;813;98708;34095
"2022";"34";"Hérault";"Tous Logements";10553;8485;847598;637184
"2022";"34";"Hérault";"Individuel pur";3113;2448;360514;281905
"2022";"34";"Hérault";"Individuel groupé";1262;546;108511;48048
"2022";"34";"Hérault";"Collectif";4824;3747;310415;229894
"2022";"34";"Hérault";"Résidence";1354;1744;68158;77337
"2022";"35";"Ille-et-Vilaine";"Tous Logements";11056;10102;905717;815654
"2022";"35";"Ille-et-Vilaine";"Individuel pur";3584;3340;425379;395585
"2022";"35";"Ille-et-Vilaine";"Individuel groupé";546;461;54240;45793
"2022";"35";"Ille-et-Vilaine";"Collectif";5875;4907;372623;328096
"2022";"35";"Ille-et-Vilaine";"Résidence";1051;1394;53475;46180
"2022";"36";"Indre";"Tous Logements";534;465;53446;43224
"2022";"36";"Indre";"Individuel pur";295;243;35141;29283
"2022";"36";"Indre";"Individuel groupé";58;28;5561;3027
"2022";"36";"Indre";"Collectif";130;194;9834;10914
"2022";"36";"Indre";"Résidence";51;0;2910;0
"2022";"37";"Indre-et-Loire";"Tous Logements";4495;3976;334175;286240
"2022";"37";"Indre-et-Loire";"Individuel pur";1130;1014;138752;125104
"2022";"37";"Indre-et-Loire";"Individuel groupé";401;270;37217;25100
"2022";"37";"Indre-et-Loire";"Collectif";1989;1537;119918;93182
"2022";"37";"Indre-et-Loire";"Résidence";975;1155;38288;42854
"2022";"38";"Isère";"Tous Logements";10561;6664;895499;587970
"2022";"38";"Isère";"Individuel pur";2612;2110;317966;258769
"2022";"38";"Isère";"Individuel groupé";1184;724;118766;72318
"2022";"38";"Isère";"Collectif";5877;3733;410434;252936
"2022";"38";"Isère";"Résidence";888;97;48333;3947
"2022";"39";"Jura";"Tous Logements";1450;840;143238;86900
"2022";"39";"Jura";"Individuel pur";605;487;72782;58314
"2022";"39";"Jura";"Individuel groupé";256;110;23489;10359
"2022";"39";"Jura";"Collectif";462;218;37874;16213
"2022";"39";"Jura";"Résidence";127;25;9093;2014
"2022";"40";"Landes";"Tous Logements";5912;4041;514118;365246
"2022";"40";"Landes";"Individuel pur";2202;1916;251710;220353
"2022";"40";"Landes";"Individuel groupé";939;474;86818;42335
"2022";"40";"Landes";"Collectif";2565;1534;164200;96594
"2022";"40";"Landes";"Résidence";206;117;11390;5964
"2022";"41";"Loir-et-Cher";"Tous Logements";1636;1086;189080;123452
"2022";"41";"Loir-et-Cher";"Individuel pur";841;710;100394;84423
"2022";"41";"Loir-et-Cher";"Individuel groupé";439;219;60478;29139
"2022";"41";"Loir-et-Cher";"Collectif";249;54;20097;4174
"2022";"41";"Loir-et-Cher";"Résidence";107;103;8111;5716
"2022";"42";"Loire";"Tous Logements";4642;3153;399825;263109
"2022";"42";"Loire";"Individuel pur";1377;1051;169945;128301
"2022";"42";"Loire";"Individuel groupé";527;291;50452;28001
"2022";"42";"Loire";"Collectif";1900;1097;144522;82233
"2022";"42";"Loire";"Résidence";838;714;34906;24574
"2022";"43";"Haute-Loire";"Tous Logements";1217;857;130213;95708
"2022";"43";"Haute-Loire";"Individuel pur";830;625;99230;76966
"2022";"43";"Haute-Loire";"Individuel groupé";119;30;12163;2664
"2022";"43";"Haute-Loire";"Collectif";177;116;13620;11070
"2022";"43";"Haute-Loire";"Résidence";91;86;5200;5008
"2022";"44";"Loire-Atlantique";"Tous Logements";10904;10372;927635;862193
"2022";"44";"Loire-Atlantique";"Individuel pur";4381;4274;497609;489118
"2022";"44";"Loire-Atlantique";"Individuel groupé";1049;666;90295;58653
"2022";"44";"Loire-Atlantique";"Collectif";4712;4682;300578;292726
"2022";"44";"Loire-Atlantique";"Résidence";762;750;39153;21696
"2022";"45";"Loiret";"Tous Logements";4831;3109;373529;276129
"2022";"45";"Loiret";"Individuel pur";1344;1093;166583;134816
"2022";"45";"Loiret";"Individuel groupé";604;535;54182;45263
"2022";"45";"Loiret";"Collectif";1824;1370;113274;88225
"2022";"45";"Loiret";"Résidence";1059;111;39490;7825
"2022";"46";"Lot";"Tous Logements";1096;684;110481;71835
"2022";"46";"Lot";"Individuel pur";735;550;84125;62660
"2022";"46";"Lot";"Individuel groupé";147;39;12452;3162
"2022";"46";"Lot";"Collectif";181;87;11666;5239
"2022";"46";"Lot";"Résidence";33;8;2238;774
"2022";"47";"Lot-et-Garonne";"Tous Logements";1962;1113;174178;108837
"2022";"47";"Lot-et-Garonne";"Individuel pur";798;591;92967;69372
"2022";"47";"Lot-et-Garonne";"Individuel groupé";342;208;30708;18512
"2022";"47";"Lot-et-Garonne";"Collectif";428;226;26742;14455
"2022";"47";"Lot-et-Garonne";"Résidence";394;88;23761;6498
"2022";"48";"Lozère";"Tous Logements";402;255;39618;27166
"2022";"48";"Lozère";"Individuel pur";258;209;29029;23568
"2022";"48";"Lozère";"Individuel groupé";94;32;7528;2803
"2022";"48";"Lozère";"Collectif";14;12;875;553
"2022";"48";"Lozère";"Résidence";36;2;2186;242
"2022";"49";"Maine-et-Loire";"Tous Logements";5577;4908;475135;420730
"2022";"49";"Maine-et-Loire";"Individuel pur";1948;1892;233804;222523
"2022";"49";"Maine-et-Loire";"Individuel groupé";865;519;76821;47419
"2022";"49";"Maine-et-Loire";"Collectif";2382;2015;149086;130413
"2022";"49";"Maine-et-Loire";"Résidence";382;482;15424;20375
"2022";"50";"Manche";"Tous Logements";2768;2097;258550;207816
"2022";"50";"Manche";"Individuel pur";1633;1500;180630;167288
"2022";"50";"Manche";"Individuel groupé";309;162;26447;13761
"2022";"50";"Manche";"Collectif";552;285;37247;17996
"2022";"50";"Manche";"Résidence";274;150;14226;8771
"2022";"51";"Marne";"Tous Logements";3135;1974;260995;164912
"2022";"51";"Marne";"Individuel pur";751;579;99689;77431
"2022";"51";"Marne";"Individuel groupé";388;275;39698;24003
"2022";"51";"Marne";"Collectif";1543;768;103578;49358
"2022";"51";"Marne";"Résidence";453;352;18030;14120
"2022";"52";"Haute-Marne";"Tous Logements";250;253;26795;24775
"2022";"52";"Haute-Marne";"Individuel pur";148;110;18819;14555
"2022";"52";"Haute-Marne";"Individuel groupé";33;46;2595;4264
"2022";"52";"Haute-Marne";"Collectif";69;60;5381;3586
"2022";"52";"Haute-Marne";"Résidence";0;37;0;2370
"2022";"53";"Mayenne";"Tous Logements";1601;1378;140834;123678
"2022";"53";"Mayenne";"Individuel pur";728;693;87803;81114
"2022";"53";"Mayenne";"Individuel groupé";191;126;14667;9873
"2022";"53";"Mayenne";"Collectif";552;432;31978;26627
"2022";"53";"Mayenne";"Résidence";130;127;6386;6064
"2022";"54";"Meurthe-et-Moselle";"Tous Logements";4736;2330;393539;206429
"2022";"54";"Meurthe-et-Moselle";"Individuel pur";931;705;128019;97002
"2022";"54";"Meurthe-et-Moselle";"Individuel groupé";560;256;56657;27075
"2022";"54";"Meurthe-et-Moselle";"Collectif";2809;1151;188416;75106
"2022";"54";"Meurthe-et-Moselle";"Résidence";436;218;20447;7246
"2022";"55";"Meuse";"Tous Logements";498;239;52051;29834
"2022";"55";"Meuse";"Individuel pur";260;208;34572;27171
"2022";"55";"Meuse";"Individuel groupé";47;18;3931;1515
"2022";"55";"Meuse";"Collectif";69;13;5636;1148
"2022";"55";"Meuse";"Résidence";122;0;7912;0
"2022";"56";"Morbihan";"Tous Logements";6815;5691;633001;560875
"2022";"56";"Morbihan";"Individuel pur";3568;3391;409494;393026
"2022";"56";"Morbihan";"Individuel groupé";655;574;60371;54783
"2022";"56";"Morbihan";"Collectif";2288;1579;150993;105814
"2022";"56";"Morbihan";"Résidence";304;147;12143;7252
"2022";"57";"Moselle";"Tous Logements";7403;3973;659159;387087
"2022";"57";"Moselle";"Individuel pur";1731;1402;255624;209496
"2022";"57";"Moselle";"Individuel groupé";814;277;75816;30542
"2022";"57";"Moselle";"Collectif";3873;1966;280734;133116
"2022";"57";"Moselle";"Résidence";985;328;46985;13933
"2022";"58";"Nièvre";"Tous Logements";438;223;40077;22155
"2022";"58";"Nièvre";"Individuel pur";200;143;23588;16718
"2022";"58";"Nièvre";"Individuel groupé";10;11;1132;1436
"2022";"58";"Nièvre";"Collectif";129;36;10844;2840
"2022";"58";"Nièvre";"Résidence";99;33;4513;1161
"2022";"59";"Nord";"Tous Logements";14896;9744;1106099;704555
"2022";"59";"Nord";"Individuel pur";2001;1615;273049;224245
"2022";"59";"Nord";"Individuel groupé";2121;950;183721;83961
"2022";"59";"Nord";"Collectif";7474;5171;502639;333112
"2022";"59";"Nord";"Résidence";3300;2008;146690;63237
"2022";"60";"Oise";"Tous Logements";4320;2768;356386;241299
"2022";"60";"Oise";"Individuel pur";1172;889;142922;111963
"2022";"60";"Oise";"Individuel groupé";658;414;56788;35108
"2022";"60";"Oise";"Collectif";2321;1360;149455;89208
"2022";"60";"Oise";"Résidence";169;105;7221;5020
"2022";"61";"Orne";"Tous Logements";634;396;62854;41560
"2022";"61";"Orne";"Individuel pur";324;277;37183;32230
"2022";"61";"Orne";"Individuel groupé";158;34;14574;2864
"2022";"61";"Orne";"Collectif";118;84;9421;6421
"2022";"61";"Orne";"Résidence";34;1;1676;45
"2022";"62";"Pas-de-Calais";"Tous Logements";7456;5233;668394;482414
"2022";"62";"Pas-de-Calais";"Individuel pur";2282;1775;290075;228362
"2022";"62";"Pas-de-Calais";"Individuel groupé";1444;1159;131960;105264
"2022";"62";"Pas-de-Calais";"Collectif";3030;1782;206664;121495
"2022";"62";"Pas-de-Calais";"Résidence";700;517;39695;27293
"2022";"63";"Puy-de-Dôme";"Tous Logements";4923;3269;402117;269406
"2022";"63";"Puy-de-Dôme";"Individuel pur";1692;1237;200137;148483
"2022";"63";"Puy-de-Dôme";"Individuel groupé";423;383;37679;30103
"2022";"63";"Puy-de-Dôme";"Collectif";2111;1290;136329;79619
"2022";"63";"Puy-de-Dôme";"Résidence";697;359;27972;11201
"2022";"64";"Pyrénées-Atlantiques";"Tous Logements";5326;3502;492261;339398
"2022";"64";"Pyrénées-Atlantiques";"Individuel pur";1865;1500;241395;191072
"2022";"64";"Pyrénées-Atlantiques";"Individuel groupé";624;380;59335;38465
"2022";"64";"Pyrénées-Atlantiques";"Collectif";2594;1457;178043;99541
"2022";"64";"Pyrénées-Atlantiques";"Résidence";243;165;13488;10320
"2022";"65";"Hautes-Pyrénées";"Tous Logements";1590;697;145420;75383
"2022";"65";"Hautes-Pyrénées";"Individuel pur";650;477;76997;57356
"2022";"65";"Hautes-Pyrénées";"Individuel groupé";344;89;29160;7852
"2022";"65";"Hautes-Pyrénées";"Collectif";425;125;29289;9795
"2022";"65";"Hautes-Pyrénées";"Résidence";171;6;9974;380
"2022";"66";"Pyrénées-Orientales";"Tous Logements";3746;2537;341396;228590
"2022";"66";"Pyrénées-Orientales";"Individuel pur";1695;1274;193639;143501
"2022";"66";"Pyrénées-Orientales";"Individuel groupé";486;250;45886;22405
"2022";"66";"Pyrénées-Orientales";"Collectif";1319;856;87148;54082
"2022";"66";"Pyrénées-Orientales";"Résidence";246;157;14723;8602
"2022";"67";"Bas-Rhin";"Tous Logements";7626;7113;677189;604129
"2022";"67";"Bas-Rhin";"Individuel pur";1768;1498;258681;219700
"2022";"67";"Bas-Rhin";"Individuel groupé";813;691;80111;69275
"2022";"67";"Bas-Rhin";"Collectif";4456;4238;315454;291589
"2022";"67";"Bas-Rhin";"Résidence";589;686;22943;23565
"2022";"68";"Haut-Rhin";"Tous Logements";6356;3460;578934;341395
"2022";"68";"Haut-Rhin";"Individuel pur";1451;1089;219519;166276
"2022";"68";"Haut-Rhin";"Individuel groupé";776;433;79945;43990
"2022";"68";"Haut-Rhin";"Collectif";3691;1738;261337;119590
"2022";"68";"Haut-Rhin";"Résidence";438;200;18133;11539
"2022";"69";"Rhône";"Tous Logements";12112;8660;957474;668464
"2022";"69";"Rhône";"Individuel pur";1703;1365;233589;186450
"2022";"69";"Rhône";"Individuel groupé";860;417;88012;44222
"2022";"69";"Rhône";"Collectif";8311;5956;568501;400796
"2022";"69";"Rhône";"Résidence";1238;922;67372;36996
"2022";"70";"Haute-Saône";"Tous Logements";838;600;90826;69704
"2022";"70";"Haute-Saône";"Individuel pur";510;455;63039;57430
"2022";"70";"Haute-Saône";"Individuel groupé";143;85;14241;8341
"2022";"70";"Haute-Saône";"Collectif";172;60;12879;3933
"2022";"70";"Haute-Saône";"Résidence";13;0;667;0
"2022";"71";"Saône-et-Loire";"Tous Logements";1982;1363;209300;147525
"2022";"71";"Saône-et-Loire";"Individuel pur";1198;930;146196;113379
"2022";"71";"Saône-et-Loire";"Individuel groupé";345;114;28902;9809
"2022";"71";"Saône-et-Loire";"Collectif";332;254;27415;20823
"2022";"71";"Saône-et-Loire";"Résidence";107;65;6787;3514
"2022";"72";"Sarthe";"Tous Logements";2550;1686;212525;149205
"2022";"72";"Sarthe";"Individuel pur";1067;886;126241;105445
"2022";"72";"Sarthe";"Individuel groupé";341;106;27285;8350
"2022";"72";"Sarthe";"Collectif";948;309;47293;18792
"2022";"72";"Sarthe";"Résidence";194;385;11706;16618
"2022";"73";"Savoie";"Tous Logements";5535;2822;519478;276562
"2022";"73";"Savoie";"Individuel pur";1246;853;166621;115846
"2022";"73";"Savoie";"Individuel groupé";615;301;66778;33894
"2022";"73";"Savoie";"Collectif";3282;1551;242545;115424
"2022";"73";"Savoie";"Résidence";392;117;43534;11398
"2022";"74";"Haute-Savoie";"Tous Logements";11746;7150;1009482;633981
"2022";"74";"Haute-Savoie";"Individuel pur";1939;1366;287303;198189
"2022";"74";"Haute-Savoie";"Individuel groupé";1221;716;138321;81440
"2022";"74";"Haute-Savoie";"Collectif";7593;4524;545521;321389
"2022";"74";"Haute-Savoie";"Résidence";993;544;38337;32963
"2022";"75";"Paris";"Tous Logements";2481;1711;143797;84271
"2022";"75";"Paris";"Individuel pur";89;33;8554;3375
"2022";"75";"Paris";"Individuel groupé";56;60;4185;3574
"2022";"75";"Paris";"Collectif";1775;1236;109513;66859
"2022";"75";"Paris";"Résidence";561;382;21545;10463
"2022";"76";"Seine-Maritime";"Tous Logements";6502;5363;520888;424036
"2022";"76";"Seine-Maritime";"Individuel pur";1732;1453;218846;184829
"2022";"76";"Seine-Maritime";"Individuel groupé";953;523;78696;43396
"2022";"76";"Seine-Maritime";"Collectif";3260;2646;202399;167824
"2022";"76";"Seine-Maritime";"Résidence";557;741;20947;27987
"2022";"77";"Seine-et-Marne";"Tous Logements";11557;7299;835365;536715
"2022";"77";"Seine-et-Marne";"Individuel pur";1746;1142;214359;142036
"2022";"77";"Seine-et-Marne";"Individuel groupé";894;425;82618;37396
"2022";"77";"Seine-et-Marne";"Collectif";8079;4859;493609;297589
"2022";"77";"Seine-et-Marne";"Résidence";838;873;44779;59658
"2022";"78";"Yvelines";"Tous Logements";10616;8192;776919;600919
"2022";"78";"Yvelines";"Individuel pur";1324;1144;189116;169179
"2022";"78";"Yvelines";"Individuel groupé";465;441;50833;45522
"2022";"78";"Yvelines";"Collectif";7020;4959;458343;319568
"2022";"78";"Yvelines";"Résidence";1807;1648;78627;66650
"2022";"79";"Deux-Sèvres";"Tous Logements";2173;1469;180942;129524
"2022";"79";"Deux-Sèvres";"Individuel pur";964;882;106618;96206
"2022";"79";"Deux-Sèvres";"Individuel groupé";343;255;28255;17870
"2022";"79";"Deux-Sèvres";"Collectif";598;284;32078;13168
"2022";"79";"Deux-Sèvres";"Résidence";268;48;13991;2280
"2022";"80";"Somme";"Tous Logements";2808;2534;221475;191194
"2022";"80";"Somme";"Individuel pur";733;595;90137;74511
"2022";"80";"Somme";"Individuel groupé";428;278;36091;26648
"2022";"80";"Somme";"Collectif";1159;1084;73910;62735
"2022";"80";"Somme";"Résidence";488;577;21337;27300
"2022";"81";"Tarn";"Tous Logements";2626;2190;249269;204717
"2022";"81";"Tarn";"Individuel pur";1314;1099;151889;126489
"2022";"81";"Tarn";"Individuel groupé";623;392;54367;34003
"2022";"81";"Tarn";"Collectif";461;505;32718;33317
"2022";"81";"Tarn";"Résidence";228;194;10295;10908
"2022";"82";"Tarn-et-Garonne";"Tous Logements";2121;1251;207700;129912
"2022";"82";"Tarn-et-Garonne";"Individuel pur";993;731;118661;87127
"2022";"82";"Tarn-et-Garonne";"Individuel groupé";578;316;51959;27843
"2022";"82";"Tarn-et-Garonne";"Collectif";410;188;27464;13053
"2022";"82";"Tarn-et-Garonne";"Résidence";140;16;9616;1889
"2022";"83";"Var";"Tous Logements";8635;6055;719568;509960
"2022";"83";"Var";"Individuel pur";2101;1630;282042;214565
"2022";"83";"Var";"Individuel groupé";835;639;91916;65110
"2022";"83";"Var";"Collectif";4510;3245;289989;203885
"2022";"83";"Var";"Résidence";1189;541;55621;26400
"2022";"84";"Vaucluse";"Tous Logements";4533;2984;371346;260793
"2022";"84";"Vaucluse";"Individuel pur";1411;1187;157691;134443
"2022";"84";"Vaucluse";"Individuel groupé";706;536;62642;47567
"2022";"84";"Vaucluse";"Collectif";2397;1185;149832;74923
"2022";"84";"Vaucluse";"Résidence";19;76;1181;3860
"2022";"85";"Vendée";"Tous Logements";8475;7226;733789;647852
"2022";"85";"Vendée";"Individuel pur";4526;4415;474582;463376
"2022";"85";"Vendée";"Individuel groupé";1206;983;93631;77825
"2022";"85";"Vendée";"Collectif";2592;1655;155335;96117
"2022";"85";"Vendée";"Résidence";151;173;10241;10534
"2022";"86";"Vienne";"Tous Logements";2278;1788;189065;157785
"2022";"86";"Vienne";"Individuel pur";935;873;105364;99153
"2022";"86";"Vienne";"Individuel groupé";337;244;26699;17592
"2022";"86";"Vienne";"Collectif";820;494;49923;31093
"2022";"86";"Vienne";"Résidence";186;177;7079;9947
"2022";"87";"Haute-Vienne";"Tous Logements";1852;1101;172076;113782
"2022";"87";"Haute-Vienne";"Individuel pur";860;742;103118;87518
"2022";"87";"Haute-Vienne";"Individuel groupé";312;165;26564;13653
"2022";"87";"Haute-Vienne";"Collectif";604;172;38150;11266
"2022";"87";"Haute-Vienne";"Résidence";76;22;4244;1345
"2022";"88";"Vosges";"Tous Logements";1356;763;151340;92436
"2022";"88";"Vosges";"Individuel pur";804;598;104858;77360
"2022";"88";"Vosges";"Individuel groupé";228;76;20068;6790
"2022";"88";"Vosges";"Collectif";284;85;23169;7936
"2022";"88";"Vosges";"Résidence";40;4;3245;350
"2022";"89";"Yonne";"Tous Logements";804;748;75692;60929
"2022";"89";"Yonne";"Individuel pur";360;221;42427;26648
"2022";"89";"Yonne";"Individuel groupé";123;53;12084;4233
"2022";"89";"Yonne";"Collectif";279;456;18707;28956
"2022";"89";"Yonne";"Résidence";42;18;2474;1092
"2022";"90";"Territoire de Belfort";"Tous Logements";526;387;51201;39165
"2022";"90";"Territoire de Belfort";"Individuel pur";173;149;24503;20949
"2022";"90";"Territoire de Belfort";"Individuel groupé";59;36;6882;3772
"2022";"90";"Territoire de Belfort";"Collectif";260;72;18852;7282
"2022";"90";"Territoire de Belfort";"Résidence";34;130;964;7162
"2022";"91";"Essonne";"Tous Logements";8004;6200;543953;455397
"2022";"91";"Essonne";"Individuel pur";1116;929;142426;121087
"2022";"91";"Essonne";"Individuel groupé";440;632;40699;59426
"2022";"91";"Essonne";"Collectif";4740;3619;297446;229146
"2022";"91";"Essonne";"Résidence";1708;1020;63382;45738
"2022";"92";"Hauts-de-Seine";"Tous Logements";10983;10288;731459;623612
"2022";"92";"Hauts-de-Seine";"Individuel pur";233;177;36582;30461
"2022";"92";"Hauts-de-Seine";"Individuel groupé";597;147;46598;13807
"2022";"92";"Hauts-de-Seine";"Collectif";9345;7819;617557;508431
"2022";"92";"Hauts-de-Seine";"Résidence";808;2145;30722;70913
"2022";"93";"Seine-Saint-Denis";"Tous Logements";13553;8745;856681;542716
"2022";"93";"Seine-Saint-Denis";"Individuel pur";370;226;50560;31402
"2022";"93";"Seine-Saint-Denis";"Individuel groupé";287;198;26981;17043
"2022";"93";"Seine-Saint-Denis";"Collectif";10371;7323;685428;461289
"2022";"93";"Seine-Saint-Denis";"Résidence";2525;998;93712;32982
"2022";"94";"Val-de-Marne";"Tous Logements";13690;8915;836420;567843
"2022";"94";"Val-de-Marne";"Individuel pur";334;243;51111;36958
"2022";"94";"Val-de-Marne";"Individuel groupé";154;124;18911;13461
"2022";"94";"Val-de-Marne";"Collectif";11089;8154;692119;501360
"2022";"94";"Val-de-Marne";"Résidence";2113;394;74279;16064
"2022";"95";"Val-d'Oise";"Tous Logements";6913;6180;510136;411452
"2022";"95";"Val-d'Oise";"Individuel pur";831;628;114698;87849
"2022";"95";"Val-d'Oise";"Individuel groupé";565;300;54183;29117
"2022";"95";"Val-d'Oise";"Collectif";4860;3668;304331;227637
"2022";"95";"Val-d'Oise";"Résidence";657;1584;36924;66849
"2022";"971";"Guadeloupe";"Tous Logements";2939;1305;236173;108498
"2022";"971";"Guadeloupe";"Individuel pur";1415;708;138627;70358
"2022";"971";"Guadeloupe";"Individuel groupé";584;250;42332;17405
"2022";"971";"Guadeloupe";"Collectif";861;206;51044;14071
"2022";"971";"Guadeloupe";"Résidence";79;141;4170;6664
"2022";"972";"Martinique";"Tous Logements";2650;2302;198431;153868
"2022";"972";"Martinique";"Individuel pur";808;527;77800;51653
"2022";"972";"Martinique";"Individuel groupé";359;266;22538;14409
"2022";"972";"Martinique";"Collectif";1325;1406;85142;82928
"2022";"972";"Martinique";"Résidence";158;103;12951;4878
"2022";"973";"Guyane";"Tous Logements";1698;439;124620;35072
"2022";"973";"Guyane";"Individuel pur";208;87;27150;9245
"2022";"973";"Guyane";"Individuel groupé";225;27;18110;2214
"2022";"973";"Guyane";"Collectif";1234;323;77665;23467
"2022";"973";"Guyane";"Résidence";31;2;1695;146
"2022";"974";"La Réunion";"Tous Logements";7108;5301;537297;419530
"2022";"974";"La Réunion";"Individuel pur";2392;1975;245238;207652
"2022";"974";"La Réunion";"Individuel groupé";1010;689;80765;55990
"2022";"974";"La Réunion";"Collectif";2705;2120;168364;129368
"2022";"974";"La Réunion";"Résidence";1001;517;42930;26520
"2022";"976";"Mayotte";"Tous Logements";1331;480;119094;35499
"2022";"976";"Mayotte";"Individuel pur";196;38;25477;5110
"2022";"976";"Mayotte";"Individuel groupé";472;103;38190;8857
"2022";"976";"Mayotte";"Collectif";663;333;55427;20930
"2022";"976";"Mayotte";"Résidence";0;6;0;602
"2021";"01";"Ain";"Tous Logements";5881;4359;568751;406226
"2021";"01";"Ain";"Individuel pur";2579;1695;316808;209642
"2021";"01";"Ain";"Individuel groupé";787;502;81178;52391
"2021";"01";"Ain";"Collectif";2026;1732;149228;123290
"2021";"01";"Ain";"Résidence";489;430;21537;20903
"2021";"02";"Aisne";"Tous Logements";1430;1113;123652;91308
"2021";"02";"Aisne";"Individuel pur";634;383;74968;47427
"2021";"02";"Aisne";"Individuel groupé";100;65;8573;6563
"2021";"02";"Aisne";"Collectif";479;403;29685;24014
"2021";"02";"Aisne";"Résidence";217;262;10426;13304
"2021";"03";"Allier";"Tous Logements";1111;608;106652;63348
"2021";"03";"Allier";"Individuel pur";664;397;79748;49010
"2021";"03";"Allier";"Individuel groupé";191;99;16117;7924
"2021";"03";"Allier";"Collectif";55;63;3080;4160
"2021";"03";"Allier";"Résidence";201;49;7707;2254
"2021";"04";"Alpes-de-Haute-Provence";"Tous Logements";1155;428;98130;43575
"2021";"04";"Alpes-de-Haute-Provence";"Individuel pur";517;308;55970;33654
"2021";"04";"Alpes-de-Haute-Provence";"Individuel groupé";171;58;16445;5989
"2021";"04";"Alpes-de-Haute-Provence";"Collectif";251;62;15423;3932
"2021";"04";"Alpes-de-Haute-Provence";"Résidence";216;0;10292;0
"2021";"05";"Hautes-Alpes";"Tous Logements";1765;1230;154376;107137
"2021";"05";"Hautes-Alpes";"Individuel pur";646;435;75527;51143
"2021";"05";"Hautes-Alpes";"Individuel groupé";171;151;15901;13553
"2021";"05";"Hautes-Alpes";"Collectif";576;520;41218;35437
"2021";"05";"Hautes-Alpes";"Résidence";372;124;21730;7004
"2021";"06";"Alpes-Maritimes";"Tous Logements";6580;3885;473687;280419
"2021";"06";"Alpes-Maritimes";"Individuel pur";825;534;121429;78361
"2021";"06";"Alpes-Maritimes";"Individuel groupé";307;162;34307;18271
"2021";"06";"Alpes-Maritimes";"Collectif";4455;2856;276413;174182
"2021";"06";"Alpes-Maritimes";"Résidence";993;333;41538;9605
"2021";"07";"Ardèche";"Tous Logements";2607;1658;259505;170218
"2021";"07";"Ardèche";"Individuel pur";1554;1119;179132;127701
"2021";"07";"Ardèche";"Individuel groupé";540;290;45444;24769
"2021";"07";"Ardèche";"Collectif";383;213;27830;15335
"2021";"07";"Ardèche";"Résidence";130;36;7099;2413
"2021";"08";"Ardennes";"Tous Logements";751;307;82542;37557
"2021";"08";"Ardennes";"Individuel pur";417;255;55144;32676
"2021";"08";"Ardennes";"Individuel groupé";188;45;16591;3651
"2021";"08";"Ardennes";"Collectif";77;7;8222;1230
"2021";"08";"Ardennes";"Résidence";69;0;2585;0
"2021";"09";"Ariège";"Tous Logements";826;377;81142;39266
"2021";"09";"Ariège";"Individuel pur";508;295;58370;33621
"2021";"09";"Ariège";"Individuel groupé";207;42;15608;3378
"2021";"09";"Ariège";"Collectif";98;38;6492;2189
"2021";"09";"Ariège";"Résidence";13;2;672;78
"2021";"10";"Aube";"Tous Logements";1363;1322;125750;105206
"2021";"10";"Aube";"Individuel pur";622;401;77266;50429
"2021";"10";"Aube";"Individuel groupé";137;118;12213;10084
"2021";"10";"Aube";"Collectif";286;317;21928;23743
"2021";"10";"Aube";"Résidence";318;486;14343;20950
"2021";"11";"Aude";"Tous Logements";2672;1766;247263;158512
"2021";"11";"Aude";"Individuel pur";1393;908;158145;100662
"2021";"11";"Aude";"Individuel groupé";585;216;48162;19478
"2021";"11";"Aude";"Collectif";567;436;32583;28468
"2021";"11";"Aude";"Résidence";127;206;8373;9904
"2021";"12";"Aveyron";"Tous Logements";1476;968;143978;95091
"2021";"12";"Aveyron";"Individuel pur";832;548;101060;66106
"2021";"12";"Aveyron";"Individuel groupé";132;97;11544;7700
"2021";"12";"Aveyron";"Collectif";409;323;24906;21285
"2021";"12";"Aveyron";"Résidence";103;0;6468;0
"2021";"13";"Bouches-du-Rhône";"Tous Logements";11597;9909;868962;731646
"2021";"13";"Bouches-du-Rhône";"Individuel pur";2210;1654;265457;196803
"2021";"13";"Bouches-du-Rhône";"Individuel groupé";1165;900;111041;85303
"2021";"13";"Bouches-du-Rhône";"Collectif";6499;6536;422306;411947
"2021";"13";"Bouches-du-Rhône";"Résidence";1723;819;70158;37593
"2021";"14";"Calvados";"Tous Logements";6464;3832;545152;343929
"2021";"14";"Calvados";"Individuel pur";2074;1551;253244;188989
"2021";"14";"Calvados";"Individuel groupé";749;489;65997;44797
"2021";"14";"Calvados";"Collectif";3372;1775;210543;109121
"2021";"14";"Calvados";"Résidence";269;17;15368;1022
"2021";"15";"Cantal";"Tous Logements";563;377;62270;42097
"2021";"15";"Cantal";"Individuel pur";459;324;54162;37633
"2021";"15";"Cantal";"Individuel groupé";53;27;5178;2778
"2021";"15";"Cantal";"Collectif";45;10;2635;553
"2021";"15";"Cantal";"Résidence";6;16;295;1133
"2021";"16";"Charente";"Tous Logements";1560;946;146539;97598
"2021";"16";"Charente";"Individuel pur";895;676;100176;77387
"2021";"16";"Charente";"Individuel groupé";278;148;23847;12657
"2021";"16";"Charente";"Collectif";285;81;17676;5122
"2021";"16";"Charente";"Résidence";102;41;4840;2432
"2021";"17";"Charente-Maritime";"Tous Logements";6213;4966;610381;473730
"2021";"17";"Charente-Maritime";"Individuel pur";3656;2831;412908;318654
"2021";"17";"Charente-Maritime";"Individuel groupé";1085;712;98969;64429
"2021";"17";"Charente-Maritime";"Collectif";1279;1153;87301;76146
"2021";"17";"Charente-Maritime";"Résidence";193;270;11203;14501
"2021";"18";"Cher";"Tous Logements";1536;803;129121;79652
"2021";"18";"Cher";"Individuel pur";628;418;78427;52566
"2021";"18";"Cher";"Individuel groupé";167;58;13760;5756
"2021";"18";"Cher";"Collectif";285;102;18548;7643
"2021";"18";"Cher";"Résidence";456;225;18386;13687
"2021";"19";"Corrèze";"Tous Logements";933;659;97956;68054
"2021";"19";"Corrèze";"Individuel pur";677;499;80093;57534
"2021";"19";"Corrèze";"Individuel groupé";64;45;5874;3623
"2021";"19";"Corrèze";"Collectif";182;93;11629;6171
"2021";"19";"Corrèze";"Résidence";10;22;360;726
"2021";"21";"Côte-d'Or";"Tous Logements";3447;2762;274217;218926
"2021";"21";"Côte-d'Or";"Individuel pur";1001;727;131927;95299
"2021";"21";"Côte-d'Or";"Individuel groupé";201;135;17996;12131
"2021";"21";"Côte-d'Or";"Collectif";1974;1495;113878;93429
"2021";"21";"Côte-d'Or";"Résidence";271;405;10416;18067
"2021";"22";"Côtes-d'Armor";"Tous Logements";4232;3717;423683;343501
"2021";"22";"Côtes-d'Armor";"Individuel pur";2819;2058;322845;233808
"2021";"22";"Côtes-d'Armor";"Individuel groupé";470;425;41326;35457
"2021";"22";"Côtes-d'Armor";"Collectif";916;863;58314;57395
"2021";"22";"Côtes-d'Armor";"Résidence";27;371;1198;16841
"2021";"23";"Creuse";"Tous Logements";252;159;28291;16539
"2021";"23";"Creuse";"Individuel pur";194;142;22863;15797
"2021";"23";"Creuse";"Individuel groupé";15;3;1068;244
"2021";"23";"Creuse";"Collectif";31;0;4024;0
"2021";"23";"Creuse";"Résidence";12;14;336;498
"2021";"24";"Dordogne";"Tous Logements";2714;2114;278873;203666
"2021";"24";"Dordogne";"Individuel pur";1850;1252;212966;145885
"2021";"24";"Dordogne";"Individuel groupé";363;268;34735;24188
"2021";"24";"Dordogne";"Collectif";409;376;25964;23009
"2021";"24";"Dordogne";"Résidence";92;218;5208;10584
"2021";"25";"Doubs";"Tous Logements";2986;2396;302642;233633
"2021";"25";"Doubs";"Individuel pur";1259;902;164323;118837
"2021";"25";"Doubs";"Individuel groupé";475;345;46918;34376
"2021";"25";"Doubs";"Collectif";984;936;75471;66618
"2021";"25";"Doubs";"Résidence";268;213;15930;13802
"2021";"26";"Drôme";"Tous Logements";3967;2357;373679;231416
"2021";"26";"Drôme";"Individuel pur";1860;1305;212478;148616
"2021";"26";"Drôme";"Individuel groupé";628;374;58229;33008
"2021";"26";"Drôme";"Collectif";1152;654;84152;49238
"2021";"26";"Drôme";"Résidence";327;24;18820;554
"2021";"27";"Eure";"Tous Logements";2509;1879;255399;180044
"2021";"27";"Eure";"Individuel pur";1518;976;182443;117579
"2021";"27";"Eure";"Individuel groupé";397;221;32966;19891
"2021";"27";"Eure";"Collectif";361;300;24074;18678
"2021";"27";"Eure";"Résidence";233;382;15916;23896
"2021";"28";"Eure-et-Loir";"Tous Logements";2655;1617;226759;140355
"2021";"28";"Eure-et-Loir";"Individuel pur";885;524;108767;63385
"2021";"28";"Eure-et-Loir";"Individuel groupé";286;216;27102;20187
"2021";"28";"Eure-et-Loir";"Collectif";1268;876;79103;56750
"2021";"28";"Eure-et-Loir";"Résidence";216;1;11787;33
"2021";"29";"Finistère";"Tous Logements";7705;5827;698887;527988
"2021";"29";"Finistère";"Individuel pur";3957;3001;450710;342704
"2021";"29";"Finistère";"Individuel groupé";695;341;58454;29512
"2021";"29";"Finistère";"Collectif";2245;1801;143460;114112
"2021";"29";"Finistère";"Résidence";808;684;46263;41660
"2021";"2A";"Corse-du-Sud";"Tous Logements";1165;1327;124372;135601
"2021";"2A";"Corse-du-Sud";"Individuel pur";623;465;81401;66746
"2021";"2A";"Corse-du-Sud";"Individuel groupé";208;199;22545;21747
"2021";"2A";"Corse-du-Sud";"Collectif";327;601;20047;44629
"2021";"2A";"Corse-du-Sud";"Résidence";7;62;379;2479
"2021";"2B";"Haute-Corse";"Tous Logements";2321;1295;200375;114134
"2021";"2B";"Haute-Corse";"Individuel pur";690;396;85138;48594
"2021";"2B";"Haute-Corse";"Individuel groupé";380;240;34161;20607
"2021";"2B";"Haute-Corse";"Collectif";1224;658;78961;44753
"2021";"2B";"Haute-Corse";"Résidence";27;1;2115;180
"2021";"30";"Gard";"Tous Logements";5789;3898;512930;360348
"2021";"30";"Gard";"Individuel pur";2590;1872;297900;216705
"2021";"30";"Gard";"Individuel groupé";756;529;67190;46734
"2021";"30";"Gard";"Collectif";2160;1442;135335;93248
"2021";"30";"Gard";"Résidence";283;55;12505;3661
"2021";"31";"Haute-Garonne";"Tous Logements";13023;11703;1073350;876069
"2021";"31";"Haute-Garonne";"Individuel pur";3410;2572;427983;321846
"2021";"31";"Haute-Garonne";"Individuel groupé";1729;1181;163344;109923
"2021";"31";"Haute-Garonne";"Collectif";6589;6017;422727;381342
"2021";"31";"Haute-Garonne";"Résidence";1295;1933;59296;62958
"2021";"32";"Gers";"Tous Logements";895;513;95307;57354
"2021";"32";"Gers";"Individuel pur";580;397;69481;48500
"2021";"32";"Gers";"Individuel groupé";184;89;16158;7171
"2021";"32";"Gers";"Collectif";111;17;7994;1151
"2021";"32";"Gers";"Résidence";20;10;1674;532
"2021";"33";"Gironde";"Tous Logements";14754;13670;1252480;1112601
"2021";"33";"Gironde";"Individuel pur";5043;3914;598937;467884
"2021";"33";"Gironde";"Individuel groupé";2312;1285;209744;117864
"2021";"33";"Gironde";"Collectif";5588;7160;367131;477354
"2021";"33";"Gironde";"Résidence";1811;1311;76668;49499
"2021";"34";"Hérault";"Tous Logements";12268;9936;954637;753371
"2021";"34";"Hérault";"Individuel pur";3652;2629;419906;300118
"2021";"34";"Hérault";"Individuel groupé";1002;745;87776;63121
"2021";"34";"Hérault";"Collectif";5802;5564;356867;345105
"2021";"34";"Hérault";"Résidence";1812;998;90088;45027
"2021";"35";"Ille-et-Vilaine";"Tous Logements";13558;9869;1087258;825205
"2021";"35";"Ille-et-Vilaine";"Individuel pur";4323;3343;514346;400880
"2021";"35";"Ille-et-Vilaine";"Individuel groupé";559;493;52151;47385
"2021";"35";"Ille-et-Vilaine";"Collectif";6608;4891;443738;326500
"2021";"35";"Ille-et-Vilaine";"Résidence";2068;1142;77023;50440
"2021";"36";"Indre";"Tous Logements";648;416;60310;44590
"2021";"36";"Indre";"Individuel pur";300;212;35408;25567
"2021";"36";"Indre";"Individuel groupé";102;102;7937;7647
"2021";"36";"Indre";"Collectif";245;102;16529;11376
"2021";"36";"Indre";"Résidence";1;0;436;0
"2021";"37";"Indre-et-Loire";"Tous Logements";4402;3677;345650;294469
"2021";"37";"Indre-et-Loire";"Individuel pur";1469;1106;182040;137226
"2021";"37";"Indre-et-Loire";"Individuel groupé";310;288;28620;25693
"2021";"37";"Indre-et-Loire";"Collectif";1803;2006;109505;119543
"2021";"37";"Indre-et-Loire";"Résidence";820;277;25485;12007
"2021";"38";"Isère";"Tous Logements";10902;7223;958704;631774
"2021";"38";"Isère";"Individuel pur";3173;2115;392705;262097
"2021";"38";"Isère";"Individuel groupé";1051;615;108357;62249
"2021";"38";"Isère";"Collectif";6089;3886;421804;274706
"2021";"38";"Isère";"Résidence";589;607;35838;32722
"2021";"39";"Jura";"Tous Logements";1176;834;129071;90283
"2021";"39";"Jura";"Individuel pur";741;499;90695;61418
"2021";"39";"Jura";"Individuel groupé";176;111;17112;10569
"2021";"39";"Jura";"Collectif";228;206;19296;17021
"2021";"39";"Jura";"Résidence";31;18;1968;1275
"2021";"40";"Landes";"Tous Logements";5248;4441;488787;395021
"2021";"40";"Landes";"Individuel pur";2642;1966;307035;226044
"2021";"40";"Landes";"Individuel groupé";708;487;60673;43852
"2021";"40";"Landes";"Collectif";1676;1779;109646;113247
"2021";"40";"Landes";"Résidence";222;209;11433;11878
"2021";"41";"Loir-et-Cher";"Tous Logements";1615;1242;168938;115259
"2021";"41";"Loir-et-Cher";"Individuel pur";951;689;113797;82930
"2021";"41";"Loir-et-Cher";"Individuel groupé";319;307;36168;20423
"2021";"41";"Loir-et-Cher";"Collectif";336;246;18717;11906
"2021";"41";"Loir-et-Cher";"Résidence";9;0;256;0
"2021";"42";"Loire";"Tous Logements";4495;2860;420476;266800
"2021";"42";"Loire";"Individuel pur";1664;1167;207168;144915
"2021";"42";"Loire";"Individuel groupé";579;246;56580;24809
"2021";"42";"Loire";"Collectif";1801;898;137313;69494
"2021";"42";"Loire";"Résidence";451;549;19415;27566
"2021";"43";"Haute-Loire";"Tous Logements";1312;882;149685;96626
"2021";"43";"Haute-Loire";"Individuel pur";921;584;117403;73192
"2021";"43";"Haute-Loire";"Individuel groupé";104;82;9553;7532
"2021";"43";"Haute-Loire";"Collectif";269;187;21212;14124
"2021";"43";"Haute-Loire";"Résidence";18;29;1517;1778
"2021";"44";"Loire-Atlantique";"Tous Logements";12428;11235;1083184;948188
"2021";"44";"Loire-Atlantique";"Individuel pur";5449;4670;622438;527983
"2021";"44";"Loire-Atlantique";"Individuel groupé";1075;940;93214;83391
"2021";"44";"Loire-Atlantique";"Collectif";5538;4878;351436;306618
"2021";"44";"Loire-Atlantique";"Résidence";366;747;16096;30150
"2021";"45";"Loiret";"Tous Logements";4413;2916;394039;269554
"2021";"45";"Loiret";"Individuel pur";1636;1187;203736;147455
"2021";"45";"Loiret";"Individuel groupé";610;389;53207;33714
"2021";"45";"Loiret";"Collectif";1943;1118;122730;75252
"2021";"45";"Loiret";"Résidence";224;222;14366;13133
"2021";"46";"Lot";"Tous Logements";1052;821;111002;77634
"2021";"46";"Lot";"Individuel pur";815;489;93488;54883
"2021";"46";"Lot";"Individuel groupé";109;84;9446;7996
"2021";"46";"Lot";"Collectif";112;217;7289;13312
"2021";"46";"Lot";"Résidence";16;31;779;1443
"2021";"47";"Lot-et-Garonne";"Tous Logements";1635;950;155122;89981
"2021";"47";"Lot-et-Garonne";"Individuel pur";779;500;92820;57347
"2021";"47";"Lot-et-Garonne";"Individuel groupé";454;235;38031;20117
"2021";"47";"Lot-et-Garonne";"Collectif";239;117;15096;6843
"2021";"47";"Lot-et-Garonne";"Résidence";163;98;9175;5674
"2021";"48";"Lozère";"Tous Logements";416;364;45293;38607
"2021";"48";"Lozère";"Individuel pur";340;226;40018;25996
"2021";"48";"Lozère";"Individuel groupé";38;45;2994;4348
"2021";"48";"Lozère";"Collectif";32;91;1714;8098
"2021";"48";"Lozère";"Résidence";6;2;567;165
"2021";"49";"Maine-et-Loire";"Tous Logements";6453;5251;532650;428050
"2021";"49";"Maine-et-Loire";"Individuel pur";2303;1723;269267;201092
"2021";"49";"Maine-et-Loire";"Individuel groupé";852;711;74622;62393
"2021";"49";"Maine-et-Loire";"Collectif";2427;1960;148876;123717
"2021";"49";"Maine-et-Loire";"Résidence";871;857;39885;40848
"2021";"50";"Manche";"Tous Logements";2612;1870;263024;194194
"2021";"50";"Manche";"Individuel pur";1946;1460;216971;164886
"2021";"50";"Manche";"Individuel groupé";218;144;19252;12296
"2021";"50";"Manche";"Collectif";299;208;18074;13783
"2021";"50";"Manche";"Résidence";149;58;8727;3229
"2021";"51";"Marne";"Tous Logements";2863;3364;269749;261931
"2021";"51";"Marne";"Individuel pur";1051;636;139282;85256
"2021";"51";"Marne";"Individuel groupé";471;243;45705;24264
"2021";"51";"Marne";"Collectif";1120;2082;73636;135035
"2021";"51";"Marne";"Résidence";221;403;11126;17376
"2021";"52";"Haute-Marne";"Tous Logements";408;253;41668;27594
"2021";"52";"Haute-Marne";"Individuel pur";195;145;25862;19192
"2021";"52";"Haute-Marne";"Individuel groupé";73;36;6350;3184
"2021";"52";"Haute-Marne";"Collectif";140;72;9456;5218
"2021";"52";"Haute-Marne";"Résidence";0;0;0;0
"2021";"53";"Mayenne";"Tous Logements";1952;1560;178458;130233
"2021";"53";"Mayenne";"Individuel pur";1013;706;118147;82577
"2021";"53";"Mayenne";"Individuel groupé";162;91;12500;7497
"2021";"53";"Mayenne";"Collectif";609;428;38999;26768
"2021";"53";"Mayenne";"Résidence";168;335;8812;13391
"2021";"54";"Meurthe-et-Moselle";"Tous Logements";3866;2254;351124;206645
"2021";"54";"Meurthe-et-Moselle";"Individuel pur";1257;757;171737;102153
"2021";"54";"Meurthe-et-Moselle";"Individuel groupé";537;254;51230;25974
"2021";"54";"Meurthe-et-Moselle";"Collectif";1610;939;108974;64143
"2021";"54";"Meurthe-et-Moselle";"Résidence";462;304;19183;14375
"2021";"55";"Meuse";"Tous Logements";397;266;45608;32145
"2021";"55";"Meuse";"Individuel pur";260;189;35193;26225
"2021";"55";"Meuse";"Individuel groupé";58;52;4872;4380
"2021";"55";"Meuse";"Collectif";46;25;3440;1540
"2021";"55";"Meuse";"Résidence";33;0;2103;0
"2021";"56";"Morbihan";"Tous Logements";7676;6050;740037;584027
"2021";"56";"Morbihan";"Individuel pur";4347;3520;501024;409297
"2021";"56";"Morbihan";"Individuel groupé";818;541;76270;49662
"2021";"56";"Morbihan";"Collectif";2198;1548;146979;103058
"2021";"56";"Morbihan";"Résidence";313;441;15764;22010
"2021";"57";"Moselle";"Tous Logements";6720;4775;638520;434894
"2021";"57";"Moselle";"Individuel pur";2086;1363;306269;195976
"2021";"57";"Moselle";"Individuel groupé";748;359;74120;36743
"2021";"57";"Moselle";"Collectif";3480;2648;234091;177064
"2021";"57";"Moselle";"Résidence";406;405;24040;25111
"2021";"58";"Nièvre";"Tous Logements";374;229;35722;25122
"2021";"58";"Nièvre";"Individuel pur";204;146;23728;16897
"2021";"58";"Nièvre";"Individuel groupé";43;25;4920;2971
"2021";"58";"Nièvre";"Collectif";64;58;5069;5254
"2021";"58";"Nièvre";"Résidence";63;0;2005;0
"2021";"59";"Nord";"Tous Logements";12522;10802;964194;818996
"2021";"59";"Nord";"Individuel pur";2547;1770;352713;241456
"2021";"59";"Nord";"Individuel groupé";1693;1231;151880;114326
"2021";"59";"Nord";"Collectif";5994;5770;378280;383212
"2021";"59";"Nord";"Résidence";2288;2031;81321;80002
"2021";"60";"Oise";"Tous Logements";3877;3157;349396;254238
"2021";"60";"Oise";"Individuel pur";1337;806;168306;100057
"2021";"60";"Oise";"Individuel groupé";592;429;52557;38464
"2021";"60";"Oise";"Collectif";1753;1615;118177;101077
"2021";"60";"Oise";"Résidence";195;307;10356;14640
"2021";"61";"Orne";"Tous Logements";658;416;60510;43003
"2021";"61";"Orne";"Individuel pur";362;272;42858;32842
"2021";"61";"Orne";"Individuel groupé";77;35;6179;3235
"2021";"61";"Orne";"Collectif";171;85;8793;6223
"2021";"61";"Orne";"Résidence";48;24;2680;703
"2021";"62";"Pas-de-Calais";"Tous Logements";8696;5107;788503;460326
"2021";"62";"Pas-de-Calais";"Individuel pur";2817;1759;362030;225571
"2021";"62";"Pas-de-Calais";"Individuel groupé";1966;1036;172475;93601
"2021";"62";"Pas-de-Calais";"Collectif";3010;1627;202652;104056
"2021";"62";"Pas-de-Calais";"Résidence";903;685;51346;37098
"2021";"63";"Puy-de-Dôme";"Tous Logements";5067;4380;421999;340526
"2021";"63";"Puy-de-Dôme";"Individuel pur";1882;1241;224268;145779
"2021";"63";"Puy-de-Dôme";"Individuel groupé";383;164;34448;14667
"2021";"63";"Puy-de-Dôme";"Collectif";2257;2676;141227;163195
"2021";"63";"Puy-de-Dôme";"Résidence";545;299;22056;16885
"2021";"64";"Pyrénées-Atlantiques";"Tous Logements";5503;3788;525181;355908
"2021";"64";"Pyrénées-Atlantiques";"Individuel pur";2233;1507;284874;194684
"2021";"64";"Pyrénées-Atlantiques";"Individuel groupé";634;425;63096;42266
"2021";"64";"Pyrénées-Atlantiques";"Collectif";2297;1668;156864;112516
"2021";"64";"Pyrénées-Atlantiques";"Résidence";339;188;20347;6442
"2021";"65";"Hautes-Pyrénées";"Tous Logements";1513;838;137951;84809
"2021";"65";"Hautes-Pyrénées";"Individuel pur";714;479;86094;57815
"2021";"65";"Hautes-Pyrénées";"Individuel groupé";166;129;15069;11404
"2021";"65";"Hautes-Pyrénées";"Collectif";487;123;28560;8793
"2021";"65";"Hautes-Pyrénées";"Résidence";146;107;8228;6797
"2021";"66";"Pyrénées-Orientales";"Tous Logements";3974;2834;368375;256071
"2021";"66";"Pyrénées-Orientales";"Individuel pur";2015;1357;226304;153480
"2021";"66";"Pyrénées-Orientales";"Individuel groupé";455;288;42982;27840
"2021";"66";"Pyrénées-Orientales";"Collectif";1132;1066;78012;68658
"2021";"66";"Pyrénées-Orientales";"Résidence";372;123;21077;6093
"2021";"67";"Bas-Rhin";"Tous Logements";8022;6541;717696;579662
"2021";"67";"Bas-Rhin";"Individuel pur";1891;1430;278644;215517
"2021";"67";"Bas-Rhin";"Individuel groupé";982;596;97502;60286
"2021";"67";"Bas-Rhin";"Collectif";4762;3972;327287;272941
"2021";"67";"Bas-Rhin";"Résidence";387;543;14263;30918
"2021";"68";"Haut-Rhin";"Tous Logements";5457;3704;557592;375213
"2021";"68";"Haut-Rhin";"Individuel pur";1799;1280;272642;196582
"2021";"68";"Haut-Rhin";"Individuel groupé";671;366;73922;40234
"2021";"68";"Haut-Rhin";"Collectif";2694;1911;193534;134419
"2021";"68";"Haut-Rhin";"Résidence";293;147;17494;3978
"2021";"69";"Rhône";"Tous Logements";12354;10675;953692;812028
"2021";"69";"Rhône";"Individuel pur";2093;1481;285437;202723
"2021";"69";"Rhône";"Individuel groupé";627;596;66954;61771
"2021";"69";"Rhône";"Collectif";7957;7628;532313;500527
"2021";"69";"Rhône";"Résidence";1677;970;68988;47007
"2021";"70";"Haute-Saône";"Tous Logements";891;618;100512;68675
"2021";"70";"Haute-Saône";"Individuel pur";632;446;79829;55451
"2021";"70";"Haute-Saône";"Individuel groupé";168;93;14069;8201
"2021";"70";"Haute-Saône";"Collectif";88;51;6173;4077
"2021";"70";"Haute-Saône";"Résidence";3;28;441;946
"2021";"71";"Saône-et-Loire";"Tous Logements";2098;1675;226278;175042
"2021";"71";"Saône-et-Loire";"Individuel pur";1340;978;168129;121984
"2021";"71";"Saône-et-Loire";"Individuel groupé";304;174;26023;16167
"2021";"71";"Saône-et-Loire";"Collectif";255;289;18914;21006
"2021";"71";"Saône-et-Loire";"Résidence";199;234;13212;15885
"2021";"72";"Sarthe";"Tous Logements";2217;1429;201127;145964
"2021";"72";"Sarthe";"Individuel pur";1177;897;140567;106467
"2021";"72";"Sarthe";"Individuel groupé";249;157;20443;12532
"2021";"72";"Sarthe";"Collectif";454;244;28629;18849
"2021";"72";"Sarthe";"Résidence";337;131;11488;8116
"2021";"73";"Savoie";"Tous Logements";5675;3204;523187;315594
"2021";"73";"Savoie";"Individuel pur";1315;885;174451;121229
"2021";"73";"Savoie";"Individuel groupé";562;360;60246;45503
"2021";"73";"Savoie";"Collectif";3305;1620;254063;130181
"2021";"73";"Savoie";"Résidence";493;339;34427;18681
"2021";"74";"Haute-Savoie";"Tous Logements";9980;9242;896272;767090
"2021";"74";"Haute-Savoie";"Individuel pur";2177;1463;313873;208131
"2021";"74";"Haute-Savoie";"Individuel groupé";1153;780;129385;86719
"2021";"74";"Haute-Savoie";"Collectif";6099;6504;428889;457327
"2021";"74";"Haute-Savoie";"Résidence";551;495;24125;14913
"2021";"75";"Paris";"Tous Logements";2482;3058;129866;163227
"2021";"75";"Paris";"Individuel pur";91;44;7923;4290
"2021";"75";"Paris";"Individuel groupé";73;23;4526;1808
"2021";"75";"Paris";"Collectif";1720;2210;97313;131333
"2021";"75";"Paris";"Résidence";598;781;20104;25796
"2021";"76";"Seine-Maritime";"Tous Logements";5947;5048;507996;425451
"2021";"76";"Seine-Maritime";"Individuel pur";1999;1551;248329;189621
"2021";"76";"Seine-Maritime";"Individuel groupé";825;622;67054;55817
"2021";"76";"Seine-Maritime";"Collectif";2709;2545;174417;163724
"2021";"76";"Seine-Maritime";"Résidence";414;330;18196;16289
"2021";"77";"Seine-et-Marne";"Tous Logements";12036;8990;903100;627487
"2021";"77";"Seine-et-Marne";"Individuel pur";2208;1196;272936;146598
"2021";"77";"Seine-et-Marne";"Individuel groupé";778;559;72060;48571
"2021";"77";"Seine-et-Marne";"Collectif";7944;6633;496529;416043
"2021";"77";"Seine-et-Marne";"Résidence";1106;602;61575;16275
"2021";"78";"Yvelines";"Tous Logements";8492;6001;661432;470245
"2021";"78";"Yvelines";"Individuel pur";1512;1047;222608;151010
"2021";"78";"Yvelines";"Individuel groupé";526;335;54240;34250
"2021";"78";"Yvelines";"Collectif";5631;4301;348649;265778
"2021";"78";"Yvelines";"Résidence";823;318;35935;19207
"2021";"79";"Deux-Sèvres";"Tous Logements";1502;1131;148020;113002
"2021";"79";"Deux-Sèvres";"Individuel pur";1018;754;115640;87142
"2021";"79";"Deux-Sèvres";"Individuel groupé";251;207;17525;15668
"2021";"79";"Deux-Sèvres";"Collectif";172;76;11835;6726
"2021";"79";"Deux-Sèvres";"Résidence";61;94;3020;3466
"2021";"80";"Somme";"Tous Logements";2395;1932;210203;154688
"2021";"80";"Somme";"Individuel pur";945;675;114526;84229
"2021";"80";"Somme";"Individuel groupé";272;188;25727;15915
"2021";"80";"Somme";"Collectif";1135;545;67742;33062
"2021";"80";"Somme";"Résidence";43;524;2208;21482
"2021";"81";"Tarn";"Tous Logements";2591;1758;244133;168308
"2021";"81";"Tarn";"Individuel pur";1389;1041;161072;117645
"2021";"81";"Tarn";"Individuel groupé";339;228;29972;19809
"2021";"81";"Tarn";"Collectif";648;235;40764;16427
"2021";"81";"Tarn";"Résidence";215;254;12325;14427
"2021";"82";"Tarn-et-Garonne";"Tous Logements";1851;1359;188684;135111
"2021";"82";"Tarn-et-Garonne";"Individuel pur";1031;786;124882;94324
"2021";"82";"Tarn-et-Garonne";"Individuel groupé";387;236;34235;21352
"2021";"82";"Tarn-et-Garonne";"Collectif";433;337;29567;19435
"2021";"82";"Tarn-et-Garonne";"Résidence";0;0;0;0
"2021";"83";"Var";"Tous Logements";7726;7310;675970;593279
"2021";"83";"Var";"Individuel pur";2247;1686;285045;212522
"2021";"83";"Var";"Individuel groupé";1029;694;104201;70464
"2021";"83";"Var";"Collectif";3964;4752;258750;302459
"2021";"83";"Var";"Résidence";486;178;27974;7834
"2021";"84";"Vaucluse";"Tous Logements";3902;3361;341476;279567
"2021";"84";"Vaucluse";"Individuel pur";1648;1287;184310;142855
"2021";"84";"Vaucluse";"Individuel groupé";732;433;63857;38968
"2021";"84";"Vaucluse";"Collectif";1295;1266;81631;78959
"2021";"84";"Vaucluse";"Résidence";227;375;11678;18785
"2021";"85";"Vendée";"Tous Logements";8479;6115;762585;555469
"2021";"85";"Vendée";"Individuel pur";5363;4102;559596;428144
"2021";"85";"Vendée";"Individuel groupé";1112;631;90123;51775
"2021";"85";"Vendée";"Collectif";1652;863;97614;53939
"2021";"85";"Vendée";"Résidence";352;519;15252;21611
"2021";"86";"Vienne";"Tous Logements";2403;2285;206952;175599
"2021";"86";"Vienne";"Individuel pur";1167;948;130053;105186
"2021";"86";"Vienne";"Individuel groupé";296;214;23212;19385
"2021";"86";"Vienne";"Collectif";508;440;35823;27502
"2021";"86";"Vienne";"Résidence";432;683;17864;23526
"2021";"87";"Haute-Vienne";"Tous Logements";1522;1214;155075;112450
"2021";"87";"Haute-Vienne";"Individuel pur";1034;725;120029;85516
"2021";"87";"Haute-Vienne";"Individuel groupé";210;71;17998;6843
"2021";"87";"Haute-Vienne";"Collectif";264;184;16254;11457
"2021";"87";"Haute-Vienne";"Résidence";14;234;794;8634
"2021";"88";"Vosges";"Tous Logements";1449;981;163283;111163
"2021";"88";"Vosges";"Individuel pur";930;655;120639;85068
"2021";"88";"Vosges";"Individuel groupé";196;126;18294;12249
"2021";"88";"Vosges";"Collectif";285;168;21725;11775
"2021";"88";"Vosges";"Résidence";38;32;2625;2071
"2021";"89";"Yonne";"Tous Logements";949;434;85240;47623
"2021";"89";"Yonne";"Individuel pur";385;263;47428;33992
"2021";"89";"Yonne";"Individuel groupé";71;88;5800;7497
"2021";"89";"Yonne";"Collectif";436;80;27345;5984
"2021";"89";"Yonne";"Résidence";57;3;4667;150
"2021";"90";"Territoire de Belfort";"Tous Logements";579;328;57978;38235
"2021";"90";"Territoire de Belfort";"Individuel pur";221;176;29786;24435
"2021";"90";"Territoire de Belfort";"Individuel groupé";100;50;9307;4668
"2021";"90";"Territoire de Belfort";"Collectif";146;102;11486;9132
"2021";"90";"Territoire de Belfort";"Résidence";112;0;7399;0
"2021";"91";"Essonne";"Tous Logements";8123;5905;604892;422397
"2021";"91";"Essonne";"Individuel pur";1201;816;159235;106156
"2021";"91";"Essonne";"Individuel groupé";720;383;65815;34227
"2021";"91";"Essonne";"Collectif";5766;4065;362886;255976
"2021";"91";"Essonne";"Résidence";436;641;16956;26038
"2021";"92";"Hauts-de-Seine";"Tous Logements";11184;11565;717167;755567
"2021";"92";"Hauts-de-Seine";"Individuel pur";239;183;38387;30735
"2021";"92";"Hauts-de-Seine";"Individuel groupé";214;332;24191;33315
"2021";"92";"Hauts-de-Seine";"Collectif";8733;9645;589020;643681
"2021";"92";"Hauts-de-Seine";"Résidence";1998;1405;65569;47836
"2021";"93";"Seine-Saint-Denis";"Tous Logements";11471;13472;747317;810371
"2021";"93";"Seine-Saint-Denis";"Individuel pur";383;253;49624;33527
"2021";"93";"Seine-Saint-Denis";"Individuel groupé";289;185;26412;16004
"2021";"93";"Seine-Saint-Denis";"Collectif";9880;10720;635050;688776
"2021";"93";"Seine-Saint-Denis";"Résidence";919;2314;36231;72064
"2021";"94";"Val-de-Marne";"Tous Logements";8724;6369;559928;405676
"2021";"94";"Val-de-Marne";"Individuel pur";422;326;61090;50654
"2021";"94";"Val-de-Marne";"Individuel groupé";238;136;28563;15536
"2021";"94";"Val-de-Marne";"Collectif";6978;4705;430178;289375
"2021";"94";"Val-de-Marne";"Résidence";1086;1202;40097;50111
"2021";"95";"Val-d'Oise";"Tous Logements";6549;5947;442818;413811
"2021";"95";"Val-d'Oise";"Individuel pur";881;577;121045;80241
"2021";"95";"Val-d'Oise";"Individuel groupé";278;271;26394;23777
"2021";"95";"Val-d'Oise";"Collectif";4055;4991;242848;307119
"2021";"95";"Val-d'Oise";"Résidence";1335;108;52531;2674
"2021";"971";"Guadeloupe";"Tous Logements";2229;1563;183293;122320
"2021";"971";"Guadeloupe";"Individuel pur";1230;641;117832;62068
"2021";"971";"Guadeloupe";"Individuel groupé";478;342;32561;22446
"2021";"971";"Guadeloupe";"Collectif";416;509;27123;32990
"2021";"971";"Guadeloupe";"Résidence";105;71;5777;4816
"2021";"972";"Martinique";"Tous Logements";2535;1318;182274;102765
"2021";"972";"Martinique";"Individuel pur";847;528;81944;51325
"2021";"972";"Martinique";"Individuel groupé";405;184;22868;14173
"2021";"972";"Martinique";"Collectif";1015;579;65294;35990
"2021";"972";"Martinique";"Résidence";268;27;12168;1277
"2021";"973";"Guyane";"Tous Logements";2052;913;152551;73636
"2021";"973";"Guyane";"Individuel pur";219;110;24916;11389
"2021";"973";"Guyane";"Individuel groupé";518;435;42998;38016
"2021";"973";"Guyane";"Collectif";1181;299;75839;18483
"2021";"973";"Guyane";"Résidence";134;69;8798;5748
"2021";"974";"La Réunion";"Tous Logements";7484;6728;592398;515929
"2021";"974";"La Réunion";"Individuel pur";2771;2217;285778;229840
"2021";"974";"La Réunion";"Individuel groupé";1105;985;90681;81995
"2021";"974";"La Réunion";"Collectif";2929;2407;180820;156599
"2021";"974";"La Réunion";"Résidence";679;1119;35119;47495
"2021";"976";"Mayotte";"Tous Logements";1920;700;149946;54653
"2021";"976";"Mayotte";"Individuel pur";198;61;25178;7849
"2021";"976";"Mayotte";"Individuel groupé";519;151;41107;12438
"2021";"976";"Mayotte";"Collectif";1193;391;82818;28411
"2021";"976";"Mayotte";"Résidence";10;97;843;5955
"2020";"01";"Ain";"Tous Logements";5312;3138;499666;303894
"2020";"01";"Ain";"Individuel pur";2079;1359;254534;162938
"2020";"01";"Ain";"Individuel groupé";772;519;72676;51364
"2020";"01";"Ain";"Collectif";2126;1233;154020;88404
"2020";"01";"Ain";"Résidence";335;27;18436;1188
"2020";"02";"Aisne";"Tous Logements";1068;612;91274;57226
"2020";"02";"Aisne";"Individuel pur";433;325;52418;39311
"2020";"02";"Aisne";"Individuel groupé";156;100;12609;8023
"2020";"02";"Aisne";"Collectif";362;119;19351;6573
"2020";"02";"Aisne";"Résidence";117;68;6896;3319
"2020";"03";"Allier";"Tous Logements";732;546;80098;59661
"2020";"03";"Allier";"Individuel pur";482;374;59495;44827
"2020";"03";"Allier";"Individuel groupé";80;64;6953;5433
"2020";"03";"Allier";"Collectif";118;108;10183;9401
"2020";"03";"Allier";"Résidence";52;0;3467;0
"2020";"04";"Alpes-de-Haute-Provence";"Tous Logements";720;415;63537;40323
"2020";"04";"Alpes-de-Haute-Provence";"Individuel pur";341;241;37269;26930
"2020";"04";"Alpes-de-Haute-Provence";"Individuel groupé";93;76;7916;6604
"2020";"04";"Alpes-de-Haute-Provence";"Collectif";245;98;16125;6789
"2020";"04";"Alpes-de-Haute-Provence";"Résidence";41;0;2227;0
"2020";"05";"Hautes-Alpes";"Tous Logements";1226;867;113721;82358
"2020";"05";"Hautes-Alpes";"Individuel pur";481;336;57098;40769
"2020";"05";"Hautes-Alpes";"Individuel groupé";202;101;17556;9941
"2020";"05";"Hautes-Alpes";"Collectif";451;284;32159;22392
"2020";"05";"Hautes-Alpes";"Résidence";92;146;6908;9256
"2020";"06";"Alpes-Maritimes";"Tous Logements";4927;4947;365025;341694
"2020";"06";"Alpes-Maritimes";"Individuel pur";763;530;108471;82565
"2020";"06";"Alpes-Maritimes";"Individuel groupé";252;197;26558;21153
"2020";"06";"Alpes-Maritimes";"Collectif";3591;3577;217180;208279
"2020";"06";"Alpes-Maritimes";"Résidence";321;643;12816;29697
"2020";"07";"Ardèche";"Tous Logements";2007;1354;194096;141828
"2020";"07";"Ardèche";"Individuel pur";1151;914;131538;105256
"2020";"07";"Ardèche";"Individuel groupé";381;267;32806;23757
"2020";"07";"Ardèche";"Collectif";278;171;17396;12575
"2020";"07";"Ardèche";"Résidence";197;2;12356;240
"2020";"08";"Ardennes";"Tous Logements";540;356;59840;37027
"2020";"08";"Ardennes";"Individuel pur";367;209;45381;25536
"2020";"08";"Ardennes";"Individuel groupé";101;41;8099;4064
"2020";"08";"Ardennes";"Collectif";72;106;6360;7427
"2020";"08";"Ardennes";"Résidence";0;0;0;0
"2020";"09";"Ariège";"Tous Logements";540;402;56473;41704
"2020";"09";"Ariège";"Individuel pur";364;285;42264;33253
"2020";"09";"Ariège";"Individuel groupé";98;50;8813;4185
"2020";"09";"Ariège";"Collectif";72;54;5049;3652
"2020";"09";"Ariège";"Résidence";6;13;347;614
"2020";"10";"Aube";"Tous Logements";1564;801;135211;80890
"2020";"10";"Aube";"Individuel pur";520;400;65873;50566
"2020";"10";"Aube";"Individuel groupé";200;160;19441;13512
"2020";"10";"Aube";"Collectif";413;241;29913;16812
"2020";"10";"Aube";"Résidence";431;0;19984;0
"2020";"11";"Aude";"Tous Logements";1835;1382;169390;129229
"2020";"11";"Aude";"Individuel pur";1079;739;120517;82719
"2020";"11";"Aude";"Individuel groupé";242;195;20505;16522
"2020";"11";"Aude";"Collectif";411;329;25241;21845
"2020";"11";"Aude";"Résidence";103;119;3127;8143
"2020";"12";"Aveyron";"Tous Logements";967;819;99782;81919
"2020";"12";"Aveyron";"Individuel pur";602;502;72961;60208
"2020";"12";"Aveyron";"Individuel groupé";92;89;8154;7044
"2020";"12";"Aveyron";"Collectif";186;193;14534;12947
"2020";"12";"Aveyron";"Résidence";87;35;4133;1720
"2020";"13";"Bouches-du-Rhône";"Tous Logements";8775;9225;686636;692205
"2020";"13";"Bouches-du-Rhône";"Individuel pur";1893;1456;223849;176140
"2020";"13";"Bouches-du-Rhône";"Individuel groupé";869;729;83096;65869
"2020";"13";"Bouches-du-Rhône";"Collectif";5462;6971;348724;445552
"2020";"13";"Bouches-du-Rhône";"Résidence";551;69;30967;4644
"2020";"14";"Calvados";"Tous Logements";4589;3778;409069;329129
"2020";"14";"Calvados";"Individuel pur";1812;1444;221515;175292
"2020";"14";"Calvados";"Individuel groupé";650;456;59214;41046
"2020";"14";"Calvados";"Collectif";1912;1769;117441;104741
"2020";"14";"Calvados";"Résidence";215;109;10899;8049
"2020";"15";"Cantal";"Tous Logements";478;365;49154;39776
"2020";"15";"Cantal";"Individuel pur";321;260;37744;31205
"2020";"15";"Cantal";"Individuel groupé";25;55;2258;5476
"2020";"15";"Cantal";"Collectif";112;49;7192;2885
"2020";"15";"Cantal";"Résidence";20;1;1960;210
"2020";"16";"Charente";"Tous Logements";1354;1092;120672;94374
"2020";"16";"Charente";"Individuel pur";715;566;81231;64721
"2020";"16";"Charente";"Individuel groupé";145;99;12408;7921
"2020";"16";"Charente";"Collectif";383;240;19084;11629
"2020";"16";"Charente";"Résidence";111;187;7949;10103
"2020";"17";"Charente-Maritime";"Tous Logements";4965;5136;462681;455582
"2020";"17";"Charente-Maritime";"Individuel pur";2774;2374;308780;269972
"2020";"17";"Charente-Maritime";"Individuel groupé";785;812;67190;69851
"2020";"17";"Charente-Maritime";"Collectif";894;1598;59769;101496
"2020";"17";"Charente-Maritime";"Résidence";512;352;26942;14263
"2020";"18";"Cher";"Tous Logements";723;750;70959;66784
"2020";"18";"Cher";"Individuel pur";411;366;50125;44552
"2020";"18";"Cher";"Individuel groupé";90;106;7507;8305
"2020";"18";"Cher";"Collectif";78;24;5302;2228
"2020";"18";"Cher";"Résidence";144;254;8025;11699
"2020";"19";"Corrèze";"Tous Logements";691;664;71677;65864
"2020";"19";"Corrèze";"Individuel pur";475;357;55656;42877
"2020";"19";"Corrèze";"Individuel groupé";97;90;8667;8141
"2020";"19";"Corrèze";"Collectif";107;156;6988;9901
"2020";"19";"Corrèze";"Résidence";12;61;366;4945
"2020";"21";"Côte-d'Or";"Tous Logements";2953;2812;223267;201446
"2020";"21";"Côte-d'Or";"Individuel pur";800;643;103985;81923
"2020";"21";"Côte-d'Or";"Individuel groupé";182;67;17076;6824
"2020";"21";"Côte-d'Or";"Collectif";1461;1933;79945;102477
"2020";"21";"Côte-d'Or";"Résidence";510;169;22261;10222
"2020";"22";"Côtes-d'Armor";"Tous Logements";3491;2205;337758;231142
"2020";"22";"Côtes-d'Armor";"Individuel pur";2027;1619;232238;184798
"2020";"22";"Côtes-d'Armor";"Individuel groupé";467;297;40085;24606
"2020";"22";"Côtes-d'Armor";"Collectif";725;251;51335;19468
"2020";"22";"Côtes-d'Armor";"Résidence";272;38;14100;2270
"2020";"23";"Creuse";"Tous Logements";201;153;21936;16783
"2020";"23";"Creuse";"Individuel pur";181;135;20691;15390
"2020";"23";"Creuse";"Individuel groupé";10;13;597;1109
"2020";"23";"Creuse";"Collectif";6;3;380;178
"2020";"23";"Creuse";"Résidence";4;2;268;106
"2020";"24";"Dordogne";"Tous Logements";2182;1260;205140;131033
"2020";"24";"Dordogne";"Individuel pur";1277;953;144580;108309
"2020";"24";"Dordogne";"Individuel groupé";289;136;25183;10795
"2020";"24";"Dordogne";"Collectif";404;68;25756;6380
"2020";"24";"Dordogne";"Résidence";212;103;9621;5495
"2020";"25";"Doubs";"Tous Logements";3017;2258;278955;210128
"2020";"25";"Doubs";"Individuel pur";1012;849;131328;110019
"2020";"25";"Doubs";"Individuel groupé";416;276;40781;26173
"2020";"25";"Doubs";"Collectif";1342;860;95746;62082
"2020";"25";"Doubs";"Résidence";247;273;11100;11854
"2020";"26";"Drôme";"Tous Logements";2743;2391;264794;217065
"2020";"26";"Drôme";"Individuel pur";1279;1050;151104;121156
"2020";"26";"Drôme";"Individuel groupé";471;276;42095;25754
"2020";"26";"Drôme";"Collectif";889;801;65564;57777
"2020";"26";"Drôme";"Résidence";104;264;6031;12378
"2020";"27";"Eure";"Tous Logements";2204;1626;207945;166640
"2020";"27";"Eure";"Individuel pur";1158;920;139194;110952
"2020";"27";"Eure";"Individuel groupé";318;206;23344;19671
"2020";"27";"Eure";"Collectif";478;419;31202;28492
"2020";"27";"Eure";"Résidence";250;81;14205;7525
"2020";"28";"Eure-et-Loir";"Tous Logements";2088;1430;180501;119693
"2020";"28";"Eure-et-Loir";"Individuel pur";641;481;77362;56930
"2020";"28";"Eure-et-Loir";"Individuel groupé";246;208;22432;18247
"2020";"28";"Eure-et-Loir";"Collectif";1190;573;79932;36361
"2020";"28";"Eure-et-Loir";"Résidence";11;168;775;8155
"2020";"29";"Finistère";"Tous Logements";5634;5026;519668;454751
"2020";"29";"Finistère";"Individuel pur";3011;2594;345248;299850
"2020";"29";"Finistère";"Individuel groupé";415;374;37375;34313
"2020";"29";"Finistère";"Collectif";1556;1445;98108;95491
"2020";"29";"Finistère";"Résidence";652;613;38937;25097
"2020";"2A";"Corse-du-Sud";"Tous Logements";1312;1257;118650;114883
"2020";"2A";"Corse-du-Sud";"Individuel pur";522;417;70174;60024
"2020";"2A";"Corse-du-Sud";"Individuel groupé";193;217;16854;19178
"2020";"2A";"Corse-du-Sud";"Collectif";384;422;24419;29215
"2020";"2A";"Corse-du-Sud";"Résidence";213;201;7203;6466
"2020";"2B";"Haute-Corse";"Tous Logements";1584;1309;136569;107054
"2020";"2B";"Haute-Corse";"Individuel pur";513;356;63682;44155
"2020";"2B";"Haute-Corse";"Individuel groupé";394;150;29291;14258
"2020";"2B";"Haute-Corse";"Collectif";669;803;43034;48641
"2020";"2B";"Haute-Corse";"Résidence";8;0;562;0
"2020";"30";"Gard";"Tous Logements";4583;3369;408752;311380
"2020";"30";"Gard";"Individuel pur";2274;1693;257947;194215
"2020";"30";"Gard";"Individuel groupé";540;378;46058;34434
"2020";"30";"Gard";"Collectif";1274;1145;84921;75168
"2020";"30";"Gard";"Résidence";495;153;19826;7563
"2020";"31";"Haute-Garonne";"Tous Logements";13056;11815;950053;895319
"2020";"31";"Haute-Garonne";"Individuel pur";2644;2286;330045;286643
"2020";"31";"Haute-Garonne";"Individuel groupé";1526;1812;140285;153399
"2020";"31";"Haute-Garonne";"Collectif";6891;7377;410511;441742
"2020";"31";"Haute-Garonne";"Résidence";1995;340;69212;13535
"2020";"32";"Gers";"Tous Logements";745;451;73970;48563
"2020";"32";"Gers";"Individuel pur";446;356;52170;40804
"2020";"32";"Gers";"Individuel groupé";156;63;12434;5448
"2020";"32";"Gers";"Collectif";126;26;8592;1894
"2020";"32";"Gers";"Résidence";17;6;774;417
"2020";"33";"Gironde";"Tous Logements";14010;11772;1137840;982316
"2020";"33";"Gironde";"Individuel pur";4485;3662;521677;428651
"2020";"33";"Gironde";"Individuel groupé";1608;1659;145055;144963
"2020";"33";"Gironde";"Collectif";6052;5567;399526;369891
"2020";"33";"Gironde";"Résidence";1865;884;71582;38811
"2020";"34";"Hérault";"Tous Logements";10275;10071;781786;712021
"2020";"34";"Hérault";"Individuel pur";2741;2157;313578;249361
"2020";"34";"Hérault";"Individuel groupé";979;895;79620;70127
"2020";"34";"Hérault";"Collectif";5356;5577;325917;336861
"2020";"34";"Hérault";"Résidence";1199;1442;62671;55672
"2020";"35";"Ille-et-Vilaine";"Tous Logements";8862;8651;762592;735210
"2020";"35";"Ille-et-Vilaine";"Individuel pur";3164;2873;384001;350029
"2020";"35";"Ille-et-Vilaine";"Individuel groupé";479;402;47334;38477
"2020";"35";"Ille-et-Vilaine";"Collectif";4375;4914;292119;324750
"2020";"35";"Ille-et-Vilaine";"Résidence";844;462;39138;21954
"2020";"36";"Indre";"Tous Logements";405;241;40694;27814
"2020";"36";"Indre";"Individuel pur";218;196;26646;24188
"2020";"36";"Indre";"Individuel groupé";48;28;2910;1706
"2020";"36";"Indre";"Collectif";138;17;10713;1920
"2020";"36";"Indre";"Résidence";1;0;425;0
"2020";"37";"Indre-et-Loire";"Tous Logements";3624;3348;306374;278455
"2020";"37";"Indre-et-Loire";"Individuel pur";1232;1005;152621;125771
"2020";"37";"Indre-et-Loire";"Individuel groupé";371;396;33202;33805
"2020";"37";"Indre-et-Loire";"Collectif";1805;1829;111865;115155
"2020";"37";"Indre-et-Loire";"Résidence";216;118;8686;3724
"2020";"38";"Isère";"Tous Logements";7692;6951;685916;587043
"2020";"38";"Isère";"Individuel pur";2406;1855;297351;229062
"2020";"38";"Isère";"Individuel groupé";760;622;77207;59259
"2020";"38";"Isère";"Collectif";4310;3948;300016;270888
"2020";"38";"Isère";"Résidence";216;526;11342;27834
"2020";"39";"Jura";"Tous Logements";962;626;104518;72089
"2020";"39";"Jura";"Individuel pur";614;450;75650;55192
"2020";"39";"Jura";"Individuel groupé";108;61;9731;6458
"2020";"39";"Jura";"Collectif";228;106;18251;9674
"2020";"39";"Jura";"Résidence";12;9;886;765
"2020";"40";"Landes";"Tous Logements";4759;4179;420364;365201
"2020";"40";"Landes";"Individuel pur";2160;1854;246610;209464
"2020";"40";"Landes";"Individuel groupé";607;630;52111;52112
"2020";"40";"Landes";"Collectif";1637;1579;102859;97363
"2020";"40";"Landes";"Résidence";355;116;18784;6262
"2020";"41";"Loir-et-Cher";"Tous Logements";1464;906;125596;89861
"2020";"41";"Loir-et-Cher";"Individuel pur";685;547;82205;65001
"2020";"41";"Loir-et-Cher";"Individuel groupé";345;130;22743;11161
"2020";"41";"Loir-et-Cher";"Collectif";228;113;10402;7276
"2020";"41";"Loir-et-Cher";"Résidence";206;116;10246;6423
"2020";"42";"Loire";"Tous Logements";3202;1899;304699;194428
"2020";"42";"Loire";"Individuel pur";1445;977;179729;118925
"2020";"42";"Loire";"Individuel groupé";269;242;25194;23793
"2020";"42";"Loire";"Collectif";1057;635;77246;49215
"2020";"42";"Loire";"Résidence";431;45;22530;2495
"2020";"43";"Haute-Loire";"Tous Logements";1006;577;111951;68842
"2020";"43";"Haute-Loire";"Individuel pur";734;482;91642;61111
"2020";"43";"Haute-Loire";"Individuel groupé";54;20;5372;1907
"2020";"43";"Haute-Loire";"Collectif";192;75;14029;5824
"2020";"43";"Haute-Loire";"Résidence";26;0;908;0
"2020";"44";"Loire-Atlantique";"Tous Logements";10620;10709;888941;907051
"2020";"44";"Loire-Atlantique";"Individuel pur";4653;4410;521762;496827
"2020";"44";"Loire-Atlantique";"Individuel groupé";906;821;75799;70238
"2020";"44";"Loire-Atlantique";"Collectif";4177;5287;262576;329847
"2020";"44";"Loire-Atlantique";"Résidence";884;191;28804;10139
"2020";"45";"Loiret";"Tous Logements";2931;2680;281035;241130
"2020";"45";"Loiret";"Individuel pur";1290;948;159669;116828
"2020";"45";"Loiret";"Individuel groupé";614;516;54956;47531
"2020";"45";"Loiret";"Collectif";996;989;64137;63950
"2020";"45";"Loiret";"Résidence";31;227;2273;12821
"2020";"46";"Lot";"Tous Logements";900;516;85791;51572
"2020";"46";"Lot";"Individuel pur";511;359;59870;40528
"2020";"46";"Lot";"Individuel groupé";131;68;11558;5388
"2020";"46";"Lot";"Collectif";215;89;12205;5656
"2020";"46";"Lot";"Résidence";43;0;2158;0
"2020";"47";"Lot-et-Garonne";"Tous Logements";1176;932;103899;87730
"2020";"47";"Lot-et-Garonne";"Individuel pur";594;514;68033;59068
"2020";"47";"Lot-et-Garonne";"Individuel groupé";197;160;16055;12340
"2020";"47";"Lot-et-Garonne";"Collectif";385;216;19811;13236
"2020";"47";"Lot-et-Garonne";"Résidence";0;42;0;3086
"2020";"48";"Lozère";"Tous Logements";324;242;34538;24887
"2020";"48";"Lozère";"Individuel pur";223;166;25043;19277
"2020";"48";"Lozère";"Individuel groupé";31;35;2879;2828
"2020";"48";"Lozère";"Collectif";65;39;6200;2458
"2020";"48";"Lozère";"Résidence";5;2;416;324
"2020";"49";"Maine-et-Loire";"Tous Logements";5838;4671;469816;366471
"2020";"49";"Maine-et-Loire";"Individuel pur";1652;1490;195281;178628
"2020";"49";"Maine-et-Loire";"Individuel groupé";651;480;59571;44936
"2020";"49";"Maine-et-Loire";"Collectif";2862;1696;181824;105357
"2020";"49";"Maine-et-Loire";"Résidence";673;1005;33140;37550
"2020";"50";"Manche";"Tous Logements";1773;1655;186657;170826
"2020";"50";"Manche";"Individuel pur";1345;1172;154455;135259
"2020";"50";"Manche";"Individuel groupé";173;113;14530;8793
"2020";"50";"Manche";"Collectif";255;236;17672;18522
"2020";"50";"Manche";"Résidence";0;134;0;8252
"2020";"51";"Marne";"Tous Logements";2995;2161;240831;171284
"2020";"51";"Marne";"Individuel pur";812;514;108244;67786
"2020";"51";"Marne";"Individuel groupé";235;195;22100;20188
"2020";"51";"Marne";"Collectif";1398;977;89692;63038
"2020";"51";"Marne";"Résidence";550;475;20795;20272
"2020";"52";"Haute-Marne";"Tous Logements";405;456;39485;45068
"2020";"52";"Haute-Marne";"Individuel pur";187;157;23707;19531
"2020";"52";"Haute-Marne";"Individuel groupé";51;69;4353;6282
"2020";"52";"Haute-Marne";"Collectif";130;230;9055;19255
"2020";"52";"Haute-Marne";"Résidence";37;0;2370;0
"2020";"53";"Mayenne";"Tous Logements";1340;1167;119844;103208
"2020";"53";"Mayenne";"Individuel pur";649;570;77417;66860
"2020";"53";"Mayenne";"Individuel groupé";146;99;11549;7509
"2020";"53";"Mayenne";"Collectif";446;334;26625;20765
"2020";"53";"Mayenne";"Résidence";99;164;4253;8074
"2020";"54";"Meurthe-et-Moselle";"Tous Logements";2451;1908;209245;159754
"2020";"54";"Meurthe-et-Moselle";"Individuel pur";768;513;103931;70290
"2020";"54";"Meurthe-et-Moselle";"Individuel groupé";322;200;32094;21427
"2020";"54";"Meurthe-et-Moselle";"Collectif";947;711;60722;49049
"2020";"54";"Meurthe-et-Moselle";"Résidence";414;484;12498;18988
"2020";"55";"Meuse";"Tous Logements";249;153;29661;19607
"2020";"55";"Meuse";"Individuel pur";177;128;23879;17099
"2020";"55";"Meuse";"Individuel groupé";51;18;4360;1981
"2020";"55";"Meuse";"Collectif";21;7;1422;527
"2020";"55";"Meuse";"Résidence";0;0;0;0
"2020";"56";"Morbihan";"Tous Logements";6523;5579;604649;528511
"2020";"56";"Morbihan";"Individuel pur";3407;3020;398280;356745
"2020";"56";"Morbihan";"Individuel groupé";610;500;54121;44658
"2020";"56";"Morbihan";"Collectif";1932;1792;124228;114433
"2020";"56";"Morbihan";"Résidence";574;267;28020;12675
"2020";"57";"Moselle";"Tous Logements";5355;3834;507618;363053
"2020";"57";"Moselle";"Individuel pur";1737;1293;247708;184321
"2020";"57";"Moselle";"Individuel groupé";460;301;49600;33613
"2020";"57";"Moselle";"Collectif";2677;1672;190419;117946
"2020";"57";"Moselle";"Résidence";481;568;19891;27173
"2020";"58";"Nièvre";"Tous Logements";215;163;23676;18139
"2020";"58";"Nièvre";"Individuel pur";184;127;21843;16040
"2020";"58";"Nièvre";"Individuel groupé";13;22;968;1367
"2020";"58";"Nièvre";"Collectif";12;13;665;607
"2020";"58";"Nièvre";"Résidence";6;1;200;125
"2020";"59";"Nord";"Tous Logements";11762;9129;977186;729257
"2020";"59";"Nord";"Individuel pur";2194;1524;292617;205251
"2020";"59";"Nord";"Individuel groupé";2126;1088;188986;98863
"2020";"59";"Nord";"Collectif";6632;5863;449659;389728
"2020";"59";"Nord";"Résidence";810;654;45924;35415
"2020";"60";"Oise";"Tous Logements";3579;2184;301454;186010
"2020";"60";"Oise";"Individuel pur";884;641;110199;77329
"2020";"60";"Oise";"Individuel groupé";907;444;80105;39343
"2020";"60";"Oise";"Collectif";1617;952;100410;62120
"2020";"60";"Oise";"Résidence";171;147;10740;7218
"2020";"61";"Orne";"Tous Logements";395;291;40482;29992
"2020";"61";"Orne";"Individuel pur";252;218;30378;25766
"2020";"61";"Orne";"Individuel groupé";42;27;3605;2645
"2020";"61";"Orne";"Collectif";76;4;4829;419
"2020";"61";"Orne";"Résidence";25;42;1670;1051
"2020";"62";"Pas-de-Calais";"Tous Logements";5410;4628;511950;407332
"2020";"62";"Pas-de-Calais";"Individuel pur";2119;1583;269849;199649
"2020";"62";"Pas-de-Calais";"Individuel groupé";1182;898;103496;78172
"2020";"62";"Pas-de-Calais";"Collectif";1585;1346;107565;89797
"2020";"62";"Pas-de-Calais";"Résidence";524;801;31040;39714
"2020";"63";"Puy-de-Dôme";"Tous Logements";3460;2972;296315;260156
"2020";"63";"Puy-de-Dôme";"Individuel pur";1367;1140;162280;134835
"2020";"63";"Puy-de-Dôme";"Individuel groupé";196;178;16851;15111
"2020";"63";"Puy-de-Dôme";"Collectif";1713;1482;106350;99933
"2020";"63";"Puy-de-Dôme";"Résidence";184;172;10834;10277
"2020";"64";"Pyrénées-Atlantiques";"Tous Logements";4692;4179;419103;353996
"2020";"64";"Pyrénées-Atlantiques";"Individuel pur";1702;1360;217769;174969
"2020";"64";"Pyrénées-Atlantiques";"Individuel groupé";512;395;50163;37978
"2020";"64";"Pyrénées-Atlantiques";"Collectif";1859;1818;124203;111095
"2020";"64";"Pyrénées-Atlantiques";"Résidence";619;606;26968;29954
"2020";"65";"Hautes-Pyrénées";"Tous Logements";1055;560;99661;60598
"2020";"65";"Hautes-Pyrénées";"Individuel pur";496;375;59444;46947
"2020";"65";"Hautes-Pyrénées";"Individuel groupé";174;79;12863;6102
"2020";"65";"Hautes-Pyrénées";"Collectif";215;103;16492;7213
"2020";"65";"Hautes-Pyrénées";"Résidence";170;3;10862;336
"2020";"66";"Pyrénées-Orientales";"Tous Logements";3233;2660;297943;236578
"2020";"66";"Pyrénées-Orientales";"Individuel pur";1609;1204;182940;134074
"2020";"66";"Pyrénées-Orientales";"Individuel groupé";341;223;30683;20911
"2020";"66";"Pyrénées-Orientales";"Collectif";1239;1130;81323;76251
"2020";"66";"Pyrénées-Orientales";"Résidence";44;103;2997;5342
"2020";"67";"Bas-Rhin";"Tous Logements";6621;5921;607703;529354
"2020";"67";"Bas-Rhin";"Individuel pur";1696;1382;251673;207470
"2020";"67";"Bas-Rhin";"Individuel groupé";744;611;75836;60967
"2020";"67";"Bas-Rhin";"Collectif";3679;3705;251055;248293
"2020";"67";"Bas-Rhin";"Résidence";502;223;29139;12624
"2020";"68";"Haut-Rhin";"Tous Logements";4061;3634;411587;351250
"2020";"68";"Haut-Rhin";"Individuel pur";1436;972;216476;149073
"2020";"68";"Haut-Rhin";"Individuel groupé";503;355;52432;39539
"2020";"68";"Haut-Rhin";"Collectif";1917;2229;133380;157891
"2020";"68";"Haut-Rhin";"Résidence";205;78;9299;4747
"2020";"69";"Rhône";"Tous Logements";11974;9943;897893;739464
"2020";"69";"Rhône";"Individuel pur";1726;1408;227005;184357
"2020";"69";"Rhône";"Individuel groupé";687;653;71086;64624
"2020";"69";"Rhône";"Collectif";8213;6735;545037;447360
"2020";"69";"Rhône";"Résidence";1348;1147;54765;43123
"2020";"70";"Haute-Saône";"Tous Logements";770;463;81408;53801
"2020";"70";"Haute-Saône";"Individuel pur";482;366;60165;45848
"2020";"70";"Haute-Saône";"Individuel groupé";111;65;9913;5497
"2020";"70";"Haute-Saône";"Collectif";70;28;5970;1964
"2020";"70";"Haute-Saône";"Résidence";107;4;5360;492
"2020";"71";"Saône-et-Loire";"Tous Logements";1731;1418;172900;141220
"2020";"71";"Saône-et-Loire";"Individuel pur";1001;847;118045;101402
"2020";"71";"Saône-et-Loire";"Individuel groupé";218;127;21733;12051
"2020";"71";"Saône-et-Loire";"Collectif";267;219;22238;16784
"2020";"71";"Saône-et-Loire";"Résidence";245;225;10884;10983
"2020";"72";"Sarthe";"Tous Logements";1476;1582;148366;145722
"2020";"72";"Sarthe";"Individuel pur";856;757;103030;93054
"2020";"72";"Sarthe";"Individuel groupé";149;293;12321;24404
"2020";"72";"Sarthe";"Collectif";302;387;20989;24818
"2020";"72";"Sarthe";"Résidence";169;145;12026;3446
"2020";"73";"Savoie";"Tous Logements";3518;3353;346310;301356
"2020";"73";"Savoie";"Individuel pur";1078;792;144807;104828
"2020";"73";"Savoie";"Individuel groupé";449;276;44016;29463
"2020";"73";"Savoie";"Collectif";1878;2091;147313;147636
"2020";"73";"Savoie";"Résidence";113;194;10174;19429
"2020";"74";"Haute-Savoie";"Tous Logements";10927;8768;932712;731795
"2020";"74";"Haute-Savoie";"Individuel pur";1846;1383;262528;198443
"2020";"74";"Haute-Savoie";"Individuel groupé";1030;759;116375;82894
"2020";"74";"Haute-Savoie";"Collectif";7298;6110;514752;427308
"2020";"74";"Haute-Savoie";"Résidence";753;516;39057;23060
"2020";"75";"Paris";"Tous Logements";2681;1494;136378;76278
"2020";"75";"Paris";"Individuel pur";79;38;8283;4683
"2020";"75";"Paris";"Individuel groupé";19;8;1707;667
"2020";"75";"Paris";"Collectif";1539;1147;96906;62227
"2020";"75";"Paris";"Résidence";1044;301;29482;8701
"2020";"76";"Seine-Maritime";"Tous Logements";6366;6040;523638;473706
"2020";"76";"Seine-Maritime";"Individuel pur";1660;1382;201114;170372
"2020";"76";"Seine-Maritime";"Individuel groupé";781;586;73551;56189
"2020";"76";"Seine-Maritime";"Collectif";3234;3101;219579;209210
"2020";"76";"Seine-Maritime";"Résidence";691;971;29394;37935
"2020";"77";"Seine-et-Marne";"Tous Logements";9543;7042;691483;520543
"2020";"77";"Seine-et-Marne";"Individuel pur";1673;1101;206908;136921
"2020";"77";"Seine-et-Marne";"Individuel groupé";625;497;55441;45530
"2020";"77";"Seine-et-Marne";"Collectif";6633;5225;409292;323561
"2020";"77";"Seine-et-Marne";"Résidence";612;219;19842;14531
"2020";"78";"Yvelines";"Tous Logements";6451;6409;509674;469280
"2020";"78";"Yvelines";"Individuel pur";1118;851;159629;123568
"2020";"78";"Yvelines";"Individuel groupé";446;482;45868;50001
"2020";"78";"Yvelines";"Collectif";4413;4285;278477;267604
"2020";"78";"Yvelines";"Résidence";474;791;25700;28107
"2020";"79";"Deux-Sèvres";"Tous Logements";1195;789;115724;84856
"2020";"79";"Deux-Sèvres";"Individuel pur";730;594;85271;69812
"2020";"79";"Deux-Sèvres";"Individuel groupé";266;134;19730;10771
"2020";"79";"Deux-Sèvres";"Collectif";102;57;7010;3847
"2020";"79";"Deux-Sèvres";"Résidence";97;4;3713;426
"2020";"80";"Somme";"Tous Logements";1862;1764;151192;147727
"2020";"80";"Somme";"Individuel pur";751;539;92932;67415
"2020";"80";"Somme";"Individuel groupé";180;277;14107;23575
"2020";"80";"Somme";"Collectif";361;915;19983;55035
"2020";"80";"Somme";"Résidence";570;33;24170;1702
"2020";"81";"Tarn";"Tous Logements";2467;1752;217739;162335
"2020";"81";"Tarn";"Individuel pur";1078;951;126092;110822
"2020";"81";"Tarn";"Individuel groupé";283;232;24041;18140
"2020";"81";"Tarn";"Collectif";501;324;32657;19365
"2020";"81";"Tarn";"Résidence";605;245;34949;14008
"2020";"82";"Tarn-et-Garonne";"Tous Logements";1116;992;120678;105606
"2020";"82";"Tarn-et-Garonne";"Individuel pur";792;711;93415;83341
"2020";"82";"Tarn-et-Garonne";"Individuel groupé";215;131;20746;12990
"2020";"82";"Tarn-et-Garonne";"Collectif";109;150;6517;9275
"2020";"82";"Tarn-et-Garonne";"Résidence";0;0;0;0
"2020";"83";"Var";"Tous Logements";6595;6678;560631;535596
"2020";"83";"Var";"Individuel pur";1896;1573;237904;203159
"2020";"83";"Var";"Individuel groupé";731;567;73513;56189
"2020";"83";"Var";"Collectif";3546;4068;225765;253546
"2020";"83";"Var";"Résidence";422;470;23449;22702
"2020";"84";"Vaucluse";"Tous Logements";3548;3104;290539;267022
"2020";"84";"Vaucluse";"Individuel pur";1310;1155;142113;128208
"2020";"84";"Vaucluse";"Individuel groupé";511;648;45095;56767
"2020";"84";"Vaucluse";"Collectif";1239;1101;78225;71736
"2020";"84";"Vaucluse";"Résidence";488;200;25106;10311
"2020";"85";"Vendée";"Tous Logements";5811;5428;535311;498963
"2020";"85";"Vendée";"Individuel pur";3924;3617;414519;380844
"2020";"85";"Vendée";"Individuel groupé";673;620;52710;48892
"2020";"85";"Vendée";"Collectif";853;1054;50953;61879
"2020";"85";"Vendée";"Résidence";361;137;17129;7348
"2020";"86";"Vienne";"Tous Logements";2184;1399;171643;125487
"2020";"86";"Vienne";"Individuel pur";893;748;100050;86452
"2020";"86";"Vienne";"Individuel groupé";317;232;26932;17543
"2020";"86";"Vienne";"Collectif";674;329;36482;16750
"2020";"86";"Vienne";"Résidence";300;90;8179;4742
"2020";"87";"Haute-Vienne";"Tous Logements";1571;1270;137324;121808
"2020";"87";"Haute-Vienne";"Individuel pur";798;656;93173;76475
"2020";"87";"Haute-Vienne";"Individuel groupé";95;135;8171;11618
"2020";"87";"Haute-Vienne";"Collectif";195;167;12698;13778
"2020";"87";"Haute-Vienne";"Résidence";483;312;23282;19937
"2020";"88";"Vosges";"Tous Logements";1228;840;129081;87634
"2020";"88";"Vosges";"Individuel pur";694;490;91081;63831
"2020";"88";"Vosges";"Individuel groupé";168;97;16333;8983
"2020";"88";"Vosges";"Collectif";180;56;11646;4649
"2020";"88";"Vosges";"Résidence";186;197;10021;10171
"2020";"89";"Yonne";"Tous Logements";682;598;67096;51706
"2020";"89";"Yonne";"Individuel pur";312;206;39296;25154
"2020";"89";"Yonne";"Individuel groupé";135;68;11871;6031
"2020";"89";"Yonne";"Collectif";177;151;12470;10135
"2020";"89";"Yonne";"Résidence";58;173;3459;10386
"2020";"90";"Territoire de Belfort";"Tous Logements";399;304;45471;34343
"2020";"90";"Territoire de Belfort";"Individuel pur";195;173;26428;23075
"2020";"90";"Territoire de Belfort";"Individuel groupé";50;56;4744;5465
"2020";"90";"Territoire de Belfort";"Collectif";153;75;14224;5803
"2020";"90";"Territoire de Belfort";"Résidence";1;0;75;0
"2020";"91";"Essonne";"Tous Logements";5009;5214;382288;372542
"2020";"91";"Essonne";"Individuel pur";955;837;122856;107766
"2020";"91";"Essonne";"Individuel groupé";393;280;36921;23755
"2020";"91";"Essonne";"Collectif";3243;3793;201142;232768
"2020";"91";"Essonne";"Résidence";418;304;21369;8253
"2020";"92";"Hauts-de-Seine";"Tous Logements";10558;10835;666675;725146
"2020";"92";"Hauts-de-Seine";"Individuel pur";218;167;34620;27743
"2020";"92";"Hauts-de-Seine";"Individuel groupé";258;109;23018;14995
"2020";"92";"Hauts-de-Seine";"Collectif";8130;9678;538461;651434
"2020";"92";"Hauts-de-Seine";"Résidence";1952;881;70576;30974
"2020";"93";"Seine-Saint-Denis";"Tous Logements";12885;11648;776755;714964
"2020";"93";"Seine-Saint-Denis";"Individuel pur";362;298;46059;38030
"2020";"93";"Seine-Saint-Denis";"Individuel groupé";160;206;13918;18736
"2020";"93";"Seine-Saint-Denis";"Collectif";9615;9320;617931;580477
"2020";"93";"Seine-Saint-Denis";"Résidence";2748;1824;98847;77721
"2020";"94";"Val-de-Marne";"Tous Logements";7163;8047;433048;444273
"2020";"94";"Val-de-Marne";"Individuel pur";342;284;50409;42618
"2020";"94";"Val-de-Marne";"Individuel groupé";159;88;16162;9076
"2020";"94";"Val-de-Marne";"Collectif";4617;5107;285235;313852
"2020";"94";"Val-de-Marne";"Résidence";2045;2568;81242;78727
"2020";"95";"Val-d'Oise";"Tous Logements";6142;5681;442351;355252
"2020";"95";"Val-d'Oise";"Individuel pur";727;468;99677;63554
"2020";"95";"Val-d'Oise";"Individuel groupé";381;182;34668;16687
"2020";"95";"Val-d'Oise";"Collectif";4463;3518;281566;221233
"2020";"95";"Val-d'Oise";"Résidence";571;1513;26440;53778
"2020";"971";"Guadeloupe";"Tous Logements";2437;1410;189160;112323
"2020";"971";"Guadeloupe";"Individuel pur";1195;672;112879;64076
"2020";"971";"Guadeloupe";"Individuel groupé";632;357;41529;22297
"2020";"971";"Guadeloupe";"Collectif";512;309;28722;19287
"2020";"971";"Guadeloupe";"Résidence";98;72;6030;6663
"2020";"972";"Martinique";"Tous Logements";2142;1073;153254;84956
"2020";"972";"Martinique";"Individuel pur";653;435;62172;42833
"2020";"972";"Martinique";"Individuel groupé";277;157;17941;11318
"2020";"972";"Martinique";"Collectif";1153;475;70273;30380
"2020";"972";"Martinique";"Résidence";59;6;2868;425
"2020";"973";"Guyane";"Tous Logements";1775;1460;121794;101727
"2020";"973";"Guyane";"Individuel pur";193;72;19981;8595
"2020";"973";"Guyane";"Individuel groupé";422;304;37189;28787
"2020";"973";"Guyane";"Collectif";819;835;53138;56820
"2020";"973";"Guyane";"Résidence";341;249;11486;7525
"2020";"974";"La Réunion";"Tous Logements";6157;4868;476606;385842
"2020";"974";"La Réunion";"Individuel pur";2153;1752;219739;179351
"2020";"974";"La Réunion";"Individuel groupé";990;791;78106;63324
"2020";"974";"La Réunion";"Collectif";2473;1952;156073;125083
"2020";"974";"La Réunion";"Résidence";541;373;22688;18084
"2020";"976";"Mayotte";"Tous Logements";1473;668;115557;49928
"2020";"976";"Mayotte";"Individuel pur";174;53;23164;7325
"2020";"976";"Mayotte";"Individuel groupé";375;164;28300;10680
"2020";"976";"Mayotte";"Collectif";921;445;63825;31322
"2020";"976";"Mayotte";"Résidence";3;6;268;601
"2019";"01";"Ain";"Tous Logements";4640;3720;429241;345008
"2019";"01";"Ain";"Individuel pur";1849;1328;223618;163417
"2019";"01";"Ain";"Individuel groupé";572;420;59058;41643
"2019";"01";"Ain";"Collectif";2000;1810;138227;127796
"2019";"01";"Ain";"Résidence";219;162;8338;12152
"2019";"02";"Aisne";"Tous Logements";1214;843;105439;79469
"2019";"02";"Aisne";"Individuel pur";539;407;64228;49907
"2019";"02";"Aisne";"Individuel groupé";156;103;13171;7891
"2019";"02";"Aisne";"Collectif";270;173;14924;11203
"2019";"02";"Aisne";"Résidence";249;160;13116;10468
"2019";"03";"Allier";"Tous Logements";901;591;90320;62551
"2019";"03";"Allier";"Individuel pur";556;418;67044;50248
"2019";"03";"Allier";"Individuel groupé";91;28;7473;2260
"2019";"03";"Allier";"Collectif";115;99;8551;7819
"2019";"03";"Allier";"Résidence";139;46;7252;2224
"2019";"04";"Alpes-de-Haute-Provence";"Tous Logements";803;715;73873;58093
"2019";"04";"Alpes-de-Haute-Provence";"Individuel pur";403;267;43756;28599
"2019";"04";"Alpes-de-Haute-Provence";"Individuel groupé";82;69;7703;5819
"2019";"04";"Alpes-de-Haute-Provence";"Collectif";296;236;21191;16314
"2019";"04";"Alpes-de-Haute-Provence";"Résidence";22;143;1223;7361
"2019";"05";"Hautes-Alpes";"Tous Logements";1110;1078;106552;85141
"2019";"05";"Hautes-Alpes";"Individuel pur";479;368;58479;44847
"2019";"05";"Hautes-Alpes";"Individuel groupé";122;76;12056;7617
"2019";"05";"Hautes-Alpes";"Collectif";507;634;35798;32677
"2019";"05";"Hautes-Alpes";"Résidence";2;0;219;0
"2019";"06";"Alpes-Maritimes";"Tous Logements";6740;5634;503517;391434
"2019";"06";"Alpes-Maritimes";"Individuel pur";963;573;143937;86578
"2019";"06";"Alpes-Maritimes";"Individuel groupé";225;300;27090;34614
"2019";"06";"Alpes-Maritimes";"Collectif";5470;4371;327539;254609
"2019";"06";"Alpes-Maritimes";"Résidence";82;390;4951;15633
"2019";"07";"Ardèche";"Tous Logements";1943;1451;198367;149531
"2019";"07";"Ardèche";"Individuel pur";1241;955;143386;110855
"2019";"07";"Ardèche";"Individuel groupé";440;268;37002;22097
"2019";"07";"Ardèche";"Collectif";260;224;17669;16006
"2019";"07";"Ardèche";"Résidence";2;4;310;573
"2019";"08";"Ardennes";"Tous Logements";688;388;64291;41815
"2019";"08";"Ardennes";"Individuel pur";337;227;41594;28519
"2019";"08";"Ardennes";"Individuel groupé";92;129;9051;10949
"2019";"08";"Ardennes";"Collectif";115;32;7385;2347
"2019";"08";"Ardennes";"Résidence";144;0;6261;0
"2019";"09";"Ariège";"Tous Logements";623;355;64272;37638
"2019";"09";"Ariège";"Individuel pur";400;273;46044;31014
"2019";"09";"Ariège";"Individuel groupé";155;54;13812;4698
"2019";"09";"Ariège";"Collectif";56;28;3920;1926
"2019";"09";"Ariège";"Résidence";12;0;496;0
"2019";"10";"Aube";"Tous Logements";1435;858;133700;78979
"2019";"10";"Aube";"Individuel pur";505;355;65198;45242
"2019";"10";"Aube";"Individuel groupé";190;49;17189;4779
"2019";"10";"Aube";"Collectif";573;380;41890;26628
"2019";"10";"Aube";"Résidence";167;74;9423;2330
"2019";"11";"Aude";"Tous Logements";1828;1244;176449;123521
"2019";"11";"Aude";"Individuel pur";1043;763;116937;86171
"2019";"11";"Aude";"Individuel groupé";346;196;29373;16893
"2019";"11";"Aude";"Collectif";309;218;20688;16437
"2019";"11";"Aude";"Résidence";130;67;9451;4020
"2019";"12";"Aveyron";"Tous Logements";1328;926;124818;87448
"2019";"12";"Aveyron";"Individuel pur";617;496;74639;59315
"2019";"12";"Aveyron";"Individuel groupé";174;86;14119;7594
"2019";"12";"Aveyron";"Collectif";529;306;35889;19640
"2019";"12";"Aveyron";"Résidence";8;38;171;899
"2019";"13";"Bouches-du-Rhône";"Tous Logements";12661;9460;932450;679770
"2019";"13";"Bouches-du-Rhône";"Individuel pur";2157;1608;250890;194737
"2019";"13";"Bouches-du-Rhône";"Individuel groupé";1103;666;100660;61797
"2019";"13";"Bouches-du-Rhône";"Collectif";8553;6340;542501;393803
"2019";"13";"Bouches-du-Rhône";"Résidence";848;846;38399;29433
"2019";"14";"Calvados";"Tous Logements";4769;3785;406449;318364
"2019";"14";"Calvados";"Individuel pur";1714;1368;205904;164774
"2019";"14";"Calvados";"Individuel groupé";575;330;49806;30424
"2019";"14";"Calvados";"Collectif";2441;1953;148046;115040
"2019";"14";"Calvados";"Résidence";39;134;2693;8126
"2019";"15";"Cantal";"Tous Logements";524;474;51925;42603
"2019";"15";"Cantal";"Individuel pur";334;259;40996;30423
"2019";"15";"Cantal";"Individuel groupé";58;23;5257;1908
"2019";"15";"Cantal";"Collectif";22;85;1204;6160
"2019";"15";"Cantal";"Résidence";110;107;4468;4112
"2019";"16";"Charente";"Tous Logements";1148;927;112302;90261
"2019";"16";"Charente";"Individuel pur";762;608;86516;69163
"2019";"16";"Charente";"Individuel groupé";147;120;11352;11298
"2019";"16";"Charente";"Collectif";108;177;6557;8498
"2019";"16";"Charente";"Résidence";131;22;7877;1302
"2019";"17";"Charente-Maritime";"Tous Logements";7022;5068;622655;462333
"2019";"17";"Charente-Maritime";"Individuel pur";3168;2627;357789;294253
"2019";"17";"Charente-Maritime";"Individuel groupé";1135;946;96575;78423
"2019";"17";"Charente-Maritime";"Collectif";2375;1352;150714;81177
"2019";"17";"Charente-Maritime";"Résidence";344;143;17577;8480
"2019";"18";"Cher";"Tous Logements";1059;543;92178;59933
"2019";"18";"Cher";"Individuel pur";477;391;59415;49258
"2019";"18";"Cher";"Individuel groupé";89;64;6554;5089
"2019";"18";"Cher";"Collectif";76;62;4283;3699
"2019";"18";"Cher";"Résidence";417;26;21926;1887
"2019";"19";"Corrèze";"Tous Logements";843;482;85579;52937
"2019";"19";"Corrèze";"Individuel pur";525;397;61711;47255
"2019";"19";"Corrèze";"Individuel groupé";85;29;7574;2232
"2019";"19";"Corrèze";"Collectif";162;56;10553;3450
"2019";"19";"Corrèze";"Résidence";71;0;5741;0
"2019";"21";"Côte-d'Or";"Tous Logements";3234;2735;251038;193514
"2019";"21";"Côte-d'Or";"Individuel pur";861;631;108898;81126
"2019";"21";"Côte-d'Or";"Individuel groupé";136;80;12392;7709
"2019";"21";"Côte-d'Or";"Collectif";2207;1790;127510;97578
"2019";"21";"Côte-d'Or";"Résidence";30;234;2238;7101
"2019";"22";"Côtes-d'Armor";"Tous Logements";3056;2421;303853;247583
"2019";"22";"Côtes-d'Armor";"Individuel pur";2023;1649;233274;190064
"2019";"22";"Côtes-d'Armor";"Individuel groupé";440;330;37631;28185
"2019";"22";"Côtes-d'Armor";"Collectif";465;321;30162;22286
"2019";"22";"Côtes-d'Armor";"Résidence";128;121;2786;7048
"2019";"23";"Creuse";"Tous Logements";181;155;20127;16418
"2019";"23";"Creuse";"Individuel pur";166;137;18648;15138
"2019";"23";"Creuse";"Individuel groupé";6;3;777;497
"2019";"23";"Creuse";"Collectif";8;7;633;401
"2019";"23";"Creuse";"Résidence";1;8;69;382
"2019";"24";"Dordogne";"Tous Logements";1992;1682;200819;161202
"2019";"24";"Dordogne";"Individuel pur";1427;1007;164787;117243
"2019";"24";"Dordogne";"Individuel groupé";252;273;18458;20395
"2019";"24";"Dordogne";"Collectif";239;209;15543;12908
"2019";"24";"Dordogne";"Résidence";74;193;2031;10656
"2019";"25";"Doubs";"Tous Logements";3129;1988;296443;196148
"2019";"25";"Doubs";"Individuel pur";1136;917;148208;117863
"2019";"25";"Doubs";"Individuel groupé";449;287;40616;27216
"2019";"25";"Doubs";"Collectif";1381;623;101642;44907
"2019";"25";"Doubs";"Résidence";163;161;5977;6162
"2019";"26";"Drôme";"Tous Logements";3241;2213;293942;211540
"2019";"26";"Drôme";"Individuel pur";1486;1152;169286;132516
"2019";"26";"Drôme";"Individuel groupé";386;313;33712;28493
"2019";"26";"Drôme";"Collectif";1067;584;76187;40440
"2019";"26";"Drôme";"Résidence";302;164;14757;10091
"2019";"27";"Eure";"Tous Logements";2067;1783;208668;176140
"2019";"27";"Eure";"Individuel pur";1255;999;148170;119384
"2019";"27";"Eure";"Individuel groupé";298;227;25968;20573
"2019";"27";"Eure";"Collectif";355;322;22887;22527
"2019";"27";"Eure";"Résidence";159;235;11643;13656
"2019";"28";"Eure-et-Loir";"Tous Logements";1802;1334;154910;117311
"2019";"28";"Eure-et-Loir";"Individuel pur";675;421;79364;50688
"2019";"28";"Eure-et-Loir";"Individuel groupé";316;193;27560;17409
"2019";"28";"Eure-et-Loir";"Collectif";637;720;39489;49214
"2019";"28";"Eure-et-Loir";"Résidence";174;0;8497;0
"2019";"29";"Finistère";"Tous Logements";5333;4278;490926;396007
"2019";"29";"Finistère";"Individuel pur";3016;2504;344781;288495
"2019";"29";"Finistère";"Individuel groupé";451;321;39438;27546
"2019";"29";"Finistère";"Collectif";1468;1028;95550;65532
"2019";"29";"Finistère";"Résidence";398;425;11157;14434
"2019";"2A";"Corse-du-Sud";"Tous Logements";1950;2546;187717;200751
"2019";"2A";"Corse-du-Sud";"Individuel pur";725;481;98370;66442
"2019";"2A";"Corse-du-Sud";"Individuel groupé";362;207;33974;20773
"2019";"2A";"Corse-du-Sud";"Collectif";765;1858;50843;113536
"2019";"2A";"Corse-du-Sud";"Résidence";98;0;4530;0
"2019";"2B";"Haute-Corse";"Tous Logements";2315;1176;194950;104774
"2019";"2B";"Haute-Corse";"Individuel pur";622;391;76446;49099
"2019";"2B";"Haute-Corse";"Individuel groupé";401;157;33890;13467
"2019";"2B";"Haute-Corse";"Collectif";1247;627;81573;42134
"2019";"2B";"Haute-Corse";"Résidence";45;1;3041;74
"2019";"30";"Gard";"Tous Logements";5616;4252;482624;359744
"2019";"30";"Gard";"Individuel pur";2326;1794;269859;208858
"2019";"30";"Gard";"Individuel groupé";681;536;60624;46683
"2019";"30";"Gard";"Collectif";1981;1111;124628;69978
"2019";"30";"Gard";"Résidence";628;811;27513;34225
"2019";"31";"Haute-Garonne";"Tous Logements";14742;12822;1172354;971389
"2019";"31";"Haute-Garonne";"Individuel pur";3161;2406;393628;295137
"2019";"31";"Haute-Garonne";"Individuel groupé";2268;1661;199854;150653
"2019";"31";"Haute-Garonne";"Collectif";9072;8345;567989;504583
"2019";"31";"Haute-Garonne";"Résidence";241;410;10883;21016
"2019";"32";"Gers";"Tous Logements";763;610;82620;63697
"2019";"32";"Gers";"Individuel pur";500;385;62373;47303
"2019";"32";"Gers";"Individuel groupé";143;97;12124;8362
"2019";"32";"Gers";"Collectif";109;122;7427;7684
"2019";"32";"Gers";"Résidence";11;6;696;348
"2019";"33";"Gironde";"Tous Logements";15926;13528;1324362;1108537
"2019";"33";"Gironde";"Individuel pur";5214;4075;612244;477102
"2019";"33";"Gironde";"Individuel groupé";2175;1570;185719;135705
"2019";"33";"Gironde";"Collectif";6892;6751;459959;448730
"2019";"33";"Gironde";"Résidence";1645;1132;66440;47000
"2019";"34";"Hérault";"Tous Logements";11804;9978;859988;724978
"2019";"34";"Hérault";"Individuel pur";2891;2344;333214;270137
"2019";"34";"Hérault";"Individuel groupé";1011;936;86176;77540
"2019";"34";"Hérault";"Collectif";6348;5543;380401;333065
"2019";"34";"Hérault";"Résidence";1554;1155;60197;44236
"2019";"35";"Ille-et-Vilaine";"Tous Logements";10267;8625;873401;725293
"2019";"35";"Ille-et-Vilaine";"Individuel pur";3300;2843;398029;345808
"2019";"35";"Ille-et-Vilaine";"Individuel groupé";664;544;66208;51523
"2019";"35";"Ille-et-Vilaine";"Collectif";5472;4405;368537;292230
"2019";"35";"Ille-et-Vilaine";"Résidence";831;833;40627;35732
"2019";"36";"Indre";"Tous Logements";442;430;47239;40438
"2019";"36";"Indre";"Individuel pur";295;223;36059;26456
"2019";"36";"Indre";"Individuel groupé";117;113;8736;7568
"2019";"36";"Indre";"Collectif";30;30;2444;1536
"2019";"36";"Indre";"Résidence";0;64;0;4878
"2019";"37";"Indre-et-Loire";"Tous Logements";3321;3188;294134;270292
"2019";"37";"Indre-et-Loire";"Individuel pur";1321;1168;160901;143559
"2019";"37";"Indre-et-Loire";"Individuel groupé";332;403;28310;31354
"2019";"37";"Indre-et-Loire";"Collectif";1640;1353;102929;85290
"2019";"37";"Indre-et-Loire";"Résidence";28;264;1994;10089
"2019";"38";"Isère";"Tous Logements";10558;6624;891262;583684
"2019";"38";"Isère";"Individuel pur";2792;1979;341289;243879
"2019";"38";"Isère";"Individuel groupé";953;881;92758;85249
"2019";"38";"Isère";"Collectif";5763;3284;406553;227850
"2019";"38";"Isère";"Résidence";1050;480;50662;26706
"2019";"39";"Jura";"Tous Logements";897;620;98053;69440
"2019";"39";"Jura";"Individuel pur";563;410;67810;49985
"2019";"39";"Jura";"Individuel groupé";104;67;10498;6705
"2019";"39";"Jura";"Collectif";228;142;19611;12693
"2019";"39";"Jura";"Résidence";2;1;134;57
"2019";"40";"Landes";"Tous Logements";5387;3516;475594;324521
"2019";"40";"Landes";"Individuel pur";2339;1737;265448;200655
"2019";"40";"Landes";"Individuel groupé";774;560;66655;46175
"2019";"40";"Landes";"Collectif";2147;1101;136587;70293
"2019";"40";"Landes";"Résidence";127;118;6904;7398
"2019";"41";"Loir-et-Cher";"Tous Logements";1040;753;112112;82611
"2019";"41";"Loir-et-Cher";"Individuel pur";727;559;85786;65970
"2019";"41";"Loir-et-Cher";"Individuel groupé";171;132;15251;11734
"2019";"41";"Loir-et-Cher";"Collectif";122;39;9654;3478
"2019";"41";"Loir-et-Cher";"Résidence";20;23;1421;1429
"2019";"42";"Loire";"Tous Logements";3197;1937;300547;197973
"2019";"42";"Loire";"Individuel pur";1381;1032;167777;124987
"2019";"42";"Loire";"Individuel groupé";309;159;30798;14645
"2019";"42";"Loire";"Collectif";1078;687;84041;53916
"2019";"42";"Loire";"Résidence";429;59;17931;4425
"2019";"43";"Haute-Loire";"Tous Logements";878;596;96970;64126
"2019";"43";"Haute-Loire";"Individuel pur";633;421;77761;51100
"2019";"43";"Haute-Loire";"Individuel groupé";40;31;3615;3248
"2019";"43";"Haute-Loire";"Collectif";203;86;15419;6577
"2019";"43";"Haute-Loire";"Résidence";2;58;175;3201
"2019";"44";"Loire-Atlantique";"Tous Logements";13469;12076;1096896;998156
"2019";"44";"Loire-Atlantique";"Individuel pur";5058;4504;570509;512063
"2019";"44";"Loire-Atlantique";"Individuel groupé";914;922;77886;78353
"2019";"44";"Loire-Atlantique";"Collectif";6838;6423;417476;398091
"2019";"44";"Loire-Atlantique";"Résidence";659;227;31025;9649
"2019";"45";"Loiret";"Tous Logements";3632;2900;321469;256506
"2019";"45";"Loiret";"Individuel pur";1403;1116;171035;134842
"2019";"45";"Loiret";"Individuel groupé";529;533;46242;43508
"2019";"45";"Loiret";"Collectif";1307;1038;86927;70037
"2019";"45";"Loiret";"Résidence";393;213;17265;8089
"2019";"46";"Lot";"Tous Logements";787;635;83053;63820
"2019";"46";"Lot";"Individuel pur";578;421;67798;48377
"2019";"46";"Lot";"Individuel groupé";75;67;6934;5438
"2019";"46";"Lot";"Collectif";113;146;7615;9937
"2019";"46";"Lot";"Résidence";21;1;706;68
"2019";"47";"Lot-et-Garonne";"Tous Logements";1391;892;126548;92321
"2019";"47";"Lot-et-Garonne";"Individuel pur";678;507;79380;61532
"2019";"47";"Lot-et-Garonne";"Individuel groupé";272;237;23035;20374
"2019";"47";"Lot-et-Garonne";"Collectif";227;141;12901;9960
"2019";"47";"Lot-et-Garonne";"Résidence";214;7;11232;455
"2019";"48";"Lozère";"Tous Logements";359;254;33625;24300
"2019";"48";"Lozère";"Individuel pur";209;182;23147;20522
"2019";"48";"Lozère";"Individuel groupé";50;34;3600;1870
"2019";"48";"Lozère";"Collectif";77;9;5777;525
"2019";"48";"Lozère";"Résidence";23;29;1101;1383
"2019";"49";"Maine-et-Loire";"Tous Logements";4342;3391;363418;311380
"2019";"49";"Maine-et-Loire";"Individuel pur";1784;1518;211235;181756
"2019";"49";"Maine-et-Loire";"Individuel groupé";480;506;45649;43830
"2019";"49";"Maine-et-Loire";"Collectif";1070;1001;68041;69328
"2019";"49";"Maine-et-Loire";"Résidence";1008;366;38493;16466
"2019";"50";"Manche";"Tous Logements";2067;1845;210074;185700
"2019";"50";"Manche";"Individuel pur";1410;1256;163703;146949
"2019";"50";"Manche";"Individuel groupé";142;173;12264;14862
"2019";"50";"Manche";"Collectif";289;175;21278;11503
"2019";"50";"Manche";"Résidence";226;241;12829;12386
"2019";"51";"Marne";"Tous Logements";3560;2459;273630;198372
"2019";"51";"Marne";"Individuel pur";727;527;95492;69309
"2019";"51";"Marne";"Individuel groupé";258;235;26783;25225
"2019";"51";"Marne";"Collectif";1953;1081;126099;73178
"2019";"51";"Marne";"Résidence";622;616;25256;30660
"2019";"52";"Haute-Marne";"Tous Logements";257;193;30621;22742
"2019";"52";"Haute-Marne";"Individuel pur";177;142;24069;18681
"2019";"52";"Haute-Marne";"Individuel groupé";37;15;3721;1606
"2019";"52";"Haute-Marne";"Collectif";43;36;2831;2455
"2019";"52";"Haute-Marne";"Résidence";0;0;0;0
"2019";"53";"Mayenne";"Tous Logements";1516;1028;126962;99619
"2019";"53";"Mayenne";"Individuel pur";721;548;85025;64900
"2019";"53";"Mayenne";"Individuel groupé";112;123;8853;9323
"2019";"53";"Mayenne";"Collectif";326;259;19897;18448
"2019";"53";"Mayenne";"Résidence";357;98;13187;6948
"2019";"54";"Meurthe-et-Moselle";"Tous Logements";3328;2369;294108;197587
"2019";"54";"Meurthe-et-Moselle";"Individuel pur";903;656;122478;86680
"2019";"54";"Meurthe-et-Moselle";"Individuel groupé";403;224;39455;22324
"2019";"54";"Meurthe-et-Moselle";"Collectif";1430;1131;98125;73081
"2019";"54";"Meurthe-et-Moselle";"Résidence";592;358;34050;15502
"2019";"55";"Meuse";"Tous Logements";284;205;36289;26010
"2019";"55";"Meuse";"Individuel pur";199;150;27832;20638
"2019";"55";"Meuse";"Individuel groupé";54;15;6103;1844
"2019";"55";"Meuse";"Collectif";30;35;2268;2586
"2019";"55";"Meuse";"Résidence";1;5;86;942
"2019";"56";"Morbihan";"Tous Logements";5499;4443;552150;457632
"2019";"56";"Morbihan";"Individuel pur";3445;2962;404068;349519
"2019";"56";"Morbihan";"Individuel groupé";534;367;47206;32611
"2019";"56";"Morbihan";"Collectif";1405;939;94833;63514
"2019";"56";"Morbihan";"Résidence";115;175;6043;11988
"2019";"57";"Moselle";"Tous Logements";5549;3966;525143;379867
"2019";"57";"Moselle";"Individuel pur";1798;1320;256165;190369
"2019";"57";"Moselle";"Individuel groupé";493;513;51575;50470
"2019";"57";"Moselle";"Collectif";2785;1905;188487;129890
"2019";"57";"Moselle";"Résidence";473;228;28916;9138
"2019";"58";"Nièvre";"Tous Logements";305;315;32413;28892
"2019";"58";"Nièvre";"Individuel pur";215;155;26007;18080
"2019";"58";"Nièvre";"Individuel groupé";33;20;2463;1914
"2019";"58";"Nièvre";"Collectif";54;34;3675;3033
"2019";"58";"Nièvre";"Résidence";3;106;268;5865
"2019";"59";"Nord";"Tous Logements";12219;10306;975487;796982
"2019";"59";"Nord";"Individuel pur";2230;1717;299222;229690
"2019";"59";"Nord";"Individuel groupé";1726;1191;154254;108849
"2019";"59";"Nord";"Collectif";7159;6254;471130;403591
"2019";"59";"Nord";"Résidence";1104;1144;50881;54852
"2019";"60";"Oise";"Tous Logements";3303;2231;280358;196597
"2019";"60";"Oise";"Individuel pur";1079;781;127831;92002
"2019";"60";"Oise";"Individuel groupé";519;385;44960;33747
"2019";"60";"Oise";"Collectif";1455;807;96547;53182
"2019";"60";"Oise";"Résidence";250;258;11020;17666
"2019";"61";"Orne";"Tous Logements";429;293;43770;31202
"2019";"61";"Orne";"Individuel pur";280;226;34683;27085
"2019";"61";"Orne";"Individuel groupé";46;23;4647;1923
"2019";"61";"Orne";"Collectif";55;26;3162;1343
"2019";"61";"Orne";"Résidence";48;18;1278;851
"2019";"62";"Pas-de-Calais";"Tous Logements";5697;3973;529349;384714
"2019";"62";"Pas-de-Calais";"Individuel pur";2299;1736;286299;214690
"2019";"62";"Pas-de-Calais";"Individuel groupé";1175;783;106168;72057
"2019";"62";"Pas-de-Calais";"Collectif";1586;1408;108466;94410
"2019";"62";"Pas-de-Calais";"Résidence";637;46;28416;3557
"2019";"63";"Puy-de-Dôme";"Tous Logements";4800;3677;394035;285386
"2019";"63";"Puy-de-Dôme";"Individuel pur";1608;1126;190465;133722
"2019";"63";"Puy-de-Dôme";"Individuel groupé";366;340;32884;30028
"2019";"63";"Puy-de-Dôme";"Collectif";2286;1794;150275;107405
"2019";"63";"Puy-de-Dôme";"Résidence";540;417;20411;14231
"2019";"64";"Pyrénées-Atlantiques";"Tous Logements";4848;4053;446706;358860
"2019";"64";"Pyrénées-Atlantiques";"Individuel pur";1889;1356;240041;170321
"2019";"64";"Pyrénées-Atlantiques";"Individuel groupé";554;481;55154;43478
"2019";"64";"Pyrénées-Atlantiques";"Collectif";1996;1871;128528;126539
"2019";"64";"Pyrénées-Atlantiques";"Résidence";409;345;22983;18522
"2019";"65";"Hautes-Pyrénées";"Tous Logements";913;545;93282;59023
"2019";"65";"Hautes-Pyrénées";"Individuel pur";556;400;69037;49197
"2019";"65";"Hautes-Pyrénées";"Individuel groupé";134;87;11229;6685
"2019";"65";"Hautes-Pyrénées";"Collectif";212;57;11859;3068
"2019";"65";"Hautes-Pyrénées";"Résidence";11;1;1157;73
"2019";"66";"Pyrénées-Orientales";"Tous Logements";4102;3063;358814;268435
"2019";"66";"Pyrénées-Orientales";"Individuel pur";1852;1377;203131;153009
"2019";"66";"Pyrénées-Orientales";"Individuel groupé";430;314;39885;25215
"2019";"66";"Pyrénées-Orientales";"Collectif";1703;1285;109696;84025
"2019";"66";"Pyrénées-Orientales";"Résidence";117;87;6102;6186
"2019";"67";"Bas-Rhin";"Tous Logements";6827;5803;622080;518590
"2019";"67";"Bas-Rhin";"Individuel pur";1657;1318;244737;194970
"2019";"67";"Bas-Rhin";"Individuel groupé";828;533;81284;52507
"2019";"67";"Bas-Rhin";"Collectif";4179;3732;290605;260624
"2019";"67";"Bas-Rhin";"Résidence";163;220;5454;10489
"2019";"68";"Haut-Rhin";"Tous Logements";4648;3053;456281;312077
"2019";"68";"Haut-Rhin";"Individuel pur";1380;1086;206767;163609
"2019";"68";"Haut-Rhin";"Individuel groupé";493;384;53374;40350
"2019";"68";"Haut-Rhin";"Collectif";2695;1468;191507;101638
"2019";"68";"Haut-Rhin";"Résidence";80;115;4633;6480
"2019";"69";"Rhône";"Tous Logements";11585;9579;897856;738450
"2019";"69";"Rhône";"Individuel pur";1942;1564;250212;204382
"2019";"69";"Rhône";"Individuel groupé";886;685;83847;65853
"2019";"69";"Rhône";"Collectif";8056;6717;531665;433924
"2019";"69";"Rhône";"Résidence";701;613;32132;34291
"2019";"70";"Haute-Saône";"Tous Logements";663;568;76360;64027
"2019";"70";"Haute-Saône";"Individuel pur";511;431;63759;53041
"2019";"70";"Haute-Saône";"Individuel groupé";72;77;6194;6065
"2019";"70";"Haute-Saône";"Collectif";77;39;6312;3650
"2019";"70";"Haute-Saône";"Résidence";3;21;95;1271
"2019";"71";"Saône-et-Loire";"Tous Logements";1677;1363;172311;141958
"2019";"71";"Saône-et-Loire";"Individuel pur";998;804;120786;98155
"2019";"71";"Saône-et-Loire";"Individuel groupé";174;138;16609;12187
"2019";"71";"Saône-et-Loire";"Collectif";299;287;21749;24207
"2019";"71";"Saône-et-Loire";"Résidence";206;134;13167;7409
"2019";"72";"Sarthe";"Tous Logements";1625;1717;152036;154816
"2019";"72";"Sarthe";"Individuel pur";856;742;102974;88293
"2019";"72";"Sarthe";"Individuel groupé";245;108;21390;11302
"2019";"72";"Sarthe";"Collectif";298;649;20297;47363
"2019";"72";"Sarthe";"Résidence";226;218;7375;7845
"2019";"73";"Savoie";"Tous Logements";5133;3532;456754;319829
"2019";"73";"Savoie";"Individuel pur";1155;804;153531;104700
"2019";"73";"Savoie";"Individuel groupé";538;409;59451;40812
"2019";"73";"Savoie";"Collectif";2881;1661;205772;125303
"2019";"73";"Savoie";"Résidence";559;658;38000;49014
"2019";"74";"Haute-Savoie";"Tous Logements";12117;8410;1051522;725640
"2019";"74";"Haute-Savoie";"Individuel pur";2125;1473;307581;205768
"2019";"74";"Haute-Savoie";"Individuel groupé";1110;696;122643;75229
"2019";"74";"Haute-Savoie";"Collectif";8223;5965;581897;425455
"2019";"74";"Haute-Savoie";"Résidence";659;276;39401;19171
"2019";"75";"Paris";"Tous Logements";2945;2416;156374;113188
"2019";"75";"Paris";"Individuel pur";112;30;8868;3096
"2019";"75";"Paris";"Individuel groupé";29;12;2340;751
"2019";"75";"Paris";"Collectif";2106;1203;118930;74152
"2019";"75";"Paris";"Résidence";698;1171;26236;35189
"2019";"76";"Seine-Maritime";"Tous Logements";6071;5076;496707;431736
"2019";"76";"Seine-Maritime";"Individuel pur";1838;1574;225011;193468
"2019";"76";"Seine-Maritime";"Individuel groupé";727;660;63998;59128
"2019";"76";"Seine-Maritime";"Collectif";2514;2517;169450;165043
"2019";"76";"Seine-Maritime";"Résidence";992;325;38248;14044
"2019";"77";"Seine-et-Marne";"Tous Logements";12183;7156;876346;522263
"2019";"77";"Seine-et-Marne";"Individuel pur";1842;1241;221144;146889
"2019";"77";"Seine-et-Marne";"Individuel groupé";906;378;83085;35676
"2019";"77";"Seine-et-Marne";"Collectif";8191;5064;506354;317480
"2019";"77";"Seine-et-Marne";"Résidence";1244;473;65763;22218
"2019";"78";"Yvelines";"Tous Logements";9199;7529;661283;551166
"2019";"78";"Yvelines";"Individuel pur";1326;1007;183499;137274
"2019";"78";"Yvelines";"Individuel groupé";534;523;56879;54461
"2019";"78";"Yvelines";"Collectif";5962;5425;370784;335809
"2019";"78";"Yvelines";"Résidence";1377;574;50121;23622
"2019";"79";"Deux-Sèvres";"Tous Logements";1104;840;110442;81457
"2019";"79";"Deux-Sèvres";"Individuel pur";767;588;87713;66347
"2019";"79";"Deux-Sèvres";"Individuel groupé";181;95;14302;7544
"2019";"79";"Deux-Sèvres";"Collectif";143;135;7457;6331
"2019";"79";"Deux-Sèvres";"Résidence";13;22;970;1235
"2019";"80";"Somme";"Tous Logements";2937;2278;227621;175528
"2019";"80";"Somme";"Individuel pur";711;585;88568;70636
"2019";"80";"Somme";"Individuel groupé";403;280;33982;24281
"2019";"80";"Somme";"Collectif";1453;1070;82263;61891
"2019";"80";"Somme";"Résidence";370;343;22808;18720
"2019";"81";"Tarn";"Tous Logements";1721;1372;176480;136996
"2019";"81";"Tarn";"Individuel pur";1228;993;140687;113333
"2019";"81";"Tarn";"Individuel groupé";244;214;18679;14883
"2019";"81";"Tarn";"Collectif";200;103;13895;6360
"2019";"81";"Tarn";"Résidence";49;62;3219;2420
"2019";"82";"Tarn-et-Garonne";"Tous Logements";1419;1194;141111;121436
"2019";"82";"Tarn-et-Garonne";"Individuel pur";849;732;100350;87153
"2019";"82";"Tarn-et-Garonne";"Individuel groupé";275;261;23091;22317
"2019";"82";"Tarn-et-Garonne";"Collectif";294;197;17576;11482
"2019";"82";"Tarn-et-Garonne";"Résidence";1;4;94;484
"2019";"83";"Var";"Tous Logements";9088;8077;732032;664379
"2019";"83";"Var";"Individuel pur";2279;1986;287371;250428
"2019";"83";"Var";"Individuel groupé";775;696;79236;66420
"2019";"83";"Var";"Collectif";5701;5075;350772;328376
"2019";"83";"Var";"Résidence";333;320;14653;19155
"2019";"84";"Vaucluse";"Tous Logements";3565;3312;319859;275148
"2019";"84";"Vaucluse";"Individuel pur";1525;1262;168854;138665
"2019";"84";"Vaucluse";"Individuel groupé";834;741;74925;57538
"2019";"84";"Vaucluse";"Collectif";1160;1217;73120;74340
"2019";"84";"Vaucluse";"Résidence";46;92;2960;4605
"2019";"85";"Vendée";"Tous Logements";6399;5079;590536;484729
"2019";"85";"Vendée";"Individuel pur";4142;3630;437449;386146
"2019";"85";"Vendée";"Individuel groupé";898;515;72290;42040
"2019";"85";"Vendée";"Collectif";1272;829;76216;50912
"2019";"85";"Vendée";"Résidence";87;105;4581;5631
"2019";"86";"Vienne";"Tous Logements";1745;1599;158893;135681
"2019";"86";"Vienne";"Individuel pur";947;766;109421;85942
"2019";"86";"Vienne";"Individuel groupé";282;223;20933;17628
"2019";"86";"Vienne";"Collectif";251;415;14773;21848
"2019";"86";"Vienne";"Résidence";265;195;13766;10263
"2019";"87";"Haute-Vienne";"Tous Logements";1355;1279;135558;111857
"2019";"87";"Haute-Vienne";"Individuel pur";833;649;97731;75417
"2019";"87";"Haute-Vienne";"Individuel groupé";145;140;12407;12355
"2019";"87";"Haute-Vienne";"Collectif";187;225;13259;14885
"2019";"87";"Haute-Vienne";"Résidence";190;265;12161;9200
"2019";"88";"Vosges";"Tous Logements";1054;796;117077;88724
"2019";"88";"Vosges";"Individuel pur";666;514;87535;66069
"2019";"88";"Vosges";"Individuel groupé";164;134;14000;11812
"2019";"88";"Vosges";"Collectif";165;146;11924;10705
"2019";"88";"Vosges";"Résidence";59;2;3618;138
"2019";"89";"Yonne";"Tous Logements";807;333;75451;34807
"2019";"89";"Yonne";"Individuel pur";359;229;45134;28979
"2019";"89";"Yonne";"Individuel groupé";170;24;13618;1776
"2019";"89";"Yonne";"Collectif";124;52;7249;2172
"2019";"89";"Yonne";"Résidence";154;28;9450;1880
"2019";"90";"Territoire de Belfort";"Tous Logements";499;534;53987;51923
"2019";"90";"Territoire de Belfort";"Individuel pur";241;209;31781;27290
"2019";"90";"Territoire de Belfort";"Individuel groupé";62;36;6409;3962
"2019";"90";"Territoire de Belfort";"Collectif";196;170;15797;14299
"2019";"90";"Territoire de Belfort";"Résidence";0;119;0;6372
"2019";"91";"Essonne";"Tous Logements";7448;7883;543398;545840
"2019";"91";"Essonne";"Individuel pur";1241;964;155049;118142
"2019";"91";"Essonne";"Individuel groupé";556;531;49706;49176
"2019";"91";"Essonne";"Collectif";5180;5823;318958;357431
"2019";"91";"Essonne";"Résidence";471;565;19685;21091
"2019";"92";"Hauts-de-Seine";"Tous Logements";11781;13805;820383;932292
"2019";"92";"Hauts-de-Seine";"Individuel pur";247;228;39332;37312
"2019";"92";"Hauts-de-Seine";"Individuel groupé";192;234;24703;26806
"2019";"92";"Hauts-de-Seine";"Collectif";11127;12414;750074;830889
"2019";"92";"Hauts-de-Seine";"Résidence";215;929;6274;37285
"2019";"93";"Seine-Saint-Denis";"Tous Logements";16158;15296;993726;945087
"2019";"93";"Seine-Saint-Denis";"Individuel pur";436;300;53561;37121
"2019";"93";"Seine-Saint-Denis";"Individuel groupé";322;332;28801;27940
"2019";"93";"Seine-Saint-Denis";"Collectif";13888;12680;862829;800073
"2019";"93";"Seine-Saint-Denis";"Résidence";1512;1984;48535;79953
"2019";"94";"Val-de-Marne";"Tous Logements";10718;9183;610034;563440
"2019";"94";"Val-de-Marne";"Individuel pur";420;325;63115;49868
"2019";"94";"Val-de-Marne";"Individuel groupé";153;167;15759;16563
"2019";"94";"Val-de-Marne";"Collectif";7034;7164;425236;442823
"2019";"94";"Val-de-Marne";"Résidence";3111;1527;105924;54130
"2019";"95";"Val-d'Oise";"Tous Logements";7690;6273;505035;417459
"2019";"95";"Val-d'Oise";"Individuel pur";812;657;108658;87117
"2019";"95";"Val-d'Oise";"Individuel groupé";404;476;36117;42566
"2019";"95";"Val-d'Oise";"Collectif";5370;4281;327348;257877
"2019";"95";"Val-d'Oise";"Résidence";1104;859;32912;29899
"2019";"971";"Guadeloupe";"Tous Logements";3054;2010;248646;153757
"2019";"971";"Guadeloupe";"Individuel pur";1496;812;151338;78616
"2019";"971";"Guadeloupe";"Individuel groupé";549;313;34494;20569
"2019";"971";"Guadeloupe";"Collectif";890;778;56556;47763
"2019";"971";"Guadeloupe";"Résidence";119;107;6258;6809
"2019";"972";"Martinique";"Tous Logements";2300;1981;176622;145135
"2019";"972";"Martinique";"Individuel pur";753;538;74152;52530
"2019";"972";"Martinique";"Individuel groupé";366;251;27575;19110
"2019";"972";"Martinique";"Collectif";1047;1181;67589;72542
"2019";"972";"Martinique";"Résidence";134;11;7306;953
"2019";"973";"Guyane";"Tous Logements";2661;1198;196571;87807
"2019";"973";"Guyane";"Individuel pur";170;71;18670;7502
"2019";"973";"Guyane";"Individuel groupé";577;165;52716;16041
"2019";"973";"Guyane";"Collectif";1660;702;110836;48002
"2019";"973";"Guyane";"Résidence";254;260;14349;16262
"2019";"974";"La Réunion";"Tous Logements";6162;5395;486124;410133
"2019";"974";"La Réunion";"Individuel pur";2300;1939;237232;199985
"2019";"974";"La Réunion";"Individuel groupé";996;745;83548;58754
"2019";"974";"La Réunion";"Collectif";1930;1861;125622;115771
"2019";"974";"La Réunion";"Résidence";936;850;39722;35623
"2019";"976";"Mayotte";"Tous Logements";1433;606;117349;50280
"2019";"976";"Mayotte";"Individuel pur";241;66;30064;8286
"2019";"976";"Mayotte";"Individuel groupé";433;179;34458;14260
"2019";"976";"Mayotte";"Collectif";647;297;45732;23244
"2019";"976";"Mayotte";"Résidence";112;64;7095;4490
"2018";"01";"Ain";"Tous Logements";5311;3814;485317;361763
"2018";"01";"Ain";"Individuel pur";1777;1384;215972;170003
"2018";"01";"Ain";"Individuel groupé";650;453;63818;47409
"2018";"01";"Ain";"Collectif";2351;1968;169789;144137
"2018";"01";"Ain";"Résidence";533;9;35738;214
"2018";"02";"Aisne";"Tous Logements";1286;856;115441;79662
"2018";"02";"Aisne";"Individuel pur";540;434;64884;51481
"2018";"02";"Aisne";"Individuel groupé";187;100;14744;9483
"2018";"02";"Aisne";"Collectif";423;277;27356;16719
"2018";"02";"Aisne";"Résidence";136;45;8457;1979
"2018";"03";"Allier";"Tous Logements";735;589;78254;63171
"2018";"03";"Allier";"Individuel pur";492;423;59709;51245
"2018";"03";"Allier";"Individuel groupé";64;30;5109;2416
"2018";"03";"Allier";"Collectif";125;72;9944;5529
"2018";"03";"Allier";"Résidence";54;64;3492;3981
"2018";"04";"Alpes-de-Haute-Provence";"Tous Logements";944;672;80329;56227
"2018";"04";"Alpes-de-Haute-Provence";"Individuel pur";366;276;39262;29397
"2018";"04";"Alpes-de-Haute-Provence";"Individuel groupé";178;138;15675;10692
"2018";"04";"Alpes-de-Haute-Provence";"Collectif";278;245;18850;15305
"2018";"04";"Alpes-de-Haute-Provence";"Résidence";122;13;6542;833
"2018";"05";"Hautes-Alpes";"Tous Logements";924;944;88864;87504
"2018";"05";"Hautes-Alpes";"Individuel pur";487;440;58741;53979
"2018";"05";"Hautes-Alpes";"Individuel groupé";79;117;7396;11387
"2018";"05";"Hautes-Alpes";"Collectif";345;266;22460;16316
"2018";"05";"Hautes-Alpes";"Résidence";13;121;267;5822
"2018";"06";"Alpes-Maritimes";"Tous Logements";7607;7844;514968;512163
"2018";"06";"Alpes-Maritimes";"Individuel pur";921;597;136917;92377
"2018";"06";"Alpes-Maritimes";"Individuel groupé";433;265;50730;31296
"2018";"06";"Alpes-Maritimes";"Collectif";4838;6460;274811;374717
"2018";"06";"Alpes-Maritimes";"Résidence";1415;522;52510;13773
"2018";"07";"Ardèche";"Tous Logements";1840;1521;189784;158220
"2018";"07";"Ardèche";"Individuel pur";1188;1013;137068;116642
"2018";"07";"Ardèche";"Individuel groupé";389;268;34456;23799
"2018";"07";"Ardèche";"Collectif";233;234;16431;17577
"2018";"07";"Ardèche";"Résidence";30;6;1829;202
"2018";"08";"Ardennes";"Tous Logements";469;355;51769;40927
"2018";"08";"Ardennes";"Individuel pur";301;225;37955;28758
"2018";"08";"Ardennes";"Individuel groupé";122;117;10438;10633
"2018";"08";"Ardennes";"Collectif";46;13;3376;1536
"2018";"08";"Ardennes";"Résidence";0;0;0;0
"2018";"09";"Ariège";"Tous Logements";514;408;52986;44234
"2018";"09";"Ariège";"Individuel pur";356;293;41289;34193
"2018";"09";"Ariège";"Individuel groupé";111;81;8681;7759
"2018";"09";"Ariège";"Collectif";47;34;3016;2282
"2018";"09";"Ariège";"Résidence";0;0;0;0
"2018";"10";"Aube";"Tous Logements";1245;1195;106092;100622
"2018";"10";"Aube";"Individuel pur";423;336;53603;41775
"2018";"10";"Aube";"Individuel groupé";229;275;19256;24081
"2018";"10";"Aube";"Collectif";419;424;28054;30097
"2018";"10";"Aube";"Résidence";174;160;5179;4669
"2018";"11";"Aude";"Tous Logements";1995;1390;189354;132892
"2018";"11";"Aude";"Individuel pur";1014;707;115898;80224
"2018";"11";"Aude";"Individuel groupé";264;207;24116;18812
"2018";"11";"Aude";"Collectif";513;385;34778;24814
"2018";"11";"Aude";"Résidence";204;91;14562;9042
"2018";"12";"Aveyron";"Tous Logements";1036;1068;104896;103635
"2018";"12";"Aveyron";"Individuel pur";608;518;73903;63280
"2018";"12";"Aveyron";"Individuel groupé";157;120;13818;10880
"2018";"12";"Aveyron";"Collectif";266;368;16816;26139
"2018";"12";"Aveyron";"Résidence";5;62;359;3336
"2018";"13";"Bouches-du-Rhône";"Tous Logements";12067;12249;899018;878877
"2018";"13";"Bouches-du-Rhône";"Individuel pur";2154;1732;253234;206613
"2018";"13";"Bouches-du-Rhône";"Individuel groupé";1143;991;105342;89631
"2018";"13";"Bouches-du-Rhône";"Collectif";7620;8654;491603;539998
"2018";"13";"Bouches-du-Rhône";"Résidence";1150;872;48839;42572
"2018";"14";"Calvados";"Tous Logements";5243;4419;428795;357954
"2018";"14";"Calvados";"Individuel pur";1709;1513;204402;177324
"2018";"14";"Calvados";"Individuel groupé";634;422;54453;35899
"2018";"14";"Calvados";"Collectif";2487;2210;148334;133540
"2018";"14";"Calvados";"Résidence";413;274;21606;11191
"2018";"15";"Cantal";"Tous Logements";417;402;42837;40377
"2018";"15";"Cantal";"Individuel pur";278;261;32420;30726
"2018";"15";"Cantal";"Individuel groupé";36;50;3945;3765
"2018";"15";"Cantal";"Collectif";90;91;5658;5886
"2018";"15";"Cantal";"Résidence";13;0;814;0
"2018";"16";"Charente";"Tous Logements";1237;1070;119325;107956
"2018";"16";"Charente";"Individuel pur";768;682;86128;75930
"2018";"16";"Charente";"Individuel groupé";201;150;18632;14634
"2018";"16";"Charente";"Collectif";227;138;12577;11685
"2018";"16";"Charente";"Résidence";41;100;1988;5707
"2018";"17";"Charente-Maritime";"Tous Logements";5304;4454;484744;411208
"2018";"17";"Charente-Maritime";"Individuel pur";2891;2557;324427;286257
"2018";"17";"Charente-Maritime";"Individuel groupé";774;667;65156;51044
"2018";"17";"Charente-Maritime";"Collectif";1291;1072;78613;65737
"2018";"17";"Charente-Maritime";"Résidence";348;158;16548;8170
"2018";"18";"Cher";"Tous Logements";610;489;69596;58346
"2018";"18";"Cher";"Individuel pur";433;393;54810;49508
"2018";"18";"Cher";"Individuel groupé";116;32;10316;2682
"2018";"18";"Cher";"Collectif";59;41;4300;4156
"2018";"18";"Cher";"Résidence";2;23;170;2000
"2018";"19";"Corrèze";"Tous Logements";767;669;74778;65184
"2018";"19";"Corrèze";"Individuel pur";467;411;56406;49382
"2018";"19";"Corrèze";"Individuel groupé";61;62;4829;5254
"2018";"19";"Corrèze";"Collectif";238;196;13525;10548
"2018";"19";"Corrèze";"Résidence";1;0;18;0
"2018";"21";"Côte-d'Or";"Tous Logements";3542;2798;260322;206389
"2018";"21";"Côte-d'Or";"Individuel pur";706;576;90778;74521
"2018";"21";"Côte-d'Or";"Individuel groupé";146;208;14161;17399
"2018";"21";"Côte-d'Or";"Collectif";2166;1667;130174;98807
"2018";"21";"Côte-d'Or";"Résidence";524;347;25209;15662
"2018";"22";"Côtes-d'Armor";"Tous Logements";3112;2608;308603;265383
"2018";"22";"Côtes-d'Armor";"Individuel pur";1965;1838;225628;207878
"2018";"22";"Côtes-d'Armor";"Individuel groupé";352;267;30738;22687
"2018";"22";"Côtes-d'Armor";"Collectif";583;459;40811;32111
"2018";"22";"Côtes-d'Armor";"Résidence";212;44;11426;2707
"2018";"23";"Creuse";"Tous Logements";187;155;21234;18275
"2018";"23";"Creuse";"Individuel pur";163;132;19521;16253
"2018";"23";"Creuse";"Individuel groupé";13;13;1120;889
"2018";"23";"Creuse";"Collectif";4;5;280;593
"2018";"23";"Creuse";"Résidence";7;5;313;540
"2018";"24";"Dordogne";"Tous Logements";2001;1127;199119;121146
"2018";"24";"Dordogne";"Individuel pur";1307;987;150412;110274
"2018";"24";"Dordogne";"Individuel groupé";305;112;24182;9333
"2018";"24";"Dordogne";"Collectif";178;28;12487;1539
"2018";"24";"Dordogne";"Résidence";211;0;12038;0
"2018";"25";"Doubs";"Tous Logements";2996;2838;279706;249143
"2018";"25";"Doubs";"Individuel pur";1076;959;137190;124147
"2018";"25";"Doubs";"Individuel groupé";448;314;46161;31577
"2018";"25";"Doubs";"Collectif";1427;1284;93162;78121
"2018";"25";"Doubs";"Résidence";45;281;3193;15298
"2018";"26";"Drôme";"Tous Logements";3179;2723;297625;252768
"2018";"26";"Drôme";"Individuel pur";1405;1221;162236;138779
"2018";"26";"Drôme";"Individuel groupé";542;457;49429;41922
"2018";"26";"Drôme";"Collectif";1045;910;75640;64713
"2018";"26";"Drôme";"Résidence";187;135;10320;7354
"2018";"27";"Eure";"Tous Logements";1960;1651;201237;166881
"2018";"27";"Eure";"Individuel pur";1295;1152;152151;132979
"2018";"27";"Eure";"Individuel groupé";250;221;24306;20023
"2018";"27";"Eure";"Collectif";246;202;17392;11849
"2018";"27";"Eure";"Résidence";169;76;7388;2030
"2018";"28";"Eure-et-Loir";"Tous Logements";1659;1208;148661;99127
"2018";"28";"Eure-et-Loir";"Individuel pur";608;435;71994;50684
"2018";"28";"Eure-et-Loir";"Individuel groupé";231;103;22142;9421
"2018";"28";"Eure-et-Loir";"Collectif";730;502;49450;30327
"2018";"28";"Eure-et-Loir";"Résidence";90;168;5075;8695
"2018";"29";"Finistère";"Tous Logements";5422;5425;502786;480229
"2018";"29";"Finistère";"Individuel pur";2887;2685;335713;308880
"2018";"29";"Finistère";"Individuel groupé";490;471;42905;40122
"2018";"29";"Finistère";"Collectif";1835;1621;117355;99955
"2018";"29";"Finistère";"Résidence";210;648;6813;31272
"2018";"2A";"Corse-du-Sud";"Tous Logements";2745;1414;265098;127828
"2018";"2A";"Corse-du-Sud";"Individuel pur";983;480;136543;64491
"2018";"2A";"Corse-du-Sud";"Individuel groupé";589;248;59054;24530
"2018";"2A";"Corse-du-Sud";"Collectif";1106;676;66126;37670
"2018";"2A";"Corse-du-Sud";"Résidence";67;10;3375;1137
"2018";"2B";"Haute-Corse";"Tous Logements";3085;1143;259350;106896
"2018";"2B";"Haute-Corse";"Individuel pur";738;490;89517;58721
"2018";"2B";"Haute-Corse";"Individuel groupé";488;206;46102;18977
"2018";"2B";"Haute-Corse";"Collectif";1489;414;98619;27666
"2018";"2B";"Haute-Corse";"Résidence";370;33;25112;1532
"2018";"30";"Gard";"Tous Logements";4632;3489;433428;326066
"2018";"30";"Gard";"Individuel pur";2191;1700;254930;197401
"2018";"30";"Gard";"Individuel groupé";835;506;74913;45623
"2018";"30";"Gard";"Collectif";1294;1155;89742;76007
"2018";"30";"Gard";"Résidence";312;128;13843;7035
"2018";"31";"Haute-Garonne";"Tous Logements";16311;14618;1247934;1066280
"2018";"31";"Haute-Garonne";"Individuel pur";3075;2570;375326;315366
"2018";"31";"Haute-Garonne";"Individuel groupé";2263;1521;199740;133840
"2018";"31";"Haute-Garonne";"Collectif";10818;9960;662574;598892
"2018";"31";"Haute-Garonne";"Résidence";155;567;10294;18182
"2018";"32";"Gers";"Tous Logements";770;687;83549;73002
"2018";"32";"Gers";"Individuel pur";508;430;62091;52901
"2018";"32";"Gers";"Individuel groupé";115;116;11225;11003
"2018";"32";"Gers";"Collectif";145;141;9988;9098
"2018";"32";"Gers";"Résidence";2;0;245;0
"2018";"33";"Gironde";"Tous Logements";19709;14469;1570676;1152916
"2018";"33";"Gironde";"Individuel pur";4806;4228;569397;496339
"2018";"33";"Gironde";"Individuel groupé";2220;1406;198861;125330
"2018";"33";"Gironde";"Collectif";11842;8129;772137;505371
"2018";"33";"Gironde";"Résidence";841;706;30281;25876
"2018";"34";"Hérault";"Tous Logements";12505;10264;899371;725796
"2018";"34";"Hérault";"Individuel pur";2996;2329;345373;265114
"2018";"34";"Hérault";"Individuel groupé";1321;1269;103293;90365
"2018";"34";"Hérault";"Collectif";6619;5529;393554;325523
"2018";"34";"Hérault";"Résidence";1569;1137;57151;44794
"2018";"35";"Ille-et-Vilaine";"Tous Logements";9674;9165;821885;757733
"2018";"35";"Ille-et-Vilaine";"Individuel pur";3275;2944;397587;354444
"2018";"35";"Ille-et-Vilaine";"Individuel groupé";687;461;65383;45019
"2018";"35";"Ille-et-Vilaine";"Collectif";4976;5092;328484;331067
"2018";"35";"Ille-et-Vilaine";"Résidence";736;668;30431;27203
"2018";"36";"Indre";"Tous Logements";286;238;33231;27633
"2018";"36";"Indre";"Individuel pur";240;211;29825;25848
"2018";"36";"Indre";"Individuel groupé";33;18;2561;1315
"2018";"36";"Indre";"Collectif";13;9;845;470
"2018";"36";"Indre";"Résidence";0;0;0;0
"2018";"37";"Indre-et-Loire";"Tous Logements";3399;2839;297685;248431
"2018";"37";"Indre-et-Loire";"Individuel pur";1191;1085;145850;133068
"2018";"37";"Indre-et-Loire";"Individuel groupé";612;492;50025;38329
"2018";"37";"Indre-et-Loire";"Collectif";1586;1260;101218;76919
"2018";"37";"Indre-et-Loire";"Résidence";10;2;592;115
"2018";"38";"Isère";"Tous Logements";9203;6643;791376;580292
"2018";"38";"Isère";"Individuel pur";2533;2060;306075;246944
"2018";"38";"Isère";"Individuel groupé";1252;909;117556;86809
"2018";"38";"Isère";"Collectif";4968;3123;343679;209793
"2018";"38";"Isère";"Résidence";450;551;24066;36746
"2018";"39";"Jura";"Tous Logements";985;699;102371;75313
"2018";"39";"Jura";"Individuel pur";593;467;73079;57949
"2018";"39";"Jura";"Individuel groupé";97;83;9398;7837
"2018";"39";"Jura";"Collectif";219;81;15000;5220
"2018";"39";"Jura";"Résidence";76;68;4894;4307
"2018";"40";"Landes";"Tous Logements";4450;3555;397047;318366
"2018";"40";"Landes";"Individuel pur";2035;1757;232701;200621
"2018";"40";"Landes";"Individuel groupé";665;364;56071;31584
"2018";"40";"Landes";"Collectif";1627;1416;100543;84834
"2018";"40";"Landes";"Résidence";123;18;7732;1327
"2018";"41";"Loir-et-Cher";"Tous Logements";911;787;92689;84070
"2018";"41";"Loir-et-Cher";"Individuel pur";556;542;66580;64113
"2018";"41";"Loir-et-Cher";"Individuel groupé";192;158;16025;13698
"2018";"41";"Loir-et-Cher";"Collectif";117;70;7816;5767
"2018";"41";"Loir-et-Cher";"Résidence";46;17;2268;492
"2018";"42";"Loire";"Tous Logements";2931;2106;283671;206974
"2018";"42";"Loire";"Individuel pur";1280;967;152584;115489
"2018";"42";"Loire";"Individuel groupé";260;213;24764;20748
"2018";"42";"Loire";"Collectif";1115;816;87157;63269
"2018";"42";"Loire";"Résidence";276;110;19166;7468
"2018";"43";"Haute-Loire";"Tous Logements";865;767;93436;82485
"2018";"43";"Haute-Loire";"Individuel pur";600;490;74020;60306
"2018";"43";"Haute-Loire";"Individuel groupé";62;54;6054;4830
"2018";"43";"Haute-Loire";"Collectif";144;186;9996;15180
"2018";"43";"Haute-Loire";"Résidence";59;37;3366;2169
"2018";"44";"Loire-Atlantique";"Tous Logements";12790;11967;1062688;983675
"2018";"44";"Loire-Atlantique";"Individuel pur";4812;4404;543869;497284
"2018";"44";"Loire-Atlantique";"Individuel groupé";1020;932;87650;79341
"2018";"44";"Loire-Atlantique";"Collectif";6789;6377;423872;390838
"2018";"44";"Loire-Atlantique";"Résidence";169;254;7297;16212
"2018";"45";"Loiret";"Tous Logements";3083;2300;282010;219535
"2018";"45";"Loiret";"Individuel pur";1227;1133;149049;138566
"2018";"45";"Loiret";"Individuel groupé";673;417;54691;34591
"2018";"45";"Loiret";"Collectif";1135;731;75491;45361
"2018";"45";"Loiret";"Résidence";48;19;2779;1017
"2018";"46";"Lot";"Tous Logements";777;459;80410;51547
"2018";"46";"Lot";"Individuel pur";541;406;62962;46998
"2018";"46";"Lot";"Individuel groupé";92;46;7523;3777
"2018";"46";"Lot";"Collectif";141;6;9758;480
"2018";"46";"Lot";"Résidence";3;1;167;292
"2018";"47";"Lot-et-Garonne";"Tous Logements";1112;990;113573;101071
"2018";"47";"Lot-et-Garonne";"Individuel pur";629;529;78273;64319
"2018";"47";"Lot-et-Garonne";"Individuel groupé";188;233;17592;22186
"2018";"47";"Lot-et-Garonne";"Collectif";159;196;10569;13512
"2018";"47";"Lot-et-Garonne";"Résidence";136;32;7139;1054
"2018";"48";"Lozère";"Tous Logements";345;273;36127;28036
"2018";"48";"Lozère";"Individuel pur";225;185;27071;21923
"2018";"48";"Lozère";"Individuel groupé";51;36;4618;2906
"2018";"48";"Lozère";"Collectif";33;23;2810;2004
"2018";"48";"Lozère";"Résidence";36;29;1628;1203
"2018";"49";"Maine-et-Loire";"Tous Logements";4003;4325;352873;369952
"2018";"49";"Maine-et-Loire";"Individuel pur";1560;1450;189323;174627
"2018";"49";"Maine-et-Loire";"Individuel groupé";521;564;47978;51955
"2018";"49";"Maine-et-Loire";"Collectif";1206;1693;80420;110876
"2018";"49";"Maine-et-Loire";"Résidence";716;618;35152;32494
"2018";"50";"Manche";"Tous Logements";2095;1668;209790;178784
"2018";"50";"Manche";"Individuel pur";1401;1348;162110;154669
"2018";"50";"Manche";"Individuel groupé";168;120;14872;10709
"2018";"50";"Manche";"Collectif";304;161;20157;10210
"2018";"50";"Manche";"Résidence";222;39;12651;3196
"2018";"51";"Marne";"Tous Logements";3356;1927;277266;174608
"2018";"51";"Marne";"Individuel pur";778;666;101875;85700
"2018";"51";"Marne";"Individuel groupé";275;110;29138;10689
"2018";"51";"Marne";"Collectif";1774;887;116815;62611
"2018";"51";"Marne";"Résidence";529;264;29438;15608
"2018";"52";"Haute-Marne";"Tous Logements";410;239;40678;24690
"2018";"52";"Haute-Marne";"Individuel pur";171;134;21144;16804
"2018";"52";"Haute-Marne";"Individuel groupé";33;52;3472;4479
"2018";"52";"Haute-Marne";"Collectif";206;53;16062;3407
"2018";"52";"Haute-Marne";"Résidence";0;0;0;0
"2018";"53";"Mayenne";"Tous Logements";1277;934;121250;97249
"2018";"53";"Mayenne";"Individuel pur";617;593;74457;71254
"2018";"53";"Mayenne";"Individuel groupé";189;154;14334;12885
"2018";"53";"Mayenne";"Collectif";391;177;25821;12452
"2018";"53";"Mayenne";"Résidence";80;10;6638;658
"2018";"54";"Meurthe-et-Moselle";"Tous Logements";2681;2165;240420;182530
"2018";"54";"Meurthe-et-Moselle";"Individuel pur";909;732;121066;96412
"2018";"54";"Meurthe-et-Moselle";"Individuel groupé";275;159;29101;15713
"2018";"54";"Meurthe-et-Moselle";"Collectif";1249;672;81456;42837
"2018";"54";"Meurthe-et-Moselle";"Résidence";248;602;8797;27568
"2018";"55";"Meuse";"Tous Logements";205;155;26848;21001
"2018";"55";"Meuse";"Individuel pur";180;151;23988;20627
"2018";"55";"Meuse";"Individuel groupé";14;1;1533;113
"2018";"55";"Meuse";"Collectif";5;2;318;194
"2018";"55";"Meuse";"Résidence";6;1;1009;67
"2018";"56";"Morbihan";"Tous Logements";5870;5599;564690;529929
"2018";"56";"Morbihan";"Individuel pur";3355;3115;395209;367835
"2018";"56";"Morbihan";"Individuel groupé";485;336;44573;30000
"2018";"56";"Morbihan";"Collectif";1621;1755;103302;110355
"2018";"56";"Morbihan";"Résidence";409;393;21606;21739
"2018";"57";"Moselle";"Tous Logements";4856;4041;467635;374989
"2018";"57";"Moselle";"Individuel pur";1704;1445;240894;200868
"2018";"57";"Moselle";"Individuel groupé";577;230;58513;22988
"2018";"57";"Moselle";"Collectif";2237;1890;154110;127729
"2018";"57";"Moselle";"Résidence";338;476;14118;23404
"2018";"58";"Nièvre";"Tous Logements";366;185;34929;21663
"2018";"58";"Nièvre";"Individuel pur";200;161;24344;19947
"2018";"58";"Nièvre";"Individuel groupé";19;15;1458;1125
"2018";"58";"Nièvre";"Collectif";41;9;3262;591
"2018";"58";"Nièvre";"Résidence";106;0;5865;0
"2018";"59";"Nord";"Tous Logements";14433;9893;1114318;780554
"2018";"59";"Nord";"Individuel pur";2312;1840;309212;246157
"2018";"59";"Nord";"Individuel groupé";1572;1285;141005;114149
"2018";"59";"Nord";"Collectif";8893;5740;586371;371066
"2018";"59";"Nord";"Résidence";1656;1028;77730;49182
"2018";"60";"Oise";"Tous Logements";2854;2575;253995;218535
"2018";"60";"Oise";"Individuel pur";1149;833;135675;100528
"2018";"60";"Oise";"Individuel groupé";348;242;30081;22529
"2018";"60";"Oise";"Collectif";1033;1372;67529;88801
"2018";"60";"Oise";"Résidence";324;128;20710;6677
"2018";"61";"Orne";"Tous Logements";374;413;39361;40982
"2018";"61";"Orne";"Individuel pur";260;260;31231;31220
"2018";"61";"Orne";"Individuel groupé";68;69;5340;5542
"2018";"61";"Orne";"Collectif";10;14;822;965
"2018";"61";"Orne";"Résidence";36;70;1968;3255
"2018";"62";"Pas-de-Calais";"Tous Logements";6007;4279;561949;410358
"2018";"62";"Pas-de-Calais";"Individuel pur";2370;1995;288513;242920
"2018";"62";"Pas-de-Calais";"Individuel groupé";1318;774;120154;67466
"2018";"62";"Pas-de-Calais";"Collectif";2092;1289;138731;85661
"2018";"62";"Pas-de-Calais";"Résidence";227;221;14551;14311
"2018";"63";"Puy-de-Dôme";"Tous Logements";4300;3519;340161;280706
"2018";"63";"Puy-de-Dôme";"Individuel pur";1496;1213;177279;143135
"2018";"63";"Puy-de-Dôme";"Individuel groupé";354;318;30160;28153
"2018";"63";"Puy-de-Dôme";"Collectif";2011;1329;118519;84843
"2018";"63";"Puy-de-Dôme";"Résidence";439;659;14203;24575
"2018";"64";"Pyrénées-Atlantiques";"Tous Logements";4928;4026;441529;351030
"2018";"64";"Pyrénées-Atlantiques";"Individuel pur";1698;1291;216515;165517
"2018";"64";"Pyrénées-Atlantiques";"Individuel groupé";712;415;66238;39843
"2018";"64";"Pyrénées-Atlantiques";"Collectif";2232;2187;144710;139533
"2018";"64";"Pyrénées-Atlantiques";"Résidence";286;133;14066;6137
"2018";"65";"Hautes-Pyrénées";"Tous Logements";841;577;86953;60246
"2018";"65";"Hautes-Pyrénées";"Individuel pur";539;393;63843;47358
"2018";"65";"Hautes-Pyrénées";"Individuel groupé";157;100;13229;7298
"2018";"65";"Hautes-Pyrénées";"Collectif";140;73;9398;4895
"2018";"65";"Hautes-Pyrénées";"Résidence";5;11;483;695
"2018";"66";"Pyrénées-Orientales";"Tous Logements";3978;3247;345146;282315
"2018";"66";"Pyrénées-Orientales";"Individuel pur";1766;1502;196944;167563
"2018";"66";"Pyrénées-Orientales";"Individuel groupé";431;292;34721;24321
"2018";"66";"Pyrénées-Orientales";"Collectif";1619;1257;104497;75549
"2018";"66";"Pyrénées-Orientales";"Résidence";162;196;8984;14882
"2018";"67";"Bas-Rhin";"Tous Logements";8256;7376;712817;593075
"2018";"67";"Bas-Rhin";"Individuel pur";1687;1305;248946;194933
"2018";"67";"Bas-Rhin";"Individuel groupé";687;664;70316;64959
"2018";"67";"Bas-Rhin";"Collectif";5527;5079;372314;319104
"2018";"67";"Bas-Rhin";"Résidence";355;328;21241;14079
"2018";"68";"Haut-Rhin";"Tous Logements";4785;4182;458746;382509
"2018";"68";"Haut-Rhin";"Individuel pur";1419;1129;209207;165703
"2018";"68";"Haut-Rhin";"Individuel groupé";560;425;57718;44475
"2018";"68";"Haut-Rhin";"Collectif";2447;2156;170606;150767
"2018";"68";"Haut-Rhin";"Résidence";359;472;21215;21564
"2018";"69";"Rhône";"Tous Logements";10550;11484;840522;862880
"2018";"69";"Rhône";"Individuel pur";2089;1617;268392;209133
"2018";"69";"Rhône";"Individuel groupé";861;735;81872;69400
"2018";"69";"Rhône";"Collectif";6850;8158;455637;535170
"2018";"69";"Rhône";"Résidence";750;974;34621;49177
"2018";"70";"Haute-Saône";"Tous Logements";673;563;71679;61946
"2018";"70";"Haute-Saône";"Individuel pur";452;389;55806;48687
"2018";"70";"Haute-Saône";"Individuel groupé";104;90;8004;6764
"2018";"70";"Haute-Saône";"Collectif";96;84;6506;6495
"2018";"70";"Haute-Saône";"Résidence";21;0;1363;0
"2018";"71";"Saône-et-Loire";"Tous Logements";1725;1495;179430;153961
"2018";"71";"Saône-et-Loire";"Individuel pur";989;881;121858;108496
"2018";"71";"Saône-et-Loire";"Individuel groupé";185;121;17450;11678
"2018";"71";"Saône-et-Loire";"Collectif";466;352;34243;25637
"2018";"71";"Saône-et-Loire";"Résidence";85;141;5879;8150
"2018";"72";"Sarthe";"Tous Logements";2068;1431;190019;144107
"2018";"72";"Sarthe";"Individuel pur";896;831;107646;99712
"2018";"72";"Sarthe";"Individuel groupé";285;258;24940;22522
"2018";"72";"Sarthe";"Collectif";749;284;53406;18927
"2018";"72";"Sarthe";"Résidence";138;58;4027;2946
"2018";"73";"Savoie";"Tous Logements";5455;3718;493145;326128
"2018";"73";"Savoie";"Individuel pur";1005;825;131709;106079
"2018";"73";"Savoie";"Individuel groupé";475;274;51142;32344
"2018";"73";"Savoie";"Collectif";3027;2142;239649;153107
"2018";"73";"Savoie";"Résidence";948;477;70645;34598
"2018";"74";"Haute-Savoie";"Tous Logements";13000;8947;1122834;737944
"2018";"74";"Haute-Savoie";"Individuel pur";2075;1377;301748;192916
"2018";"74";"Haute-Savoie";"Individuel groupé";1177;768;126116;82634
"2018";"74";"Haute-Savoie";"Collectif";9054;6457;651238;439439
"2018";"74";"Haute-Savoie";"Résidence";694;345;43732;22955
"2018";"75";"Paris";"Tous Logements";4005;3143;176012;154082
"2018";"75";"Paris";"Individuel pur";149;37;11279;4063
"2018";"75";"Paris";"Individuel groupé";28;29;3113;2385
"2018";"75";"Paris";"Collectif";2176;2071;119106;123601
"2018";"75";"Paris";"Résidence";1652;1006;42514;24033
"2018";"76";"Seine-Maritime";"Tous Logements";6320;5546;543461;471859
"2018";"76";"Seine-Maritime";"Individuel pur";1858;1632;230762;203127
"2018";"76";"Seine-Maritime";"Individuel groupé";720;732;67275;62572
"2018";"76";"Seine-Maritime";"Collectif";3410;2834;224691;188378
"2018";"76";"Seine-Maritime";"Résidence";332;348;20733;17782
"2018";"77";"Seine-et-Marne";"Tous Logements";10112;11111;741823;750682
"2018";"77";"Seine-et-Marne";"Individuel pur";2155;1422;255626;169684
"2018";"77";"Seine-et-Marne";"Individuel groupé";586;505;52205;45859
"2018";"77";"Seine-et-Marne";"Collectif";6322;7624;398181;475306
"2018";"77";"Seine-et-Marne";"Résidence";1049;1560;35811;59833
"2018";"78";"Yvelines";"Tous Logements";9164;9033;686497;647735
"2018";"78";"Yvelines";"Individuel pur";1329;969;184261;136723
"2018";"78";"Yvelines";"Individuel groupé";644;451;65958;44124
"2018";"78";"Yvelines";"Collectif";6836;7495;416595;461592
"2018";"78";"Yvelines";"Résidence";355;118;19683;5296
"2018";"79";"Deux-Sèvres";"Tous Logements";976;1030;103900;104330
"2018";"79";"Deux-Sèvres";"Individuel pur";749;693;86461;79093
"2018";"79";"Deux-Sèvres";"Individuel groupé";166;189;13624;15309
"2018";"79";"Deux-Sèvres";"Collectif";39;50;2182;2924
"2018";"79";"Deux-Sèvres";"Résidence";22;98;1633;7004
"2018";"80";"Somme";"Tous Logements";2468;2346;202042;173604
"2018";"80";"Somme";"Individuel pur";812;709;95897;85315
"2018";"80";"Somme";"Individuel groupé";288;161;26146;13148
"2018";"80";"Somme";"Collectif";1129;965;66555;54783
"2018";"80";"Somme";"Résidence";239;511;13444;20358
"2018";"81";"Tarn";"Tous Logements";1699;1425;173293;147894
"2018";"81";"Tarn";"Individuel pur";1226;1105;138194;124504
"2018";"81";"Tarn";"Individuel groupé";317;146;23376;11841
"2018";"81";"Tarn";"Collectif";139;165;10176;10674
"2018";"81";"Tarn";"Résidence";17;9;1547;875
"2018";"82";"Tarn-et-Garonne";"Tous Logements";1302;1260;135218;120847
"2018";"82";"Tarn-et-Garonne";"Individuel pur";789;680;95759;81647
"2018";"82";"Tarn-et-Garonne";"Individuel groupé";222;184;20859;15999
"2018";"82";"Tarn-et-Garonne";"Collectif";185;298;11827;16943
"2018";"82";"Tarn-et-Garonne";"Résidence";106;98;6773;6258
"2018";"83";"Var";"Tous Logements";8977;7429;740163;602106
"2018";"83";"Var";"Individuel pur";2413;2002;296105;248673
"2018";"83";"Var";"Individuel groupé";948;510;88689;49933
"2018";"83";"Var";"Collectif";5478;4337;345396;270244
"2018";"83";"Var";"Résidence";138;580;9973;33202
"2018";"84";"Vaucluse";"Tous Logements";3819;2806;326911;246363
"2018";"84";"Vaucluse";"Individuel pur";1483;1247;164737;138373
"2018";"84";"Vaucluse";"Individuel groupé";693;546;59523;47153
"2018";"84";"Vaucluse";"Collectif";1436;604;91271;38929
"2018";"84";"Vaucluse";"Résidence";207;409;11380;21908
"2018";"85";"Vendée";"Tous Logements";5967;5267;554753;497692
"2018";"85";"Vendée";"Individuel pur";3837;3541;410813;376576
"2018";"85";"Vendée";"Individuel groupé";621;630;50246;52423
"2018";"85";"Vendée";"Collectif";1310;811;81527;51128
"2018";"85";"Vendée";"Résidence";199;285;12167;17565
"2018";"86";"Vienne";"Tous Logements";1733;1501;156244;143139
"2018";"86";"Vienne";"Individuel pur";895;802;100453;91550
"2018";"86";"Vienne";"Individuel groupé";229;260;17347;20080
"2018";"86";"Vienne";"Collectif";349;297;20242;20022
"2018";"86";"Vienne";"Résidence";260;142;18202;11487
"2018";"87";"Haute-Vienne";"Tous Logements";1368;1236;137901;120169
"2018";"87";"Haute-Vienne";"Individuel pur";790;689;92347;79980
"2018";"87";"Haute-Vienne";"Individuel groupé";241;188;22013;16762
"2018";"87";"Haute-Vienne";"Collectif";311;222;21478;15551
"2018";"87";"Haute-Vienne";"Résidence";26;137;2063;7876
"2018";"88";"Vosges";"Tous Logements";895;667;103440;75566
"2018";"88";"Vosges";"Individuel pur";600;473;76967;61755
"2018";"88";"Vosges";"Individuel groupé";97;45;9032;4048
"2018";"88";"Vosges";"Collectif";187;92;16328;6681
"2018";"88";"Vosges";"Résidence";11;57;1113;3082
"2018";"89";"Yonne";"Tous Logements";482;400;52110;43769
"2018";"89";"Yonne";"Individuel pur";356;288;43759;35188
"2018";"89";"Yonne";"Individuel groupé";49;45;3856;4116
"2018";"89";"Yonne";"Collectif";46;35;2446;2602
"2018";"89";"Yonne";"Résidence";31;32;2049;1863
"2018";"90";"Territoire de Belfort";"Tous Logements";694;430;67574;45744
"2018";"90";"Territoire de Belfort";"Individuel pur";265;214;35044;27573
"2018";"90";"Territoire de Belfort";"Individuel groupé";85;81;8751;8310
"2018";"90";"Territoire de Belfort";"Collectif";225;135;17407;9861
"2018";"90";"Territoire de Belfort";"Résidence";119;0;6372;0
"2018";"91";"Essonne";"Tous Logements";12002;8584;812253;573678
"2018";"91";"Essonne";"Individuel pur";1326;1064;158690;126376
"2018";"91";"Essonne";"Individuel groupé";741;701;67366;55246
"2018";"91";"Essonne";"Collectif";8649;5117;535461;321357
"2018";"91";"Essonne";"Résidence";1286;1702;50736;70699
"2018";"92";"Hauts-de-Seine";"Tous Logements";17382;10176;1146007;686725
"2018";"92";"Hauts-de-Seine";"Individuel pur";257;196;39651;31493
"2018";"92";"Hauts-de-Seine";"Individuel groupé";300;142;33897;16802
"2018";"92";"Hauts-de-Seine";"Collectif";15673;9073;1024593;606686
"2018";"92";"Hauts-de-Seine";"Résidence";1152;765;47866;31744
"2018";"93";"Seine-Saint-Denis";"Tous Logements";17479;12634;1090886;809654
"2018";"93";"Seine-Saint-Denis";"Individuel pur";432;317;51641;38620
"2018";"93";"Seine-Saint-Denis";"Individuel groupé";394;249;31450;21604
"2018";"93";"Seine-Saint-Denis";"Collectif";14320;10989;899597;703818
"2018";"93";"Seine-Saint-Denis";"Résidence";2333;1079;108198;45612
"2018";"94";"Val-de-Marne";"Tous Logements";10076;10505;648021;612913
"2018";"94";"Val-de-Marne";"Individuel pur";410;294;60126;44051
"2018";"94";"Val-de-Marne";"Individuel groupé";213;238;21014;22324
"2018";"94";"Val-de-Marne";"Collectif";8533;7674;539751;480858
"2018";"94";"Val-de-Marne";"Résidence";920;2299;27130;65646
"2018";"95";"Val-d'Oise";"Tous Logements";7971;8576;541716;577617
"2018";"95";"Val-d'Oise";"Individuel pur";875;605;112290;77149
"2018";"95";"Val-d'Oise";"Individuel groupé";657;457;59466;43021
"2018";"95";"Val-d'Oise";"Collectif";5619;7229;338403;443693
"2018";"95";"Val-d'Oise";"Résidence";820;285;31557;13754
"2018";"971";"Guadeloupe";"Tous Logements";3166;1775;245927;153065
"2018";"971";"Guadeloupe";"Individuel pur";1458;782;139142;90676
"2018";"971";"Guadeloupe";"Individuel groupé";715;376;45005;24637
"2018";"971";"Guadeloupe";"Collectif";950;511;57989;31617
"2018";"971";"Guadeloupe";"Résidence";43;106;3791;6135
"2018";"972";"Martinique";"Tous Logements";2949;1731;215779;127872
"2018";"972";"Martinique";"Individuel pur";763;519;72911;51799
"2018";"972";"Martinique";"Individuel groupé";440;264;33258;18749
"2018";"972";"Martinique";"Collectif";1660;875;102823;53303
"2018";"972";"Martinique";"Résidence";86;73;6787;4021
"2018";"973";"Guyane";"Tous Logements";1127;641;91370;55176
"2018";"973";"Guyane";"Individuel pur";117;65;12620;7458
"2018";"973";"Guyane";"Individuel groupé";257;97;25469;9996
"2018";"973";"Guyane";"Collectif";594;387;43721;31978
"2018";"973";"Guyane";"Résidence";159;92;9560;5744
"2018";"974";"La Réunion";"Tous Logements";6518;5178;506003;400188
"2018";"974";"La Réunion";"Individuel pur";2177;1803;224070;181571
"2018";"974";"La Réunion";"Individuel groupé";1133;933;91930;75427
"2018";"974";"La Réunion";"Collectif";2406;2115;155844;128545
"2018";"974";"La Réunion";"Résidence";802;327;34159;14645
"2018";"976";"Mayotte";"Tous Logements";1177;643;103270;56378
"2018";"976";"Mayotte";"Individuel pur";231;91;29712;11447
"2018";"976";"Mayotte";"Individuel groupé";623;152;49968;12948
"2018";"976";"Mayotte";"Collectif";258;399;18935;31897
"2018";"976";"Mayotte";"Résidence";65;1;4655;86
"2017";"01";"Ain";"Tous Logements";5786;3607;534103;331102
"2017";"01";"Ain";"Individuel pur";2128;1254;251608;148059
"2017";"01";"Ain";"Individuel groupé";690;540;69343;53486
"2017";"01";"Ain";"Collectif";2707;1589;195542;113668
"2017";"01";"Ain";"Résidence";261;224;17610;15889
"2017";"02";"Aisne";"Tous Logements";1125;1054;106746;93949
"2017";"02";"Aisne";"Individuel pur";660;479;73608;55973
"2017";"02";"Aisne";"Individuel groupé";113;78;10611;5823
"2017";"02";"Aisne";"Collectif";307;225;20359;16068
"2017";"02";"Aisne";"Résidence";45;272;2168;16085
"2017";"03";"Allier";"Tous Logements";818;754;85684;74266
"2017";"03";"Allier";"Individuel pur";608;494;72479;58748
"2017";"03";"Allier";"Individuel groupé";41;34;4197;2962
"2017";"03";"Allier";"Collectif";69;75;5298;4681
"2017";"03";"Allier";"Résidence";100;151;3710;7875
"2017";"04";"Alpes-de-Haute-Provence";"Tous Logements";922;614;81158;56499
"2017";"04";"Alpes-de-Haute-Provence";"Individuel pur";480;361;51475;39816
"2017";"04";"Alpes-de-Haute-Provence";"Individuel groupé";164;101;12598;7924
"2017";"04";"Alpes-de-Haute-Provence";"Collectif";264;126;16177;7874
"2017";"04";"Alpes-de-Haute-Provence";"Résidence";14;26;908;885
"2017";"05";"Hautes-Alpes";"Tous Logements";1609;1088;137595;98041
"2017";"05";"Hautes-Alpes";"Individuel pur";597;415;72466;50586
"2017";"05";"Hautes-Alpes";"Individuel groupé";194;178;18654;16570
"2017";"05";"Hautes-Alpes";"Collectif";460;492;28985;30470
"2017";"05";"Hautes-Alpes";"Résidence";358;3;17490;415
"2017";"06";"Alpes-Maritimes";"Tous Logements";9613;7346;665085;487427
"2017";"06";"Alpes-Maritimes";"Individuel pur";987;615;140753;90636
"2017";"06";"Alpes-Maritimes";"Individuel groupé";455;349;52893;30880
"2017";"06";"Alpes-Maritimes";"Collectif";7676;5564;450436;325519
"2017";"06";"Alpes-Maritimes";"Résidence";495;818;21003;40392
"2017";"07";"Ardèche";"Tous Logements";2420;1793;243977;178466
"2017";"07";"Ardèche";"Individuel pur";1513;1097;170942;123781
"2017";"07";"Ardèche";"Individuel groupé";326;225;29493;19302
"2017";"07";"Ardèche";"Collectif";569;467;42820;35016
"2017";"07";"Ardèche";"Résidence";12;4;722;367
"2017";"08";"Ardennes";"Tous Logements";541;566;60223;55884
"2017";"08";"Ardennes";"Individuel pur";344;246;42879;30135
"2017";"08";"Ardennes";"Individuel groupé";130;119;11711;11559
"2017";"08";"Ardennes";"Collectif";66;200;5593;14150
"2017";"08";"Ardennes";"Résidence";1;1;40;40
"2017";"09";"Ariège";"Tous Logements";548;397;60791;44549
"2017";"09";"Ariège";"Individuel pur";404;293;48202;35202
"2017";"09";"Ariège";"Individuel groupé";105;72;9988;6675
"2017";"09";"Ariège";"Collectif";34;27;2358;2446
"2017";"09";"Ariège";"Résidence";5;5;243;226
"2017";"10";"Aube";"Tous Logements";1182;921;113942;79624
"2017";"10";"Aube";"Individuel pur";516;403;64575;48426
"2017";"10";"Aube";"Individuel groupé";254;138;23574;12733
"2017";"10";"Aube";"Collectif";351;251;23961;14144
"2017";"10";"Aube";"Résidence";61;129;1832;4321
"2017";"11";"Aude";"Tous Logements";1836;1480;172667;136020
"2017";"11";"Aude";"Individuel pur";1023;753;116503;84927
"2017";"11";"Aude";"Individuel groupé";265;214;22799;18478
"2017";"11";"Aude";"Collectif";514;493;31357;31348
"2017";"11";"Aude";"Résidence";34;20;2008;1267
"2017";"12";"Aveyron";"Tous Logements";1369;1031;134843;104446
"2017";"12";"Aveyron";"Individuel pur";680;589;83407;72123
"2017";"12";"Aveyron";"Individuel groupé";131;70;11711;7165
"2017";"12";"Aveyron";"Collectif";468;372;35857;25100
"2017";"12";"Aveyron";"Résidence";90;0;3868;0
"2017";"13";"Bouches-du-Rhône";"Tous Logements";14461;13466;1056813;940621
"2017";"13";"Bouches-du-Rhône";"Individuel pur";2307;1773;275267;214500
"2017";"13";"Bouches-du-Rhône";"Individuel groupé";1292;1164;117445;103821
"2017";"13";"Bouches-du-Rhône";"Collectif";10066;9084;622967;560472
"2017";"13";"Bouches-du-Rhône";"Résidence";796;1445;41134;61768
"2017";"14";"Calvados";"Tous Logements";5513;4863;453062;390134
"2017";"14";"Calvados";"Individuel pur";2015;1585;240569;187783
"2017";"14";"Calvados";"Individuel groupé";465;438;42220;39628
"2017";"14";"Calvados";"Collectif";2957;2547;167329;151315
"2017";"14";"Calvados";"Résidence";76;293;2944;11408
"2017";"15";"Cantal";"Tous Logements";640;488;61038;47881
"2017";"15";"Cantal";"Individuel pur";337;298;39481;34187
"2017";"15";"Cantal";"Individuel groupé";81;65;6841;4898
"2017";"15";"Cantal";"Collectif";196;70;13382;5423
"2017";"15";"Cantal";"Résidence";26;55;1334;3373
"2017";"16";"Charente";"Tous Logements";1346;1119;133731;109703
"2017";"16";"Charente";"Individuel pur";828;695;93562;78362
"2017";"16";"Charente";"Individuel groupé";245;220;21478;19201
"2017";"16";"Charente";"Collectif";96;84;9004;5902
"2017";"16";"Charente";"Résidence";177;120;9687;6238
"2017";"17";"Charente-Maritime";"Tous Logements";5317;5404;494819;475620
"2017";"17";"Charente-Maritime";"Individuel pur";3183;2728;352955;302559
"2017";"17";"Charente-Maritime";"Individuel groupé";875;736;72719;61793
"2017";"17";"Charente-Maritime";"Collectif";982;1573;58747;94844
"2017";"17";"Charente-Maritime";"Résidence";277;367;10398;16424
"2017";"18";"Cher";"Tous Logements";702;770;79462;78163
"2017";"18";"Cher";"Individuel pur";563;483;69092;58613
"2017";"18";"Cher";"Individuel groupé";38;89;3115;6836
"2017";"18";"Cher";"Collectif";14;102;1303;7411
"2017";"18";"Cher";"Résidence";87;96;5952;5303
"2017";"19";"Corrèze";"Tous Logements";705;625;79496;67860
"2017";"19";"Corrèze";"Individuel pur";563;462;68087;56288
"2017";"19";"Corrèze";"Individuel groupé";92;81;7878;6670
"2017";"19";"Corrèze";"Collectif";50;82;3531;4902
"2017";"19";"Corrèze";"Résidence";0;0;0;0
"2017";"21";"Côte-d'Or";"Tous Logements";4126;2575;289193;204488
"2017";"21";"Côte-d'Or";"Individuel pur";862;702;107395;86634
"2017";"21";"Côte-d'Or";"Individuel groupé";168;142;13501;12543
"2017";"21";"Côte-d'Or";"Collectif";2916;1550;163103;98124
"2017";"21";"Côte-d'Or";"Résidence";180;181;5194;7187
"2017";"22";"Côtes-d'Armor";"Tous Logements";3398;3008;338884;284636
"2017";"22";"Côtes-d'Armor";"Individuel pur";2222;1743;254286;197490
"2017";"22";"Côtes-d'Armor";"Individuel groupé";403;409;33058;33184
"2017";"22";"Côtes-d'Armor";"Collectif";624;546;41433;35599
"2017";"22";"Côtes-d'Armor";"Résidence";149;310;10107;18363
"2017";"23";"Creuse";"Tous Logements";195;319;22376;30254
"2017";"23";"Creuse";"Individuel pur";162;142;19564;16585
"2017";"23";"Creuse";"Individuel groupé";23;13;1679;1163
"2017";"23";"Creuse";"Collectif";5;164;593;12506
"2017";"23";"Creuse";"Résidence";5;0;540;0
"2017";"24";"Dordogne";"Tous Logements";1539;1311;169303;140428
"2017";"24";"Dordogne";"Individuel pur";1285;997;148714;114757
"2017";"24";"Dordogne";"Individuel groupé";127;172;10818;14493
"2017";"24";"Dordogne";"Collectif";99;142;8409;11178
"2017";"24";"Dordogne";"Résidence";28;0;1362;0
"2017";"25";"Doubs";"Tous Logements";2998;2707;275316;248873
"2017";"25";"Doubs";"Individuel pur";1197;1042;157986;136871
"2017";"25";"Doubs";"Individuel groupé";288;232;27259;22754
"2017";"25";"Doubs";"Collectif";1268;1323;81501;83422
"2017";"25";"Doubs";"Résidence";245;110;8570;5826
"2017";"26";"Drôme";"Tous Logements";3436;2475;316765;241361
"2017";"26";"Drôme";"Individuel pur";1629;1220;182733;139430
"2017";"26";"Drôme";"Individuel groupé";508;379;48591;36812
"2017";"26";"Drôme";"Collectif";1063;775;71241;58644
"2017";"26";"Drôme";"Résidence";236;101;14200;6396
"2017";"27";"Eure";"Tous Logements";2765;2295;269392;222285
"2017";"27";"Eure";"Individuel pur";1700;1421;195806;160969
"2017";"27";"Eure";"Individuel groupé";302;270;25896;22512
"2017";"27";"Eure";"Collectif";631;603;39195;38714
"2017";"27";"Eure";"Résidence";132;1;8495;90
"2017";"28";"Eure-et-Loir";"Tous Logements";1742;1259;147486;103949
"2017";"28";"Eure-et-Loir";"Individuel pur";685;462;81748;53495
"2017";"28";"Eure-et-Loir";"Individuel groupé";204;169;18952;14392
"2017";"28";"Eure-et-Loir";"Collectif";831;628;45355;36062
"2017";"28";"Eure-et-Loir";"Résidence";22;0;1431;0
"2017";"29";"Finistère";"Tous Logements";5896;4449;537122;433050
"2017";"29";"Finistère";"Individuel pur";3194;2657;366881;309273
"2017";"29";"Finistère";"Individuel groupé";519;476;45572;41825
"2017";"29";"Finistère";"Collectif";1636;1233;100274;77532
"2017";"29";"Finistère";"Résidence";547;83;24395;4420
"2017";"2A";"Corse-du-Sud";"Tous Logements";3272;1529;279779;140138
"2017";"2A";"Corse-du-Sud";"Individuel pur";742;450;103457;61987
"2017";"2A";"Corse-du-Sud";"Individuel groupé";430;220;40851;23385
"2017";"2A";"Corse-du-Sud";"Collectif";2100;859;135471;54766
"2017";"2A";"Corse-du-Sud";"Résidence";0;0;0;0
"2017";"2B";"Haute-Corse";"Tous Logements";2151;1288;195336;119243
"2017";"2B";"Haute-Corse";"Individuel pur";687;446;84936;56139
"2017";"2B";"Haute-Corse";"Individuel groupé";447;160;40638;15129
"2017";"2B";"Haute-Corse";"Collectif";947;675;64505;47323
"2017";"2B";"Haute-Corse";"Résidence";70;7;5257;652
"2017";"30";"Gard";"Tous Logements";4864;4138;459062;369012
"2017";"30";"Gard";"Individuel pur";2508;1871;292581;213394
"2017";"30";"Gard";"Individuel groupé";752;640;64611;58082
"2017";"30";"Gard";"Collectif";1549;1309;98451;84381
"2017";"30";"Gard";"Résidence";55;318;3419;13155
"2017";"31";"Haute-Garonne";"Tous Logements";19432;18570;1413285;1309612
"2017";"31";"Haute-Garonne";"Individuel pur";3541;2886;431958;353968
"2017";"31";"Haute-Garonne";"Individuel groupé";2132;2586;188468;225944
"2017";"31";"Haute-Garonne";"Collectif";13337;12580;780133;716098
"2017";"31";"Haute-Garonne";"Résidence";422;518;12726;13550
"2017";"32";"Gers";"Tous Logements";788;564;86069;61876
"2017";"32";"Gers";"Individuel pur";529;420;64835;51707
"2017";"32";"Gers";"Individuel groupé";126;83;11513;6907
"2017";"32";"Gers";"Collectif";98;52;7559;2875
"2017";"32";"Gers";"Résidence";35;9;2162;387
"2017";"33";"Gironde";"Tous Logements";18583;16245;1496521;1282885
"2017";"33";"Gironde";"Individuel pur";5731;4430;661961;515894
"2017";"33";"Gironde";"Individuel groupé";1800;1841;155532;157432
"2017";"33";"Gironde";"Collectif";10196;9371;641935;586227
"2017";"33";"Gironde";"Résidence";856;603;37093;23332
"2017";"34";"Hérault";"Tous Logements";13569;12508;1003003;884028
"2017";"34";"Hérault";"Individuel pur";3459;2773;395147;315400
"2017";"34";"Hérault";"Individuel groupé";1983;1851;148549;129937
"2017";"34";"Hérault";"Collectif";6909;6808;408826;399028
"2017";"34";"Hérault";"Résidence";1218;1076;50481;39663
"2017";"35";"Ille-et-Vilaine";"Tous Logements";10005;9357;853500;782071
"2017";"35";"Ille-et-Vilaine";"Individuel pur";3611;3029;437382;369312
"2017";"35";"Ille-et-Vilaine";"Individuel groupé";584;497;55408;45615
"2017";"35";"Ille-et-Vilaine";"Collectif";5194;5458;336774;353556
"2017";"35";"Ille-et-Vilaine";"Résidence";616;373;23936;13588
"2017";"36";"Indre";"Tous Logements";408;401;45235;42429
"2017";"36";"Indre";"Individuel pur";274;247;33561;29747
"2017";"36";"Indre";"Individuel groupé";11;121;1159;10892
"2017";"36";"Indre";"Collectif";7;33;697;1790
"2017";"36";"Indre";"Résidence";116;0;9818;0
"2017";"37";"Indre-et-Loire";"Tous Logements";4000;3554;340853;294138
"2017";"37";"Indre-et-Loire";"Individuel pur";1412;1186;172513;144597
"2017";"37";"Indre-et-Loire";"Individuel groupé";697;539;51390;42003
"2017";"37";"Indre-et-Loire";"Collectif";1835;1794;113847;105085
"2017";"37";"Indre-et-Loire";"Résidence";56;35;3103;2453
"2017";"38";"Isère";"Tous Logements";10565;7072;867046;592492
"2017";"38";"Isère";"Individuel pur";2817;2065;337475;246996
"2017";"38";"Isère";"Individuel groupé";1019;709;97484;66486
"2017";"38";"Isère";"Collectif";4751;3567;322130;249767
"2017";"38";"Isère";"Résidence";1978;731;109957;29243
"2017";"39";"Jura";"Tous Logements";868;665;95045;76726
"2017";"39";"Jura";"Individuel pur";599;488;73541;61253
"2017";"39";"Jura";"Individuel groupé";122;81;10671;7324
"2017";"39";"Jura";"Collectif";72;96;6488;8149
"2017";"39";"Jura";"Résidence";75;0;4345;0
"2017";"40";"Landes";"Tous Logements";4697;4089;424849;364514
"2017";"40";"Landes";"Individuel pur";2278;1811;261579;208137
"2017";"40";"Landes";"Individuel groupé";614;576;50075;48296
"2017";"40";"Landes";"Collectif";1786;1658;111972;105391
"2017";"40";"Landes";"Résidence";19;44;1223;2690
"2017";"41";"Loir-et-Cher";"Tous Logements";1208;976;119275;95973
"2017";"41";"Loir-et-Cher";"Individuel pur";661;529;78880;63055
"2017";"41";"Loir-et-Cher";"Individuel groupé";375;297;28091;21071
"2017";"41";"Loir-et-Cher";"Collectif";88;147;7303;11546
"2017";"41";"Loir-et-Cher";"Résidence";84;3;5001;301
"2017";"42";"Loire";"Tous Logements";2627;2515;261190;235384
"2017";"42";"Loire";"Individuel pur";1421;1053;166806;122914
"2017";"42";"Loire";"Individuel groupé";193;207;17750;18647
"2017";"42";"Loire";"Collectif";928;1139;70636;87313
"2017";"42";"Loire";"Résidence";85;116;5998;6510
"2017";"43";"Haute-Loire";"Tous Logements";981;698;104408;75755
"2017";"43";"Haute-Loire";"Individuel pur";665;504;82810;63255
"2017";"43";"Haute-Loire";"Individuel groupé";36;31;3342;2693
"2017";"43";"Haute-Loire";"Collectif";232;152;15645;9282
"2017";"43";"Haute-Loire";"Résidence";48;11;2611;525
"2017";"44";"Loire-Atlantique";"Tous Logements";13893;14024;1151413;1122435
"2017";"44";"Loire-Atlantique";"Individuel pur";5212;4638;588372;523736
"2017";"44";"Loire-Atlantique";"Individuel groupé";1202;1091;102985;91659
"2017";"44";"Loire-Atlantique";"Collectif";7205;7740;442548;473309
"2017";"44";"Loire-Atlantique";"Résidence";274;555;17508;33731
"2017";"45";"Loiret";"Tous Logements";3678;3289;330250;287918
"2017";"45";"Loiret";"Individuel pur";1506;1218;182157;146101
"2017";"45";"Loiret";"Individuel groupé";624;648;53396;56373
"2017";"45";"Loiret";"Collectif";1443;1365;87655;81410
"2017";"45";"Loiret";"Résidence";105;58;7042;3854
"2017";"46";"Lot";"Tous Logements";759;638;85036;66799
"2017";"46";"Lot";"Individuel pur";599;434;72008;51865
"2017";"46";"Lot";"Individuel groupé";94;66;7805;6201
"2017";"46";"Lot";"Collectif";63;105;4571;7152
"2017";"46";"Lot";"Résidence";3;33;652;1581
"2017";"47";"Lot-et-Garonne";"Tous Logements";1166;841;123235;90774
"2017";"47";"Lot-et-Garonne";"Individuel pur";717;599;85188;71514
"2017";"47";"Lot-et-Garonne";"Individuel groupé";260;135;24659;12004
"2017";"47";"Lot-et-Garonne";"Collectif";155;74;11323;5229
"2017";"47";"Lot-et-Garonne";"Résidence";34;33;2065;2027
"2017";"48";"Lozère";"Tous Logements";301;254;32546;28171
"2017";"48";"Lozère";"Individuel pur";243;180;28269;21372
"2017";"48";"Lozère";"Individuel groupé";51;62;3913;5875
"2017";"48";"Lozère";"Collectif";7;12;364;924
"2017";"48";"Lozère";"Résidence";0;0;0;0
"2017";"49";"Maine-et-Loire";"Tous Logements";4531;3402;400157;307120
"2017";"49";"Maine-et-Loire";"Individuel pur";1784;1537;212396;182168
"2017";"49";"Maine-et-Loire";"Individuel groupé";729;709;66464;62568
"2017";"49";"Maine-et-Loire";"Collectif";1504;801;100453;50642
"2017";"49";"Maine-et-Loire";"Résidence";514;355;20844;11742
"2017";"50";"Manche";"Tous Logements";1994;1744;219208;188048
"2017";"50";"Manche";"Individuel pur";1640;1343;192231;158567
"2017";"50";"Manche";"Individuel groupé";153;131;13443;12202
"2017";"50";"Manche";"Collectif";143;184;9389;13113
"2017";"50";"Manche";"Résidence";58;86;4145;4166
"2017";"51";"Marne";"Tous Logements";2737;2162;255713;197272
"2017";"51";"Marne";"Individuel pur";901;667;117666;87697
"2017";"51";"Marne";"Individuel groupé";257;272;26449;26120
"2017";"51";"Marne";"Collectif";1500;1058;107975;74764
"2017";"51";"Marne";"Résidence";79;165;3623;8663
"2017";"52";"Haute-Marne";"Tous Logements";305;221;30431;23895
"2017";"52";"Haute-Marne";"Individuel pur";174;138;22168;17678
"2017";"52";"Haute-Marne";"Individuel groupé";54;22;4317;2567
"2017";"52";"Haute-Marne";"Collectif";68;61;3505;3650
"2017";"52";"Haute-Marne";"Résidence";9;0;441;0
"2017";"53";"Mayenne";"Tous Logements";1085;1113;115394;111282
"2017";"53";"Mayenne";"Individuel pur";770;706;90855;80897
"2017";"53";"Mayenne";"Individuel groupé";121;115;12135;10273
"2017";"53";"Mayenne";"Collectif";183;291;11938;19901
"2017";"53";"Mayenne";"Résidence";11;1;466;211
"2017";"54";"Meurthe-et-Moselle";"Tous Logements";3132;2518;267590;208496
"2017";"54";"Meurthe-et-Moselle";"Individuel pur";1078;790;138752;100253
"2017";"54";"Meurthe-et-Moselle";"Individuel groupé";189;122;19060;12155
"2017";"54";"Meurthe-et-Moselle";"Collectif";1410;1211;85844;77406
"2017";"54";"Meurthe-et-Moselle";"Résidence";455;395;23934;18682
"2017";"55";"Meuse";"Tous Logements";258;277;31611;28964
"2017";"55";"Meuse";"Individuel pur";193;163;26206;21480
"2017";"55";"Meuse";"Individuel groupé";21;13;1848;1142
"2017";"55";"Meuse";"Collectif";44;39;3557;3177
"2017";"55";"Meuse";"Résidence";0;62;0;3165
"2017";"56";"Morbihan";"Tous Logements";6243;5589;599718;527981
"2017";"56";"Morbihan";"Individuel pur";3607;3034;426275;361072
"2017";"56";"Morbihan";"Individuel groupé";414;345;37194;32243
"2017";"56";"Morbihan";"Collectif";1935;2022;120729;125359
"2017";"56";"Morbihan";"Résidence";287;188;15520;9307
"2017";"57";"Moselle";"Tous Logements";6077;4873;575614;448609
"2017";"57";"Moselle";"Individuel pur";1957;1454;274483;200342
"2017";"57";"Moselle";"Individuel groupé";602;554;59889;53977
"2017";"57";"Moselle";"Collectif";3221;2524;222298;171657
"2017";"57";"Moselle";"Résidence";297;341;18944;22633
"2017";"58";"Nièvre";"Tous Logements";275;364;29389;31368
"2017";"58";"Nièvre";"Individuel pur";216;177;25663;21008
"2017";"58";"Nièvre";"Individuel groupé";30;41;2022;2640
"2017";"58";"Nièvre";"Collectif";29;13;1704;732
"2017";"58";"Nièvre";"Résidence";0;133;0;6988
"2017";"59";"Nord";"Tous Logements";13861;11536;1092772;884727
"2017";"59";"Nord";"Individuel pur";2617;1882;345497;246634
"2017";"59";"Nord";"Individuel groupé";2020;1541;178579;138098
"2017";"59";"Nord";"Collectif";7208;6542;469529;422489
"2017";"59";"Nord";"Résidence";2016;1571;99167;77506
"2017";"60";"Oise";"Tous Logements";3342;1857;293250;172521
"2017";"60";"Oise";"Individuel pur";1211;860;142318;100702
"2017";"60";"Oise";"Individuel groupé";468;260;41247;23074
"2017";"60";"Oise";"Collectif";1477;663;95785;40696
"2017";"60";"Oise";"Résidence";186;74;13900;8049
"2017";"61";"Orne";"Tous Logements";441;392;45786;42650
"2017";"61";"Orne";"Individuel pur";320;278;37828;33536
"2017";"61";"Orne";"Individuel groupé";42;38;3696;3358
"2017";"61";"Orne";"Collectif";33;55;2351;4192
"2017";"61";"Orne";"Résidence";46;21;1911;1564
"2017";"62";"Pas-de-Calais";"Tous Logements";6356;5265;591951;489545
"2017";"62";"Pas-de-Calais";"Individuel pur";2756;2169;331411;261669
"2017";"62";"Pas-de-Calais";"Individuel groupé";1089;1026;95186;88758
"2017";"62";"Pas-de-Calais";"Collectif";2166;1728;139380;116523
"2017";"62";"Pas-de-Calais";"Résidence";345;342;25974;22595
"2017";"63";"Puy-de-Dôme";"Tous Logements";4024;3123;363518;288565
"2017";"63";"Puy-de-Dôme";"Individuel pur";1832;1418;215819;167311
"2017";"63";"Puy-de-Dôme";"Individuel groupé";354;366;32326;32686
"2017";"63";"Puy-de-Dôme";"Collectif";1555;1323;101184;87724
"2017";"63";"Puy-de-Dôme";"Résidence";283;16;14189;844
"2017";"64";"Pyrénées-Atlantiques";"Tous Logements";5027;4277;440872;357729
"2017";"64";"Pyrénées-Atlantiques";"Individuel pur";1777;1322;223566;166007
"2017";"64";"Pyrénées-Atlantiques";"Individuel groupé";400;289;36965;26477
"2017";"64";"Pyrénées-Atlantiques";"Collectif";2615;2661;166708;164697
"2017";"64";"Pyrénées-Atlantiques";"Résidence";235;5;13633;548
"2017";"65";"Hautes-Pyrénées";"Tous Logements";1022;884;101117;86217
"2017";"65";"Hautes-Pyrénées";"Individuel pur";594;475;72946;58173
"2017";"65";"Hautes-Pyrénées";"Individuel groupé";166;104;12300;8652
"2017";"65";"Hautes-Pyrénées";"Collectif";235;288;14256;18481
"2017";"65";"Hautes-Pyrénées";"Résidence";27;17;1615;911
"2017";"66";"Pyrénées-Orientales";"Tous Logements";4873;3486;407468;290430
"2017";"66";"Pyrénées-Orientales";"Individuel pur";1882;1434;207444;155174
"2017";"66";"Pyrénées-Orientales";"Individuel groupé";612;437;50549;35880
"2017";"66";"Pyrénées-Orientales";"Collectif";1943;1431;120888;89273
"2017";"66";"Pyrénées-Orientales";"Résidence";436;184;28587;10103
"2017";"67";"Bas-Rhin";"Tous Logements";8602;8243;731125;665896
"2017";"67";"Bas-Rhin";"Individuel pur";1860;1501;271953;217829
"2017";"67";"Bas-Rhin";"Individuel groupé";849;630;83105;60754
"2017";"67";"Bas-Rhin";"Collectif";5133;5333;337233;343864
"2017";"67";"Bas-Rhin";"Résidence";760;779;38834;43449
"2017";"68";"Haut-Rhin";"Tous Logements";4754;3076;472271;339351
"2017";"68";"Haut-Rhin";"Individuel pur";1458;1160;224133;182054
"2017";"68";"Haut-Rhin";"Individuel groupé";500;425;54969;48020
"2017";"68";"Haut-Rhin";"Collectif";2409;1298;175345;95797
"2017";"68";"Haut-Rhin";"Résidence";387;193;17824;13480
"2017";"69";"Rhône";"Tous Logements";16640;16200;1205808;1092022
"2017";"69";"Rhône";"Individuel pur";2083;1659;267578;210609
"2017";"69";"Rhône";"Individuel groupé";959;829;92081;78471
"2017";"69";"Rhône";"Collectif";11971;11334;765115;710295
"2017";"69";"Rhône";"Résidence";1627;2378;81034;92647
"2017";"70";"Haute-Saône";"Tous Logements";816;733;91061;78527
"2017";"70";"Haute-Saône";"Individuel pur";535;447;67890;56171
"2017";"70";"Haute-Saône";"Individuel groupé";74;51;6185;4269
"2017";"70";"Haute-Saône";"Collectif";123;116;10824;9546
"2017";"70";"Haute-Saône";"Résidence";84;119;6162;8541
"2017";"71";"Saône-et-Loire";"Tous Logements";1782;1547;178195;156211
"2017";"71";"Saône-et-Loire";"Individuel pur";1078;949;126402;112192
"2017";"71";"Saône-et-Loire";"Individuel groupé";151;153;13315;12700
"2017";"71";"Saône-et-Loire";"Collectif";377;273;28557;19094
"2017";"71";"Saône-et-Loire";"Résidence";176;172;9921;12225
"2017";"72";"Sarthe";"Tous Logements";1930;1628;198243;168165
"2017";"72";"Sarthe";"Individuel pur";1115;992;131571;119743
"2017";"72";"Sarthe";"Individuel groupé";313;174;28127;16428
"2017";"72";"Sarthe";"Collectif";498;428;38171;29184
"2017";"72";"Sarthe";"Résidence";4;34;374;2785
"2017";"73";"Savoie";"Tous Logements";5099;3434;447632;304492
"2017";"73";"Savoie";"Individuel pur";1152;804;151595;104575
"2017";"73";"Savoie";"Individuel groupé";593;393;68343;40985
"2017";"73";"Savoie";"Collectif";2255;1750;165871;126656
"2017";"73";"Savoie";"Résidence";1099;487;61823;32276
"2017";"74";"Haute-Savoie";"Tous Logements";11591;9686;990177;798692
"2017";"74";"Haute-Savoie";"Individuel pur";2183;1576;299186;216585
"2017";"74";"Haute-Savoie";"Individuel groupé";1254;865;135731;92105
"2017";"74";"Haute-Savoie";"Collectif";7546;6825;521942;469413
"2017";"74";"Haute-Savoie";"Résidence";608;420;33318;20589
"2017";"75";"Paris";"Tous Logements";4277;4063;234136;220579
"2017";"75";"Paris";"Individuel pur";241;42;20378;6334
"2017";"75";"Paris";"Individuel groupé";32;24;2750;2103
"2017";"75";"Paris";"Collectif";3355;2747;194232;167543
"2017";"75";"Paris";"Résidence";649;1250;16776;44599
"2017";"76";"Seine-Maritime";"Tous Logements";6380;5396;544633;460594
"2017";"76";"Seine-Maritime";"Individuel pur";2147;1843;261663;223726
"2017";"76";"Seine-Maritime";"Individuel groupé";628;452;55551;39407
"2017";"76";"Seine-Maritime";"Collectif";3271;2976;212278;190766
"2017";"76";"Seine-Maritime";"Résidence";334;125;15141;6675
"2017";"77";"Seine-et-Marne";"Tous Logements";13379;8171;954160;592016
"2017";"77";"Seine-et-Marne";"Individuel pur";2257;1442;265921;166867
"2017";"77";"Seine-et-Marne";"Individuel groupé";916;754;83058;65052
"2017";"77";"Seine-et-Marne";"Collectif";9040;5398;553175;332260
"2017";"77";"Seine-et-Marne";"Résidence";1166;577;52006;27837
"2017";"78";"Yvelines";"Tous Logements";11018;10912;801304;731134
"2017";"78";"Yvelines";"Individuel pur";1408;1058;194149;145478
"2017";"78";"Yvelines";"Individuel groupé";576;610;59635;61869
"2017";"78";"Yvelines";"Collectif";8404;8029;523992;482481
"2017";"78";"Yvelines";"Résidence";630;1215;23528;41306
"2017";"79";"Deux-Sèvres";"Tous Logements";1320;1233;129380;114932
"2017";"79";"Deux-Sèvres";"Individuel pur";851;729;97243;83083
"2017";"79";"Deux-Sèvres";"Individuel groupé";184;201;14826;15674
"2017";"79";"Deux-Sèvres";"Collectif";87;151;5341;9944
"2017";"79";"Deux-Sèvres";"Résidence";198;152;11970;6231
"2017";"80";"Somme";"Tous Logements";3309;2792;246523;201002
"2017";"80";"Somme";"Individuel pur";856;735;102188;87355
"2017";"80";"Somme";"Individuel groupé";282;131;23835;11924
"2017";"80";"Somme";"Collectif";1649;1519;99851;87982
"2017";"80";"Somme";"Résidence";522;407;20649;13741
"2017";"81";"Tarn";"Tous Logements";1842;1752;187230;166873
"2017";"81";"Tarn";"Individuel pur";1333;1095;153645;124575
"2017";"81";"Tarn";"Individuel groupé";432;389;28287;25305
"2017";"81";"Tarn";"Collectif";70;218;4864;13348
"2017";"81";"Tarn";"Résidence";7;50;434;3645
"2017";"82";"Tarn-et-Garonne";"Tous Logements";1521;1120;148339;113488
"2017";"82";"Tarn-et-Garonne";"Individuel pur";860;702;102701;82993
"2017";"82";"Tarn-et-Garonne";"Individuel groupé";230;147;20104;13343
"2017";"82";"Tarn-et-Garonne";"Collectif";429;263;25327;16488
"2017";"82";"Tarn-et-Garonne";"Résidence";2;8;207;664
"2017";"83";"Var";"Tous Logements";10351;8780;836353;707177
"2017";"83";"Var";"Individuel pur";2648;2146;323289;263222
"2017";"83";"Var";"Individuel groupé";802;795;77182;75937
"2017";"83";"Var";"Collectif";6236;5589;394689;351599
"2017";"83";"Var";"Résidence";665;250;41193;16419
"2017";"84";"Vaucluse";"Tous Logements";3970;3242;348948;282206
"2017";"84";"Vaucluse";"Individuel pur";1703;1344;190993;149226
"2017";"84";"Vaucluse";"Individuel groupé";954;661;79457;58842
"2017";"84";"Vaucluse";"Collectif";1090;1132;67473;68199
"2017";"84";"Vaucluse";"Résidence";223;105;11025;5939
"2017";"85";"Vendée";"Tous Logements";5959;5405;556664;501598
"2017";"85";"Vendée";"Individuel pur";3975;3528;425546;377695
"2017";"85";"Vendée";"Individuel groupé";701;649;55829;51454
"2017";"85";"Vendée";"Collectif";1047;904;66308;56230
"2017";"85";"Vendée";"Résidence";236;324;8981;16219
"2017";"86";"Vienne";"Tous Logements";1729;1543;164415;150428
"2017";"86";"Vienne";"Individuel pur";1007;900;115831;102727
"2017";"86";"Vienne";"Individuel groupé";261;232;21757;19939
"2017";"86";"Vienne";"Collectif";399;388;24809;27142
"2017";"86";"Vienne";"Résidence";62;23;2018;620
"2017";"87";"Haute-Vienne";"Tous Logements";1413;1261;139736;121935
"2017";"87";"Haute-Vienne";"Individuel pur";836;690;96892;80139
"2017";"87";"Haute-Vienne";"Individuel groupé";218;156;18520;14492
"2017";"87";"Haute-Vienne";"Collectif";336;248;22187;16170
"2017";"87";"Haute-Vienne";"Résidence";23;167;2137;11134
"2017";"88";"Vosges";"Tous Logements";873;693;97735;79828
"2017";"88";"Vosges";"Individuel pur";614;492;75980;62311
"2017";"88";"Vosges";"Individuel groupé";94;89;9874;8430
"2017";"88";"Vosges";"Collectif";106;111;8336;8876
"2017";"88";"Vosges";"Résidence";59;1;3545;211
"2017";"89";"Yonne";"Tous Logements";964;565;81934;51740
"2017";"89";"Yonne";"Individuel pur";404;235;46332;26777
"2017";"89";"Yonne";"Individuel groupé";124;75;10626;6870
"2017";"89";"Yonne";"Collectif";325;255;21131;18093
"2017";"89";"Yonne";"Résidence";111;0;3845;0
"2017";"90";"Territoire de Belfort";"Tous Logements";446;320;51826;37722
"2017";"90";"Territoire de Belfort";"Individuel pur";248;185;33795;25876
"2017";"90";"Territoire de Belfort";"Individuel groupé";58;42;6125;4161
"2017";"90";"Territoire de Belfort";"Collectif";140;93;11906;7685
"2017";"90";"Territoire de Belfort";"Résidence";0;0;0;0
"2017";"91";"Essonne";"Tous Logements";10115;7131;687418;489874
"2017";"91";"Essonne";"Individuel pur";1459;966;176183;117708
"2017";"91";"Essonne";"Individuel groupé";888;527;68807;49315
"2017";"91";"Essonne";"Collectif";6475;4593;392043;284814
"2017";"91";"Essonne";"Résidence";1293;1045;50385;37953
"2017";"92";"Hauts-de-Seine";"Tous Logements";13833;14020;885194;852492
"2017";"92";"Hauts-de-Seine";"Individuel pur";273;205;42334;34167
"2017";"92";"Hauts-de-Seine";"Individuel groupé";171;179;20434;18276
"2017";"92";"Hauts-de-Seine";"Collectif";11001;10967;718329;685357
"2017";"92";"Hauts-de-Seine";"Résidence";2388;2669;104097;114692
"2017";"93";"Seine-Saint-Denis";"Tous Logements";16666;15817;1024714;927581
"2017";"93";"Seine-Saint-Denis";"Individuel pur";412;309;46854;34979
"2017";"93";"Seine-Saint-Denis";"Individuel groupé";349;256;30276;22639
"2017";"93";"Seine-Saint-Denis";"Collectif";14062;12785;884161;786708
"2017";"93";"Seine-Saint-Denis";"Résidence";1843;2467;63423;83255
"2017";"94";"Val-de-Marne";"Tous Logements";12510;9913;731709;570098
"2017";"94";"Val-de-Marne";"Individuel pur";465;351;64959;46346
"2017";"94";"Val-de-Marne";"Individuel groupé";313;193;26072;18422
"2017";"94";"Val-de-Marne";"Collectif";9213;7094;561810;424548
"2017";"94";"Val-de-Marne";"Résidence";2519;2275;78868;80782
"2017";"95";"Val-d'Oise";"Tous Logements";11042;7913;733713;520248
"2017";"95";"Val-d'Oise";"Individuel pur";844;611;109528;81001
"2017";"95";"Val-d'Oise";"Individuel groupé";438;298;43052;27399
"2017";"95";"Val-d'Oise";"Collectif";8838;6151;538025;369051
"2017";"95";"Val-d'Oise";"Résidence";922;853;43108;42797
"2017";"971";"Guadeloupe";"Tous Logements";3230;1887;276071;162924
"2017";"971";"Guadeloupe";"Individuel pur";1560;888;175212;96316
"2017";"971";"Guadeloupe";"Individuel groupé";726;370;44829;24403
"2017";"971";"Guadeloupe";"Collectif";853;605;51886;41432
"2017";"971";"Guadeloupe";"Résidence";91;24;4144;773
"2017";"972";"Martinique";"Tous Logements";2288;1649;179357;123698
"2017";"972";"Martinique";"Individuel pur";801;494;76243;47907
"2017";"972";"Martinique";"Individuel groupé";386;298;27931;22014
"2017";"972";"Martinique";"Collectif";1038;825;69541;52249
"2017";"972";"Martinique";"Résidence";63;32;5642;1528
"2017";"973";"Guyane";"Tous Logements";1123;602;91231;51024
"2017";"973";"Guyane";"Individuel pur";163;95;18256;10696
"2017";"973";"Guyane";"Individuel groupé";312;94;25215;8185
"2017";"973";"Guyane";"Collectif";406;391;30317;30239
"2017";"973";"Guyane";"Résidence";242;22;17443;1904
"2017";"974";"La Réunion";"Tous Logements";7076;5184;540670;420388
"2017";"974";"La Réunion";"Individuel pur";2661;2367;270607;243351
"2017";"974";"La Réunion";"Individuel groupé";1048;690;84897;56850
"2017";"974";"La Réunion";"Collectif";2679;1593;163995;98870
"2017";"974";"La Réunion";"Résidence";688;534;21171;21317
"2017";"976";"Mayotte";"Tous Logements";1654;365;146974;35245
"2017";"976";"Mayotte";"Individuel pur";417;146;47131;16680
"2017";"976";"Mayotte";"Individuel groupé";525;154;44174;13626
"2017";"976";"Mayotte";"Collectif";711;65;55583;4939
"2017";"976";"Mayotte";"Résidence";1;0;86;0
"2016";"01";"Ain";"Tous Logements";5753;3257;516616;288176
"2016";"01";"Ain";"Individuel pur";1751;1039;207377;123950
"2016";"01";"Ain";"Individuel groupé";848;494;82919;46307
"2016";"01";"Ain";"Collectif";2995;1562;216325;109931
"2016";"01";"Ain";"Résidence";159;162;9995;7988
"2016";"02";"Aisne";"Tous Logements";1297;806;119016;79131
"2016";"02";"Aisne";"Individuel pur";597;455;69549;53206
"2016";"02";"Aisne";"Individuel groupé";114;86;10443;7229
"2016";"02";"Aisne";"Collectif";434;261;30029;18390
"2016";"02";"Aisne";"Résidence";152;4;8995;306
"2016";"03";"Allier";"Tous Logements";789;551;82616;65301
"2016";"03";"Allier";"Individuel pur";506;423;61907;53443
"2016";"03";"Allier";"Individuel groupé";76;39;6155;3567
"2016";"03";"Allier";"Collectif";102;79;7955;7574
"2016";"03";"Allier";"Résidence";105;10;6599;717
"2016";"04";"Alpes-de-Haute-Provence";"Tous Logements";721;448;66102;44273
"2016";"04";"Alpes-de-Haute-Provence";"Individuel pur";428;289;45133;31353
"2016";"04";"Alpes-de-Haute-Provence";"Individuel groupé";124;67;9205;6036
"2016";"04";"Alpes-de-Haute-Provence";"Collectif";169;92;11764;6884
"2016";"04";"Alpes-de-Haute-Provence";"Résidence";0;0;0;0
"2016";"05";"Hautes-Alpes";"Tous Logements";1410;703;113224;66306
"2016";"05";"Hautes-Alpes";"Individuel pur";445;346;54162;41706
"2016";"05";"Hautes-Alpes";"Individuel groupé";203;97;18819;8516
"2016";"05";"Hautes-Alpes";"Collectif";762;260;40243;16084
"2016";"05";"Hautes-Alpes";"Résidence";0;0;0;0
"2016";"06";"Alpes-Maritimes";"Tous Logements";8357;5505;581578;384955
"2016";"06";"Alpes-Maritimes";"Individuel pur";963;561;138795;85408
"2016";"06";"Alpes-Maritimes";"Individuel groupé";490;336;49211;35765
"2016";"06";"Alpes-Maritimes";"Collectif";5935;4295;342333;248903
"2016";"06";"Alpes-Maritimes";"Résidence";969;313;51239;14879
"2016";"07";"Ardèche";"Tous Logements";1721;1363;182469;141359
"2016";"07";"Ardèche";"Individuel pur";1175;914;137366;103991
"2016";"07";"Ardèche";"Individuel groupé";276;187;24330;18000
"2016";"07";"Ardèche";"Collectif";264;219;20192;16108
"2016";"07";"Ardèche";"Résidence";6;43;581;3260
"2016";"08";"Ardennes";"Tous Logements";648;517;70824;52976
"2016";"08";"Ardennes";"Individuel pur";335;239;43738;31492
"2016";"08";"Ardennes";"Individuel groupé";150;97;14881;8731
"2016";"08";"Ardennes";"Collectif";163;181;12205;12753
"2016";"08";"Ardennes";"Résidence";0;0;0;0
"2016";"09";"Ariège";"Tous Logements";509;375;53210;38422
"2016";"09";"Ariège";"Individuel pur";335;253;40535;29977
"2016";"09";"Ariège";"Individuel groupé";94;65;8527;5525
"2016";"09";"Ariège";"Collectif";75;57;3922;2920
"2016";"09";"Ariège";"Résidence";5;0;226;0
"2016";"10";"Aube";"Tous Logements";1418;842;128933;82059
"2016";"10";"Aube";"Individuel pur";527;371;64423;45136
"2016";"10";"Aube";"Individuel groupé";286;227;25961;19816
"2016";"10";"Aube";"Collectif";545;244;36193;17107
"2016";"10";"Aube";"Résidence";60;0;2356;0
"2016";"11";"Aude";"Tous Logements";1865;1396;172971;127683
"2016";"11";"Aude";"Individuel pur";1037;720;116565;81344
"2016";"11";"Aude";"Individuel groupé";322;271;26112;22002
"2016";"11";"Aude";"Collectif";490;398;29104;23857
"2016";"11";"Aude";"Résidence";16;7;1190;372
"2016";"12";"Aveyron";"Tous Logements";1392;1031;138348;106206
"2016";"12";"Aveyron";"Individuel pur";696;574;86878;71945
"2016";"12";"Aveyron";"Individuel groupé";176;98;16504;9000
"2016";"12";"Aveyron";"Collectif";505;344;34146;24441
"2016";"12";"Aveyron";"Résidence";15;15;820;820
"2016";"13";"Bouches-du-Rhône";"Tous Logements";16283;11800;1157529;838710
"2016";"13";"Bouches-du-Rhône";"Individuel pur";2337;1777;284296;214469
"2016";"13";"Bouches-du-Rhône";"Individuel groupé";1333;969;119589;90515
"2016";"13";"Bouches-du-Rhône";"Collectif";11829;8034;721204;487888
"2016";"13";"Bouches-du-Rhône";"Résidence";784;1020;32440;45812
"2016";"14";"Calvados";"Tous Logements";4903;3282;405735;281721
"2016";"14";"Calvados";"Individuel pur";1702;1289;202070;151654
"2016";"14";"Calvados";"Individuel groupé";553;343;48514;29793
"2016";"14";"Calvados";"Collectif";1987;1256;127280;83018
"2016";"14";"Calvados";"Résidence";661;394;27871;17256
"2016";"15";"Cantal";"Tous Logements";540;509;53842;51246
"2016";"15";"Cantal";"Individuel pur";357;300;41506;36038
"2016";"15";"Cantal";"Individuel groupé";87;50;6305;4385
"2016";"15";"Cantal";"Collectif";45;50;3038;4219
"2016";"15";"Cantal";"Résidence";51;109;2993;6604
"2016";"16";"Charente";"Tous Logements";1220;871;119051;83832
"2016";"16";"Charente";"Individuel pur";759;582;86309;65910
"2016";"16";"Charente";"Individuel groupé";186;104;16181;9205
"2016";"16";"Charente";"Collectif";153;143;10464;7014
"2016";"16";"Charente";"Résidence";122;42;6097;1703
"2016";"17";"Charente-Maritime";"Tous Logements";5436;4784;482191;405988
"2016";"17";"Charente-Maritime";"Individuel pur";2752;2216;304236;245187
"2016";"17";"Charente-Maritime";"Individuel groupé";890;622;69216;49032
"2016";"17";"Charente-Maritime";"Collectif";1718;1072;104586;67443
"2016";"17";"Charente-Maritime";"Résidence";76;874;4153;44256
"2016";"18";"Cher";"Tous Logements";740;453;78701;52892
"2016";"18";"Cher";"Individuel pur";521;402;63045;48562
"2016";"18";"Cher";"Individuel groupé";54;45;5229;3821
"2016";"18";"Cher";"Collectif";68;6;4910;509
"2016";"18";"Cher";"Résidence";97;0;5517;0
"2016";"19";"Corrèze";"Tous Logements";658;452;66070;51574
"2016";"19";"Corrèze";"Individuel pur";459;338;55288;40753
"2016";"19";"Corrèze";"Individuel groupé";69;86;6034;8843
"2016";"19";"Corrèze";"Collectif";130;28;4748;1978
"2016";"19";"Corrèze";"Résidence";0;0;0;0
"2016";"21";"Côte-d'Or";"Tous Logements";2591;2220;221280;177462
"2016";"21";"Côte-d'Or";"Individuel pur";869;675;106776;84148
"2016";"21";"Côte-d'Or";"Individuel groupé";226;134;19433;11261
"2016";"21";"Côte-d'Or";"Collectif";1335;1288;86104;76040
"2016";"21";"Côte-d'Or";"Résidence";161;123;8967;6013
"2016";"22";"Côtes-d'Armor";"Tous Logements";3504;2441;335661;246276
"2016";"22";"Côtes-d'Armor";"Individuel pur";2023;1540;232174;181112
"2016";"22";"Côtes-d'Armor";"Individuel groupé";492;301;40240;25217
"2016";"22";"Côtes-d'Armor";"Collectif";642;363;41456;24389
"2016";"22";"Côtes-d'Armor";"Résidence";347;237;21791;15558
"2016";"23";"Creuse";"Tous Logements";214;176;23775;19326
"2016";"23";"Creuse";"Individuel pur";188;152;20963;17048
"2016";"23";"Creuse";"Individuel groupé";16;13;1674;1109
"2016";"23";"Creuse";"Collectif";0;2;0;89
"2016";"23";"Creuse";"Résidence";10;9;1138;1080
"2016";"24";"Dordogne";"Tous Logements";1662;1291;177527;131800
"2016";"24";"Dordogne";"Individuel pur";1273;907;147429;106202
"2016";"24";"Dordogne";"Individuel groupé";264;192;22353;15853
"2016";"24";"Dordogne";"Collectif";120;89;7238;5311
"2016";"24";"Dordogne";"Résidence";5;103;507;4434
"2016";"25";"Doubs";"Tous Logements";3076;1795;282845;183188
"2016";"25";"Doubs";"Individuel pur";1130;880;147721;115373
"2016";"25";"Doubs";"Individuel groupé";261;174;25329;17199
"2016";"25";"Doubs";"Collectif";1552;710;102207;48225
"2016";"25";"Doubs";"Résidence";133;31;7588;2391
"2016";"26";"Drôme";"Tous Logements";2927;2461;283137;229935
"2016";"26";"Drôme";"Individuel pur";1455;1054;166200;120049
"2016";"26";"Drôme";"Individuel groupé";483;466;44418;43106
"2016";"26";"Drôme";"Collectif";861;777;65007;57597
"2016";"26";"Drôme";"Résidence";128;164;7512;9183
"2016";"27";"Eure";"Tous Logements";2387;1741;231694;177034
"2016";"27";"Eure";"Individuel pur";1540;1222;173173;138444
"2016";"27";"Eure";"Individuel groupé";350;278;29953;24543
"2016";"27";"Eure";"Collectif";496;202;28555;12141
"2016";"27";"Eure";"Résidence";1;39;13;1906
"2016";"28";"Eure-et-Loir";"Tous Logements";1690;1273;146807;111664
"2016";"28";"Eure-et-Loir";"Individuel pur";667;512;77950;59438
"2016";"28";"Eure-et-Loir";"Individuel groupé";208;176;18132;15733
"2016";"28";"Eure-et-Loir";"Collectif";662;579;42894;36108
"2016";"28";"Eure-et-Loir";"Résidence";153;6;7831;385
"2016";"29";"Finistère";"Tous Logements";4980;3481;465699;344520
"2016";"29";"Finistère";"Individuel pur";2687;2167;312278;252387
"2016";"29";"Finistère";"Individuel groupé";565;332;47974;29360
"2016";"29";"Finistère";"Collectif";1400;928;89782;58933
"2016";"29";"Finistère";"Résidence";328;54;15665;3840
"2016";"2A";"Corse-du-Sud";"Tous Logements";1556;2502;158388;192812
"2016";"2A";"Corse-du-Sud";"Individuel pur";625;373;89516;51963
"2016";"2A";"Corse-du-Sud";"Individuel groupé";329;267;31931;25277
"2016";"2A";"Corse-du-Sud";"Collectif";602;1858;36941;115279
"2016";"2A";"Corse-du-Sud";"Résidence";0;4;0;293
"2016";"2B";"Haute-Corse";"Tous Logements";1815;1289;161323;107628
"2016";"2B";"Haute-Corse";"Individuel pur";530;317;67198;38829
"2016";"2B";"Haute-Corse";"Individuel groupé";286;185;26105;17054
"2016";"2B";"Haute-Corse";"Collectif";979;779;66750;51161
"2016";"2B";"Haute-Corse";"Résidence";20;8;1270;584
"2016";"30";"Gard";"Tous Logements";4554;3315;414128;295686
"2016";"30";"Gard";"Individuel pur";2098;1426;239326;164268
"2016";"30";"Gard";"Individuel groupé";907;551;79531;46092
"2016";"30";"Gard";"Collectif";1078;1108;72518;75358
"2016";"30";"Gard";"Résidence";471;230;22753;9968
"2016";"31";"Haute-Garonne";"Tous Logements";18635;14641;1344249;1072250
"2016";"31";"Haute-Garonne";"Individuel pur";3177;2600;388384;317031
"2016";"31";"Haute-Garonne";"Individuel groupé";2853;2075;247189;176620
"2016";"31";"Haute-Garonne";"Collectif";11962;9833;686662;573312
"2016";"31";"Haute-Garonne";"Résidence";643;133;22014;5287
"2016";"32";"Gers";"Tous Logements";645;600;73467;63833
"2016";"32";"Gers";"Individuel pur";495;404;61315;49651
"2016";"32";"Gers";"Individuel groupé";95;73;8236;6651
"2016";"32";"Gers";"Collectif";44;89;3140;4814
"2016";"32";"Gers";"Résidence";11;34;776;2717
"2016";"33";"Gironde";"Tous Logements";16311;15128;1311795;1165433
"2016";"33";"Gironde";"Individuel pur";4716;3777;548189;437075
"2016";"33";"Gironde";"Individuel groupé";1892;2083;171361;172871
"2016";"33";"Gironde";"Collectif";9092;8713;564811;522005
"2016";"33";"Gironde";"Résidence";611;555;27434;33482
"2016";"34";"Hérault";"Tous Logements";12931;10521;942399;749388
"2016";"34";"Hérault";"Individuel pur";2970;2228;341945;255585
"2016";"34";"Hérault";"Individuel groupé";1507;1148;114375;85731
"2016";"34";"Hérault";"Collectif";7017;5848;430093;358385
"2016";"34";"Hérault";"Résidence";1437;1297;55986;49687
"2016";"35";"Ille-et-Vilaine";"Tous Logements";10656;8393;864267;681307
"2016";"35";"Ille-et-Vilaine";"Individuel pur";3220;2502;391736;305769
"2016";"35";"Ille-et-Vilaine";"Individuel groupé";708;645;54640;49604
"2016";"35";"Ille-et-Vilaine";"Collectif";6174;4538;399087;303763
"2016";"35";"Ille-et-Vilaine";"Résidence";554;708;18804;22171
"2016";"36";"Indre";"Tous Logements";372;314;40561;33852
"2016";"36";"Indre";"Individuel pur";259;220;31145;26337
"2016";"36";"Indre";"Individuel groupé";78;59;7544;5584
"2016";"36";"Indre";"Collectif";35;35;1872;1931
"2016";"36";"Indre";"Résidence";0;0;0;0
"2016";"37";"Indre-et-Loire";"Tous Logements";3867;2847;322315;246264
"2016";"37";"Indre-et-Loire";"Individuel pur";1370;1033;168820;126368
"2016";"37";"Indre-et-Loire";"Individuel groupé";508;305;42654;27563
"2016";"37";"Indre-et-Loire";"Collectif";1664;1462;95870;88247
"2016";"37";"Indre-et-Loire";"Résidence";325;47;14971;4086
"2016";"38";"Isère";"Tous Logements";8550;6307;747325;539103
"2016";"38";"Isère";"Individuel pur";2688;1722;313587;204856
"2016";"38";"Isère";"Individuel groupé";1105;810;99711;72504
"2016";"38";"Isère";"Collectif";4384;3732;306426;255061
"2016";"38";"Isère";"Résidence";373;43;27601;6682
"2016";"39";"Jura";"Tous Logements";842;714;91979;76439
"2016";"39";"Jura";"Individuel pur";532;448;65888;55109
"2016";"39";"Jura";"Individuel groupé";127;71;12702;6741
"2016";"39";"Jura";"Collectif";147;143;11104;11570
"2016";"39";"Jura";"Résidence";36;52;2285;3019
"2016";"40";"Landes";"Tous Logements";3916;2998;354482;276485
"2016";"40";"Landes";"Individuel pur";1808;1503;208006;175158
"2016";"40";"Landes";"Individuel groupé";623;418;53036;34452
"2016";"40";"Landes";"Collectif";1350;880;85738;57313
"2016";"40";"Landes";"Résidence";135;197;7702;9562
"2016";"41";"Loir-et-Cher";"Tous Logements";1051;761;103113;79377
"2016";"41";"Loir-et-Cher";"Individuel pur";579;432;69421;52879
"2016";"41";"Loir-et-Cher";"Individuel groupé";135;227;11687;19495
"2016";"41";"Loir-et-Cher";"Collectif";216;100;15408;6721
"2016";"41";"Loir-et-Cher";"Résidence";121;2;6597;282
"2016";"42";"Loire";"Tous Logements";3214;2024;298015;198703
"2016";"42";"Loire";"Individuel pur";1355;940;162922;114480
"2016";"42";"Loire";"Individuel groupé";302;147;28618;14162
"2016";"42";"Loire";"Collectif";1262;854;93411;66051
"2016";"42";"Loire";"Résidence";295;83;13064;4010
"2016";"43";"Haute-Loire";"Tous Logements";931;476;101900;52119
"2016";"43";"Haute-Loire";"Individuel pur";630;367;78049;44134
"2016";"43";"Haute-Loire";"Individuel groupé";94;36;8004;3370
"2016";"43";"Haute-Loire";"Collectif";188;54;14777;3545
"2016";"43";"Haute-Loire";"Résidence";19;19;1070;1070
"2016";"44";"Loire-Atlantique";"Tous Logements";15746;12653;1207012;979018
"2016";"44";"Loire-Atlantique";"Individuel pur";4575;3963;522124;453413
"2016";"44";"Loire-Atlantique";"Individuel groupé";1242;927;104501;78560
"2016";"44";"Loire-Atlantique";"Collectif";8811;6754;528956;408797
"2016";"44";"Loire-Atlantique";"Résidence";1118;1009;51431;38248
"2016";"45";"Loiret";"Tous Logements";3350;2577;294816;221691
"2016";"45";"Loiret";"Individuel pur";1260;1001;150201;120346
"2016";"45";"Loiret";"Individuel groupé";651;397;56368;33972
"2016";"45";"Loiret";"Collectif";1291;818;79334;51182
"2016";"45";"Loiret";"Résidence";148;361;8913;15968
"2016";"46";"Lot";"Tous Logements";676;514;71378;50140
"2016";"46";"Lot";"Individuel pur";508;368;57642;42215
"2016";"46";"Lot";"Individuel groupé";88;83;8846;5028
"2016";"46";"Lot";"Collectif";79;62;4817;2824
"2016";"46";"Lot";"Résidence";1;1;73;73
"2016";"47";"Lot-et-Garonne";"Tous Logements";996;855;110218;88506
"2016";"47";"Lot-et-Garonne";"Individuel pur";677;510;82422;61990
"2016";"47";"Lot-et-Garonne";"Individuel groupé";178;140;16957;13187
"2016";"47";"Lot-et-Garonne";"Collectif";58;79;5951;5689
"2016";"47";"Lot-et-Garonne";"Résidence";83;126;4888;7640
"2016";"48";"Lozère";"Tous Logements";320;221;33681;24164
"2016";"48";"Lozère";"Individuel pur";218;175;25300;19938
"2016";"48";"Lozère";"Individuel groupé";84;35;6759;3177
"2016";"48";"Lozère";"Collectif";18;10;1622;836
"2016";"48";"Lozère";"Résidence";0;1;0;213
"2016";"49";"Maine-et-Loire";"Tous Logements";3667;2771;327081;260737
"2016";"49";"Maine-et-Loire";"Individuel pur";1617;1370;189119;161601
"2016";"49";"Maine-et-Loire";"Individuel groupé";746;461;64751;40624
"2016";"49";"Maine-et-Loire";"Collectif";934;741;57918;49430
"2016";"49";"Maine-et-Loire";"Résidence";370;199;15293;9082
"2016";"50";"Manche";"Tous Logements";1843;1526;194643;163574
"2016";"50";"Manche";"Individuel pur";1354;1143;160281;134922
"2016";"50";"Manche";"Individuel groupé";142;206;12927;17788
"2016";"50";"Manche";"Collectif";261;177;17269;10864
"2016";"50";"Manche";"Résidence";86;0;4166;0
"2016";"51";"Marne";"Tous Logements";2876;2317;257677;187701
"2016";"51";"Marne";"Individuel pur";844;583;112917;77089
"2016";"51";"Marne";"Individuel groupé";238;131;24449;14143
"2016";"51";"Marne";"Collectif";1581;1484;107934;93192
"2016";"51";"Marne";"Résidence";213;119;12377;3277
"2016";"52";"Haute-Marne";"Tous Logements";256;172;27404;18952
"2016";"52";"Haute-Marne";"Individuel pur";139;100;17563;13199
"2016";"52";"Haute-Marne";"Individuel groupé";44;33;4433;2825
"2016";"52";"Haute-Marne";"Collectif";73;35;5408;2630
"2016";"52";"Haute-Marne";"Résidence";0;4;0;298
"2016";"53";"Mayenne";"Tous Logements";1389;881;138009;93346
"2016";"53";"Mayenne";"Individuel pur";809;628;93993;73916
"2016";"53";"Mayenne";"Individuel groupé";201;113;17123;9613
"2016";"53";"Mayenne";"Collectif";378;139;26746;9670
"2016";"53";"Mayenne";"Résidence";1;1;147;147
"2016";"54";"Meurthe-et-Moselle";"Tous Logements";2696;1608;235328;141861
"2016";"54";"Meurthe-et-Moselle";"Individuel pur";869;590;110698;75762
"2016";"54";"Meurthe-et-Moselle";"Individuel groupé";235;126;23361;11108
"2016";"54";"Meurthe-et-Moselle";"Collectif";1258;837;86961;53391
"2016";"54";"Meurthe-et-Moselle";"Résidence";334;55;14308;1600
"2016";"55";"Meuse";"Tous Logements";293;164;31721;21147
"2016";"55";"Meuse";"Individuel pur";196;134;25501;18607
"2016";"55";"Meuse";"Individuel groupé";26;17;1785;1296
"2016";"55";"Meuse";"Collectif";8;12;1106;1080
"2016";"55";"Meuse";"Résidence";63;1;3329;164
"2016";"56";"Morbihan";"Tous Logements";5067;3891;504827;390770
"2016";"56";"Morbihan";"Individuel pur";2995;2382;361616;285570
"2016";"56";"Morbihan";"Individuel groupé";370;308;32653;27522
"2016";"56";"Morbihan";"Collectif";1569;1161;101370;75143
"2016";"56";"Morbihan";"Résidence";133;40;9188;2535
"2016";"57";"Moselle";"Tous Logements";5547;3428;499084;326023
"2016";"57";"Moselle";"Individuel pur";1629;1285;225394;180221
"2016";"57";"Moselle";"Individuel groupé";571;429;55804;38248
"2016";"57";"Moselle";"Collectif";2739;1369;184729;90899
"2016";"57";"Moselle";"Résidence";608;345;33157;16655
"2016";"58";"Nièvre";"Tous Logements";486;296;42615;30011
"2016";"58";"Nièvre";"Individuel pur";233;169;26620;20290
"2016";"58";"Nièvre";"Individuel groupé";95;76;7792;6405
"2016";"58";"Nièvre";"Collectif";25;51;1215;3316
"2016";"58";"Nièvre";"Résidence";133;0;6988;0
"2016";"59";"Nord";"Tous Logements";12418;10094;973196;759052
"2016";"59";"Nord";"Individuel pur";2266;1524;291663;197906
"2016";"59";"Nord";"Individuel groupé";1785;1263;159153;110652
"2016";"59";"Nord";"Collectif";7368;6360;470243;410277
"2016";"59";"Nord";"Résidence";999;947;52137;40217
"2016";"60";"Oise";"Tous Logements";2848;2784;245729;232294
"2016";"60";"Oise";"Individuel pur";1136;825;129451;95251
"2016";"60";"Oise";"Individuel groupé";306;336;27524;30791
"2016";"60";"Oise";"Collectif";1188;1475;77682;100041
"2016";"60";"Oise";"Résidence";218;148;11072;6211
"2016";"61";"Orne";"Tous Logements";425;305;45595;33734
"2016";"61";"Orne";"Individuel pur";294;250;36256;30268
"2016";"61";"Orne";"Individuel groupé";56;19;4928;1980
"2016";"61";"Orne";"Collectif";54;36;2847;1486
"2016";"61";"Orne";"Résidence";21;0;1564;0
"2016";"62";"Pas-de-Calais";"Tous Logements";6086;4334;571612;405009
"2016";"62";"Pas-de-Calais";"Individuel pur";2527;1812;305422;220668
"2016";"62";"Pas-de-Calais";"Individuel groupé";1244;697;111126;63465
"2016";"62";"Pas-de-Calais";"Collectif";1925;1396;129981;96130
"2016";"62";"Pas-de-Calais";"Résidence";390;429;25083;24746
"2016";"63";"Puy-de-Dôme";"Tous Logements";3239;2856;315726;263405
"2016";"63";"Puy-de-Dôme";"Individuel pur";1624;1253;196244;151759
"2016";"63";"Puy-de-Dôme";"Individuel groupé";464;368;40535;31569
"2016";"63";"Puy-de-Dôme";"Collectif";1098;1154;72975;72516
"2016";"63";"Puy-de-Dôme";"Résidence";53;81;5972;7561
"2016";"64";"Pyrénées-Atlantiques";"Tous Logements";5483;5079;462798;412737
"2016";"64";"Pyrénées-Atlantiques";"Individuel pur";1517;1209;197627;159033
"2016";"64";"Pyrénées-Atlantiques";"Individuel groupé";529;555;48828;50469
"2016";"64";"Pyrénées-Atlantiques";"Collectif";3254;3101;207788;193870
"2016";"64";"Pyrénées-Atlantiques";"Résidence";183;214;8555;9365
"2016";"65";"Hautes-Pyrénées";"Tous Logements";1052;699;99626;67700
"2016";"65";"Hautes-Pyrénées";"Individuel pur";588;450;70674;52454
"2016";"65";"Hautes-Pyrénées";"Individuel groupé";152;91;12436;7621
"2016";"65";"Hautes-Pyrénées";"Collectif";244;91;14386;5540
"2016";"65";"Hautes-Pyrénées";"Résidence";68;67;2130;2085
"2016";"66";"Pyrénées-Orientales";"Tous Logements";3677;2905;324910;258800
"2016";"66";"Pyrénées-Orientales";"Individuel pur";1724;1337;192083;148978
"2016";"66";"Pyrénées-Orientales";"Individuel groupé";415;407;37153;38137
"2016";"66";"Pyrénées-Orientales";"Collectif";1435;1109;89058;68989
"2016";"66";"Pyrénées-Orientales";"Résidence";103;52;6616;2696
"2016";"67";"Bas-Rhin";"Tous Logements";9053;6114;738967;502954
"2016";"67";"Bas-Rhin";"Individuel pur";1662;1290;245063;194412
"2016";"67";"Bas-Rhin";"Individuel groupé";788;515;72311;49226
"2016";"67";"Bas-Rhin";"Collectif";6254;3783;403385;244165
"2016";"67";"Bas-Rhin";"Résidence";349;526;18208;15151
"2016";"68";"Haut-Rhin";"Tous Logements";3269;2717;353723;280313
"2016";"68";"Haut-Rhin";"Individuel pur";1262;943;194795;143944
"2016";"68";"Haut-Rhin";"Individuel groupé";564;413;60191;40566
"2016";"68";"Haut-Rhin";"Collectif";1389;1219;94274;87542
"2016";"68";"Haut-Rhin";"Résidence";54;142;4463;8261
"2016";"69";"Rhône";"Tous Logements";16128;13625;1135822;909586
"2016";"69";"Rhône";"Individuel pur";2051;1401;261121;182044
"2016";"69";"Rhône";"Individuel groupé";1077;566;101993;55343
"2016";"69";"Rhône";"Collectif";11087;9506;691326;596401
"2016";"69";"Rhône";"Résidence";1913;2152;81382;75761
"2016";"70";"Haute-Saône";"Tous Logements";739;560;77871;59737
"2016";"70";"Haute-Saône";"Individuel pur";455;353;56452;43895
"2016";"70";"Haute-Saône";"Individuel groupé";83;86;6931;7182
"2016";"70";"Haute-Saône";"Collectif";166;121;12109;8660
"2016";"70";"Haute-Saône";"Résidence";35;0;2379;0
"2016";"71";"Saône-et-Loire";"Tous Logements";1731;1548;182075;159600
"2016";"71";"Saône-et-Loire";"Individuel pur";1015;824;124741;101653
"2016";"71";"Saône-et-Loire";"Individuel groupé";229;175;19400;15773
"2016";"71";"Saône-et-Loire";"Collectif";242;273;18723;20319
"2016";"71";"Saône-et-Loire";"Résidence";245;276;19211;21855
"2016";"72";"Sarthe";"Tous Logements";2060;1789;188569;162198
"2016";"72";"Sarthe";"Individuel pur";1056;863;127785;104846
"2016";"72";"Sarthe";"Individuel groupé";180;210;15211;17239
"2016";"72";"Sarthe";"Collectif";263;248;15865;16203
"2016";"72";"Sarthe";"Résidence";561;468;29708;23910
"2016";"73";"Savoie";"Tous Logements";4444;3944;407880;333253
"2016";"73";"Savoie";"Individuel pur";1104;778;142366;98775
"2016";"73";"Savoie";"Individuel groupé";492;416;51390;41442
"2016";"73";"Savoie";"Collectif";2142;2294;155221;160733
"2016";"73";"Savoie";"Résidence";706;456;58903;32303
"2016";"74";"Haute-Savoie";"Tous Logements";12105;8292;1044225;699080
"2016";"74";"Haute-Savoie";"Individuel pur";2169;1393;310084;201677
"2016";"74";"Haute-Savoie";"Individuel groupé";1070;771;117169;83171
"2016";"74";"Haute-Savoie";"Collectif";8616;5876;599028;399091
"2016";"74";"Haute-Savoie";"Résidence";250;252;17944;15141
"2016";"75";"Paris";"Tous Logements";4099;1833;219433;108581
"2016";"75";"Paris";"Individuel pur";271;43;22596;4384
"2016";"75";"Paris";"Individuel groupé";43;20;3465;1459
"2016";"75";"Paris";"Collectif";2567;1475;157828;94932
"2016";"75";"Paris";"Résidence";1218;295;35544;7806
"2016";"76";"Seine-Maritime";"Tous Logements";7241;5287;590310;446210
"2016";"76";"Seine-Maritime";"Individuel pur";2115;1732;255362;209541
"2016";"76";"Seine-Maritime";"Individuel groupé";933;522;76351;46758
"2016";"76";"Seine-Maritime";"Collectif";3557;2323;231916;160397
"2016";"76";"Seine-Maritime";"Résidence";636;710;26681;29514
"2016";"77";"Seine-et-Marne";"Tous Logements";10253;8095;773811;579135
"2016";"77";"Seine-et-Marne";"Individuel pur";2100;1232;244251;143086
"2016";"77";"Seine-et-Marne";"Individuel groupé";810;877;70560;77867
"2016";"77";"Seine-et-Marne";"Collectif";6860;5306;431118;333834
"2016";"77";"Seine-et-Marne";"Résidence";483;680;27882;24348
"2016";"78";"Yvelines";"Tous Logements";9715;6590;689762;470558
"2016";"78";"Yvelines";"Individuel pur";1282;926;175330;126386
"2016";"78";"Yvelines";"Individuel groupé";595;405;60567;41883
"2016";"78";"Yvelines";"Collectif";7145;4732;428591;284800
"2016";"78";"Yvelines";"Résidence";693;527;25274;17439
"2016";"79";"Deux-Sèvres";"Tous Logements";1031;878;108168;94620
"2016";"79";"Deux-Sèvres";"Individuel pur";793;721;89489;82345
"2016";"79";"Deux-Sèvres";"Individuel groupé";152;71;11943;6241
"2016";"79";"Deux-Sèvres";"Collectif";79;83;6104;5667
"2016";"79";"Deux-Sèvres";"Résidence";7;3;632;361
"2016";"80";"Somme";"Tous Logements";3555;2446;260564;191969
"2016";"80";"Somme";"Individuel pur";891;702;106561;84536
"2016";"80";"Somme";"Individuel groupé";242;171;21308;15005
"2016";"80";"Somme";"Collectif";1909;1071;115867;69245
"2016";"80";"Somme";"Résidence";513;502;16828;23183
"2016";"81";"Tarn";"Tous Logements";1760;1273;170150;130268
"2016";"81";"Tarn";"Individuel pur";1138;928;129112;105047
"2016";"81";"Tarn";"Individuel groupé";166;152;14948;13293
"2016";"81";"Tarn";"Collectif";325;168;18163;11250
"2016";"81";"Tarn";"Résidence";131;25;7927;678
"2016";"82";"Tarn-et-Garonne";"Tous Logements";1147;842;121932;92263
"2016";"82";"Tarn-et-Garonne";"Individuel pur";795;622;94879;74695
"2016";"82";"Tarn-et-Garonne";"Individuel groupé";174;167;15501;14052
"2016";"82";"Tarn-et-Garonne";"Collectif";170;52;10489;3305
"2016";"82";"Tarn-et-Garonne";"Résidence";8;1;1063;211
"2016";"83";"Var";"Tous Logements";9635;7530;790695;598682
"2016";"83";"Var";"Individuel pur";2674;1893;334266;233164
"2016";"83";"Var";"Individuel groupé";888;658;87379;65053
"2016";"83";"Var";"Collectif";5504;4432;340376;269657
"2016";"83";"Var";"Résidence";569;547;28674;30808
"2016";"84";"Vaucluse";"Tous Logements";3505;3204;312991;275489
"2016";"84";"Vaucluse";"Individuel pur";1522;1107;170928;122868
"2016";"84";"Vaucluse";"Individuel groupé";873;923;73114;75022
"2016";"84";"Vaucluse";"Collectif";1016;1069;64727;74284
"2016";"84";"Vaucluse";"Résidence";94;105;4222;3315
"2016";"85";"Vendée";"Tous Logements";5009;4307;469585;407088
"2016";"85";"Vendée";"Individuel pur";3270;2822;351830;307306
"2016";"85";"Vendée";"Individuel groupé";592;531;47526;41959
"2016";"85";"Vendée";"Collectif";675;554;43733;36793
"2016";"85";"Vendée";"Résidence";472;400;26496;21030
"2016";"86";"Vienne";"Tous Logements";1462;1278;145619;119957
"2016";"86";"Vienne";"Individuel pur";939;768;107565;86580
"2016";"86";"Vienne";"Individuel groupé";221;231;18126;18076
"2016";"86";"Vienne";"Collectif";278;218;19225;12065
"2016";"86";"Vienne";"Résidence";24;61;703;3236
"2016";"87";"Haute-Vienne";"Tous Logements";1805;1215;151750;107515
"2016";"87";"Haute-Vienne";"Individuel pur";748;607;87834;71732
"2016";"87";"Haute-Vienne";"Individuel groupé";131;79;13551;7351
"2016";"87";"Haute-Vienne";"Collectif";208;320;13657;22599
"2016";"87";"Haute-Vienne";"Résidence";718;209;36708;5833
"2016";"88";"Vosges";"Tous Logements";897;575;98008;67256
"2016";"88";"Vosges";"Individuel pur";574;421;74832;55854
"2016";"88";"Vosges";"Individuel groupé";142;103;10066;7717
"2016";"88";"Vosges";"Collectif";125;49;9233;3547
"2016";"88";"Vosges";"Résidence";56;2;3877;138
"2016";"89";"Yonne";"Tous Logements";609;439;65144;45490
"2016";"89";"Yonne";"Individuel pur";379;259;45829;31848
"2016";"89";"Yonne";"Individuel groupé";86;43;7482;3231
"2016";"89";"Yonne";"Collectif";143;136;11685;10276
"2016";"89";"Yonne";"Résidence";1;1;148;135
"2016";"90";"Territoire de Belfort";"Tous Logements";440;423;45120;41851
"2016";"90";"Territoire de Belfort";"Individuel pur";222;187;29354;24706
"2016";"90";"Territoire de Belfort";"Individuel groupé";47;72;4672;7332
"2016";"90";"Territoire de Belfort";"Collectif";171;128;11094;7456
"2016";"90";"Territoire de Belfort";"Résidence";0;36;0;2357
"2016";"91";"Essonne";"Tous Logements";10705;7701;688022;498754
"2016";"91";"Essonne";"Individuel pur";1395;936;167782;123760
"2016";"91";"Essonne";"Individuel groupé";732;671;65268;57512
"2016";"91";"Essonne";"Collectif";6345;4076;387021;250347
"2016";"91";"Essonne";"Résidence";2233;2018;67951;67135
"2016";"92";"Hauts-de-Seine";"Tous Logements";13865;9719;874357;610809
"2016";"92";"Hauts-de-Seine";"Individuel pur";296;201;48636;34063
"2016";"92";"Hauts-de-Seine";"Individuel groupé";257;324;23575;32629
"2016";"92";"Hauts-de-Seine";"Collectif";11999;7662;759557;503741
"2016";"92";"Hauts-de-Seine";"Résidence";1313;1532;42589;40376
"2016";"93";"Seine-Saint-Denis";"Tous Logements";15804;10991;963140;682994
"2016";"93";"Seine-Saint-Denis";"Individuel pur";446;308;53401;37129
"2016";"93";"Seine-Saint-Denis";"Individuel groupé";245;237;25471;20737
"2016";"93";"Seine-Saint-Denis";"Collectif";13305;8949;820781;555011
"2016";"93";"Seine-Saint-Denis";"Résidence";1808;1497;63487;70117
"2016";"94";"Val-de-Marne";"Tous Logements";9698;8675;598972;518258
"2016";"94";"Val-de-Marne";"Individuel pur";471;302;61655;39303
"2016";"94";"Val-de-Marne";"Individuel groupé";303;373;29433;29553
"2016";"94";"Val-de-Marne";"Collectif";7533;6127;454413;377255
"2016";"94";"Val-de-Marne";"Résidence";1391;1873;53471;72147
"2016";"95";"Val-d'Oise";"Tous Logements";9309;5836;640977;402552
"2016";"95";"Val-d'Oise";"Individuel pur";839;586;110198;76871
"2016";"95";"Val-d'Oise";"Individuel groupé";586;465;54639;42538
"2016";"95";"Val-d'Oise";"Collectif";7432;4031;449573;247339
"2016";"95";"Val-d'Oise";"Résidence";452;754;26567;35804
"2016";"971";"Guadeloupe";"Tous Logements";3179;1836;263819;144435
"2016";"971";"Guadeloupe";"Individuel pur";1634;774;160492;76688
"2016";"971";"Guadeloupe";"Individuel groupé";525;218;36346;14504
"2016";"971";"Guadeloupe";"Collectif";845;838;54981;53047
"2016";"971";"Guadeloupe";"Résidence";175;6;12000;196
"2016";"972";"Martinique";"Tous Logements";2245;1766;176415;130393
"2016";"972";"Martinique";"Individuel pur";853;501;85498;51464
"2016";"972";"Martinique";"Individuel groupé";440;308;31890;21746
"2016";"972";"Martinique";"Collectif";906;947;57197;57064
"2016";"972";"Martinique";"Résidence";46;10;1830;119
"2016";"973";"Guyane";"Tous Logements";1515;1639;125160;116063
"2016";"973";"Guyane";"Individuel pur";198;93;22580;10027
"2016";"973";"Guyane";"Individuel groupé";251;207;24127;18789
"2016";"973";"Guyane";"Collectif";775;1101;60753;74016
"2016";"973";"Guyane";"Résidence";291;238;17700;13231
"2016";"974";"La Réunion";"Tous Logements";6941;5280;534614;424272
"2016";"974";"La Réunion";"Individuel pur";2542;2045;253968;204216
"2016";"974";"La Réunion";"Individuel groupé";1064;773;84334;60009
"2016";"974";"La Réunion";"Collectif";2976;2460;179574;159796
"2016";"974";"La Réunion";"Résidence";359;2;16738;251
"2016";"976";"Mayotte";"Tous Logements";1246;243;117946;26371
"2016";"976";"Mayotte";"Individuel pur";372;99;45774;12432
"2016";"976";"Mayotte";"Individuel groupé";438;125;38291;12212
"2016";"976";"Mayotte";"Collectif";436;16;33881;1422
"2016";"976";"Mayotte";"Résidence";0;3;0;305
"2015";"01";"Ain";"Tous Logements";5044;3641;430797;311082
"2015";"01";"Ain";"Individuel pur";1319;887;157862;106086
"2015";"01";"Ain";"Individuel groupé";766;490;72973;45590
"2015";"01";"Ain";"Collectif";2662;2021;184208;146067
"2015";"01";"Ain";"Résidence";297;243;15754;13339
"2015";"02";"Aisne";"Tous Logements";1106;875;105701;85289
"2015";"02";"Aisne";"Individuel pur";590;477;69083;55438
"2015";"02";"Aisne";"Individuel groupé";135;101;10373;9104
"2015";"02";"Aisne";"Collectif";380;274;26105;20317
"2015";"02";"Aisne";"Résidence";1;23;140;430
"2015";"03";"Allier";"Tous Logements";717;748;76302;71307
"2015";"03";"Allier";"Individuel pur";491;410;62637;51291
"2015";"03";"Allier";"Individuel groupé";42;22;3438;1736
"2015";"03";"Allier";"Collectif";76;88;4491;5138
"2015";"03";"Allier";"Résidence";108;228;5736;13142
"2015";"04";"Alpes-de-Haute-Provence";"Tous Logements";754;595;68908;54671
"2015";"04";"Alpes-de-Haute-Provence";"Individuel pur";380;272;42290;30926
"2015";"04";"Alpes-de-Haute-Provence";"Individuel groupé";144;145;11675;11223
"2015";"04";"Alpes-de-Haute-Provence";"Collectif";205;177;14133;12466
"2015";"04";"Alpes-de-Haute-Provence";"Résidence";25;1;810;56
"2015";"05";"Hautes-Alpes";"Tous Logements";757;596;73156;57538
"2015";"05";"Hautes-Alpes";"Individuel pur";419;311;49154;37024
"2015";"05";"Hautes-Alpes";"Individuel groupé";85;73;7344;7049
"2015";"05";"Hautes-Alpes";"Collectif";253;136;16658;9546
"2015";"05";"Hautes-Alpes";"Résidence";0;76;0;3919
"2015";"06";"Alpes-Maritimes";"Tous Logements";7023;4899;500634;332618
"2015";"06";"Alpes-Maritimes";"Individuel pur";805;491;121974;75401
"2015";"06";"Alpes-Maritimes";"Individuel groupé";509;434;54193;37922
"2015";"06";"Alpes-Maritimes";"Collectif";5118;3407;300322;200467
"2015";"06";"Alpes-Maritimes";"Résidence";591;567;24145;18828
"2015";"07";"Ardèche";"Tous Logements";1732;1276;174041;129298
"2015";"07";"Ardèche";"Individuel pur";1079;824;122886;95122
"2015";"07";"Ardèche";"Individuel groupé";275;249;24977;22075
"2015";"07";"Ardèche";"Collectif";259;89;18306;6111
"2015";"07";"Ardèche";"Résidence";119;114;7872;5990
"2015";"08";"Ardennes";"Tous Logements";596;382;59868;41271
"2015";"08";"Ardennes";"Individuel pur";267;202;34733;26704
"2015";"08";"Ardennes";"Individuel groupé";115;78;10147;7379
"2015";"08";"Ardennes";"Collectif";214;102;14988;7188
"2015";"08";"Ardennes";"Résidence";0;0;0;0
"2015";"09";"Ariège";"Tous Logements";487;398;49665;41154
"2015";"09";"Ariège";"Individuel pur";334;280;38544;32380
"2015";"09";"Ariège";"Individuel groupé";64;27;4970;2469
"2015";"09";"Ariège";"Collectif";89;91;6151;6305
"2015";"09";"Ariège";"Résidence";0;0;0;0
"2015";"10";"Aube";"Tous Logements";887;1005;84519;89976
"2015";"10";"Aube";"Individuel pur";445;358;53911;44434
"2015";"10";"Aube";"Individuel groupé";164;154;14150;12551
"2015";"10";"Aube";"Collectif";209;469;14493;32332
"2015";"10";"Aube";"Résidence";69;24;1965;659
"2015";"11";"Aude";"Tous Logements";2000;1542;186129;143583
"2015";"11";"Aude";"Individuel pur";975;819;110935;91852
"2015";"11";"Aude";"Individuel groupé";443;249;37759;20795
"2015";"11";"Aude";"Collectif";553;451;35178;28814
"2015";"11";"Aude";"Résidence";29;23;2257;2122
"2015";"12";"Aveyron";"Tous Logements";1120;1009;112744;97673
"2015";"12";"Aveyron";"Individuel pur";618;526;76349;64303
"2015";"12";"Aveyron";"Individuel groupé";94;59;8612;6401
"2015";"12";"Aveyron";"Collectif";408;322;27783;22451
"2015";"12";"Aveyron";"Résidence";0;102;0;4518
"2015";"13";"Bouches-du-Rhône";"Tous Logements";12499;10616;924531;791513
"2015";"13";"Bouches-du-Rhône";"Individuel pur";2185;1607;264030;195072
"2015";"13";"Bouches-du-Rhône";"Individuel groupé";1169;1149;108954;102086
"2015";"13";"Bouches-du-Rhône";"Collectif";8536;6875;531025;437421
"2015";"13";"Bouches-du-Rhône";"Résidence";609;985;20522;56910
"2015";"14";"Calvados";"Tous Logements";3952;3512;332788;287807
"2015";"14";"Calvados";"Individuel pur";1379;1163;164215;140431
"2015";"14";"Calvados";"Individuel groupé";482;443;41229;37574
"2015";"14";"Calvados";"Collectif";1973;1720;120817;103801
"2015";"14";"Calvados";"Résidence";118;186;6527;6001
"2015";"15";"Cantal";"Tous Logements";462;347;47629;38032
"2015";"15";"Cantal";"Individuel pur";304;266;36189;31513
"2015";"15";"Cantal";"Individuel groupé";45;52;4099;4209
"2015";"15";"Cantal";"Collectif";23;28;1394;2112
"2015";"15";"Cantal";"Résidence";90;1;5947;198
"2015";"16";"Charente";"Tous Logements";969;776;99182;82380
"2015";"16";"Charente";"Individuel pur";674;558;78664;66057
"2015";"16";"Charente";"Individuel groupé";133;110;12620;9420
"2015";"16";"Charente";"Collectif";152;108;7228;6903
"2015";"16";"Charente";"Résidence";10;0;670;0
"2015";"17";"Charente-Maritime";"Tous Logements";5013;3460;424219;316296
"2015";"17";"Charente-Maritime";"Individuel pur";2329;1901;262124;214980
"2015";"17";"Charente-Maritime";"Individuel groupé";517;318;40615;27224
"2015";"17";"Charente-Maritime";"Collectif";1161;1132;71092;68811
"2015";"17";"Charente-Maritime";"Résidence";1006;109;50388;5281
"2015";"18";"Cher";"Tous Logements";561;511;62564;56178
"2015";"18";"Cher";"Individuel pur";426;364;52319;44609
"2015";"18";"Cher";"Individuel groupé";112;104;8893;9001
"2015";"18";"Cher";"Collectif";23;43;1352;2568
"2015";"18";"Cher";"Résidence";0;0;0;0
"2015";"19";"Corrèze";"Tous Logements";699;526;73721;55436
"2015";"19";"Corrèze";"Individuel pur";457;416;53660;50107
"2015";"19";"Corrèze";"Individuel groupé";114;20;11091;1577
"2015";"19";"Corrèze";"Collectif";128;75;8970;3280
"2015";"19";"Corrèze";"Résidence";0;15;0;472
"2015";"21";"Côte-d'Or";"Tous Logements";2550;2160;200028;162650
"2015";"21";"Côte-d'Or";"Individuel pur";735;569;91974;71815
"2015";"21";"Côte-d'Or";"Individuel groupé";155;124;13082;10153
"2015";"21";"Côte-d'Or";"Collectif";1495;1239;89648;75145
"2015";"21";"Côte-d'Or";"Résidence";165;228;5324;5537
"2015";"22";"Côtes-d'Armor";"Tous Logements";2570;2150;264985;220230
"2015";"22";"Côtes-d'Armor";"Individuel pur";1715;1399;202370;163438
"2015";"22";"Côtes-d'Armor";"Individuel groupé";312;283;26483;25453
"2015";"22";"Côtes-d'Armor";"Collectif";444;463;29374;31096
"2015";"22";"Côtes-d'Armor";"Résidence";99;5;6758;243
"2015";"23";"Creuse";"Tous Logements";199;180;22380;21148
"2015";"23";"Creuse";"Individuel pur";173;169;20369;20168
"2015";"23";"Creuse";"Individuel groupé";18;7;1657;698
"2015";"23";"Creuse";"Collectif";8;4;354;282
"2015";"23";"Creuse";"Résidence";0;0;0;0
"2015";"24";"Dordogne";"Tous Logements";1511;1257;158422;139302
"2015";"24";"Dordogne";"Individuel pur";1108;1031;130209;120336
"2015";"24";"Dordogne";"Individuel groupé";219;179;17899;15588
"2015";"24";"Dordogne";"Collectif";70;45;5124;3278
"2015";"24";"Dordogne";"Résidence";114;2;5190;100
"2015";"25";"Doubs";"Tous Logements";2341;2322;234676;224461
"2015";"25";"Doubs";"Individuel pur";1027;881;135919;117859
"2015";"25";"Doubs";"Individuel groupé";304;280;28559;25946
"2015";"25";"Doubs";"Collectif";992;1032;68598;72521
"2015";"25";"Doubs";"Résidence";18;129;1600;8135
"2015";"26";"Drôme";"Tous Logements";2681;2436;252166;218648
"2015";"26";"Drôme";"Individuel pur";1249;994;142248;113091
"2015";"26";"Drôme";"Individuel groupé";495;508;45331;45409
"2015";"26";"Drôme";"Collectif";804;680;59188;48587
"2015";"26";"Drôme";"Résidence";133;254;5399;11514
"2015";"27";"Eure";"Tous Logements";2233;1882;222517;183294
"2015";"27";"Eure";"Individuel pur";1416;1100;165566;125153
"2015";"27";"Eure";"Individuel groupé";240;312;21608;27816
"2015";"27";"Eure";"Collectif";533;410;34116;26719
"2015";"27";"Eure";"Résidence";44;60;1227;3606
"2015";"28";"Eure-et-Loir";"Tous Logements";1621;1206;143288;106646
"2015";"28";"Eure-et-Loir";"Individuel pur";665;527;80272;62387
"2015";"28";"Eure-et-Loir";"Individuel groupé";269;200;22754;16175
"2015";"28";"Eure-et-Loir";"Collectif";681;420;39877;23577
"2015";"28";"Eure-et-Loir";"Résidence";6;59;385;4507
"2015";"29";"Finistère";"Tous Logements";3710;3602;358807;333462
"2015";"29";"Finistère";"Individuel pur";2204;1870;255750;216577
"2015";"29";"Finistère";"Individuel groupé";504;531;40724;42419
"2015";"29";"Finistère";"Collectif";981;1007;61069;65235
"2015";"29";"Finistère";"Résidence";21;194;1264;9231
"2015";"2A";"Corse-du-Sud";"Tous Logements";3533;1065;277183;97939
"2015";"2A";"Corse-du-Sud";"Individuel pur";569;369;79403;50331
"2015";"2A";"Corse-du-Sud";"Individuel groupé";332;213;29892;17034
"2015";"2A";"Corse-du-Sud";"Collectif";2628;358;167675;22776
"2015";"2A";"Corse-du-Sud";"Résidence";4;125;213;7798
"2015";"2B";"Haute-Corse";"Tous Logements";1534;1148;133489;96694
"2015";"2B";"Haute-Corse";"Individuel pur";473;346;60032;42112
"2015";"2B";"Haute-Corse";"Individuel groupé";192;165;17027;14778
"2015";"2B";"Haute-Corse";"Collectif";869;637;56430;39804
"2015";"2B";"Haute-Corse";"Résidence";0;0;0;0
"2015";"30";"Gard";"Tous Logements";3422;3432;323544;294469
"2015";"30";"Gard";"Individuel pur";1815;1492;207938;170617
"2015";"30";"Gard";"Individuel groupé";597;473;53983;40710
"2015";"30";"Gard";"Collectif";844;881;56438;56020
"2015";"30";"Gard";"Résidence";166;586;5185;27122
"2015";"31";"Haute-Garonne";"Tous Logements";15151;12693;1096109;892908
"2015";"31";"Haute-Garonne";"Individuel pur";2669;2182;324991;265031
"2015";"31";"Haute-Garonne";"Individuel groupé";1913;1698;162521;135862
"2015";"31";"Haute-Garonne";"Collectif";10179;8014;591487;455930
"2015";"31";"Haute-Garonne";"Résidence";390;799;17110;36085
"2015";"32";"Gers";"Tous Logements";851;537;90042;57462
"2015";"32";"Gers";"Individuel pur";478;394;58179;46254
"2015";"32";"Gers";"Individuel groupé";88;57;9217;5160
"2015";"32";"Gers";"Collectif";227;86;16317;6048
"2015";"32";"Gers";"Résidence";58;0;6329;0
"2015";"33";"Gironde";"Tous Logements";17586;14811;1368539;1168833
"2015";"33";"Gironde";"Individuel pur";4273;3452;503131;406175
"2015";"33";"Gironde";"Individuel groupé";2487;1710;205837;147143
"2015";"33";"Gironde";"Collectif";10003;8724;619501;573644
"2015";"33";"Gironde";"Résidence";823;925;40070;41818
"2015";"34";"Hérault";"Tous Logements";11384;10391;858369;751714
"2015";"34";"Hérault";"Individuel pur";2679;2138;307454;246483
"2015";"34";"Hérault";"Individuel groupé";1475;1253;114693;103349
"2015";"34";"Hérault";"Collectif";6541;5667;403790;349218
"2015";"34";"Hérault";"Résidence";689;1333;32432;52628
"2015";"35";"Ille-et-Vilaine";"Tous Logements";7451;7558;647752;654670
"2015";"35";"Ille-et-Vilaine";"Individuel pur";2585;2264;325863;286486
"2015";"35";"Ille-et-Vilaine";"Individuel groupé";411;529;37206;49170
"2015";"35";"Ille-et-Vilaine";"Collectif";4003;4325;271018;295576
"2015";"35";"Ille-et-Vilaine";"Résidence";452;440;13665;23438
"2015";"36";"Indre";"Tous Logements";493;353;51829;40726
"2015";"36";"Indre";"Individuel pur";269;240;32360;29003
"2015";"36";"Indre";"Individuel groupé";125;24;10501;2159
"2015";"36";"Indre";"Collectif";98;86;8726;8960
"2015";"36";"Indre";"Résidence";1;3;242;604
"2015";"37";"Indre-et-Loire";"Tous Logements";3579;2551;296493;224494
"2015";"37";"Indre-et-Loire";"Individuel pur";1194;999;147723;125096
"2015";"37";"Indre-et-Loire";"Individuel groupé";364;269;32538;25222
"2015";"37";"Indre-et-Loire";"Collectif";1747;1123;106143;70448
"2015";"37";"Indre-et-Loire";"Résidence";274;160;10089;3728
"2015";"38";"Isère";"Tous Logements";6479;5981;581792;521160
"2015";"38";"Isère";"Individuel pur";2269;1736;273503;208039
"2015";"38";"Isère";"Individuel groupé";900;804;80114;73667
"2015";"38";"Isère";"Collectif";3104;3305;211733;234520
"2015";"38";"Isère";"Résidence";206;136;16442;4934
"2015";"39";"Jura";"Tous Logements";831;698;94441;80333
"2015";"39";"Jura";"Individuel pur";580;476;72130;60264
"2015";"39";"Jura";"Individuel groupé";83;95;7444;8438
"2015";"39";"Jura";"Collectif";167;126;14707;11471
"2015";"39";"Jura";"Résidence";1;1;160;160
"2015";"40";"Landes";"Tous Logements";3078;2194;295817;221658
"2015";"40";"Landes";"Individuel pur";1680;1398;199275;165734
"2015";"40";"Landes";"Individuel groupé";373;270;30381;22860
"2015";"40";"Landes";"Collectif";841;495;56272;30986
"2015";"40";"Landes";"Résidence";184;31;9889;2078
"2015";"41";"Loir-et-Cher";"Tous Logements";777;865;84404;87883
"2015";"41";"Loir-et-Cher";"Individuel pur";494;422;60531;52825
"2015";"41";"Loir-et-Cher";"Individuel groupé";176;150;15514;13344
"2015";"41";"Loir-et-Cher";"Collectif";105;286;8077;20996
"2015";"41";"Loir-et-Cher";"Résidence";2;7;282;697
"2015";"42";"Loire";"Tous Logements";2929;1724;286148;174792
"2015";"42";"Loire";"Individuel pur";1316;950;158856;113109
"2015";"42";"Loire";"Individuel groupé";293;256;29679;22260
"2015";"42";"Loire";"Collectif";1200;504;90829;38224
"2015";"42";"Loire";"Résidence";120;14;6784;1199
"2015";"43";"Haute-Loire";"Tous Logements";909;795;90098;79764
"2015";"43";"Haute-Loire";"Individuel pur";499;434;62453;54847
"2015";"43";"Haute-Loire";"Individuel groupé";69;51;5533;4054
"2015";"43";"Haute-Loire";"Collectif";335;181;21812;13245
"2015";"43";"Haute-Loire";"Résidence";6;129;300;7618
"2015";"44";"Loire-Atlantique";"Tous Logements";12250;12625;977583;970673
"2015";"44";"Loire-Atlantique";"Individuel pur";3942;3290;453594;377655
"2015";"44";"Loire-Atlantique";"Individuel groupé";1098;1098;93024;95403
"2015";"44";"Loire-Atlantique";"Collectif";6408;7362;392910;457811
"2015";"44";"Loire-Atlantique";"Résidence";802;875;38055;39539
"2015";"45";"Loiret";"Tous Logements";3138;2422;269280;227435
"2015";"45";"Loiret";"Individuel pur";1220;985;146292;118818
"2015";"45";"Loiret";"Individuel groupé";488;639;43969;57765
"2015";"45";"Loiret";"Collectif";1054;779;64811;49198
"2015";"45";"Loiret";"Résidence";376;19;14208;1654
"2015";"46";"Lot";"Tous Logements";894;495;83196;54834
"2015";"46";"Lot";"Individuel pur";581;408;67629;47961
"2015";"46";"Lot";"Individuel groupé";105;57;6290;4344
"2015";"46";"Lot";"Collectif";68;28;3709;2317
"2015";"46";"Lot";"Résidence";140;2;5568;212
"2015";"47";"Lot-et-Garonne";"Tous Logements";976;785;105421;89582
"2015";"47";"Lot-et-Garonne";"Individuel pur";636;581;78940;71975
"2015";"47";"Lot-et-Garonne";"Individuel groupé";121;134;10862;12132
"2015";"47";"Lot-et-Garonne";"Collectif";91;66;7873;5395
"2015";"47";"Lot-et-Garonne";"Résidence";128;4;7746;80
"2015";"48";"Lozère";"Tous Logements";281;301;30042;30628
"2015";"48";"Lozère";"Individuel pur";210;190;25231;23091
"2015";"48";"Lozère";"Individuel groupé";36;27;2451;2400
"2015";"48";"Lozère";"Collectif";33;80;2059;4937
"2015";"48";"Lozère";"Résidence";2;4;301;200
"2015";"49";"Maine-et-Loire";"Tous Logements";3564;3696;300136;305543
"2015";"49";"Maine-et-Loire";"Individuel pur";1391;1234;167286;148285
"2015";"49";"Maine-et-Loire";"Individuel groupé";455;495;38553;42223
"2015";"49";"Maine-et-Loire";"Collectif";1057;1376;72565;94988
"2015";"49";"Maine-et-Loire";"Résidence";661;591;21732;20025
"2015";"50";"Manche";"Tous Logements";1751;1320;183829;146267
"2015";"50";"Manche";"Individuel pur";1236;1061;146148;126269
"2015";"50";"Manche";"Individuel groupé";208;119;17960;10506
"2015";"50";"Manche";"Collectif";211;140;13815;9446
"2015";"50";"Manche";"Résidence";96;0;5906;0
"2015";"51";"Marne";"Tous Logements";2061;2019;194256;182560
"2015";"51";"Marne";"Individuel pur";751;591;97834;78671
"2015";"51";"Marne";"Individuel groupé";304;185;30230;18132
"2015";"51";"Marne";"Collectif";842;1024;58066;70080
"2015";"51";"Marne";"Résidence";164;219;8126;15677
"2015";"52";"Haute-Marne";"Tous Logements";245;269;29728;30890
"2015";"52";"Haute-Marne";"Individuel pur";180;163;24495;20719
"2015";"52";"Haute-Marne";"Individuel groupé";29;60;2747;6189
"2015";"52";"Haute-Marne";"Collectif";32;46;2188;3982
"2015";"52";"Haute-Marne";"Résidence";4;0;298;0
"2015";"53";"Mayenne";"Tous Logements";870;792;91126;83771
"2015";"53";"Mayenne";"Individuel pur";588;522;69899;61687
"2015";"53";"Mayenne";"Individuel groupé";113;141;9143;11818
"2015";"53";"Mayenne";"Collectif";159;119;11556;9738
"2015";"53";"Mayenne";"Résidence";10;10;528;528
"2015";"54";"Meurthe-et-Moselle";"Tous Logements";2380;1635;201716;152926
"2015";"54";"Meurthe-et-Moselle";"Individuel pur";720;546;97629;73859
"2015";"54";"Meurthe-et-Moselle";"Individuel groupé";233;221;22316;23180
"2015";"54";"Meurthe-et-Moselle";"Collectif";1117;731;70266;46251
"2015";"54";"Meurthe-et-Moselle";"Résidence";310;137;11505;9636
"2015";"55";"Meuse";"Tous Logements";269;244;30767;27724
"2015";"55";"Meuse";"Individuel pur";181;161;24826;22407
"2015";"55";"Meuse";"Individuel groupé";35;32;3394;2943
"2015";"55";"Meuse";"Collectif";23;21;1547;1374
"2015";"55";"Meuse";"Résidence";30;30;1000;1000
"2015";"56";"Morbihan";"Tous Logements";4425;3716;423495;352948
"2015";"56";"Morbihan";"Individuel pur";2383;1926;284520;229305
"2015";"56";"Morbihan";"Individuel groupé";338;334;30531;27728
"2015";"56";"Morbihan";"Collectif";1563;1192;100187;81548
"2015";"56";"Morbihan";"Résidence";141;264;8257;14367
"2015";"57";"Moselle";"Tous Logements";4239;3516;431081;358554
"2015";"57";"Moselle";"Individuel pur";1638;1272;232200;183449
"2015";"57";"Moselle";"Individuel groupé";750;475;69881;49410
"2015";"57";"Moselle";"Collectif";1738;1716;121582;122111
"2015";"57";"Moselle";"Résidence";113;53;7418;3584
"2015";"58";"Nièvre";"Tous Logements";336;354;39901;33114
"2015";"58";"Nièvre";"Individuel pur";238;189;31063;23184
"2015";"58";"Nièvre";"Individuel groupé";63;31;6129;3151
"2015";"58";"Nièvre";"Collectif";34;133;2410;6480
"2015";"58";"Nièvre";"Résidence";1;1;299;299
"2015";"59";"Nord";"Tous Logements";10562;8639;840180;683662
"2015";"59";"Nord";"Individuel pur";2169;1670;286874;218322
"2015";"59";"Nord";"Individuel groupé";1753;1493;148466;126849
"2015";"59";"Nord";"Collectif";5742;4503;369314;297498
"2015";"59";"Nord";"Résidence";898;973;35526;40993
"2015";"60";"Oise";"Tous Logements";2650;2223;239761;190131
"2015";"60";"Oise";"Individuel pur";1062;801;122822;93017
"2015";"60";"Oise";"Individuel groupé";551;320;49101;28391
"2015";"60";"Oise";"Collectif";960;1014;63446;65576
"2015";"60";"Oise";"Résidence";77;88;4392;3147
"2015";"61";"Orne";"Tous Logements";414;406;45562;43844
"2015";"61";"Orne";"Individuel pur";297;277;37118;34077
"2015";"61";"Orne";"Individuel groupé";15;26;1407;1961
"2015";"61";"Orne";"Collectif";95;96;6699;7468
"2015";"61";"Orne";"Résidence";7;7;338;338
"2015";"62";"Pas-de-Calais";"Tous Logements";5224;4064;496445;385622
"2015";"62";"Pas-de-Calais";"Individuel pur";2161;1656;263247;197893
"2015";"62";"Pas-de-Calais";"Individuel groupé";1046;828;93965;75791
"2015";"62";"Pas-de-Calais";"Collectif";1674;1403;119993;103788
"2015";"62";"Pas-de-Calais";"Résidence";343;177;19240;8150
"2015";"63";"Puy-de-Dôme";"Tous Logements";3390;2962;314117;270732
"2015";"63";"Puy-de-Dôme";"Individuel pur";1472;1241;177141;150057
"2015";"63";"Puy-de-Dôme";"Individuel groupé";420;316;36849;26660
"2015";"63";"Puy-de-Dôme";"Collectif";1368;1316;93647;89728
"2015";"63";"Puy-de-Dôme";"Résidence";130;89;6480;4287
"2015";"64";"Pyrénées-Atlantiques";"Tous Logements";5030;3907;429119;341729
"2015";"64";"Pyrénées-Atlantiques";"Individuel pur";1447;1207;189554;157371
"2015";"64";"Pyrénées-Atlantiques";"Individuel groupé";515;505;47568;41602
"2015";"64";"Pyrénées-Atlantiques";"Collectif";2938;2191;186172;142499
"2015";"64";"Pyrénées-Atlantiques";"Résidence";130;4;5825;257
"2015";"65";"Hautes-Pyrénées";"Tous Logements";676;671;76190;73246
"2015";"65";"Hautes-Pyrénées";"Individuel pur";521;445;63549;55409
"2015";"65";"Hautes-Pyrénées";"Individuel groupé";73;113;7136;9178
"2015";"65";"Hautes-Pyrénées";"Collectif";78;105;5395;8409
"2015";"65";"Hautes-Pyrénées";"Résidence";4;8;110;250
"2015";"66";"Pyrénées-Orientales";"Tous Logements";2898;2399;274118;219126
"2015";"66";"Pyrénées-Orientales";"Individuel pur";1500;1193;169124;134015
"2015";"66";"Pyrénées-Orientales";"Individuel groupé";501;413;43915;35935
"2015";"66";"Pyrénées-Orientales";"Collectif";890;636;60411;43486
"2015";"66";"Pyrénées-Orientales";"Résidence";7;157;668;5690
"2015";"67";"Bas-Rhin";"Tous Logements";7002;6682;570491;563347
"2015";"67";"Bas-Rhin";"Individuel pur";1507;1181;231139;187469
"2015";"67";"Bas-Rhin";"Individuel groupé";597;515;59818;50643
"2015";"67";"Bas-Rhin";"Collectif";4232;4918;256721;321233
"2015";"67";"Bas-Rhin";"Résidence";666;68;22813;4002
"2015";"68";"Haut-Rhin";"Tous Logements";3362;2638;358504;292790
"2015";"68";"Haut-Rhin";"Individuel pur";1179;951;180438;152248
"2015";"68";"Haut-Rhin";"Individuel groupé";609;414;67865;48219
"2015";"68";"Haut-Rhin";"Collectif";1331;1131;96114;84593
"2015";"68";"Haut-Rhin";"Résidence";243;142;14087;7730
"2015";"69";"Rhône";"Tous Logements";12913;10469;902007;754798
"2015";"69";"Rhône";"Individuel pur";1705;1180;216952;150744
"2015";"69";"Rhône";"Individuel groupé";848;708;81435;63632
"2015";"69";"Rhône";"Collectif";8497;7932;536288;514150
"2015";"69";"Rhône";"Résidence";1863;649;67332;26272
"2015";"70";"Haute-Saône";"Tous Logements";637;487;72589;58846
"2015";"70";"Haute-Saône";"Individuel pur";467;379;59207;49181
"2015";"70";"Haute-Saône";"Individuel groupé";97;75;7737;6370
"2015";"70";"Haute-Saône";"Collectif";73;25;5645;2055
"2015";"70";"Haute-Saône";"Résidence";0;8;0;1240
"2015";"71";"Saône-et-Loire";"Tous Logements";1654;1186;168691;126565
"2015";"71";"Saône-et-Loire";"Individuel pur";927;807;111239;97485
"2015";"71";"Saône-et-Loire";"Individuel groupé";215;171;18791;14299
"2015";"71";"Saône-et-Loire";"Collectif";360;206;26003;14417
"2015";"71";"Saône-et-Loire";"Résidence";152;2;12658;364
"2015";"72";"Sarthe";"Tous Logements";1419;1361;148960;143017
"2015";"72";"Sarthe";"Individuel pur";876;734;108049;90913
"2015";"72";"Sarthe";"Individuel groupé";197;271;16979;24740
"2015";"72";"Sarthe";"Collectif";346;356;23932;27312
"2015";"72";"Sarthe";"Résidence";0;0;0;0
"2015";"73";"Savoie";"Tous Logements";3713;2509;325557;227837
"2015";"73";"Savoie";"Individuel pur";871;710;111468;93952
"2015";"73";"Savoie";"Individuel groupé";458;256;45766;24830
"2015";"73";"Savoie";"Collectif";2005;1349;143495;95489
"2015";"73";"Savoie";"Résidence";379;194;24828;13566
"2015";"74";"Haute-Savoie";"Tous Logements";9546;7898;829953;642744
"2015";"74";"Haute-Savoie";"Individuel pur";1774;1184;257195;169553
"2015";"74";"Haute-Savoie";"Individuel groupé";1170;680;127219;76182
"2015";"74";"Haute-Savoie";"Collectif";6413;5424;434031;371609
"2015";"74";"Haute-Savoie";"Résidence";189;610;11508;25400
"2015";"75";"Paris";"Tous Logements";5440;4870;301450;264997
"2015";"75";"Paris";"Individuel pur";239;42;19264;3951
"2015";"75";"Paris";"Individuel groupé";28;24;2340;1810
"2015";"75";"Paris";"Collectif";3533;3235;226993;213114
"2015";"75";"Paris";"Résidence";1640;1569;52853;46122
"2015";"76";"Seine-Maritime";"Tous Logements";5943;5857;512704;482134
"2015";"76";"Seine-Maritime";"Individuel pur";2045;1744;250662;215796
"2015";"76";"Seine-Maritime";"Individuel groupé";442;511;40428;47915
"2015";"76";"Seine-Maritime";"Collectif";2790;2826;194476;188183
"2015";"76";"Seine-Maritime";"Résidence";666;776;27138;30240
"2015";"77";"Seine-et-Marne";"Tous Logements";9292;6329;700604;479611
"2015";"77";"Seine-et-Marne";"Individuel pur";1963;1234;227019;147955
"2015";"77";"Seine-et-Marne";"Individuel groupé";979;520;86257;46106
"2015";"77";"Seine-et-Marne";"Collectif";5811;4003;371336;264518
"2015";"77";"Seine-et-Marne";"Résidence";539;572;15992;20987
"2015";"78";"Yvelines";"Tous Logements";8937;6684;620290;484494
"2015";"78";"Yvelines";"Individuel pur";1149;797;158763;112047
"2015";"78";"Yvelines";"Individuel groupé";457;396;47116;42335
"2015";"78";"Yvelines";"Collectif";6511;5072;389648;319214
"2015";"78";"Yvelines";"Résidence";820;419;24763;10898
"2015";"79";"Deux-Sèvres";"Tous Logements";1021;836;104452;88292
"2015";"79";"Deux-Sèvres";"Individuel pur";752;651;85328;75618
"2015";"79";"Deux-Sèvres";"Individuel groupé";115;87;9687;6636
"2015";"79";"Deux-Sèvres";"Collectif";153;77;9372;5601
"2015";"79";"Deux-Sèvres";"Résidence";1;21;65;437
"2015";"80";"Somme";"Tous Logements";1978;2225;177752;177899
"2015";"80";"Somme";"Individuel pur";891;779;107625;93177
"2015";"80";"Somme";"Individuel groupé";170;229;14538;20811
"2015";"80";"Somme";"Collectif";636;813;43655;48844
"2015";"80";"Somme";"Résidence";281;404;11934;15067
"2015";"81";"Tarn";"Tous Logements";1410;1256;139201;125293
"2015";"81";"Tarn";"Individuel pur";967;793;109751;91696
"2015";"81";"Tarn";"Individuel groupé";192;143;12099;8515
"2015";"81";"Tarn";"Collectif";204;227;15264;16711
"2015";"81";"Tarn";"Résidence";47;93;2087;8371
"2015";"82";"Tarn-et-Garonne";"Tous Logements";952;871;103349;93579
"2015";"82";"Tarn-et-Garonne";"Individuel pur";622;561;76283;68639
"2015";"82";"Tarn-et-Garonne";"Individuel groupé";196;116;17360;10579
"2015";"82";"Tarn-et-Garonne";"Collectif";98;161;6878;11891
"2015";"82";"Tarn-et-Garonne";"Résidence";36;33;2828;2470
"2015";"83";"Var";"Tous Logements";9310;6889;749114;565717
"2015";"83";"Var";"Individuel pur";2232;1778;276937;221802
"2015";"83";"Var";"Individuel groupé";794;689;76754;63518
"2015";"83";"Var";"Collectif";6143;4356;385822;278240
"2015";"83";"Var";"Résidence";141;66;9601;2043
"2015";"84";"Vaucluse";"Tous Logements";3218;2290;283092;203689
"2015";"84";"Vaucluse";"Individuel pur";1176;869;133189;99007
"2015";"84";"Vaucluse";"Individuel groupé";805;608;70311;54557
"2015";"84";"Vaucluse";"Collectif";1235;797;79512;49125
"2015";"84";"Vaucluse";"Résidence";2;16;80;956
"2015";"85";"Vendée";"Tous Logements";4217;3607;402162;354768
"2015";"85";"Vendée";"Individuel pur";2710;2489;299708;275394
"2015";"85";"Vendée";"Individuel groupé";446;370;36534;28999
"2015";"85";"Vendée";"Collectif";660;665;44362;45493
"2015";"85";"Vendée";"Résidence";401;83;21558;4882
"2015";"86";"Vienne";"Tous Logements";1515;1443;140902;135201
"2015";"86";"Vienne";"Individuel pur";832;723;94329;81909
"2015";"86";"Vienne";"Individuel groupé";245;254;19070;22808
"2015";"86";"Vienne";"Collectif";351;440;23536;29753
"2015";"86";"Vienne";"Résidence";87;26;3967;731
"2015";"87";"Haute-Vienne";"Tous Logements";1164;769;107413;86966
"2015";"87";"Haute-Vienne";"Individuel pur";653;587;78099;71634
"2015";"87";"Haute-Vienne";"Individuel groupé";131;94;11781;9094
"2015";"87";"Haute-Vienne";"Collectif";143;81;9743;5590
"2015";"87";"Haute-Vienne";"Résidence";237;7;7790;636
"2015";"88";"Vosges";"Tous Logements";689;567;84367;69727
"2015";"88";"Vosges";"Individuel pur";535;414;70007;56158
"2015";"88";"Vosges";"Individuel groupé";81;65;7759;6554
"2015";"88";"Vosges";"Collectif";71;86;6457;6773
"2015";"88";"Vosges";"Résidence";2;2;144;144
"2015";"89";"Yonne";"Tous Logements";501;573;54107;53836
"2015";"89";"Yonne";"Individuel pur";374;292;43615;35175
"2015";"89";"Yonne";"Individuel groupé";58;30;5157;3170
"2015";"89";"Yonne";"Collectif";67;133;5091;8957
"2015";"89";"Yonne";"Résidence";2;118;244;6534
"2015";"90";"Territoire de Belfort";"Tous Logements";378;339;42305;37050
"2015";"90";"Territoire de Belfort";"Individuel pur";199;177;27198;24203
"2015";"90";"Territoire de Belfort";"Individuel groupé";53;40;5665;3910
"2015";"90";"Territoire de Belfort";"Collectif";90;96;7085;7929
"2015";"90";"Territoire de Belfort";"Résidence";36;26;2357;1008
"2015";"91";"Essonne";"Tous Logements";9626;7285;640431;440414
"2015";"91";"Essonne";"Individuel pur";1232;830;157195;99567
"2015";"91";"Essonne";"Individuel groupé";997;401;87066;36292
"2015";"91";"Essonne";"Collectif";5121;3222;312641;202846
"2015";"91";"Essonne";"Résidence";2276;2832;83529;101709
"2015";"92";"Hauts-de-Seine";"Tous Logements";8714;6736;559279;451868
"2015";"92";"Hauts-de-Seine";"Individuel pur";266;196;44400;32947
"2015";"92";"Hauts-de-Seine";"Individuel groupé";237;111;25161;13095
"2015";"92";"Hauts-de-Seine";"Collectif";6569;5690;435908;378137
"2015";"92";"Hauts-de-Seine";"Résidence";1642;739;53810;27689
"2015";"93";"Seine-Saint-Denis";"Tous Logements";12390;8594;768389;546620
"2015";"93";"Seine-Saint-Denis";"Individuel pur";450;292;51711;34841
"2015";"93";"Seine-Saint-Denis";"Individuel groupé";358;229;29652;18543
"2015";"93";"Seine-Saint-Denis";"Collectif";9685;7618;602523;477503
"2015";"93";"Seine-Saint-Denis";"Résidence";1897;455;84503;15711
"2015";"94";"Val-de-Marne";"Tous Logements";10606;8785;623246;504492
"2015";"94";"Val-de-Marne";"Individuel pur";402;290;52847;38691
"2015";"94";"Val-de-Marne";"Individuel groupé";570;398;42626;30660
"2015";"94";"Val-de-Marne";"Collectif";7146;6064;432069;358877
"2015";"94";"Val-de-Marne";"Résidence";2488;2033;95704;76230
"2015";"95";"Val-d'Oise";"Tous Logements";6634;6057;462977;396301
"2015";"95";"Val-d'Oise";"Individuel pur";788;469;102307;59705
"2015";"95";"Val-d'Oise";"Individuel groupé";543;371;49981;34315
"2015";"95";"Val-d'Oise";"Collectif";4395;3789;270008;235945
"2015";"95";"Val-d'Oise";"Résidence";908;1428;40681;66336
"2015";"971";"Guadeloupe";"Tous Logements";2648;1826;218805;148790
"2015";"971";"Guadeloupe";"Individuel pur";1502;833;147828;84485
"2015";"971";"Guadeloupe";"Individuel groupé";338;338;23164;22955
"2015";"971";"Guadeloupe";"Collectif";655;615;40086;39350
"2015";"971";"Guadeloupe";"Résidence";153;40;7727;2000
"2015";"972";"Martinique";"Tous Logements";3025;1993;214846;148759
"2015";"972";"Martinique";"Individuel pur";899;556;84545;53431
"2015";"972";"Martinique";"Individuel groupé";414;119;32182;8303
"2015";"972";"Martinique";"Collectif";1702;1318;96939;87025
"2015";"972";"Martinique";"Résidence";10;0;1180;0
"2015";"973";"Guyane";"Tous Logements";2369;797;191952;61624
"2015";"973";"Guyane";"Individuel pur";182;65;22272;8641
"2015";"973";"Guyane";"Individuel groupé";874;215;77172;19838
"2015";"973";"Guyane";"Collectif";1053;493;72239;31608
"2015";"973";"Guyane";"Résidence";260;24;20269;1537
"2015";"974";"La Réunion";"Tous Logements";7133;6768;565712;535930
"2015";"974";"La Réunion";"Individuel pur";2474;2130;245602;210756
"2015";"974";"La Réunion";"Individuel groupé";1195;1004;94939;84278
"2015";"974";"La Réunion";"Collectif";3194;3460;211708;232435
"2015";"974";"La Réunion";"Résidence";270;174;13463;8461
"2015";"976";"Mayotte";"Tous Logements";883;265;95544;30991
"2015";"976";"Mayotte";"Individuel pur";383;118;47996;16385
"2015";"976";"Mayotte";"Individuel groupé";399;108;38298;10791
"2015";"976";"Mayotte";"Collectif";89;38;8591;3728
"2015";"976";"Mayotte";"Résidence";12;1;659;87
"2014";"01";"Ain";"Tous Logements";4744;3815;427758;354924
"2014";"01";"Ain";"Individuel pur";1286;1131;159912;139612
"2014";"01";"Ain";"Individuel groupé";551;592;57943;59087
"2014";"01";"Ain";"Collectif";2555;1989;185816;148078
"2014";"01";"Ain";"Résidence";352;103;24087;8079
"2014";"02";"Aisne";"Tous Logements";1430;1146;129870;111449
"2014";"02";"Aisne";"Individuel pur";629;558;74955;66374
"2014";"02";"Aisne";"Individuel groupé";136;111;10523;10649
"2014";"02";"Aisne";"Collectif";395;475;29450;34166
"2014";"02";"Aisne";"Résidence";270;2;14942;260
"2014";"03";"Allier";"Tous Logements";630;601;72196;69202
"2014";"03";"Allier";"Individuel pur";510;478;62327;58549
"2014";"03";"Allier";"Individuel groupé";52;49;4539;4441
"2014";"03";"Allier";"Collectif";55;74;4973;6163
"2014";"03";"Allier";"Résidence";13;0;357;0
"2014";"04";"Alpes-de-Haute-Provence";"Tous Logements";783;682;71070;62701
"2014";"04";"Alpes-de-Haute-Provence";"Individuel pur";399;293;42969;31395
"2014";"04";"Alpes-de-Haute-Provence";"Individuel groupé";135;108;11413;10064
"2014";"04";"Alpes-de-Haute-Provence";"Collectif";243;232;16487;16908
"2014";"04";"Alpes-de-Haute-Provence";"Résidence";6;49;201;4097
"2014";"05";"Hautes-Alpes";"Tous Logements";666;787;69338;77336
"2014";"05";"Hautes-Alpes";"Individuel pur";406;382;48558;46826
"2014";"05";"Hautes-Alpes";"Individuel groupé";130;170;11400;15087
"2014";"05";"Hautes-Alpes";"Collectif";130;235;9380;15423
"2014";"05";"Hautes-Alpes";"Résidence";0;0;0;0
"2014";"06";"Alpes-Maritimes";"Tous Logements";5980;5123;423225;380449
"2014";"06";"Alpes-Maritimes";"Individuel pur";675;480;96810;69470
"2014";"06";"Alpes-Maritimes";"Individuel groupé";562;236;45681;24508
"2014";"06";"Alpes-Maritimes";"Collectif";4072;3537;245237;233584
"2014";"06";"Alpes-Maritimes";"Résidence";671;870;35497;52887
"2014";"07";"Ardèche";"Tous Logements";1619;1515;161228;149323
"2014";"07";"Ardèche";"Individuel pur";955;767;110354;90543
"2014";"07";"Ardèche";"Individuel groupé";249;314;22690;28877
"2014";"07";"Ardèche";"Collectif";323;394;23291;27611
"2014";"07";"Ardèche";"Résidence";92;40;4893;2292
"2014";"08";"Ardennes";"Tous Logements";579;687;61817;68988
"2014";"08";"Ardennes";"Individuel pur";267;218;34563;28959
"2014";"08";"Ardennes";"Individuel groupé";113;178;11138;16736
"2014";"08";"Ardennes";"Collectif";194;286;15646;22823
"2014";"08";"Ardennes";"Résidence";5;5;470;470
"2014";"09";"Ariège";"Tous Logements";476;440;50429;47209
"2014";"09";"Ariège";"Individuel pur";344;278;39476;33212
"2014";"09";"Ariège";"Individuel groupé";58;80;5221;6974
"2014";"09";"Ariège";"Collectif";74;82;5732;7023
"2014";"09";"Ariège";"Résidence";0;0;0;0
"2014";"10";"Aube";"Tous Logements";1020;1356;95898;109541
"2014";"10";"Aube";"Individuel pur";419;374;51915;47221
"2014";"10";"Aube";"Individuel groupé";174;201;16124;18233
"2014";"10";"Aube";"Collectif";342;458;23006;32088
"2014";"10";"Aube";"Résidence";85;323;4853;11937
"2014";"11";"Aude";"Tous Logements";1962;2375;181194;205884
"2014";"11";"Aude";"Individuel pur";1112;951;124948;106908
"2014";"11";"Aude";"Individuel groupé";240;346;19806;28900
"2014";"11";"Aude";"Collectif";598;878;35242;58819
"2014";"11";"Aude";"Résidence";12;200;1198;11257
"2014";"12";"Aveyron";"Tous Logements";999;1260;101968;120070
"2014";"12";"Aveyron";"Individuel pur";613;579;74091;71849
"2014";"12";"Aveyron";"Individuel groupé";87;160;8262;15601
"2014";"12";"Aveyron";"Collectif";258;511;16550;31954
"2014";"12";"Aveyron";"Résidence";41;10;3065;666
"2014";"13";"Bouches-du-Rhône";"Tous Logements";11289;10997;826073;787478
"2014";"13";"Bouches-du-Rhône";"Individuel pur";1856;1486;220291;184617
"2014";"13";"Bouches-du-Rhône";"Individuel groupé";1370;958;121824;88830
"2014";"13";"Bouches-du-Rhône";"Collectif";6912;7418;431072;458143
"2014";"13";"Bouches-du-Rhône";"Résidence";1151;1135;52886;55702
"2014";"14";"Calvados";"Tous Logements";3968;3111;331838;280208
"2014";"14";"Calvados";"Individuel pur";1285;1155;159812;141278
"2014";"14";"Calvados";"Individuel groupé";371;419;32000;35996
"2014";"14";"Calvados";"Collectif";2016;1330;128406;86498
"2014";"14";"Calvados";"Résidence";296;207;11620;16371
"2014";"15";"Cantal";"Tous Logements";456;443;49409;45114
"2014";"15";"Cantal";"Individuel pur";312;277;37114;32967
"2014";"15";"Cantal";"Individuel groupé";33;32;2998;2163
"2014";"15";"Cantal";"Collectif";52;78;5580;6312
"2014";"15";"Cantal";"Résidence";59;56;3717;3575
"2014";"16";"Charente";"Tous Logements";1042;805;113055;89739
"2014";"16";"Charente";"Individuel pur";735;617;88332;73488
"2014";"16";"Charente";"Individuel groupé";170;128;15172;11390
"2014";"16";"Charente";"Collectif";137;52;9551;4074
"2014";"16";"Charente";"Résidence";0;8;0;768
"2014";"17";"Charente-Maritime";"Tous Logements";3985;4473;365004;381204
"2014";"17";"Charente-Maritime";"Individuel pur";2216;1951;252458;222677
"2014";"17";"Charente-Maritime";"Individuel groupé";635;720;50791;58581
"2014";"17";"Charente-Maritime";"Collectif";932;1023;55231;61893
"2014";"17";"Charente-Maritime";"Résidence";202;779;6524;37999
"2014";"18";"Cher";"Tous Logements";623;572;74235;67906
"2014";"18";"Cher";"Individuel pur";500;465;62375;58344
"2014";"18";"Cher";"Individuel groupé";81;47;7080;4932
"2014";"18";"Cher";"Collectif";14;32;1059;898
"2014";"18";"Cher";"Résidence";28;28;3721;3721
"2014";"19";"Corrèze";"Tous Logements";588;645;64684;68474
"2014";"19";"Corrèze";"Individuel pur";474;452;56392;54826
"2014";"19";"Corrèze";"Individuel groupé";47;61;4064;5663
"2014";"19";"Corrèze";"Collectif";52;93;3756;5988
"2014";"19";"Corrèze";"Résidence";15;39;472;1997
"2014";"21";"Côte-d'Or";"Tous Logements";2427;2030;193163;173418
"2014";"21";"Côte-d'Or";"Individuel pur";736;584;93681;74008
"2014";"21";"Côte-d'Or";"Individuel groupé";148;137;13222;11993
"2014";"21";"Côte-d'Or";"Collectif";1160;1129;68285;73172
"2014";"21";"Côte-d'Or";"Résidence";383;180;17975;14245
"2014";"22";"Côtes-d'Armor";"Tous Logements";2289;2275;238286;231211
"2014";"22";"Côtes-d'Armor";"Individuel pur";1523;1398;182297;167934
"2014";"22";"Côtes-d'Armor";"Individuel groupé";324;298;26701;25349
"2014";"22";"Côtes-d'Armor";"Collectif";417;427;28494;31105
"2014";"22";"Côtes-d'Armor";"Résidence";25;152;794;6778
"2014";"23";"Creuse";"Tous Logements";186;170;21164;18847
"2014";"23";"Creuse";"Individuel pur";178;135;20346;15848
"2014";"23";"Creuse";"Individuel groupé";6;23;522;1949
"2014";"23";"Creuse";"Collectif";2;12;296;1050
"2014";"23";"Creuse";"Résidence";0;0;0;0
"2014";"24";"Dordogne";"Tous Logements";1497;1268;169104;147296
"2014";"24";"Dordogne";"Individuel pur";1188;1045;144503;127991
"2014";"24";"Dordogne";"Individuel groupé";194;137;16774;12393
"2014";"24";"Dordogne";"Collectif";113;68;7467;5114
"2014";"24";"Dordogne";"Résidence";2;18;360;1766
"2014";"25";"Doubs";"Tous Logements";2570;1935;255668;204940
"2014";"25";"Doubs";"Individuel pur";1035;941;139236;126072
"2014";"25";"Doubs";"Individuel groupé";389;286;37496;27967
"2014";"25";"Doubs";"Collectif";992;684;69040;49266
"2014";"25";"Doubs";"Résidence";154;24;9896;1635
"2014";"26";"Drôme";"Tous Logements";2896;2375;271250;226225
"2014";"26";"Drôme";"Individuel pur";1318;1135;149929;128578
"2014";"26";"Drôme";"Individuel groupé";565;376;50542;35182
"2014";"26";"Drôme";"Collectif";808;762;58168;54715
"2014";"26";"Drôme";"Résidence";205;102;12611;7485
"2014";"27";"Eure";"Tous Logements";1838;1915;190352;191266
"2014";"27";"Eure";"Individuel pur";1244;1135;142888;130624
"2014";"27";"Eure";"Individuel groupé";292;258;26607;23727
"2014";"27";"Eure";"Collectif";257;522;17378;36846
"2014";"27";"Eure";"Résidence";45;0;3479;0
"2014";"28";"Eure-et-Loir";"Tous Logements";1518;1449;144023;142469
"2014";"28";"Eure-et-Loir";"Individuel pur";697;623;82474;73368
"2014";"28";"Eure-et-Loir";"Individuel groupé";303;311;27368;28947
"2014";"28";"Eure-et-Loir";"Collectif";436;512;30041;39863
"2014";"28";"Eure-et-Loir";"Résidence";82;3;4140;231
"2014";"29";"Finistère";"Tous Logements";3640;2689;348724;283867
"2014";"29";"Finistère";"Individuel pur";1997;1775;237330;212021
"2014";"29";"Finistère";"Individuel groupé";324;373;28619;33322
"2014";"29";"Finistère";"Collectif";1055;467;67741;34641
"2014";"29";"Finistère";"Résidence";264;74;15034;3845
"2014";"2A";"Corse-du-Sud";"Tous Logements";1491;1386;133669;126784
"2014";"2A";"Corse-du-Sud";"Individuel pur";469;391;63531;52643
"2014";"2A";"Corse-du-Sud";"Individuel groupé";217;240;19856;21098
"2014";"2A";"Corse-du-Sud";"Collectif";676;734;42191;51829
"2014";"2A";"Corse-du-Sud";"Résidence";129;21;8091;1214
"2014";"2B";"Haute-Corse";"Tous Logements";1583;1618;139934;141540
"2014";"2B";"Haute-Corse";"Individuel pur";486;370;58802;45213
"2014";"2B";"Haute-Corse";"Individuel groupé";245;289;21640;23612
"2014";"2B";"Haute-Corse";"Collectif";844;755;58882;64531
"2014";"2B";"Haute-Corse";"Résidence";8;204;610;8184
"2014";"30";"Gard";"Tous Logements";4217;3008;371212;286524
"2014";"30";"Gard";"Individuel pur";1814;1414;211392;164482
"2014";"30";"Gard";"Individuel groupé";653;729;57219;63901
"2014";"30";"Gard";"Collectif";1177;838;76088;55804
"2014";"30";"Gard";"Résidence";573;27;26513;2195
"2014";"31";"Haute-Garonne";"Tous Logements";13823;10740;1001493;829879
"2014";"31";"Haute-Garonne";"Individuel pur";2693;2258;324309;274553
"2014";"31";"Haute-Garonne";"Individuel groupé";1921;1619;165838;138679
"2014";"31";"Haute-Garonne";"Collectif";8429;6776;478048;412831
"2014";"31";"Haute-Garonne";"Résidence";780;87;33298;3758
"2014";"32";"Gers";"Tous Logements";752;635;82588;71121
"2014";"32";"Gers";"Individuel pur";500;454;60222;54666
"2014";"32";"Gers";"Individuel groupé";126;107;12400;9981
"2014";"32";"Gers";"Collectif";125;66;9891;5759
"2014";"32";"Gers";"Résidence";1;8;75;715
"2014";"33";"Gironde";"Tous Logements";12551;14192;1051703;1154053
"2014";"33";"Gironde";"Individuel pur";3664;3671;435399;436274
"2014";"33";"Gironde";"Individuel groupé";1655;1755;142307;150778
"2014";"33";"Gironde";"Collectif";6611;8023;447758;537348
"2014";"33";"Gironde";"Résidence";621;743;26239;29653
"2014";"34";"Hérault";"Tous Logements";10457;8519;755535;653213
"2014";"34";"Hérault";"Individuel pur";2438;2002;282490;230071
"2014";"34";"Hérault";"Individuel groupé";1148;876;93252;70737
"2014";"34";"Hérault";"Collectif";5428;4952;328202;319226
"2014";"34";"Hérault";"Résidence";1443;689;51591;33075
"2014";"35";"Ille-et-Vilaine";"Tous Logements";6887;7002;625310;619768
"2014";"35";"Ille-et-Vilaine";"Individuel pur";2689;2476;331580;307500
"2014";"35";"Ille-et-Vilaine";"Individuel groupé";489;499;47299;48030
"2014";"35";"Ille-et-Vilaine";"Collectif";3284;3458;226801;242350
"2014";"35";"Ille-et-Vilaine";"Résidence";425;569;19630;21832
"2014";"36";"Indre";"Tous Logements";413;455;45239;48084
"2014";"36";"Indre";"Individuel pur";272;260;33346;32619
"2014";"36";"Indre";"Individuel groupé";34;85;3018;6819
"2014";"36";"Indre";"Collectif";105;110;8513;8646
"2014";"36";"Indre";"Résidence";2;0;362;0
"2014";"37";"Indre-et-Loire";"Tous Logements";2581;2842;243440;252632
"2014";"37";"Indre-et-Loire";"Individuel pur";1043;879;131365;108878
"2014";"37";"Indre-et-Loire";"Individuel groupé";412;370;39139;33557
"2014";"37";"Indre-et-Loire";"Collectif";1119;1426;72543;96134
"2014";"37";"Indre-et-Loire";"Résidence";7;167;393;13991
"2014";"38";"Isère";"Tous Logements";7630;6877;666318;550994
"2014";"38";"Isère";"Individuel pur";2266;1777;273164;213519
"2014";"38";"Isère";"Individuel groupé";1235;842;115082;78099
"2014";"38";"Isère";"Collectif";3698;3177;262869;218653
"2014";"38";"Isère";"Résidence";431;1081;15203;40723
"2014";"39";"Jura";"Tous Logements";812;710;84811;73835
"2014";"39";"Jura";"Individuel pur";422;383;53778;48445
"2014";"39";"Jura";"Individuel groupé";114;78;9730;7276
"2014";"39";"Jura";"Collectif";225;204;18425;15650
"2014";"39";"Jura";"Résidence";51;45;2878;2464
"2014";"40";"Landes";"Tous Logements";2487;2567;253989;250365
"2014";"40";"Landes";"Individuel pur";1504;1408;181964;169095
"2014";"40";"Landes";"Individuel groupé";401;436;34670;36783
"2014";"40";"Landes";"Collectif";582;597;37355;37849
"2014";"40";"Landes";"Résidence";0;126;0;6638
"2014";"41";"Loir-et-Cher";"Tous Logements";1061;1013;113682;110682
"2014";"41";"Loir-et-Cher";"Individuel pur";469;463;58314;58028
"2014";"41";"Loir-et-Cher";"Individuel groupé";242;261;27822;29586
"2014";"41";"Loir-et-Cher";"Collectif";308;132;23910;11659
"2014";"41";"Loir-et-Cher";"Résidence";42;157;3636;11409
"2014";"42";"Loire";"Tous Logements";2306;1928;233232;195654
"2014";"42";"Loire";"Individuel pur";1184;910;143736;110805
"2014";"42";"Loire";"Individuel groupé";290;252;26748;24668
"2014";"42";"Loire";"Collectif";739;679;58399;56967
"2014";"42";"Loire";"Résidence";93;87;4349;3214
"2014";"43";"Haute-Loire";"Tous Logements";775;650;84044;74756
"2014";"43";"Haute-Loire";"Individuel pur";526;471;67305;60289
"2014";"43";"Haute-Loire";"Individuel groupé";71;62;6281;5765
"2014";"43";"Haute-Loire";"Collectif";137;108;9011;7923
"2014";"43";"Haute-Loire";"Résidence";41;9;1447;748
"2014";"44";"Loire-Atlantique";"Tous Logements";11761;11424;910545;883675
"2014";"44";"Loire-Atlantique";"Individuel pur";3334;3215;384167;373783
"2014";"44";"Loire-Atlantique";"Individuel groupé";950;967;82415;81341
"2014";"44";"Loire-Atlantique";"Collectif";6497;6358;404409;392406
"2014";"44";"Loire-Atlantique";"Résidence";980;884;39554;36014
"2014";"45";"Loiret";"Tous Logements";2492;2947;243778;263741
"2014";"45";"Loiret";"Individuel pur";1168;1050;142185;126709
"2014";"45";"Loiret";"Individuel groupé";608;693;56421;64943
"2014";"45";"Loiret";"Collectif";652;1104;42061;66995
"2014";"45";"Loiret";"Résidence";64;100;3111;5094
"2014";"46";"Lot";"Tous Logements";689;667;77415;68108
"2014";"46";"Lot";"Individuel pur";577;470;67692;56034
"2014";"46";"Lot";"Individuel groupé";61;30;5766;3290
"2014";"46";"Lot";"Collectif";50;118;3921;7320
"2014";"46";"Lot";"Résidence";1;49;36;1453
"2014";"47";"Lot-et-Garonne";"Tous Logements";1037;811;110063;89066
"2014";"47";"Lot-et-Garonne";"Individuel pur";672;539;82107;67044
"2014";"47";"Lot-et-Garonne";"Individuel groupé";212;178;19468;17283
"2014";"47";"Lot-et-Garonne";"Collectif";100;54;7125;3702
"2014";"47";"Lot-et-Garonne";"Résidence";53;40;1363;1037
"2014";"48";"Lozère";"Tous Logements";324;237;30794;26202
"2014";"48";"Lozère";"Individuel pur";183;181;20986;21847
"2014";"48";"Lozère";"Individuel groupé";38;39;3492;3317
"2014";"48";"Lozère";"Collectif";93;7;5772;494
"2014";"48";"Lozère";"Résidence";10;10;544;544
"2014";"49";"Maine-et-Loire";"Tous Logements";3031;2694;282318;259545
"2014";"49";"Maine-et-Loire";"Individuel pur";1380;1335;163924;160069
"2014";"49";"Maine-et-Loire";"Individuel groupé";505;515;44904;46682
"2014";"49";"Maine-et-Loire";"Collectif";949;709;64498;47447
"2014";"49";"Maine-et-Loire";"Résidence";197;135;8992;5303
"2014";"50";"Manche";"Tous Logements";1745;1722;183537;177300
"2014";"50";"Manche";"Individuel pur";1179;1055;139874;127251
"2014";"50";"Manche";"Individuel groupé";175;207;16211;18079
"2014";"50";"Manche";"Collectif";283;289;21585;22021
"2014";"50";"Manche";"Résidence";108;171;5867;9949
"2014";"51";"Marne";"Tous Logements";2655;1477;225354;147722
"2014";"51";"Marne";"Individuel pur";736;577;96479;77378
"2014";"51";"Marne";"Individuel groupé";280;190;26651;19509
"2014";"51";"Marne";"Collectif";1514;637;95649;46387
"2014";"51";"Marne";"Résidence";125;73;6575;4448
"2014";"52";"Haute-Marne";"Tous Logements";245;292;29518;31616
"2014";"52";"Haute-Marne";"Individuel pur";173;149;23025;20359
"2014";"52";"Haute-Marne";"Individuel groupé";42;35;3846;3675
"2014";"52";"Haute-Marne";"Collectif";30;92;2647;6906
"2014";"52";"Haute-Marne";"Résidence";0;16;0;676
"2014";"53";"Mayenne";"Tous Logements";950;943;103348;98854
"2014";"53";"Mayenne";"Individuel pur";651;620;79098;76945
"2014";"53";"Mayenne";"Individuel groupé";166;115;14613;10452
"2014";"53";"Mayenne";"Collectif";128;119;9278;8935
"2014";"53";"Mayenne";"Résidence";5;89;359;2522
"2014";"54";"Meurthe-et-Moselle";"Tous Logements";2107;1850;194152;172426
"2014";"54";"Meurthe-et-Moselle";"Individuel pur";679;583;92039;78637
"2014";"54";"Meurthe-et-Moselle";"Individuel groupé";244;193;23000;19742
"2014";"54";"Meurthe-et-Moselle";"Collectif";1047;889;69311;64933
"2014";"54";"Meurthe-et-Moselle";"Résidence";137;185;9802;9114
"2014";"55";"Meuse";"Tous Logements";272;275;34546;32318
"2014";"55";"Meuse";"Individuel pur";214;184;29097;24979
"2014";"55";"Meuse";"Individuel groupé";27;36;2649;3480
"2014";"55";"Meuse";"Collectif";31;55;2800;3859
"2014";"55";"Meuse";"Résidence";0;0;0;0
"2014";"56";"Morbihan";"Tous Logements";3664;3895;369860;373024
"2014";"56";"Morbihan";"Individuel pur";2206;2063;267477;250880
"2014";"56";"Morbihan";"Individuel groupé";243;240;21489;21163
"2014";"56";"Morbihan";"Collectif";952;1506;66289;95589
"2014";"56";"Morbihan";"Résidence";263;86;14605;5296
"2014";"57";"Moselle";"Tous Logements";3949;3542;395062;347167
"2014";"57";"Moselle";"Individuel pur";1439;1201;207820;170907
"2014";"57";"Moselle";"Individuel groupé";463;349;47067;34787
"2014";"57";"Moselle";"Collectif";1519;1538;110682;115577
"2014";"57";"Moselle";"Résidence";528;454;29493;25835
"2014";"58";"Nièvre";"Tous Logements";400;205;34470;23866
"2014";"58";"Nièvre";"Individuel pur";177;155;22711;19660
"2014";"58";"Nièvre";"Individuel groupé";25;38;2186;3472
"2014";"58";"Nièvre";"Collectif";134;12;6411;734
"2014";"58";"Nièvre";"Résidence";64;0;3162;0
"2014";"59";"Nord";"Tous Logements";10174;9896;784915;787287
"2014";"59";"Nord";"Individuel pur";1943;1548;252654;204851
"2014";"59";"Nord";"Individuel groupé";1431;1940;123859;177133
"2014";"59";"Nord";"Collectif";5421;5558;352880;374894
"2014";"59";"Nord";"Résidence";1379;850;55522;30355
"2014";"60";"Oise";"Tous Logements";2978;2723;259136;228927
"2014";"60";"Oise";"Individuel pur";1080;840;127340;98269
"2014";"60";"Oise";"Individuel groupé";437;541;38228;48963
"2014";"60";"Oise";"Collectif";1439;1188;92688;77068
"2014";"60";"Oise";"Résidence";22;154;880;4627
"2014";"61";"Orne";"Tous Logements";397;415;43980;45454
"2014";"61";"Orne";"Individuel pur";299;285;35977;34551
"2014";"61";"Orne";"Individuel groupé";44;54;4021;4601
"2014";"61";"Orne";"Collectif";53;66;3927;5451
"2014";"61";"Orne";"Résidence";1;10;55;831
"2014";"62";"Pas-de-Calais";"Tous Logements";4918;4232;464011;411898
"2014";"62";"Pas-de-Calais";"Individuel pur";1967;1661;245090;209578
"2014";"62";"Pas-de-Calais";"Individuel groupé";884;1025;85405;96160
"2014";"62";"Pas-de-Calais";"Collectif";1506;1227;109590;92471
"2014";"62";"Pas-de-Calais";"Résidence";561;319;23926;13673
"2014";"63";"Puy-de-Dôme";"Tous Logements";2932;2820;276045;267328
"2014";"63";"Puy-de-Dôme";"Individuel pur";1455;1318;177310;156756
"2014";"63";"Puy-de-Dôme";"Individuel groupé";293;218;23343;18546
"2014";"63";"Puy-de-Dôme";"Collectif";999;1108;69313;86690
"2014";"63";"Puy-de-Dôme";"Résidence";185;176;6079;5327
"2014";"64";"Pyrénées-Atlantiques";"Tous Logements";5044;5299;434845;432543
"2014";"64";"Pyrénées-Atlantiques";"Individuel pur";1369;1189;185742;163143
"2014";"64";"Pyrénées-Atlantiques";"Individuel groupé";786;461;70740;46745
"2014";"64";"Pyrénées-Atlantiques";"Collectif";2831;3311;174317;208917
"2014";"64";"Pyrénées-Atlantiques";"Résidence";58;338;4046;13738
"2014";"65";"Hautes-Pyrénées";"Tous Logements";817;759;85120;80294
"2014";"65";"Hautes-Pyrénées";"Individuel pur";534;481;62650;58025
"2014";"65";"Hautes-Pyrénées";"Individuel groupé";136;174;11377;14684
"2014";"65";"Hautes-Pyrénées";"Collectif";139;104;10843;7585
"2014";"65";"Hautes-Pyrénées";"Résidence";8;0;250;0
"2014";"66";"Pyrénées-Orientales";"Tous Logements";2973;2756;265687;247926
"2014";"66";"Pyrénées-Orientales";"Individuel pur";1272;1070;146221;124390
"2014";"66";"Pyrénées-Orientales";"Individuel groupé";565;447;47777;40700
"2014";"66";"Pyrénées-Orientales";"Collectif";929;1145;63473;75874
"2014";"66";"Pyrénées-Orientales";"Résidence";207;94;8216;6962
"2014";"67";"Bas-Rhin";"Tous Logements";9400;6795;742308;550938
"2014";"67";"Bas-Rhin";"Individuel pur";1476;1204;235176;192291
"2014";"67";"Bas-Rhin";"Individuel groupé";607;450;62171;48981
"2014";"67";"Bas-Rhin";"Collectif";5923;4028;388390;259404
"2014";"67";"Bas-Rhin";"Résidence";1394;1113;56571;50262
"2014";"68";"Haut-Rhin";"Tous Logements";2760;2577;303499;265679
"2014";"68";"Haut-Rhin";"Individuel pur";1022;905;162181;144407
"2014";"68";"Haut-Rhin";"Individuel groupé";335;322;37302;38360
"2014";"68";"Haut-Rhin";"Collectif";1204;911;92688;64062
"2014";"68";"Haut-Rhin";"Résidence";199;439;11328;18850
"2014";"69";"Rhône";"Tous Logements";13005;12084;906379;827339
"2014";"69";"Rhône";"Individuel pur";1507;1181;194094;153390
"2014";"69";"Rhône";"Individuel groupé";749;765;69832;69438
"2014";"69";"Rhône";"Collectif";9368;8603;593751;541351
"2014";"69";"Rhône";"Résidence";1381;1535;48702;63160
"2014";"70";"Haute-Saône";"Tous Logements";599;607;69561;68506
"2014";"70";"Haute-Saône";"Individuel pur";385;367;51108;48590
"2014";"70";"Haute-Saône";"Individuel groupé";93;82;8529;7708
"2014";"70";"Haute-Saône";"Collectif";100;145;8270;11770
"2014";"70";"Haute-Saône";"Résidence";21;13;1654;414
"2014";"71";"Saône-et-Loire";"Tous Logements";1410;1412;146567;147416
"2014";"71";"Saône-et-Loire";"Individuel pur";922;907;108476;106712
"2014";"71";"Saône-et-Loire";"Individuel groupé";182;154;16249;13260
"2014";"71";"Saône-et-Loire";"Collectif";304;345;21605;26729
"2014";"71";"Saône-et-Loire";"Résidence";2;6;237;715
"2014";"72";"Sarthe";"Tous Logements";1146;1220;128275;130089
"2014";"72";"Sarthe";"Individuel pur";789;775;99497;97318
"2014";"72";"Sarthe";"Individuel groupé";193;130;16819;11752
"2014";"72";"Sarthe";"Collectif";132;283;9757;18804
"2014";"72";"Sarthe";"Résidence";32;32;2202;2202
"2014";"73";"Savoie";"Tous Logements";3196;2947;299587;258824
"2014";"73";"Savoie";"Individuel pur";974;765;129822;104032
"2014";"73";"Savoie";"Individuel groupé";420;266;43545;29737
"2014";"73";"Savoie";"Collectif";1531;955;109901;70403
"2014";"73";"Savoie";"Résidence";271;961;16319;54633
"2014";"74";"Haute-Savoie";"Tous Logements";8257;6875;735969;589427
"2014";"74";"Haute-Savoie";"Individuel pur";1614;1139;233935;163590
"2014";"74";"Haute-Savoie";"Individuel groupé";844;615;90573;64705
"2014";"74";"Haute-Savoie";"Collectif";5690;4815;401565;342727
"2014";"74";"Haute-Savoie";"Résidence";109;306;9896;18393
"2014";"75";"Paris";"Tous Logements";5235;3510;280452;188708
"2014";"75";"Paris";"Individuel pur";270;56;23247;6456
"2014";"75";"Paris";"Individuel groupé";24;87;2556;3135
"2014";"75";"Paris";"Collectif";3147;2137;199551;137863
"2014";"75";"Paris";"Résidence";1794;1230;55098;41254
"2014";"76";"Seine-Maritime";"Tous Logements";5374;5569;470295;486897
"2014";"76";"Seine-Maritime";"Individuel pur";1960;1725;241861;214645
"2014";"76";"Seine-Maritime";"Individuel groupé";660;706;63516;66075
"2014";"76";"Seine-Maritime";"Collectif";2199;2890;142362;194344
"2014";"76";"Seine-Maritime";"Résidence";555;248;22556;11771
"2014";"77";"Seine-et-Marne";"Tous Logements";8167;7207;613515;506689
"2014";"77";"Seine-et-Marne";"Individuel pur";1601;1008;192537;121548
"2014";"77";"Seine-et-Marne";"Individuel groupé";669;941;59801;73511
"2014";"77";"Seine-et-Marne";"Collectif";4915;4479;315425;278743
"2014";"77";"Seine-et-Marne";"Résidence";982;779;45752;32823
"2014";"78";"Yvelines";"Tous Logements";6572;4716;490565;350718
"2014";"78";"Yvelines";"Individuel pur";1060;848;149609;120019
"2014";"78";"Yvelines";"Individuel groupé";514;307;50670;30187
"2014";"78";"Yvelines";"Collectif";4519;3181;274019;188140
"2014";"78";"Yvelines";"Résidence";479;380;16267;12330
"2014";"79";"Deux-Sèvres";"Tous Logements";1180;1004;113410;97160
"2014";"79";"Deux-Sèvres";"Individuel pur";714;659;85026;76237
"2014";"79";"Deux-Sèvres";"Individuel groupé";130;140;9841;11057
"2014";"79";"Deux-Sèvres";"Collectif";102;45;7415;3436
"2014";"79";"Deux-Sèvres";"Résidence";234;160;11128;6430
"2014";"80";"Somme";"Tous Logements";2108;1468;170899;144077
"2014";"80";"Somme";"Individuel pur";744;687;90635;84043
"2014";"80";"Somme";"Individuel groupé";244;305;22222;27727
"2014";"80";"Somme";"Collectif";607;457;35096;30807
"2014";"80";"Somme";"Résidence";513;19;22946;1500
"2014";"81";"Tarn";"Tous Logements";1334;1398;134146;136441
"2014";"81";"Tarn";"Individuel pur";860;808;100168;93407
"2014";"81";"Tarn";"Individuel groupé";207;233;17199;19480
"2014";"81";"Tarn";"Collectif";231;356;15258;23317
"2014";"81";"Tarn";"Résidence";36;1;1521;175
"2014";"82";"Tarn-et-Garonne";"Tous Logements";1018;1152;105363;115982
"2014";"82";"Tarn-et-Garonne";"Individuel pur";673;666;78929;78378
"2014";"82";"Tarn-et-Garonne";"Individuel groupé";147;239;12650;20681
"2014";"82";"Tarn-et-Garonne";"Collectif";185;234;12437;15680
"2014";"82";"Tarn-et-Garonne";"Résidence";13;13;1347;1243
"2014";"83";"Var";"Tous Logements";7055;6715;587812;558716
"2014";"83";"Var";"Individuel pur";2047;1659;253039;204021
"2014";"83";"Var";"Individuel groupé";865;865;79555;75915
"2014";"83";"Var";"Collectif";3673;3996;229277;267129
"2014";"83";"Var";"Résidence";470;195;25941;11511
"2014";"84";"Vaucluse";"Tous Logements";3372;2869;277163;238172
"2014";"84";"Vaucluse";"Individuel pur";1111;929;128401;107109
"2014";"84";"Vaucluse";"Individuel groupé";750;512;64819;46980
"2014";"84";"Vaucluse";"Collectif";1231;1143;76293;73724
"2014";"84";"Vaucluse";"Résidence";280;285;7650;10287
"2014";"85";"Vendée";"Tous Logements";3790;3552;364196;341153
"2014";"85";"Vendée";"Individuel pur";2499;2339;276462;257653
"2014";"85";"Vendée";"Individuel groupé";367;436;29542;32998
"2014";"85";"Vendée";"Collectif";744;610;49353;42761
"2014";"85";"Vendée";"Résidence";180;167;8839;7674
"2014";"86";"Vienne";"Tous Logements";1584;1566;145816;146396
"2014";"86";"Vienne";"Individuel pur";805;832;90588;95227
"2014";"86";"Vienne";"Individuel groupé";290;216;27710;20141
"2014";"86";"Vienne";"Collectif";344;371;22827;26124
"2014";"86";"Vienne";"Résidence";145;147;4691;4873
"2014";"87";"Haute-Vienne";"Tous Logements";1005;809;107088;86938
"2014";"87";"Haute-Vienne";"Individuel pur";659;591;80203;70440
"2014";"87";"Haute-Vienne";"Individuel groupé";86;59;8229;5738
"2014";"87";"Haute-Vienne";"Collectif";260;73;18656;5053
"2014";"87";"Haute-Vienne";"Résidence";0;86;0;5707
"2014";"88";"Vosges";"Tous Logements";763;894;97641;101103
"2014";"88";"Vosges";"Individuel pur";545;471;75422;63398
"2014";"88";"Vosges";"Individuel groupé";127;192;14162;20528
"2014";"88";"Vosges";"Collectif";91;231;8057;17166
"2014";"88";"Vosges";"Résidence";0;0;0;0
"2014";"89";"Yonne";"Tous Logements";716;713;74874;69870
"2014";"89";"Yonne";"Individuel pur";397;324;49404;40982
"2014";"89";"Yonne";"Individuel groupé";57;102;5472;8183
"2014";"89";"Yonne";"Collectif";261;286;19928;20635
"2014";"89";"Yonne";"Résidence";1;1;70;70
"2014";"90";"Territoire de Belfort";"Tous Logements";403;344;43891;37302
"2014";"90";"Territoire de Belfort";"Individuel pur";202;177;26751;23035
"2014";"90";"Territoire de Belfort";"Individuel groupé";86;63;8365;6887
"2014";"90";"Territoire de Belfort";"Collectif";114;103;8710;7315
"2014";"90";"Territoire de Belfort";"Résidence";1;1;65;65
"2014";"91";"Essonne";"Tous Logements";6435;5744;475451;411340
"2014";"91";"Essonne";"Individuel pur";1120;684;133224;81432
"2014";"91";"Essonne";"Individuel groupé";429;401;42580;36514
"2014";"91";"Essonne";"Collectif";4236;4294;275240;281962
"2014";"91";"Essonne";"Résidence";650;365;24407;11366
"2014";"92";"Hauts-de-Seine";"Tous Logements";7535;6853;505671;467958
"2014";"92";"Hauts-de-Seine";"Individuel pur";260;174;41272;27612
"2014";"92";"Hauts-de-Seine";"Individuel groupé";122;172;15196;18081
"2014";"92";"Hauts-de-Seine";"Collectif";6192;5529;412365;377676
"2014";"92";"Hauts-de-Seine";"Résidence";961;978;36838;44589
"2014";"93";"Seine-Saint-Denis";"Tous Logements";9858;8351;621757;513908
"2014";"93";"Seine-Saint-Denis";"Individuel pur";390;228;45177;27563
"2014";"93";"Seine-Saint-Denis";"Individuel groupé";380;337;28671;24093
"2014";"93";"Seine-Saint-Denis";"Collectif";8448;6563;525191;410977
"2014";"93";"Seine-Saint-Denis";"Résidence";640;1223;22718;51245
"2014";"94";"Val-de-Marne";"Tous Logements";8980;4239;525291;276093
"2014";"94";"Val-de-Marne";"Individuel pur";409;269;53346;35008
"2014";"94";"Val-de-Marne";"Individuel groupé";343;157;30129;13658
"2014";"94";"Val-de-Marne";"Collectif";6671;3679;395685;223233
"2014";"94";"Val-de-Marne";"Résidence";1557;134;46131;4171
"2014";"95";"Val-d'Oise";"Tous Logements";7455;5615;476015;370559
"2014";"95";"Val-d'Oise";"Individuel pur";725;454;92386;59024
"2014";"95";"Val-d'Oise";"Individuel groupé";400;155;34217;14803
"2014";"95";"Val-d'Oise";"Collectif";4387;4634;269989;283968
"2014";"95";"Val-d'Oise";"Résidence";1943;372;79423;12637
"2014";"971";"Guadeloupe";"Tous Logements";3769;1883;313570;148883
"2014";"971";"Guadeloupe";"Individuel pur";1682;811;167626;82703
"2014";"971";"Guadeloupe";"Individuel groupé";788;210;56118;15856
"2014";"971";"Guadeloupe";"Collectif";1120;718;77459;45149
"2014";"971";"Guadeloupe";"Résidence";179;144;12367;5175
"2014";"972";"Martinique";"Tous Logements";2818;1574;202158;118924
"2014";"972";"Martinique";"Individuel pur";838;553;78769;53170
"2014";"972";"Martinique";"Individuel groupé";441;141;30932;10934
"2014";"972";"Martinique";"Collectif";1337;680;80745;43624
"2014";"972";"Martinique";"Résidence";202;200;11712;11196
"2014";"973";"Guyane";"Tous Logements";1869;905;147447;72357
"2014";"973";"Guyane";"Individuel pur";183;100;20529;11282
"2014";"973";"Guyane";"Individuel groupé";511;254;45664;22588
"2014";"973";"Guyane";"Collectif";968;442;67957;32186
"2014";"973";"Guyane";"Résidence";207;109;13297;6301
"2014";"974";"La Réunion";"Tous Logements";7627;6824;598617;536077
"2014";"974";"La Réunion";"Individuel pur";2365;2030;231337;200312
"2014";"974";"La Réunion";"Individuel groupé";1008;1037;85500;77006
"2014";"974";"La Réunion";"Collectif";4081;3718;270989;257097
"2014";"974";"La Réunion";"Résidence";173;39;10791;1662
"2014";"976";"Mayotte";"Tous Logements";1111;352;117906;35603
"2014";"976";"Mayotte";"Individuel pur";381;109;51979;14313
"2014";"976";"Mayotte";"Individuel groupé";467;130;44609;13434
"2014";"976";"Mayotte";"Collectif";252;113;20444;7856
"2014";"976";"Mayotte";"Résidence";11;0;874;0
"2013";"01";"Ain";"Tous Logements";5560;4311;517015;416952
"2013";"01";"Ain";"Individuel pur";1704;1581;213177;200753
"2013";"01";"Ain";"Individuel groupé";867;812;84181;77909
"2013";"01";"Ain";"Collectif";2784;1817;203931;132499
"2013";"01";"Ain";"Résidence";205;101;15726;5763
"2013";"02";"Aisne";"Tous Logements";1402;1289;143452;137762
"2013";"02";"Aisne";"Individuel pur";725;656;89616;81268
"2013";"02";"Aisne";"Individuel groupé";199;150;19331;15030
"2013";"02";"Aisne";"Collectif";478;482;34505;41231
"2013";"02";"Aisne";"Résidence";0;1;0;233
"2013";"03";"Allier";"Tous Logements";1005;954;108526;106966
"2013";"03";"Allier";"Individuel pur";694;642;84580;78905
"2013";"03";"Allier";"Individuel groupé";61;147;5433;14217
"2013";"03";"Allier";"Collectif";131;164;10645;13784
"2013";"03";"Allier";"Résidence";119;1;7868;42
"2013";"04";"Alpes-de-Haute-Provence";"Tous Logements";769;633;74106;64299
"2013";"04";"Alpes-de-Haute-Provence";"Individuel pur";431;375;48278;41808
"2013";"04";"Alpes-de-Haute-Provence";"Individuel groupé";149;85;12838;8395
"2013";"04";"Alpes-de-Haute-Provence";"Collectif";187;173;12941;14031
"2013";"04";"Alpes-de-Haute-Provence";"Résidence";2;0;49;0
"2013";"05";"Hautes-Alpes";"Tous Logements";1138;876;106514;84531
"2013";"05";"Hautes-Alpes";"Individuel pur";527;417;63578;52679
"2013";"05";"Hautes-Alpes";"Individuel groupé";179;100;16302;8915
"2013";"05";"Hautes-Alpes";"Collectif";355;358;22617;22839
"2013";"05";"Hautes-Alpes";"Résidence";77;1;4017;98
"2013";"06";"Alpes-Maritimes";"Tous Logements";5422;3808;391997;288252
"2013";"06";"Alpes-Maritimes";"Individuel pur";804;554;115761;81000
"2013";"06";"Alpes-Maritimes";"Individuel groupé";442;350;42905;31037
"2013";"06";"Alpes-Maritimes";"Collectif";3517;2680;207015;166441
"2013";"06";"Alpes-Maritimes";"Résidence";659;224;26316;9657
"2013";"07";"Ardèche";"Tous Logements";2081;1569;211499;168384
"2013";"07";"Ardèche";"Individuel pur";1068;932;127117;111589
"2013";"07";"Ardèche";"Individuel groupé";526;296;48545;28407
"2013";"07";"Ardèche";"Collectif";485;341;35548;28310
"2013";"07";"Ardèche";"Résidence";2;0;289;0
"2013";"08";"Ardennes";"Tous Logements";895;580;90875;70666
"2013";"08";"Ardennes";"Individuel pur";345;299;46655;42339
"2013";"08";"Ardennes";"Individuel groupé";296;205;27555;21162
"2013";"08";"Ardennes";"Collectif";254;76;16665;7165
"2013";"08";"Ardennes";"Résidence";0;0;0;0
"2013";"09";"Ariège";"Tous Logements";626;478;65814;53649
"2013";"09";"Ariège";"Individuel pur";423;385;48561;44138
"2013";"09";"Ariège";"Individuel groupé";83;70;8303;7746
"2013";"09";"Ariège";"Collectif";120;23;8950;1765
"2013";"09";"Ariège";"Résidence";0;0;0;0
"2013";"10";"Aube";"Tous Logements";1326;922;126339;95367
"2013";"10";"Aube";"Individuel pur";461;386;61547;50432
"2013";"10";"Aube";"Individuel groupé";198;221;18028;20942
"2013";"10";"Aube";"Collectif";667;303;46764;23613
"2013";"10";"Aube";"Résidence";0;12;0;380
"2013";"11";"Aude";"Tous Logements";2771;1957;252011;195334
"2013";"11";"Aude";"Individuel pur";1176;1065;133486;122125
"2013";"11";"Aude";"Individuel groupé";615;425;49404;39594
"2013";"11";"Aude";"Collectif";844;432;60987;31757
"2013";"11";"Aude";"Résidence";136;35;8134;1858
"2013";"12";"Aveyron";"Tous Logements";1365;1079;136667;117184
"2013";"12";"Aveyron";"Individuel pur";770;730;93888;89727
"2013";"12";"Aveyron";"Individuel groupé";177;155;16907;13831
"2013";"12";"Aveyron";"Collectif";347;192;23801;13287
"2013";"12";"Aveyron";"Résidence";71;2;2071;339
"2013";"13";"Bouches-du-Rhône";"Tous Logements";12365;10959;921190;824329
"2013";"13";"Bouches-du-Rhône";"Individuel pur";2061;1483;251085;188116
"2013";"13";"Bouches-du-Rhône";"Individuel groupé";1391;1150;127560;108673
"2013";"13";"Bouches-du-Rhône";"Collectif";7933;6868;494890;456048
"2013";"13";"Bouches-du-Rhône";"Résidence";980;1458;47655;71097
"2013";"14";"Calvados";"Tous Logements";4324;3864;357653;331001
"2013";"14";"Calvados";"Individuel pur";1388;1382;169585;173409
"2013";"14";"Calvados";"Individuel groupé";655;409;58894;37659
"2013";"14";"Calvados";"Collectif";1720;1209;109706;82937
"2013";"14";"Calvados";"Résidence";561;864;19468;36952
"2013";"15";"Cantal";"Tous Logements";533;479;53823;49687
"2013";"15";"Cantal";"Individuel pur";360;336;41562;38547
"2013";"15";"Cantal";"Individuel groupé";73;55;5412;4748
"2013";"15";"Cantal";"Collectif";98;86;6692;6312
"2013";"15";"Cantal";"Résidence";2;2;157;80
"2013";"16";"Charente";"Tous Logements";1168;1274;123450;132912
"2013";"16";"Charente";"Individuel pur";823;830;96406;97510
"2013";"16";"Charente";"Individuel groupé";179;226;16147;20680
"2013";"16";"Charente";"Collectif";158;154;10129;12823
"2013";"16";"Charente";"Résidence";8;64;768;1899
"2013";"17";"Charente-Maritime";"Tous Logements";5206;4505;486403;424704
"2013";"17";"Charente-Maritime";"Individuel pur";2785;2511;316147;290279
"2013";"17";"Charente-Maritime";"Individuel groupé";833;698;70410;59961
"2013";"17";"Charente-Maritime";"Collectif";1508;1147;95534;67278
"2013";"17";"Charente-Maritime";"Résidence";80;149;4312;7108
"2013";"18";"Cher";"Tous Logements";912;1238;97609;128102
"2013";"18";"Cher";"Individuel pur";606;644;75449;80234
"2013";"18";"Cher";"Individuel groupé";164;185;16681;18284
"2013";"18";"Cher";"Collectif";61;328;2910;26976
"2013";"18";"Cher";"Résidence";81;81;2569;2569
"2013";"19";"Corrèze";"Tous Logements";991;957;106373;102827
"2013";"19";"Corrèze";"Individuel pur";698;617;86718;78449
"2013";"19";"Corrèze";"Individuel groupé";115;147;10562;12534
"2013";"19";"Corrèze";"Collectif";89;143;3835;8583
"2013";"19";"Corrèze";"Résidence";89;50;5258;3261
"2013";"21";"Côte-d'Or";"Tous Logements";2133;2415;187015;206221
"2013";"21";"Côte-d'Or";"Individuel pur";784;687;103299;88017
"2013";"21";"Côte-d'Or";"Individuel groupé";160;190;13752;19529
"2013";"21";"Côte-d'Or";"Collectif";1140;1376;68285;92856
"2013";"21";"Côte-d'Or";"Résidence";49;162;1679;5764
"2013";"22";"Côtes-d'Armor";"Tous Logements";2912;2702;301517;280486
"2013";"22";"Côtes-d'Armor";"Individuel pur";1791;1800;214679;216956
"2013";"22";"Côtes-d'Armor";"Individuel groupé";414;314;36036;27988
"2013";"22";"Côtes-d'Armor";"Collectif";608;429;45408;27475
"2013";"22";"Côtes-d'Armor";"Résidence";99;159;5394;7987
"2013";"23";"Creuse";"Tous Logements";432;269;42304;30226
"2013";"23";"Creuse";"Individuel pur";231;245;26993;27940
"2013";"23";"Creuse";"Individuel groupé";21;23;1624;2236
"2013";"23";"Creuse";"Collectif";180;0;13687;0
"2013";"23";"Creuse";"Résidence";0;1;0;50
"2013";"24";"Dordogne";"Tous Logements";1825;1815;210529;205155
"2013";"24";"Dordogne";"Individuel pur";1399;1344;171347;164203
"2013";"24";"Dordogne";"Individuel groupé";278;307;27628;28206
"2013";"24";"Dordogne";"Collectif";114;127;8562;9429
"2013";"24";"Dordogne";"Résidence";34;37;2992;3194
"2013";"25";"Doubs";"Tous Logements";2621;2457;274107;264822
"2013";"25";"Doubs";"Individuel pur";1174;1104;158455;152992
"2013";"25";"Doubs";"Individuel groupé";394;427;38736;40916
"2013";"25";"Doubs";"Collectif";1049;924;76505;70579
"2013";"25";"Doubs";"Résidence";4;2;411;261
"2013";"26";"Drôme";"Tous Logements";3174;2967;299567;289612
"2013";"26";"Drôme";"Individuel pur";1482;1299;170197;154219
"2013";"26";"Drôme";"Individuel groupé";571;648;54884;62042
"2013";"26";"Drôme";"Collectif";979;867;69626;65471
"2013";"26";"Drôme";"Résidence";142;153;4860;7809
"2013";"27";"Eure";"Tous Logements";2788;2354;280202;248371
"2013";"27";"Eure";"Individuel pur";1662;1548;193739;183329
"2013";"27";"Eure";"Individuel groupé";436;301;38933;28253
"2013";"27";"Eure";"Collectif";659;469;45387;35283
"2013";"27";"Eure";"Résidence";31;36;2143;1449
"2013";"28";"Eure-et-Loir";"Tous Logements";1636;1200;159617;124527
"2013";"28";"Eure-et-Loir";"Individuel pur";773;747;95174;90788
"2013";"28";"Eure-et-Loir";"Individuel groupé";238;132;22098;12586
"2013";"28";"Eure-et-Loir";"Collectif";483;241;35314;18810
"2013";"28";"Eure-et-Loir";"Résidence";142;80;7031;2293
"2013";"29";"Finistère";"Tous Logements";3997;4270;402268;430170
"2013";"29";"Finistère";"Individuel pur";2359;2476;281696;299331
"2013";"29";"Finistère";"Individuel groupé";577;332;52232;30476
"2013";"29";"Finistère";"Collectif";685;1012;46528;71120
"2013";"29";"Finistère";"Résidence";376;450;21812;29027
"2013";"2A";"Corse-du-Sud";"Tous Logements";1771;1322;175755;135634
"2013";"2A";"Corse-du-Sud";"Individuel pur";659;566;91550;79167
"2013";"2A";"Corse-du-Sud";"Individuel groupé";384;266;31144;22902
"2013";"2A";"Corse-du-Sud";"Collectif";709;480;51669;32954
"2013";"2A";"Corse-du-Sud";"Résidence";19;10;1392;611
"2013";"2B";"Haute-Corse";"Tous Logements";1724;1827;146897;153774
"2013";"2B";"Haute-Corse";"Individuel pur";530;491;64581;61453
"2013";"2B";"Haute-Corse";"Individuel groupé";428;305;34556;24706
"2013";"2B";"Haute-Corse";"Collectif";766;1019;47760;66561
"2013";"2B";"Haute-Corse";"Résidence";0;12;0;1054
"2013";"30";"Gard";"Tous Logements";3898;3507;382750;343374
"2013";"30";"Gard";"Individuel pur";1995;1659;232708;195994
"2013";"30";"Gard";"Individuel groupé";802;618;73034;58419
"2013";"30";"Gard";"Collectif";1055;1202;73662;87007
"2013";"30";"Gard";"Résidence";46;28;3346;1800
"2013";"31";"Haute-Garonne";"Tous Logements";13563;10393;1054475;849559
"2013";"31";"Haute-Garonne";"Individuel pur";2880;2515;349621;311447
"2013";"31";"Haute-Garonne";"Individuel groupé";2063;1422;171192;131278
"2013";"31";"Haute-Garonne";"Collectif";8485;6328;525894;400912
"2013";"31";"Haute-Garonne";"Résidence";135;128;7768;5874
"2013";"32";"Gers";"Tous Logements";942;828;98027;93001
"2013";"32";"Gers";"Individuel pur";582;580;70965;72580
"2013";"32";"Gers";"Individuel groupé";167;135;15317;12595
"2013";"32";"Gers";"Collectif";145;111;8223;7561
"2013";"32";"Gers";"Résidence";48;2;3522;234
"2013";"33";"Gironde";"Tous Logements";15809;12487;1311395;1078161
"2013";"33";"Gironde";"Individuel pur";4407;4121;522652;487207
"2013";"33";"Gironde";"Individuel groupé";2343;2540;201244;217307
"2013";"33";"Gironde";"Collectif";8406;5171;560633;340234
"2013";"33";"Gironde";"Résidence";653;655;26866;32837
"2013";"34";"Hérault";"Tous Logements";9737;8460;789229;681075
"2013";"34";"Hérault";"Individuel pur";2720;2197;319734;258294
"2013";"34";"Hérault";"Individuel groupé";1551;1107;129932;92783
"2013";"34";"Hérault";"Collectif";4826;4736;302925;304811
"2013";"34";"Hérault";"Résidence";640;420;36638;25092
"2013";"35";"Ille-et-Vilaine";"Tous Logements";8763;7395;776364;688028
"2013";"35";"Ille-et-Vilaine";"Individuel pur";3092;3069;389573;389741
"2013";"35";"Ille-et-Vilaine";"Individuel groupé";702;540;66071;50158
"2013";"35";"Ille-et-Vilaine";"Collectif";4275;3323;291045;231272
"2013";"35";"Ille-et-Vilaine";"Résidence";694;463;29675;16670
"2013";"36";"Indre";"Tous Logements";446;556;52054;58492
"2013";"36";"Indre";"Individuel pur";349;338;43011;40881
"2013";"36";"Indre";"Individuel groupé";35;144;3210;12079
"2013";"36";"Indre";"Collectif";57;68;5464;5048
"2013";"36";"Indre";"Résidence";5;6;369;476
"2013";"37";"Indre-et-Loire";"Tous Logements";3054;3233;282652;292700
"2013";"37";"Indre-et-Loire";"Individuel pur";1169;1082;146138;139327
"2013";"37";"Indre-et-Loire";"Individuel groupé";408;457;36363;42800
"2013";"37";"Indre-et-Loire";"Collectif";1312;1418;86273;98240
"2013";"37";"Indre-et-Loire";"Résidence";165;276;13878;12025
"2013";"38";"Isère";"Tous Logements";8877;6071;738661;547246
"2013";"38";"Isère";"Individuel pur";2457;1974;296456;240353
"2013";"38";"Isère";"Individuel groupé";1031;930;96054;86200
"2013";"38";"Isère";"Collectif";4490;2822;312583;204788
"2013";"38";"Isère";"Résidence";899;345;33568;15783
"2013";"39";"Jura";"Tous Logements";836;787;94831;89415
"2013";"39";"Jura";"Individuel pur";527;487;68348;63132
"2013";"39";"Jura";"Individuel groupé";180;149;17051;13852
"2013";"39";"Jura";"Collectif";119;125;8797;10342
"2013";"39";"Jura";"Résidence";10;26;635;2050
"2013";"40";"Landes";"Tous Logements";2949;2954;295826;300941
"2013";"40";"Landes";"Individuel pur";1747;1725;208294;208905
"2013";"40";"Landes";"Individuel groupé";536;561;46395;49824
"2013";"40";"Landes";"Collectif";529;626;34056;40211
"2013";"40";"Landes";"Résidence";137;42;7081;1953
"2013";"41";"Loir-et-Cher";"Tous Logements";1041;1063;117576;117139
"2013";"41";"Loir-et-Cher";"Individuel pur";685;695;85957;85480
"2013";"41";"Loir-et-Cher";"Individuel groupé";256;188;23613;16803
"2013";"41";"Loir-et-Cher";"Collectif";80;119;6076;11247
"2013";"41";"Loir-et-Cher";"Résidence";20;61;1930;3609
"2013";"42";"Loire";"Tous Logements";3394;2724;337857;274813
"2013";"42";"Loire";"Individuel pur";1554;1354;186111;164635
"2013";"42";"Loire";"Individuel groupé";387;252;38017;25038
"2013";"42";"Loire";"Collectif";1294;1012;105490;78061
"2013";"42";"Loire";"Résidence";159;106;8239;7039
"2013";"43";"Haute-Loire";"Tous Logements";957;930;103733;101006
"2013";"43";"Haute-Loire";"Individuel pur";648;611;79592;75072
"2013";"43";"Haute-Loire";"Individuel groupé";74;110;7492;10067
"2013";"43";"Haute-Loire";"Collectif";119;209;8781;15861
"2013";"43";"Haute-Loire";"Résidence";116;0;7868;0
"2013";"44";"Loire-Atlantique";"Tous Logements";11407;10308;937425;890265
"2013";"44";"Loire-Atlantique";"Individuel pur";3757;3674;436918;431026
"2013";"44";"Loire-Atlantique";"Individuel groupé";1148;1274;97985;110040
"2013";"44";"Loire-Atlantique";"Collectif";6032;4661;381343;311998
"2013";"44";"Loire-Atlantique";"Résidence";470;699;21179;36906
"2013";"45";"Loiret";"Tous Logements";4161;2971;375227;278563
"2013";"45";"Loiret";"Individuel pur";1465;1331;177176;162624
"2013";"45";"Loiret";"Individuel groupé";1048;551;94873;50977
"2013";"45";"Loiret";"Collectif";1412;960;90004;61372
"2013";"45";"Loiret";"Résidence";236;129;13174;3511
"2013";"46";"Lot";"Tous Logements";881;812;91217;88079
"2013";"46";"Lot";"Individuel pur";673;613;80048;75019
"2013";"46";"Lot";"Individuel groupé";62;96;4681;7499
"2013";"46";"Lot";"Collectif";101;80;5353;3739
"2013";"46";"Lot";"Résidence";45;23;1135;1788
"2013";"47";"Lot-et-Garonne";"Tous Logements";1168;1016;133749;116394
"2013";"47";"Lot-et-Garonne";"Individuel pur";783;690;100161;89355
"2013";"47";"Lot-et-Garonne";"Individuel groupé";277;165;25843;16593
"2013";"47";"Lot-et-Garonne";"Collectif";85;87;6943;7095
"2013";"47";"Lot-et-Garonne";"Résidence";23;74;802;3337
"2013";"48";"Lozère";"Tous Logements";419;458;46803;46396
"2013";"48";"Lozère";"Individuel pur";299;278;37056;35284
"2013";"48";"Lozère";"Individuel groupé";73;55;6746;4749
"2013";"48";"Lozère";"Collectif";37;74;2540;5484
"2013";"48";"Lozère";"Résidence";10;51;461;879
"2013";"49";"Maine-et-Loire";"Tous Logements";3327;3564;325880;341750
"2013";"49";"Maine-et-Loire";"Individuel pur";1685;1657;202854;197897
"2013";"49";"Maine-et-Loire";"Individuel groupé";640;599;56948;53886
"2013";"49";"Maine-et-Loire";"Collectif";921;1290;62338;89433
"2013";"49";"Maine-et-Loire";"Résidence";81;18;3740;481
"2013";"50";"Manche";"Tous Logements";2083;1936;218094;214989
"2013";"50";"Manche";"Individuel pur";1379;1395;167899;171304
"2013";"50";"Manche";"Individuel groupé";188;180;16711;17192
"2013";"50";"Manche";"Collectif";337;297;22634;21829
"2013";"50";"Manche";"Résidence";179;64;10850;4629
"2013";"51";"Marne";"Tous Logements";2452;1875;222293;176335
"2013";"51";"Marne";"Individuel pur";728;642;99273;85953
"2013";"51";"Marne";"Individuel groupé";302;271;30916;27377
"2013";"51";"Marne";"Collectif";1028;862;68958;59485
"2013";"51";"Marne";"Résidence";394;100;23146;3474
"2013";"52";"Haute-Marne";"Tous Logements";286;269;33761;33290
"2013";"52";"Haute-Marne";"Individuel pur";187;178;25383;25086
"2013";"52";"Haute-Marne";"Individuel groupé";17;31;1854;2990
"2013";"52";"Haute-Marne";"Collectif";22;17;2208;1623
"2013";"52";"Haute-Marne";"Résidence";60;43;4316;3591
"2013";"53";"Mayenne";"Tous Logements";919;1052;95848;114462
"2013";"53";"Mayenne";"Individuel pur";634;693;77434;84669
"2013";"53";"Mayenne";"Individuel groupé";115;176;9302;15056
"2013";"53";"Mayenne";"Collectif";67;121;6212;11213
"2013";"53";"Mayenne";"Résidence";103;62;2900;3265
"2013";"54";"Meurthe-et-Moselle";"Tous Logements";2363;1981;222692;197671
"2013";"54";"Meurthe-et-Moselle";"Individuel pur";744;678;102865;95482
"2013";"54";"Meurthe-et-Moselle";"Individuel groupé";358;280;34385;27298
"2013";"54";"Meurthe-et-Moselle";"Collectif";1022;1017;72245;74228
"2013";"54";"Meurthe-et-Moselle";"Résidence";239;6;13197;663
"2013";"55";"Meuse";"Tous Logements";379;412;48766;50663
"2013";"55";"Meuse";"Individuel pur";294;284;41183;39119
"2013";"55";"Meuse";"Individuel groupé";55;80;5161;7630
"2013";"55";"Meuse";"Collectif";29;36;2312;2820
"2013";"55";"Meuse";"Résidence";1;12;110;1061
"2013";"56";"Morbihan";"Tous Logements";4615;4179;452685;441330
"2013";"56";"Morbihan";"Individuel pur";2518;2595;308614;323301
"2013";"56";"Morbihan";"Individuel groupé";509;422;42762;37442
"2013";"56";"Morbihan";"Collectif";1469;1078;94275;74533
"2013";"56";"Morbihan";"Résidence";119;84;7034;5882
"2013";"57";"Moselle";"Tous Logements";4707;4825;469256;461824
"2013";"57";"Moselle";"Individuel pur";1629;1410;235685;207018
"2013";"57";"Moselle";"Individuel groupé";604;551;64104;54491
"2013";"57";"Moselle";"Collectif";2025;2404;151681;171438
"2013";"57";"Moselle";"Résidence";449;460;17786;28877
"2013";"58";"Nièvre";"Tous Logements";339;334;38786;37917
"2013";"58";"Nièvre";"Individuel pur";243;243;31632;30168
"2013";"58";"Nièvre";"Individuel groupé";70;72;5512;6426
"2013";"58";"Nièvre";"Collectif";26;19;1642;1323
"2013";"58";"Nièvre";"Résidence";0;0;0;0
"2013";"59";"Nord";"Tous Logements";13091;9797;1063799;830994
"2013";"59";"Nord";"Individuel pur";2383;2095;316001;281723
"2013";"59";"Nord";"Individuel groupé";2481;1739;225515;162643
"2013";"59";"Nord";"Collectif";7143;5211;488804;366965
"2013";"59";"Nord";"Résidence";1084;752;33479;19599
"2013";"60";"Oise";"Tous Logements";3638;2632;306609;240335
"2013";"60";"Oise";"Individuel pur";1127;995;132291;118711
"2013";"60";"Oise";"Individuel groupé";805;580;70834;51472
"2013";"60";"Oise";"Collectif";1453;1026;94885;68498
"2013";"60";"Oise";"Résidence";253;31;8599;1654
"2013";"61";"Orne";"Tous Logements";608;653;65359;72526
"2013";"61";"Orne";"Individuel pur";416;412;50539;51646
"2013";"61";"Orne";"Individuel groupé";81;98;6367;9756
"2013";"61";"Orne";"Collectif";100;143;7499;11124
"2013";"61";"Orne";"Résidence";11;0;954;0
"2013";"62";"Pas-de-Calais";"Tous Logements";6281;5332;603757;542868
"2013";"62";"Pas-de-Calais";"Individuel pur";2438;2263;307820;287809
"2013";"62";"Pas-de-Calais";"Individuel groupé";1364;1110;125444;109467
"2013";"62";"Pas-de-Calais";"Collectif";2149;1792;155887;137327
"2013";"62";"Pas-de-Calais";"Résidence";330;167;14606;8217
"2013";"63";"Puy-de-Dôme";"Tous Logements";3396;3103;320508;299318
"2013";"63";"Puy-de-Dôme";"Individuel pur";1660;1512;197718;178145
"2013";"63";"Puy-de-Dôme";"Individuel groupé";195;239;18881;24318
"2013";"63";"Puy-de-Dôme";"Collectif";1517;1179;102500;89567
"2013";"63";"Puy-de-Dôme";"Résidence";24;173;1409;7065
"2013";"64";"Pyrénées-Atlantiques";"Tous Logements";5849;4492;499982;423207
"2013";"64";"Pyrénées-Atlantiques";"Individuel pur";1527;1504;207315;202478
"2013";"64";"Pyrénées-Atlantiques";"Individuel groupé";547;530;55406;54480
"2013";"64";"Pyrénées-Atlantiques";"Collectif";3488;2078;226712;143583
"2013";"64";"Pyrénées-Atlantiques";"Résidence";287;380;10549;22564
"2013";"65";"Hautes-Pyrénées";"Tous Logements";1289;1101;126954;117447
"2013";"65";"Hautes-Pyrénées";"Individuel pur";595;589;72696;73656
"2013";"65";"Hautes-Pyrénées";"Individuel groupé";344;364;28814;33457
"2013";"65";"Hautes-Pyrénées";"Collectif";312;121;21733;8561
"2013";"65";"Hautes-Pyrénées";"Résidence";38;27;3711;1727
"2013";"66";"Pyrénées-Orientales";"Tous Logements";3093;3371;278979;286500
"2013";"66";"Pyrénées-Orientales";"Individuel pur";1481;1224;168878;141906
"2013";"66";"Pyrénées-Orientales";"Individuel groupé";354;343;31606;29269
"2013";"66";"Pyrénées-Orientales";"Collectif";1184;1407;73042;87736
"2013";"66";"Pyrénées-Orientales";"Résidence";74;397;5453;27589
"2013";"67";"Bas-Rhin";"Tous Logements";5747;4975;530846;483477
"2013";"67";"Bas-Rhin";"Individuel pur";1392;1251;221424;204424
"2013";"67";"Bas-Rhin";"Individuel groupé";499;506;55543;51826
"2013";"67";"Bas-Rhin";"Collectif";3760;3195;245901;225359
"2013";"67";"Bas-Rhin";"Résidence";96;23;7978;1807
"2013";"68";"Haut-Rhin";"Tous Logements";2994;2883;324978;316527
"2013";"68";"Haut-Rhin";"Individuel pur";1156;1143;178598;179778
"2013";"68";"Haut-Rhin";"Individuel groupé";497;444;56916;49800
"2013";"68";"Haut-Rhin";"Collectif";1023;1168;75817;82611
"2013";"68";"Haut-Rhin";"Résidence";318;128;13647;4338
"2013";"69";"Rhône";"Tous Logements";12299;9336;928390;737414
"2013";"69";"Rhône";"Individuel pur";1780;1581;232823;206230
"2013";"69";"Rhône";"Individuel groupé";1034;860;99114;82639
"2013";"69";"Rhône";"Collectif";8239;6266;545054;426207
"2013";"69";"Rhône";"Résidence";1246;629;51399;21984
"2013";"70";"Haute-Saône";"Tous Logements";794;725;90803;84519
"2013";"70";"Haute-Saône";"Individuel pur";509;478;66739;63635
"2013";"70";"Haute-Saône";"Individuel groupé";105;72;9477;6656
"2013";"70";"Haute-Saône";"Collectif";161;123;12792;9872
"2013";"70";"Haute-Saône";"Résidence";19;52;1795;4329
"2013";"71";"Saône-et-Loire";"Tous Logements";1606;1883;171222;202004
"2013";"71";"Saône-et-Loire";"Individuel pur";1131;1045;132966;129713
"2013";"71";"Saône-et-Loire";"Individuel groupé";153;235;12958;22190
"2013";"71";"Saône-et-Loire";"Collectif";239;500;19229;42177
"2013";"71";"Saône-et-Loire";"Résidence";83;103;6069;7777
"2013";"72";"Sarthe";"Tous Logements";1554;2055;170878;206758
"2013";"72";"Sarthe";"Individuel pur";999;1054;124672;133467
"2013";"72";"Sarthe";"Individuel groupé";229;208;20959;18577
"2013";"72";"Sarthe";"Collectif";326;581;25247;41925
"2013";"72";"Sarthe";"Résidence";0;212;0;12483
"2013";"73";"Savoie";"Tous Logements";3590;3462;325430;307954
"2013";"73";"Savoie";"Individuel pur";994;911;130563;118248
"2013";"73";"Savoie";"Individuel groupé";465;371;45375;35361
"2013";"73";"Savoie";"Collectif";1665;1830;122659;134741
"2013";"73";"Savoie";"Résidence";466;350;26833;19455
"2013";"74";"Haute-Savoie";"Tous Logements";9324;6654;828755;595542
"2013";"74";"Haute-Savoie";"Individuel pur";1723;1378;252896;199387
"2013";"74";"Haute-Savoie";"Individuel groupé";905;616;99725;65759
"2013";"74";"Haute-Savoie";"Collectif";6515;4344;466722;312451
"2013";"74";"Haute-Savoie";"Résidence";181;316;9412;17887
"2013";"75";"Paris";"Tous Logements";2969;3652;183107;210525
"2013";"75";"Paris";"Individuel pur";194;44;16425;4078
"2013";"75";"Paris";"Individuel groupé";28;36;2909;3543
"2013";"75";"Paris";"Collectif";2286;2549;140751;160057
"2013";"75";"Paris";"Résidence";461;1023;23022;42847
"2013";"76";"Seine-Maritime";"Tous Logements";7071;5807;628828;535984
"2013";"76";"Seine-Maritime";"Individuel pur";2069;1889;261494;240261
"2013";"76";"Seine-Maritime";"Individuel groupé";1228;1010;115531;94933
"2013";"76";"Seine-Maritime";"Collectif";3556;2650;239635;189783
"2013";"76";"Seine-Maritime";"Résidence";218;258;12168;10880
"2013";"77";"Seine-et-Marne";"Tous Logements";9888;6393;706330;496746
"2013";"77";"Seine-et-Marne";"Individuel pur";1466;1219;177352;147154
"2013";"77";"Seine-et-Marne";"Individuel groupé";1006;805;82287;77951
"2013";"77";"Seine-et-Marne";"Collectif";6366;4265;397422;265614
"2013";"77";"Seine-et-Marne";"Résidence";1050;104;49269;5769
"2013";"78";"Yvelines";"Tous Logements";7934;7941;591692;567125
"2013";"78";"Yvelines";"Individuel pur";1070;816;147528;118837
"2013";"78";"Yvelines";"Individuel groupé";714;785;69454;75916
"2013";"78";"Yvelines";"Collectif";5475;5138;345158;321111
"2013";"78";"Yvelines";"Résidence";675;1202;29552;51092
"2013";"79";"Deux-Sèvres";"Tous Logements";1226;1075;126897;123118
"2013";"79";"Deux-Sèvres";"Individuel pur";843;815;99098;97185
"2013";"79";"Deux-Sèvres";"Individuel groupé";126;111;12653;12105
"2013";"79";"Deux-Sèvres";"Collectif";115;98;11097;10378
"2013";"79";"Deux-Sèvres";"Résidence";142;51;4049;3450
"2013";"80";"Somme";"Tous Logements";2363;2064;217941;199512
"2013";"80";"Somme";"Individuel pur";986;969;121760;123796
"2013";"80";"Somme";"Individuel groupé";400;235;35200;20451
"2013";"80";"Somme";"Collectif";833;828;51947;53075
"2013";"80";"Somme";"Résidence";144;32;9034;2190
"2013";"81";"Tarn";"Tous Logements";1777;1478;187559;158214
"2013";"81";"Tarn";"Individuel pur";1152;1054;135024;124840
"2013";"81";"Tarn";"Individuel groupé";191;193;18665;16911
"2013";"81";"Tarn";"Collectif";369;223;26325;15708
"2013";"81";"Tarn";"Résidence";65;8;7545;755
"2013";"82";"Tarn-et-Garonne";"Tous Logements";1349;1060;135330;120115
"2013";"82";"Tarn-et-Garonne";"Individuel pur";787;839;93209;101058
"2013";"82";"Tarn-et-Garonne";"Individuel groupé";249;115;21169;10946
"2013";"82";"Tarn-et-Garonne";"Collectif";306;99;20109;7316
"2013";"82";"Tarn-et-Garonne";"Résidence";7;7;843;795
"2013";"83";"Var";"Tous Logements";7875;6990;671734;591009
"2013";"83";"Var";"Individuel pur";2114;1760;262804;220189
"2013";"83";"Var";"Individuel groupé";886;1011;83306;91698
"2013";"83";"Var";"Collectif";4799;4035;321421;266021
"2013";"83";"Var";"Résidence";76;184;4203;12838
"2013";"84";"Vaucluse";"Tous Logements";3458;2658;309247;249393
"2013";"84";"Vaucluse";"Individuel pur";1208;1007;142660;119201
"2013";"84";"Vaucluse";"Individuel groupé";833;608;75134;55986
"2013";"84";"Vaucluse";"Collectif";1286;1000;84042;71281
"2013";"84";"Vaucluse";"Résidence";131;43;7411;2681
"2013";"85";"Vendée";"Tous Logements";4223;4424;411453;445397
"2013";"85";"Vendée";"Individuel pur";2938;3095;320968;342575
"2013";"85";"Vendée";"Individuel groupé";644;499;48208;42199
"2013";"85";"Vendée";"Collectif";404;746;29624;55708
"2013";"85";"Vendée";"Résidence";237;84;12653;4812
"2013";"86";"Vienne";"Tous Logements";1636;2550;169305;235471
"2013";"86";"Vienne";"Individuel pur";1058;1005;120724;114637
"2013";"86";"Vienne";"Individuel groupé";375;340;34562;32056
"2013";"86";"Vienne";"Collectif";195;213;13427;16234
"2013";"86";"Vienne";"Résidence";8;992;592;72171
"2013";"87";"Haute-Vienne";"Tous Logements";1119;1053;118579;114999
"2013";"87";"Haute-Vienne";"Individuel pur";698;704;84955;86251
"2013";"87";"Haute-Vienne";"Individuel groupé";87;115;8424;10071
"2013";"87";"Haute-Vienne";"Collectif";220;206;17579;16701
"2013";"87";"Haute-Vienne";"Résidence";114;28;7621;1914
"2013";"88";"Vosges";"Tous Logements";1346;1214;150931;137824
"2013";"88";"Vosges";"Individuel pur";709;648;95310;88649
"2013";"88";"Vosges";"Individuel groupé";327;183;31747;17310
"2013";"88";"Vosges";"Collectif";310;383;23874;31821
"2013";"88";"Vosges";"Résidence";0;0;0;0
"2013";"89";"Yonne";"Tous Logements";1024;784;98697;83880
"2013";"89";"Yonne";"Individuel pur";530;465;63777;58245
"2013";"89";"Yonne";"Individuel groupé";97;87;8180;8638
"2013";"89";"Yonne";"Collectif";278;229;20063;16712
"2013";"89";"Yonne";"Résidence";119;3;6677;254
"2013";"90";"Territoire de Belfort";"Tous Logements";363;332;42642;40275
"2013";"90";"Territoire de Belfort";"Individuel pur";230;210;31116;29621
"2013";"90";"Territoire de Belfort";"Individuel groupé";37;51;3250;4063
"2013";"90";"Territoire de Belfort";"Collectif";89;67;7819;6461
"2013";"90";"Territoire de Belfort";"Résidence";7;4;457;130
"2013";"91";"Essonne";"Tous Logements";9590;7370;657978;495906
"2013";"91";"Essonne";"Individuel pur";1099;784;132982;96815
"2013";"91";"Essonne";"Individuel groupé";575;477;52670;43976
"2013";"91";"Essonne";"Collectif";7322;5574;452696;335250
"2013";"91";"Essonne";"Résidence";594;535;19630;19817
"2013";"92";"Hauts-de-Seine";"Tous Logements";9128;6263;620066;448159
"2013";"92";"Hauts-de-Seine";"Individuel pur";208;158;33301;25456
"2013";"92";"Hauts-de-Seine";"Individuel groupé";261;461;26120;36686
"2013";"92";"Hauts-de-Seine";"Collectif";7804;5173;519414;355217
"2013";"92";"Hauts-de-Seine";"Résidence";855;471;41231;30322
"2013";"93";"Seine-Saint-Denis";"Tous Logements";8466;7493;523173;494041
"2013";"93";"Seine-Saint-Denis";"Individuel pur";399;209;47664;26341
"2013";"93";"Seine-Saint-Denis";"Individuel groupé";409;245;30210;19252
"2013";"93";"Seine-Saint-Denis";"Collectif";6896;6562;422595;431492
"2013";"93";"Seine-Saint-Denis";"Résidence";762;477;22704;16922
"2013";"94";"Val-de-Marne";"Tous Logements";5175;6255;339863;389803
"2013";"94";"Val-de-Marne";"Individuel pur";348;224;48183;32300
"2013";"94";"Val-de-Marne";"Individuel groupé";213;220;18917;19585
"2013";"94";"Val-de-Marne";"Collectif";3890;4673;244621;305823
"2013";"94";"Val-de-Marne";"Résidence";724;1138;28142;32037
"2013";"95";"Val-d'Oise";"Tous Logements";6141;4219;449258;313731
"2013";"95";"Val-d'Oise";"Individuel pur";718;539;96203;71909
"2013";"95";"Val-d'Oise";"Individuel groupé";452;191;41013;19023
"2013";"95";"Val-d'Oise";"Collectif";4579;3344;295822;216797
"2013";"95";"Val-d'Oise";"Résidence";392;145;16220;5906
"2013";"971";"Guadeloupe";"Tous Logements";3452;2017;279262;174361
"2013";"971";"Guadeloupe";"Individuel pur";1702;888;171956;92976
"2013";"971";"Guadeloupe";"Individuel groupé";302;441;21209;31283
"2013";"971";"Guadeloupe";"Collectif";1268;683;79383;49924
"2013";"971";"Guadeloupe";"Résidence";180;5;6714;149
"2013";"972";"Martinique";"Tous Logements";2964;1836;227134;167185
"2013";"972";"Martinique";"Individuel pur";1094;605;106102;60392
"2013";"972";"Martinique";"Individuel groupé";263;219;20029;16427
"2013";"972";"Martinique";"Collectif";1506;947;96850;87136
"2013";"972";"Martinique";"Résidence";101;65;4153;3230
"2013";"973";"Guyane";"Tous Logements";1519;1188;125267;83897
"2013";"973";"Guyane";"Individuel pur";265;118;30710;13607
"2013";"973";"Guyane";"Individuel groupé";429;304;42434;29440
"2013";"973";"Guyane";"Collectif";710;496;44756;30071
"2013";"973";"Guyane";"Résidence";115;270;7367;10779
"2013";"974";"La Réunion";"Tous Logements";7610;6937;597333;546983
"2013";"974";"La Réunion";"Individuel pur";2434;1731;233888;171014
"2013";"974";"La Réunion";"Individuel groupé";1467;982;106893;79757
"2013";"974";"La Réunion";"Collectif";3678;4224;255006;296112
"2013";"974";"La Réunion";"Résidence";31;0;1546;0
"2013";"976";"Mayotte";"Tous Logements";1482;204;185854;19623
"2013";"976";"Mayotte";"Individuel pur";579;50;86900;5403
"2013";"976";"Mayotte";"Individuel groupé";608;29;69919;2809
"2013";"976";"Mayotte";"Collectif";257;94;25554;8693
"2013";"976";"Mayotte";"Résidence";38;31;3481;2718
"2012";"01";"Ain";"Tous Logements";5581;4767;532981;470952
"2012";"01";"Ain";"Individuel pur";1806;1559;233931;204199
"2012";"01";"Ain";"Individuel groupé";868;863;88929;89904
"2012";"01";"Ain";"Collectif";2722;2187;203313;167417
"2012";"01";"Ain";"Résidence";185;158;6808;8948
"2012";"02";"Aisne";"Tous Logements";1774;1160;179625;128856
"2012";"02";"Aisne";"Individuel pur";860;754;106635;98112
"2012";"02";"Aisne";"Individuel groupé";204;179;19274;15477
"2012";"02";"Aisne";"Collectif";616;205;49541;13401
"2012";"02";"Aisne";"Résidence";94;22;4175;1736
"2012";"03";"Allier";"Tous Logements";1210;1128;137374;132887
"2012";"03";"Allier";"Individuel pur";805;752;100864;96861
"2012";"03";"Allier";"Individuel groupé";260;147;23762;12816
"2012";"03";"Allier";"Collectif";144;125;12205;13014
"2012";"03";"Allier";"Résidence";1;104;543;10070
"2012";"04";"Alpes-de-Haute-Provence";"Tous Logements";1005;818;98320;80487
"2012";"04";"Alpes-de-Haute-Provence";"Individuel pur";496;402;57259;47841
"2012";"04";"Alpes-de-Haute-Provence";"Individuel groupé";175;147;16621;13957
"2012";"04";"Alpes-de-Haute-Provence";"Collectif";283;267;19651;18546
"2012";"04";"Alpes-de-Haute-Provence";"Résidence";51;2;4789;134
"2012";"05";"Hautes-Alpes";"Tous Logements";1058;979;107171;94914
"2012";"05";"Hautes-Alpes";"Individuel pur";555;456;70284;58856
"2012";"05";"Hautes-Alpes";"Individuel groupé";206;111;18110;10280
"2012";"05";"Hautes-Alpes";"Collectif";267;320;17262;22456
"2012";"05";"Hautes-Alpes";"Résidence";30;92;1515;3205
"2012";"06";"Alpes-Maritimes";"Tous Logements";7205;4586;540155;370763
"2012";"06";"Alpes-Maritimes";"Individuel pur";810;570;124583;89103
"2012";"06";"Alpes-Maritimes";"Individuel groupé";568;378;63827;37911
"2012";"06";"Alpes-Maritimes";"Collectif";5443;3223;334237;215432
"2012";"06";"Alpes-Maritimes";"Résidence";384;415;17508;27436
"2012";"07";"Ardèche";"Tous Logements";2116;1830;226128;202058
"2012";"07";"Ardèche";"Individuel pur";1299;1114;157419;137956
"2012";"07";"Ardèche";"Individuel groupé";350;305;32667;30676
"2012";"07";"Ardèche";"Collectif";427;393;33750;31726
"2012";"07";"Ardèche";"Résidence";40;18;2292;1090
"2012";"08";"Ardennes";"Tous Logements";846;722;104609;87543
"2012";"08";"Ardennes";"Individuel pur";529;456;73056;61048
"2012";"08";"Ardennes";"Individuel groupé";160;173;16966;17002
"2012";"08";"Ardennes";"Collectif";157;93;14587;9402
"2012";"08";"Ardennes";"Résidence";0;0;0;0
"2012";"09";"Ariège";"Tous Logements";670;595;76142;67894
"2012";"09";"Ariège";"Individuel pur";528;457;63175;56409
"2012";"09";"Ariège";"Individuel groupé";104;63;10332;5999
"2012";"09";"Ariège";"Collectif";35;53;2194;3844
"2012";"09";"Ariège";"Résidence";3;22;441;1176
"2012";"10";"Aube";"Tous Logements";1536;1232;153164;130519
"2012";"10";"Aube";"Individuel pur";666;614;89065;81251
"2012";"10";"Aube";"Individuel groupé";231;123;21939;11004
"2012";"10";"Aube";"Collectif";609;479;40049;36919
"2012";"10";"Aube";"Résidence";30;16;2111;1345
"2012";"11";"Aude";"Tous Logements";2633;1866;257342;193575
"2012";"11";"Aude";"Individuel pur";1464;1206;170346;143284
"2012";"11";"Aude";"Individuel groupé";403;235;36473;22306
"2012";"11";"Aude";"Collectif";585;384;39080;25014
"2012";"11";"Aude";"Résidence";181;41;11443;2789
"2012";"12";"Aveyron";"Tous Logements";1658;1402;173897;156797
"2012";"12";"Aveyron";"Individuel pur";971;901;122563;115422
"2012";"12";"Aveyron";"Individuel groupé";208;169;20138;17276
"2012";"12";"Aveyron";"Collectif";455;258;29413;18508
"2012";"12";"Aveyron";"Résidence";24;74;1783;5418
"2012";"13";"Bouches-du-Rhône";"Tous Logements";15146;9015;1165176;731448
"2012";"13";"Bouches-du-Rhône";"Individuel pur";2195;1708;290699;224766
"2012";"13";"Bouches-du-Rhône";"Individuel groupé";1573;1040;151020;100524
"2012";"13";"Bouches-du-Rhône";"Collectif";9512;5764;623403;383976
"2012";"13";"Bouches-du-Rhône";"Résidence";1866;503;100054;21609
"2012";"14";"Calvados";"Tous Logements";5007;3718;466976;382506
"2012";"14";"Calvados";"Individuel pur";1893;1694;245093;224108
"2012";"14";"Calvados";"Individuel groupé";606;595;59032;59302
"2012";"14";"Calvados";"Collectif";2041;1372;136814;96190
"2012";"14";"Calvados";"Résidence";467;57;26037;2649
"2012";"15";"Cantal";"Tous Logements";661;523;71673;58944
"2012";"15";"Cantal";"Individuel pur";453;361;55685;45747
"2012";"15";"Cantal";"Individuel groupé";44;37;3764;3324
"2012";"15";"Cantal";"Collectif";145;108;10842;8467
"2012";"15";"Cantal";"Résidence";19;17;1382;1302
"2012";"16";"Charente";"Tous Logements";1519;1382;165244;156508
"2012";"16";"Charente";"Individuel pur";1088;975;129733;118624
"2012";"16";"Charente";"Individuel groupé";251;192;23899;19991
"2012";"16";"Charente";"Collectif";112;209;9497;17294
"2012";"16";"Charente";"Résidence";68;6;2115;475
"2012";"17";"Charente-Maritime";"Tous Logements";6624;4691;609581;480385
"2012";"17";"Charente-Maritime";"Individuel pur";3135;2647;378440;323062
"2012";"17";"Charente-Maritime";"Individuel groupé";1114;868;96498;75630
"2012";"17";"Charente-Maritime";"Collectif";1493;1133;90379;78811
"2012";"17";"Charente-Maritime";"Résidence";882;43;44264;2544
"2012";"18";"Cher";"Tous Logements";1294;1247;141913;132925
"2012";"18";"Cher";"Individuel pur";729;651;91804;81550
"2012";"18";"Cher";"Individuel groupé";239;243;23369;22998
"2012";"18";"Cher";"Collectif";326;353;26740;28311
"2012";"18";"Cher";"Résidence";0;0;0;0
"2012";"19";"Corrèze";"Tous Logements";1209;966;128285;113221
"2012";"19";"Corrèze";"Individuel pur";794;693;98485;88968
"2012";"19";"Corrèze";"Individuel groupé";157;130;13174;12863
"2012";"19";"Corrèze";"Collectif";253;138;16045;10790
"2012";"19";"Corrèze";"Résidence";5;5;581;581
"2012";"21";"Côte-d'Or";"Tous Logements";3562;2298;307723;218741
"2012";"21";"Côte-d'Or";"Individuel pur";892;760;118509;102622
"2012";"21";"Côte-d'Or";"Individuel groupé";234;163;23044;18016
"2012";"21";"Côte-d'Or";"Collectif";2201;1277;155015;92177
"2012";"21";"Côte-d'Or";"Résidence";235;98;11155;5812
"2012";"22";"Côtes-d'Armor";"Tous Logements";3738;3709;400157;399202
"2012";"22";"Côtes-d'Armor";"Individuel pur";2434;2251;301654;286144
"2012";"22";"Côtes-d'Armor";"Individuel groupé";482;461;43662;44899
"2012";"22";"Côtes-d'Armor";"Collectif";663;526;45430;38695
"2012";"22";"Côtes-d'Armor";"Résidence";159;471;9411;28703
"2012";"23";"Creuse";"Tous Logements";356;348;38868;38852
"2012";"23";"Creuse";"Individuel pur";288;262;33626;31909
"2012";"23";"Creuse";"Individuel groupé";40;24;4096;2307
"2012";"23";"Creuse";"Collectif";27;40;1096;2701
"2012";"23";"Creuse";"Résidence";1;22;50;1903
"2012";"24";"Dordogne";"Tous Logements";2219;1993;253186;227823
"2012";"24";"Dordogne";"Individuel pur";1725;1531;212320;189944
"2012";"24";"Dordogne";"Individuel groupé";301;211;27537;19186
"2012";"24";"Dordogne";"Collectif";176;123;12162;10773
"2012";"24";"Dordogne";"Résidence";17;128;1167;7195
"2012";"25";"Doubs";"Tous Logements";2821;2308;312137;259632
"2012";"25";"Doubs";"Individuel pur";1355;1185;193186;166478
"2012";"25";"Doubs";"Individuel groupé";447;355;45188;36971
"2012";"25";"Doubs";"Collectif";993;686;71954;50706
"2012";"25";"Doubs";"Résidence";26;82;1809;5392
"2012";"26";"Drôme";"Tous Logements";3830;2959;383954;313047
"2012";"26";"Drôme";"Individuel pur";1700;1481;205358;182701
"2012";"26";"Drôme";"Individuel groupé";754;494;73303;49839
"2012";"26";"Drôme";"Collectif";1268;965;97022;77966
"2012";"26";"Drôme";"Résidence";108;19;8271;1684
"2012";"27";"Eure";"Tous Logements";3126;2587;327312;283227
"2012";"27";"Eure";"Individuel pur";1782;1632;219490;200926
"2012";"27";"Eure";"Individuel groupé";536;421;50991;40198
"2012";"27";"Eure";"Collectif";730;532;53230;41242
"2012";"27";"Eure";"Résidence";78;2;3601;485
"2012";"28";"Eure-et-Loir";"Tous Logements";1769;1375;190945;142181
"2012";"28";"Eure-et-Loir";"Individuel pur";916;696;113307;85478
"2012";"28";"Eure-et-Loir";"Individuel groupé";191;143;20669;16340
"2012";"28";"Eure-et-Loir";"Collectif";632;536;54679;40022
"2012";"28";"Eure-et-Loir";"Résidence";30;0;2290;330
"2012";"29";"Finistère";"Tous Logements";5247;4380;539525;489653
"2012";"29";"Finistère";"Individuel pur";3090;2864;386871;367270
"2012";"29";"Finistère";"Individuel groupé";402;622;36456;58530
"2012";"29";"Finistère";"Collectif";1360;867;92558;59950
"2012";"29";"Finistère";"Résidence";395;27;23640;2481
"2012";"2A";"Corse-du-Sud";"Tous Logements";2390;2350;221015;216427
"2012";"2A";"Corse-du-Sud";"Individuel pur";822;585;112441;81544
"2012";"2A";"Corse-du-Sud";"Individuel groupé";395;382;34866;32375
"2012";"2A";"Corse-du-Sud";"Collectif";1151;1382;72816;102353
"2012";"2A";"Corse-du-Sud";"Résidence";22;1;892;28
"2012";"2B";"Haute-Corse";"Tous Logements";2783;1776;246169;161585
"2012";"2B";"Haute-Corse";"Individuel pur";667;531;82522;68445
"2012";"2B";"Haute-Corse";"Individuel groupé";517;316;41747;26936
"2012";"2B";"Haute-Corse";"Collectif";1514;803;116852;57954
"2012";"2B";"Haute-Corse";"Résidence";85;126;5048;7980
"2012";"30";"Gard";"Tous Logements";4879;3259;473893;348274
"2012";"30";"Gard";"Individuel pur";2290;1925;274878;236792
"2012";"30";"Gard";"Individuel groupé";861;546;78441;51417
"2012";"30";"Gard";"Collectif";1605;726;112210;54792
"2012";"30";"Gard";"Résidence";123;62;8364;4666
"2012";"31";"Haute-Garonne";"Tous Logements";11584;12179;935583;956582
"2012";"31";"Haute-Garonne";"Individuel pur";2815;2508;365655;330591
"2012";"31";"Haute-Garonne";"Individuel groupé";1938;1802;180829;169656
"2012";"31";"Haute-Garonne";"Collectif";5744;6391;363837;415832
"2012";"31";"Haute-Garonne";"Résidence";1087;1478;25262;39922
"2012";"32";"Gers";"Tous Logements";1024;818;115980;98225
"2012";"32";"Gers";"Individuel pur";706;670;88559;85314
"2012";"32";"Gers";"Individuel groupé";200;115;18966;9923
"2012";"32";"Gers";"Collectif";116;31;8221;2304
"2012";"32";"Gers";"Résidence";2;2;234;213
"2012";"33";"Gironde";"Tous Logements";14886;11253;1303956;1012848
"2012";"33";"Gironde";"Individuel pur";4771;4235;570363;514039
"2012";"33";"Gironde";"Individuel groupé";2751;2145;240032;187436
"2012";"33";"Gironde";"Collectif";6852;4459;457936;288293
"2012";"33";"Gironde";"Résidence";512;414;35625;22467
"2012";"34";"Hérault";"Tous Logements";11108;9354;914880;774164
"2012";"34";"Hérault";"Individuel pur";2931;2341;354253;289694
"2012";"34";"Hérault";"Individuel groupé";1108;1081;101681;97644
"2012";"34";"Hérault";"Collectif";6217;5453;414230;364333
"2012";"34";"Hérault";"Résidence";852;479;44716;21562
"2012";"35";"Ille-et-Vilaine";"Tous Logements";9232;7470;851399;740100
"2012";"35";"Ille-et-Vilaine";"Individuel pur";3215;3044;419889;408524
"2012";"35";"Ille-et-Vilaine";"Individuel groupé";752;637;72055;64027
"2012";"35";"Ille-et-Vilaine";"Collectif";4982;3292;347540;238545
"2012";"35";"Ille-et-Vilaine";"Résidence";283;497;11915;27956
"2012";"36";"Indre";"Tous Logements";733;607;77467;68269
"2012";"36";"Indre";"Individuel pur";432;404;54283;52143
"2012";"36";"Indre";"Individuel groupé";179;125;15287;11105
"2012";"36";"Indre";"Collectif";91;47;5986;2935
"2012";"36";"Indre";"Résidence";31;31;1911;1907
"2012";"37";"Indre-et-Loire";"Tous Logements";4451;3096;404583;309652
"2012";"37";"Indre-et-Loire";"Individuel pur";1420;1312;184386;173847
"2012";"37";"Indre-et-Loire";"Individuel groupé";514;341;49406;33637
"2012";"37";"Indre-et-Loire";"Collectif";2317;1276;163015;95126
"2012";"37";"Indre-et-Loire";"Résidence";200;167;7776;6823
"2012";"38";"Isère";"Tous Logements";9058;6010;818723;594205
"2012";"38";"Isère";"Individuel pur";2773;2216;347950;285599
"2012";"38";"Isère";"Individuel groupé";1141;925;108958;95013
"2012";"38";"Isère";"Collectif";4793;2650;346321;205311
"2012";"38";"Isère";"Résidence";351;219;15494;7780
"2012";"39";"Jura";"Tous Logements";1062;938;121050;112723
"2012";"39";"Jura";"Individuel pur";630;597;82419;80684
"2012";"39";"Jura";"Individuel groupé";187;143;18572;14046
"2012";"39";"Jura";"Collectif";193;141;16758;13864
"2012";"39";"Jura";"Résidence";52;57;3301;4115
"2012";"40";"Landes";"Tous Logements";4222;3144;412787;331746
"2012";"40";"Landes";"Individuel pur";2110;1785;261665;226366
"2012";"40";"Landes";"Individuel groupé";882;606;76223;53987
"2012";"40";"Landes";"Collectif";1181;739;72606;50346
"2012";"40";"Landes";"Résidence";49;14;2293;755
"2012";"41";"Loir-et-Cher";"Tous Logements";1516;1264;165923;151279
"2012";"41";"Loir-et-Cher";"Individuel pur";940;886;119382;115533
"2012";"41";"Loir-et-Cher";"Individuel groupé";320;282;27631;26132
"2012";"41";"Loir-et-Cher";"Collectif";213;92;16862;8552
"2012";"41";"Loir-et-Cher";"Résidence";43;4;2048;533
"2012";"42";"Loire";"Tous Logements";4137;3008;426080;331994
"2012";"42";"Loire";"Individuel pur";1891;1590;240471;204565
"2012";"42";"Loire";"Individuel groupé";490;396;50733;41578
"2012";"42";"Loire";"Collectif";1474;968;120835;83243
"2012";"42";"Loire";"Résidence";282;54;14041;2385
"2012";"43";"Haute-Loire";"Tous Logements";1236;928;138681;113499
"2012";"43";"Haute-Loire";"Individuel pur";811;724;104191;95751
"2012";"43";"Haute-Loire";"Individuel groupé";115;50;9754;4934
"2012";"43";"Haute-Loire";"Collectif";307;104;24578;8859
"2012";"43";"Haute-Loire";"Résidence";3;50;158;3889
"2012";"44";"Loire-Atlantique";"Tous Logements";13721;11394;1150281;1010970
"2012";"44";"Loire-Atlantique";"Individuel pur";4293;4201;518810;520457
"2012";"44";"Loire-Atlantique";"Individuel groupé";1397;1163;123103;105122
"2012";"44";"Loire-Atlantique";"Collectif";7151;5354;466146;358132
"2012";"44";"Loire-Atlantique";"Résidence";880;676;42222;26390
"2012";"45";"Loiret";"Tous Logements";3580;3355;355557;327385
"2012";"45";"Loiret";"Individuel pur";1685;1475;213065;188507
"2012";"45";"Loiret";"Individuel groupé";699;594;67709;56667
"2012";"45";"Loiret";"Collectif";888;1007;60729;69393
"2012";"45";"Loiret";"Résidence";308;279;14054;12581
"2012";"46";"Lot";"Tous Logements";1201;816;125548;97236
"2012";"46";"Lot";"Individuel pur";801;673;98596;84553
"2012";"46";"Lot";"Individuel groupé";135;80;11204;6583
"2012";"46";"Lot";"Collectif";237;60;13558;5624
"2012";"46";"Lot";"Résidence";28;3;2190;256
"2012";"47";"Lot-et-Garonne";"Tous Logements";1502;1219;168668;143196
"2012";"47";"Lot-et-Garonne";"Individuel pur";952;818;124805;108924
"2012";"47";"Lot-et-Garonne";"Individuel groupé";301;213;26763;18768
"2012";"47";"Lot-et-Garonne";"Collectif";194;184;14302;15069
"2012";"47";"Lot-et-Garonne";"Résidence";55;4;2798;263
"2012";"48";"Lozère";"Tous Logements";564;429;57416;47393
"2012";"48";"Lozère";"Individuel pur";354;292;43137;35710
"2012";"48";"Lozère";"Individuel groupé";64;66;5785;6138
"2012";"48";"Lozère";"Collectif";94;66;7546;5309
"2012";"48";"Lozère";"Résidence";52;5;948;205
"2012";"49";"Maine-et-Loire";"Tous Logements";4143;3267;409119;347776
"2012";"49";"Maine-et-Loire";"Individuel pur";1969;1868;245972;236643
"2012";"49";"Maine-et-Loire";"Individuel groupé";640;490;57421;45205
"2012";"49";"Maine-et-Loire";"Collectif";1485;853;103372;62385
"2012";"49";"Maine-et-Loire";"Résidence";49;56;2354;3320
"2012";"50";"Manche";"Tous Logements";2247;2010;256164;236891
"2012";"50";"Manche";"Individuel pur";1670;1540;211309;199131
"2012";"50";"Manche";"Individuel groupé";195;137;18829;13172
"2012";"50";"Manche";"Collectif";212;261;16481;20127
"2012";"50";"Manche";"Résidence";170;72;9545;4125
"2012";"51";"Marne";"Tous Logements";3121;2228;278900;219335
"2012";"51";"Marne";"Individuel pur";884;769;122782;109022
"2012";"51";"Marne";"Individuel groupé";313;193;34378;22547
"2012";"51";"Marne";"Collectif";1339;797;99451;67121
"2012";"51";"Marne";"Résidence";585;469;22289;20035
"2012";"52";"Haute-Marne";"Tous Logements";564;268;63354;34765
"2012";"52";"Haute-Marne";"Individuel pur";261;227;37156;31125
"2012";"52";"Haute-Marne";"Individuel groupé";107;21;10206;2089
"2012";"52";"Haute-Marne";"Collectif";186;20;15212;1551
"2012";"52";"Haute-Marne";"Résidence";10;0;780;0
"2012";"53";"Mayenne";"Tous Logements";1234;1110;145639;136892
"2012";"53";"Mayenne";"Individuel pur";926;857;117367;113375
"2012";"53";"Mayenne";"Individuel groupé";175;115;17387;11791
"2012";"53";"Mayenne";"Collectif";124;138;10578;11344
"2012";"53";"Mayenne";"Résidence";9;0;307;0
"2012";"54";"Meurthe-et-Moselle";"Tous Logements";2449;2187;263436;243040
"2012";"54";"Meurthe-et-Moselle";"Individuel pur";1118;971;160298;142277
"2012";"54";"Meurthe-et-Moselle";"Individuel groupé";194;235;22932;27631
"2012";"54";"Meurthe-et-Moselle";"Collectif";1111;822;78363;66874
"2012";"54";"Meurthe-et-Moselle";"Résidence";26;159;1843;6225
"2012";"55";"Meuse";"Tous Logements";591;435;69459;55245
"2012";"55";"Meuse";"Individuel pur";358;324;50018;47125
"2012";"55";"Meuse";"Individuel groupé";82;32;7674;2913
"2012";"55";"Meuse";"Collectif";139;76;10706;4853
"2012";"55";"Meuse";"Résidence";12;3;1061;205
"2012";"56";"Morbihan";"Tous Logements";5610;5179;578447;551509
"2012";"56";"Morbihan";"Individuel pur";3278;3024;408591;388033
"2012";"56";"Morbihan";"Individuel groupé";540;456;48451;45110
"2012";"56";"Morbihan";"Collectif";1663;1512;113364;106037
"2012";"56";"Morbihan";"Résidence";129;187;8041;11129
"2012";"57";"Moselle";"Tous Logements";5710;3526;590057;418673
"2012";"57";"Moselle";"Individuel pur";1879;1613;286260;248647
"2012";"57";"Moselle";"Individuel groupé";554;381;60540;46387
"2012";"57";"Moselle";"Collectif";2849;1498;213120;121168
"2012";"57";"Moselle";"Résidence";428;34;30137;2333
"2012";"58";"Nièvre";"Tous Logements";532;524;55421;51512
"2012";"58";"Nièvre";"Individuel pur";345;315;41736;38886
"2012";"58";"Nièvre";"Individuel groupé";139;47;10639;4632
"2012";"58";"Nièvre";"Collectif";48;71;3046;5219
"2012";"58";"Nièvre";"Résidence";0;91;0;2730
"2012";"59";"Nord";"Tous Logements";12919;10617;1145181;973087
"2012";"59";"Nord";"Individuel pur";2668;2244;369653;317405
"2012";"59";"Nord";"Individuel groupé";2459;1981;237194;193687
"2012";"59";"Nord";"Collectif";7058;5809;504720;436748
"2012";"59";"Nord";"Résidence";734;583;33614;24463
"2012";"60";"Oise";"Tous Logements";3784;3531;342558;335918
"2012";"60";"Oise";"Individuel pur";1299;1243;159087;153970
"2012";"60";"Oise";"Individuel groupé";907;796;79623;76513
"2012";"60";"Oise";"Collectif";1538;1223;100545;89543
"2012";"60";"Oise";"Résidence";40;269;3303;15667
"2012";"61";"Orne";"Tous Logements";760;769;88885;87885
"2012";"61";"Orne";"Individuel pur";562;510;71385;65146
"2012";"61";"Orne";"Individuel groupé";84;61;8318;5365
"2012";"61";"Orne";"Collectif";114;194;9182;17039
"2012";"61";"Orne";"Résidence";0;4;0;127
"2012";"62";"Pas-de-Calais";"Tous Logements";6502;4993;679441;556204
"2012";"62";"Pas-de-Calais";"Individuel pur";2893;2374;378249;319963
"2012";"62";"Pas-de-Calais";"Individuel groupé";1602;1436;153071;143305
"2012";"62";"Pas-de-Calais";"Collectif";1807;1103;136133;88579
"2012";"62";"Pas-de-Calais";"Résidence";200;80;11988;4283
"2012";"63";"Puy-de-Dôme";"Tous Logements";3658;3049;369386;310407
"2012";"63";"Puy-de-Dôme";"Individuel pur";1763;1562;217330;196919
"2012";"63";"Puy-de-Dôme";"Individuel groupé";382;301;38255;30942
"2012";"63";"Puy-de-Dôme";"Collectif";1340;1050;106377;77998
"2012";"63";"Puy-de-Dôme";"Résidence";173;136;7424;4376
"2012";"64";"Pyrénées-Atlantiques";"Tous Logements";5372;5202;524094;486317
"2012";"64";"Pyrénées-Atlantiques";"Individuel pur";1898;1625;263896;230625
"2012";"64";"Pyrénées-Atlantiques";"Individuel groupé";630;526;65342;52134
"2012";"64";"Pyrénées-Atlantiques";"Collectif";2590;2812;179564;196286
"2012";"64";"Pyrénées-Atlantiques";"Résidence";254;239;15292;6830
"2012";"65";"Hautes-Pyrénées";"Tous Logements";1254;970;139091;116198
"2012";"65";"Hautes-Pyrénées";"Individuel pur";822;747;102588;94933
"2012";"65";"Hautes-Pyrénées";"Individuel groupé";227;138;21415;14226
"2012";"65";"Hautes-Pyrénées";"Collectif";184;83;13971;6314
"2012";"65";"Hautes-Pyrénées";"Résidence";21;2;1117;335
"2012";"66";"Pyrénées-Orientales";"Tous Logements";4593;2886;411224;279493
"2012";"66";"Pyrénées-Orientales";"Individuel pur";1518;1137;185125;139031
"2012";"66";"Pyrénées-Orientales";"Individuel groupé";808;523;73870;50966
"2012";"66";"Pyrénées-Orientales";"Collectif";2027;1124;137133;83490
"2012";"66";"Pyrénées-Orientales";"Résidence";240;102;15096;5894
"2012";"67";"Bas-Rhin";"Tous Logements";7539;6866;735436;652264
"2012";"67";"Bas-Rhin";"Individuel pur";1758;1467;290333;241558
"2012";"67";"Bas-Rhin";"Individuel groupé";748;622;76045;66426
"2012";"67";"Bas-Rhin";"Collectif";4928;4505;360199;331133
"2012";"67";"Bas-Rhin";"Résidence";105;272;8859;13019
"2012";"68";"Haut-Rhin";"Tous Logements";3646;2812;383587;330941
"2012";"68";"Haut-Rhin";"Individuel pur";1309;1168;207817;184630
"2012";"68";"Haut-Rhin";"Individuel groupé";491;473;55642;52427
"2012";"68";"Haut-Rhin";"Collectif";1276;1090;96543;86697
"2012";"68";"Haut-Rhin";"Résidence";570;81;23585;6319
"2012";"69";"Rhône";"Tous Logements";15279;12261;1150245;935779
"2012";"69";"Rhône";"Individuel pur";1964;1677;262096;230734
"2012";"69";"Rhône";"Individuel groupé";1106;746;111765;79421
"2012";"69";"Rhône";"Collectif";10437;8313;710890;577668
"2012";"69";"Rhône";"Résidence";1772;1525;65494;47080
"2012";"70";"Haute-Saône";"Tous Logements";898;756;104969;92833
"2012";"70";"Haute-Saône";"Individuel pur";627;517;82219;69961
"2012";"70";"Haute-Saône";"Individuel groupé";115;105;11352;11458
"2012";"70";"Haute-Saône";"Collectif";123;134;8864;11342
"2012";"70";"Haute-Saône";"Résidence";33;0;2534;0
"2012";"71";"Saône-et-Loire";"Tous Logements";2727;2245;288683;243401
"2012";"71";"Saône-et-Loire";"Individuel pur";1330;1161;170770;153200
"2012";"71";"Saône-et-Loire";"Individuel groupé";364;244;35908;24874
"2012";"71";"Saône-et-Loire";"Collectif";959;834;75623;64617
"2012";"71";"Saône-et-Loire";"Résidence";74;6;6382;283
"2012";"72";"Sarthe";"Tous Logements";2540;1916;258591;218031
"2012";"72";"Sarthe";"Individuel pur";1247;1253;161082;164246
"2012";"72";"Sarthe";"Individuel groupé";304;351;27193;32072
"2012";"72";"Sarthe";"Collectif";741;252;55921;18764
"2012";"72";"Sarthe";"Résidence";248;60;14395;2392
"2012";"73";"Savoie";"Tous Logements";4507;2899;415984;299717
"2012";"73";"Savoie";"Individuel pur";1099;926;152523;133219
"2012";"73";"Savoie";"Individuel groupé";467;332;50068;40364
"2012";"73";"Savoie";"Collectif";2275;1335;167060;106079
"2012";"73";"Savoie";"Résidence";666;306;46333;19893
"2012";"74";"Haute-Savoie";"Tous Logements";10014;6361;900917;599431
"2012";"74";"Haute-Savoie";"Individuel pur";2005;1407;300661;210646
"2012";"74";"Haute-Savoie";"Individuel groupé";960;843;104094;90676
"2012";"74";"Haute-Savoie";"Collectif";6121;3972;451858;292321
"2012";"74";"Haute-Savoie";"Résidence";928;139;44304;5388
"2012";"75";"Paris";"Tous Logements";5414;4024;357712;260801
"2012";"75";"Paris";"Individuel pur";70;53;6461;8146
"2012";"75";"Paris";"Individuel groupé";41;19;3906;1980
"2012";"75";"Paris";"Collectif";4611;3300;311623;222946
"2012";"75";"Paris";"Résidence";692;652;35722;27579
"2012";"76";"Seine-Maritime";"Tous Logements";6989;5719;659795;563608
"2012";"76";"Seine-Maritime";"Individuel pur";2415;2130;311384;282552
"2012";"76";"Seine-Maritime";"Individuel groupé";1110;816;106333;79494
"2012";"76";"Seine-Maritime";"Collectif";2965;2600;214663;187728
"2012";"76";"Seine-Maritime";"Résidence";499;173;27415;12416
"2012";"77";"Seine-et-Marne";"Tous Logements";9157;6511;747837;540199
"2012";"77";"Seine-et-Marne";"Individuel pur";1770;1373;225978;175962
"2012";"77";"Seine-et-Marne";"Individuel groupé";1552;669;136167;61752
"2012";"77";"Seine-et-Marne";"Collectif";5365;3949;336142;253131
"2012";"77";"Seine-et-Marne";"Résidence";470;520;49550;48739
"2012";"78";"Yvelines";"Tous Logements";9082;5910;669959;473933
"2012";"78";"Yvelines";"Individuel pur";1101;917;163395;137478
"2012";"78";"Yvelines";"Individuel groupé";804;680;74402;59450
"2012";"78";"Yvelines";"Collectif";6201;4082;394325;268368
"2012";"78";"Yvelines";"Résidence";976;231;37837;7826
"2012";"79";"Deux-Sèvres";"Tous Logements";1484;1350;169339;153400
"2012";"79";"Deux-Sèvres";"Individuel pur";1080;944;134651;119415
"2012";"79";"Deux-Sèvres";"Individuel groupé";206;258;19077;22416
"2012";"79";"Deux-Sèvres";"Collectif";125;140;10579;11099
"2012";"79";"Deux-Sèvres";"Résidence";73;8;5032;370
"2012";"80";"Somme";"Tous Logements";2896;2790;271147;252524
"2012";"80";"Somme";"Individuel pur";1199;1059;155042;138328
"2012";"80";"Somme";"Individuel groupé";439;319;37942;31084
"2012";"80";"Somme";"Collectif";897;967;58733;60268
"2012";"80";"Somme";"Résidence";361;445;19430;22594
"2012";"81";"Tarn";"Tous Logements";2256;1822;233550;200392
"2012";"81";"Tarn";"Individuel pur";1454;1297;176332;159441
"2012";"81";"Tarn";"Individuel groupé";340;291;27845;26816
"2012";"81";"Tarn";"Collectif";431;234;27934;13746
"2012";"81";"Tarn";"Résidence";31;0;1439;0
"2012";"82";"Tarn-et-Garonne";"Tous Logements";1523;1427;175572;162743
"2012";"82";"Tarn-et-Garonne";"Individuel pur";1120;1036;137598;127213
"2012";"82";"Tarn-et-Garonne";"Individuel groupé";243;230;24110;23219
"2012";"82";"Tarn-et-Garonne";"Collectif";151;150;12939;11416
"2012";"82";"Tarn-et-Garonne";"Résidence";9;11;925;775
"2012";"83";"Var";"Tous Logements";9026;5126;780903;477393
"2012";"83";"Var";"Individuel pur";2361;1720;308663;227359
"2012";"83";"Var";"Individuel groupé";1458;706;133036;67165
"2012";"83";"Var";"Collectif";4937;2370;322480;162756
"2012";"83";"Var";"Résidence";270;330;16724;18724
"2012";"84";"Vaucluse";"Tous Logements";3566;2609;333451;255718
"2012";"84";"Vaucluse";"Individuel pur";1250;914;149035;112392
"2012";"84";"Vaucluse";"Individuel groupé";868;566;81246;56314
"2012";"84";"Vaucluse";"Collectif";1203;1042;88099;79521
"2012";"84";"Vaucluse";"Résidence";245;87;15071;7216
"2012";"85";"Vendée";"Tous Logements";5850;5316;587373;547806
"2012";"85";"Vendée";"Individuel pur";3672;3405;425075;401610
"2012";"85";"Vendée";"Individuel groupé";471;481;40885;43831
"2012";"85";"Vendée";"Collectif";1577;1273;114416;91082
"2012";"85";"Vendée";"Résidence";130;157;6997;10879
"2012";"86";"Vienne";"Tous Logements";2828;1929;272339;209077
"2012";"86";"Vienne";"Individuel pur";1254;1141;150748;140147
"2012";"86";"Vienne";"Individuel groupé";231;171;21746;16926
"2012";"86";"Vienne";"Collectif";352;600;28035;50488
"2012";"86";"Vienne";"Résidence";991;17;71810;1254
"2012";"87";"Haute-Vienne";"Tous Logements";1275;1196;147308;139896
"2012";"87";"Haute-Vienne";"Individuel pur";986;830;123491;106144
"2012";"87";"Haute-Vienne";"Individuel groupé";140;234;12698;21953
"2012";"87";"Haute-Vienne";"Collectif";148;122;11006;10809
"2012";"87";"Haute-Vienne";"Résidence";1;10;113;794
"2012";"88";"Vosges";"Tous Logements";1623;1328;180483;153207
"2012";"88";"Vosges";"Individuel pur";801;675;109986;95236
"2012";"88";"Vosges";"Individuel groupé";318;299;30090;29212
"2012";"88";"Vosges";"Collectif";484;311;38591;23988
"2012";"88";"Vosges";"Résidence";20;43;1816;4481
"2012";"89";"Yonne";"Tous Logements";1170;945;125358;104345
"2012";"89";"Yonne";"Individuel pur";614;521;77623;69264
"2012";"89";"Yonne";"Individuel groupé";203;163;19265;14594
"2012";"89";"Yonne";"Collectif";325;243;26233;19520
"2012";"89";"Yonne";"Résidence";28;18;2237;770
"2012";"90";"Territoire de Belfort";"Tous Logements";740;449;75171;51144
"2012";"90";"Territoire de Belfort";"Individuel pur";275;239;38729;33768
"2012";"90";"Territoire de Belfort";"Individuel groupé";173;97;16029;9298
"2012";"90";"Territoire de Belfort";"Collectif";263;112;19037;7925
"2012";"90";"Territoire de Belfort";"Résidence";29;1;1376;153
"2012";"91";"Essonne";"Tous Logements";9652;6589;645552;456639
"2012";"91";"Essonne";"Individuel pur";1167;810;144765;104244
"2012";"91";"Essonne";"Individuel groupé";794;737;71225;68058
"2012";"91";"Essonne";"Collectif";5918;4339;359423;254218
"2012";"91";"Essonne";"Résidence";1773;703;70139;29813
"2012";"92";"Hauts-de-Seine";"Tous Logements";9603;8189;757440;563635
"2012";"92";"Hauts-de-Seine";"Individuel pur";227;181;34819;28258
"2012";"92";"Hauts-de-Seine";"Individuel groupé";375;377;37111;36069
"2012";"92";"Hauts-de-Seine";"Collectif";7456;6664;612540;447980
"2012";"92";"Hauts-de-Seine";"Résidence";1545;967;72970;51019
"2012";"93";"Seine-Saint-Denis";"Tous Logements";12421;8662;814571;553786
"2012";"93";"Seine-Saint-Denis";"Individuel pur";469;238;56299;29675
"2012";"93";"Seine-Saint-Denis";"Individuel groupé";489;299;38581;25120
"2012";"93";"Seine-Saint-Denis";"Collectif";9544;6536;641815;442433
"2012";"93";"Seine-Saint-Denis";"Résidence";1919;1589;77876;56315
"2012";"94";"Val-de-Marne";"Tous Logements";9091;6333;587645;458723
"2012";"94";"Val-de-Marne";"Individuel pur";357;238;51593;34268
"2012";"94";"Val-de-Marne";"Individuel groupé";399;394;33258;29823
"2012";"94";"Val-de-Marne";"Collectif";7016;5405;460589;374140
"2012";"94";"Val-de-Marne";"Résidence";1319;296;42205;20218
"2012";"95";"Val-d'Oise";"Tous Logements";7891;5786;567246;433260
"2012";"95";"Val-d'Oise";"Individuel pur";874;556;117530;79322
"2012";"95";"Val-d'Oise";"Individuel groupé";749;671;70969;60954
"2012";"95";"Val-d'Oise";"Collectif";5974;4206;369113;274601
"2012";"95";"Val-d'Oise";"Résidence";294;353;9634;17987
"2012";"971";"Guadeloupe";"Tous Logements";3918;2169;327870;171947
"2012";"971";"Guadeloupe";"Individuel pur";1620;859;167524;88444
"2012";"971";"Guadeloupe";"Individuel groupé";552;265;40199;17591
"2012";"971";"Guadeloupe";"Collectif";1413;925;96050;59405
"2012";"971";"Guadeloupe";"Résidence";333;120;24097;6462
"2012";"972";"Martinique";"Tous Logements";2564;2062;200761;156540
"2012";"972";"Martinique";"Individuel pur";1030;620;99162;62649
"2012";"972";"Martinique";"Individuel groupé";228;126;15242;9471
"2012";"972";"Martinique";"Collectif";1196;1236;79983;79918
"2012";"972";"Martinique";"Résidence";110;80;6374;4502
"2012";"973";"Guyane";"Tous Logements";2551;2481;186197;173292
"2012";"973";"Guyane";"Individuel pur";341;169;41601;20501
"2012";"973";"Guyane";"Individuel groupé";392;241;38244;23029
"2012";"973";"Guyane";"Collectif";1099;1470;72537;99019
"2012";"973";"Guyane";"Résidence";719;601;33815;30743
"2012";"974";"La Réunion";"Tous Logements";8136;5041;668383;422292
"2012";"974";"La Réunion";"Individuel pur";2321;1741;236854;180124
"2012";"974";"La Réunion";"Individuel groupé";1280;828;96943;62878
"2012";"974";"La Réunion";"Collectif";4525;2471;333604;178968
"2012";"974";"La Réunion";"Résidence";10;1;982;126
"2012";"976";"Mayotte";"Tous Logements";1360;127;177728;23861
"2012";"976";"Mayotte";"Individuel pur";596;11;94084;2048
"2012";"976";"Mayotte";"Individuel groupé";386;85;50529;18610
"2012";"976";"Mayotte";"Collectif";378;31;33115;3203
"2012";"976";"Mayotte";"Résidence";0;0;0;0
"2011";"01";"Ain";"Tous Logements";7226;4312;703615;466142
"2011";"01";"Ain";"Individuel pur";2136;1879;289078;249828
"2011";"01";"Ain";"Individuel groupé";1094;721;117432;78228
"2011";"01";"Ain";"Collectif";3815;1630;286789;132618
"2011";"01";"Ain";"Résidence";181;82;10316;3867
"2011";"02";"Aisne";"Tous Logements";1762;1520;201859;178471
"2011";"02";"Aisne";"Individuel pur";1039;1010;138771;133511
"2011";"02";"Aisne";"Individuel groupé";234;182;22019;17604
"2011";"02";"Aisne";"Collectif";462;293;38360;23344
"2011";"02";"Aisne";"Résidence";27;35;2709;2983
"2011";"03";"Allier";"Tous Logements";1315;1185;156392;139402
"2011";"03";"Allier";"Individuel pur";892;832;116663;109313
"2011";"03";"Allier";"Individuel groupé";111;96;10370;9742
"2011";"03";"Allier";"Collectif";177;108;17204;9388
"2011";"03";"Allier";"Résidence";135;149;12155;10219
"2011";"04";"Alpes-de-Haute-Provence";"Tous Logements";1348;1136;134417;108050
"2011";"04";"Alpes-de-Haute-Provence";"Individuel pur";605;523;72809;61214
"2011";"04";"Alpes-de-Haute-Provence";"Individuel groupé";332;133;30539;13465
"2011";"04";"Alpes-de-Haute-Provence";"Collectif";409;397;30982;27701
"2011";"04";"Alpes-de-Haute-Provence";"Résidence";2;83;87;5360
"2011";"05";"Hautes-Alpes";"Tous Logements";1630;1048;161783;110865
"2011";"05";"Hautes-Alpes";"Individuel pur";609;460;85616;62948
"2011";"05";"Hautes-Alpes";"Individuel groupé";146;115;16453;11853
"2011";"05";"Hautes-Alpes";"Collectif";820;406;54559;28770
"2011";"05";"Hautes-Alpes";"Résidence";55;67;5155;6514
"2011";"06";"Alpes-Maritimes";"Tous Logements";7269;6455;579563;471313
"2011";"06";"Alpes-Maritimes";"Individuel pur";888;628;139026;97327
"2011";"06";"Alpes-Maritimes";"Individuel groupé";678;537;70774;54311
"2011";"06";"Alpes-Maritimes";"Collectif";5235;4548;339960;294217
"2011";"06";"Alpes-Maritimes";"Résidence";468;742;29803;23702
"2011";"07";"Ardèche";"Tous Logements";2123;1707;245685;196037
"2011";"07";"Ardèche";"Individuel pur";1410;1159;180483;148739
"2011";"07";"Ardèche";"Individuel groupé";291;179;30693;17305
"2011";"07";"Ardèche";"Collectif";372;273;31962;23335
"2011";"07";"Ardèche";"Résidence";50;96;2547;5201
"2011";"08";"Ardennes";"Tous Logements";1028;813;130650;108932
"2011";"08";"Ardennes";"Individuel pur";631;538;87689;76920
"2011";"08";"Ardennes";"Individuel groupé";158;95;17004;11342
"2011";"08";"Ardennes";"Collectif";239;170;25957;18864
"2011";"08";"Ardennes";"Résidence";0;10;0;1398
"2011";"09";"Ariège";"Tous Logements";849;713;98348;86861
"2011";"09";"Ariège";"Individuel pur";660;592;82208;74540
"2011";"09";"Ariège";"Individuel groupé";85;68;8145;6577
"2011";"09";"Ariège";"Collectif";82;51;6986;4729
"2011";"09";"Ariège";"Résidence";22;2;1009;176
"2011";"10";"Aube";"Tous Logements";2022;1588;196721;158915
"2011";"10";"Aube";"Individuel pur";832;668;111206;89894
"2011";"10";"Aube";"Individuel groupé";300;154;30937;17508
"2011";"10";"Aube";"Collectif";570;561;41698;42886
"2011";"10";"Aube";"Résidence";320;205;12880;8158
"2011";"11";"Aude";"Tous Logements";2661;2263;287516;247176
"2011";"11";"Aude";"Individuel pur";1544;1440;192400;174956
"2011";"11";"Aude";"Individuel groupé";418;415;41277;40773
"2011";"11";"Aude";"Collectif";670;251;51571;19681
"2011";"11";"Aude";"Résidence";29;157;2268;10764
"2011";"12";"Aveyron";"Tous Logements";1591;1569;187500;183652
"2011";"12";"Aveyron";"Individuel pur";1065;985;140522;127751
"2011";"12";"Aveyron";"Individuel groupé";187;124;19424;13505
"2011";"12";"Aveyron";"Collectif";257;328;19016;28799
"2011";"12";"Aveyron";"Résidence";82;132;8538;12172
"2011";"13";"Bouches-du-Rhône";"Tous Logements";12995;12062;1064722;959546
"2011";"13";"Bouches-du-Rhône";"Individuel pur";2380;1877;320288;252314
"2011";"13";"Bouches-du-Rhône";"Individuel groupé";1699;1492;160070;135640
"2011";"13";"Bouches-du-Rhône";"Collectif";8029;7924;542879;539838
"2011";"13";"Bouches-du-Rhône";"Résidence";887;769;41485;29164
"2011";"14";"Calvados";"Tous Logements";5438;4661;538505;457085
"2011";"14";"Calvados";"Individuel pur";2303;2040;308103;268096
"2011";"14";"Calvados";"Individuel groupé";903;631;82756;57004
"2011";"14";"Calvados";"Collectif";1918;1645;124084;107933
"2011";"14";"Calvados";"Résidence";314;345;23562;20346
"2011";"15";"Cantal";"Tous Logements";628;589;74818;71062
"2011";"15";"Cantal";"Individuel pur";465;455;61758;60835
"2011";"15";"Cantal";"Individuel groupé";54;53;5109;4659
"2011";"15";"Cantal";"Collectif";109;81;7951;4984
"2011";"15";"Cantal";"Résidence";0;0;0;0
"2011";"16";"Charente";"Tous Logements";2089;1811;221584;198269
"2011";"16";"Charente";"Individuel pur";1300;1178;159492;146482
"2011";"16";"Charente";"Individuel groupé";315;390;28474;34734
"2011";"16";"Charente";"Collectif";422;181;32137;12513
"2011";"16";"Charente";"Résidence";52;62;1481;2604
"2011";"17";"Charente-Maritime";"Tous Logements";6632;5571;675128;573371
"2011";"17";"Charente-Maritime";"Individuel pur";3588;3150;442350;386816
"2011";"17";"Charente-Maritime";"Individuel groupé";1380;1016;123473;92791
"2011";"17";"Charente-Maritime";"Collectif";1527;1083;103377;74344
"2011";"17";"Charente-Maritime";"Résidence";137;322;5928;16946
"2011";"18";"Cher";"Tous Logements";1944;1423;202622;158407
"2011";"18";"Cher";"Individuel pur";862;842;111727;108716
"2011";"18";"Cher";"Individuel groupé";282;236;26585;22326
"2011";"18";"Cher";"Collectif";770;316;62386;24653
"2011";"18";"Cher";"Résidence";30;29;1924;1578
"2011";"19";"Corrèze";"Tous Logements";1233;1227;153166;141632
"2011";"19";"Corrèze";"Individuel pur";1009;901;133313;117240
"2011";"19";"Corrèze";"Individuel groupé";85;148;8207;12970
"2011";"19";"Corrèze";"Collectif";114;64;10541;4946
"2011";"19";"Corrèze";"Résidence";25;114;1105;5453
"2011";"21";"Côte-d'Or";"Tous Logements";3673;2925;348181;277282
"2011";"21";"Côte-d'Or";"Individuel pur";1176;1036;159236;140082
"2011";"21";"Côte-d'Or";"Individuel groupé";332;251;33392;24386
"2011";"21";"Côte-d'Or";"Collectif";2158;1631;155357;111613
"2011";"21";"Côte-d'Or";"Résidence";7;7;196;196
"2011";"22";"Côtes-d'Armor";"Tous Logements";4372;3709;482921;425848
"2011";"22";"Côtes-d'Armor";"Individuel pur";2761;2557;363881;332791
"2011";"22";"Côtes-d'Armor";"Individuel groupé";490;384;47480;35551
"2011";"22";"Côtes-d'Armor";"Collectif";609;533;42109;37856
"2011";"22";"Côtes-d'Armor";"Résidence";512;235;29451;15689
"2011";"23";"Creuse";"Tous Logements";490;425;59399;52406
"2011";"23";"Creuse";"Individuel pur";400;367;51069;47079
"2011";"23";"Creuse";"Individuel groupé";26;31;3502;3404
"2011";"23";"Creuse";"Collectif";41;26;2837;1659
"2011";"23";"Creuse";"Résidence";23;1;1991;88
"2011";"24";"Dordogne";"Tous Logements";2433;1992;286829;246061
"2011";"24";"Dordogne";"Individuel pur";1903;1736;240482;221653
"2011";"24";"Dordogne";"Individuel groupé";315;194;30400;18172
"2011";"24";"Dordogne";"Collectif";78;62;6870;4336
"2011";"24";"Dordogne";"Résidence";137;0;9077;0
"2011";"25";"Doubs";"Tous Logements";3655;2725;379950;302035
"2011";"25";"Doubs";"Individuel pur";1491;1366;209932;192551
"2011";"25";"Doubs";"Individuel groupé";512;306;51355;32145
"2011";"25";"Doubs";"Collectif";1397;1032;99277;74797
"2011";"25";"Doubs";"Résidence";255;21;19386;1882
"2011";"26";"Drôme";"Tous Logements";3926;3322;409734;348229
"2011";"26";"Drôme";"Individuel pur";1854;1606;232553;202062
"2011";"26";"Drôme";"Individuel groupé";703;583;73074;60490
"2011";"26";"Drôme";"Collectif";1190;936;97169;75481
"2011";"26";"Drôme";"Résidence";179;197;6938;8599
"2011";"27";"Eure";"Tous Logements";3448;3248;385397;358827
"2011";"27";"Eure";"Individuel pur";2318;2174;293639;271241
"2011";"27";"Eure";"Individuel groupé";347;261;35219;26195
"2011";"27";"Eure";"Collectif";776;508;55736;38762
"2011";"27";"Eure";"Résidence";7;305;803;19193
"2011";"28";"Eure-et-Loir";"Tous Logements";2020;1528;212258;160520
"2011";"28";"Eure-et-Loir";"Individuel pur";1095;896;140270;113905
"2011";"28";"Eure-et-Loir";"Individuel groupé";268;264;25960;23237
"2011";"28";"Eure-et-Loir";"Collectif";531;368;38998;23073
"2011";"28";"Eure-et-Loir";"Résidence";126;0;7030;0
"2011";"29";"Finistère";"Tous Logements";5755;5745;629685;607807
"2011";"29";"Finistère";"Individuel pur";3435;3288;451304;429858
"2011";"29";"Finistère";"Individuel groupé";831;628;74936;49586
"2011";"29";"Finistère";"Collectif";1177;1200;85243;87879
"2011";"29";"Finistère";"Résidence";312;629;18202;37173
"2011";"2A";"Corse-du-Sud";"Tous Logements";2543;1842;252152;186456
"2011";"2A";"Corse-du-Sud";"Individuel pur";830;661;119490;91594
"2011";"2A";"Corse-du-Sud";"Individuel groupé";637;416;56228;40171
"2011";"2A";"Corse-du-Sud";"Collectif";1047;762;74508;53652
"2011";"2A";"Corse-du-Sud";"Résidence";29;3;1926;144
"2011";"2B";"Haute-Corse";"Tous Logements";2653;2538;232152;215594
"2011";"2B";"Haute-Corse";"Individuel pur";723;576;93134;73322
"2011";"2B";"Haute-Corse";"Individuel groupé";305;412;27564;32214
"2011";"2B";"Haute-Corse";"Collectif";1499;1549;103348;109455
"2011";"2B";"Haute-Corse";"Résidence";126;1;8106;75
"2011";"30";"Gard";"Tous Logements";5203;4219;553858;451593
"2011";"30";"Gard";"Individuel pur";2722;2336;346894;293676
"2011";"30";"Gard";"Individuel groupé";904;750;90206;73122
"2011";"30";"Gard";"Collectif";1505;1032;111927;75236
"2011";"30";"Gard";"Résidence";72;101;4831;7714
"2011";"31";"Haute-Garonne";"Tous Logements";18707;14195;1509645;1220793
"2011";"31";"Haute-Garonne";"Individuel pur";3436;3213;459911;427827
"2011";"31";"Haute-Garonne";"Individuel groupé";2677;2264;241853;204832
"2011";"31";"Haute-Garonne";"Collectif";11726;8489;774410;569283
"2011";"31";"Haute-Garonne";"Résidence";868;229;33471;15486
"2011";"32";"Gers";"Tous Logements";1153;1206;131901;135602
"2011";"32";"Gers";"Individuel pur";849;830;108056;104197
"2011";"32";"Gers";"Individuel groupé";158;126;14046;12809
"2011";"32";"Gers";"Collectif";41;132;3269;11062
"2011";"32";"Gers";"Résidence";105;118;6530;6991
"2011";"33";"Gironde";"Tous Logements";17683;16075;1541937;1414905
"2011";"33";"Gironde";"Individuel pur";5105;4768;631568;587219
"2011";"33";"Gironde";"Individuel groupé";2898;2859;255420;245989
"2011";"33";"Gironde";"Collectif";8415;7601;576179;517986
"2011";"33";"Gironde";"Résidence";1265;847;78770;58423
"2011";"34";"Hérault";"Tous Logements";12971;10993;1104409;922092
"2011";"34";"Hérault";"Individuel pur";3177;2784;411980;358288
"2011";"34";"Hérault";"Individuel groupé";1964;1350;178152;126968
"2011";"34";"Hérault";"Collectif";7574;6355;498881;414949
"2011";"34";"Hérault";"Résidence";256;504;15396;19838
"2011";"35";"Ille-et-Vilaine";"Tous Logements";10323;8487;1016493;863984
"2011";"35";"Ille-et-Vilaine";"Individuel pur";3799;3588;534101;496261
"2011";"35";"Ille-et-Vilaine";"Individuel groupé";802;750;84504;79357
"2011";"35";"Ille-et-Vilaine";"Collectif";4949;3641;357660;259192
"2011";"35";"Ille-et-Vilaine";"Résidence";773;508;40228;27108
"2011";"36";"Indre";"Tous Logements";798;715;88679;87175
"2011";"36";"Indre";"Individuel pur";506;529;66072;71321
"2011";"36";"Indre";"Individuel groupé";165;70;14313;7595
"2011";"36";"Indre";"Collectif";94;85;6339;6200
"2011";"36";"Indre";"Résidence";33;31;1955;1751
"2011";"37";"Indre-et-Loire";"Tous Logements";3916;3812;382785;365646
"2011";"37";"Indre-et-Loire";"Individuel pur";1618;1542;219933;205763
"2011";"37";"Indre-et-Loire";"Individuel groupé";480;490;47339;43919
"2011";"37";"Indre-et-Loire";"Collectif";1289;1204;93020;87348
"2011";"37";"Indre-et-Loire";"Résidence";529;576;22493;27781
"2011";"38";"Isère";"Tous Logements";8568;7090;844345;670362
"2011";"38";"Isère";"Individuel pur";3042;2450;399232;319236
"2011";"38";"Isère";"Individuel groupé";1355;1012;136806;102313
"2011";"38";"Isère";"Collectif";4038;2836;297306;213457
"2011";"38";"Isère";"Résidence";133;792;11001;33715
"2011";"39";"Jura";"Tous Logements";1133;878;140515;112899
"2011";"39";"Jura";"Individuel pur";789;700;108367;95685
"2011";"39";"Jura";"Individuel groupé";129;74;12142;7153
"2011";"39";"Jura";"Collectif";174;103;16981;9137
"2011";"39";"Jura";"Résidence";41;1;3025;100
"2011";"40";"Landes";"Tous Logements";4254;3514;438400;380614
"2011";"40";"Landes";"Individuel pur";2203;2051;287261;266721
"2011";"40";"Landes";"Individuel groupé";602;464;53462;42536
"2011";"40";"Landes";"Collectif";1436;999;96703;69790
"2011";"40";"Landes";"Résidence";13;0;974;0
"2011";"41";"Loir-et-Cher";"Tous Logements";1561;1456;192164;178483
"2011";"41";"Loir-et-Cher";"Individuel pur";1068;1000;142112;133177
"2011";"41";"Loir-et-Cher";"Individuel groupé";286;306;29594;31100
"2011";"41";"Loir-et-Cher";"Collectif";205;124;19932;11050
"2011";"41";"Loir-et-Cher";"Résidence";2;26;526;2277
"2011";"42";"Loire";"Tous Logements";4423;3416;486337;375033
"2011";"42";"Loire";"Individuel pur";2061;1751;272151;230135
"2011";"42";"Loire";"Individuel groupé";544;314;60662;34366
"2011";"42";"Loire";"Collectif";1797;1329;152613;108530
"2011";"42";"Loire";"Résidence";21;22;911;1140
"2011";"43";"Haute-Loire";"Tous Logements";1178;1007;145615;130719
"2011";"43";"Haute-Loire";"Individuel pur";881;816;119711;112229
"2011";"43";"Haute-Loire";"Individuel groupé";111;67;11348;6926
"2011";"43";"Haute-Loire";"Collectif";148;121;12057;10518
"2011";"43";"Haute-Loire";"Résidence";38;3;2499;283
"2011";"44";"Loire-Atlantique";"Tous Logements";14738;13698;1312473;1214856
"2011";"44";"Loire-Atlantique";"Individuel pur";4956;4692;635859;595803
"2011";"44";"Loire-Atlantique";"Individuel groupé";1712;1598;154135;141092
"2011";"44";"Loire-Atlantique";"Collectif";7445;6905;491847;443333
"2011";"44";"Loire-Atlantique";"Résidence";625;503;30632;29287
"2011";"45";"Loiret";"Tous Logements";4751;3319;443212;334436
"2011";"45";"Loiret";"Individuel pur";1595;1516;207844;197523
"2011";"45";"Loiret";"Individuel groupé";977;684;92339;63318
"2011";"45";"Loiret";"Collectif";1819;908;121777;61113
"2011";"45";"Loiret";"Résidence";360;211;21252;11575
"2011";"46";"Lot";"Tous Logements";1139;927;138460;116900
"2011";"46";"Lot";"Individuel pur";919;797;118059;103220
"2011";"46";"Lot";"Individuel groupé";157;87;14990;8414
"2011";"46";"Lot";"Collectif";59;31;5090;2545
"2011";"46";"Lot";"Résidence";4;12;321;615
"2011";"47";"Lot-et-Garonne";"Tous Logements";1663;1248;196913;155032
"2011";"47";"Lot-et-Garonne";"Individuel pur";1086;999;146152;132149
"2011";"47";"Lot-et-Garonne";"Individuel groupé";321;134;29857;12999
"2011";"47";"Lot-et-Garonne";"Collectif";231;80;18867;6370
"2011";"47";"Lot-et-Garonne";"Résidence";25;35;2037;2313
"2011";"48";"Lozère";"Tous Logements";519;436;58056;53762
"2011";"48";"Lozère";"Individuel pur";341;335;44273;44555
"2011";"48";"Lozère";"Individuel groupé";79;52;6734;4989
"2011";"48";"Lozère";"Collectif";82;37;6223;2931
"2011";"48";"Lozère";"Résidence";17;12;826;774
"2011";"49";"Maine-et-Loire";"Tous Logements";4476;5643;470635;547217
"2011";"49";"Maine-et-Loire";"Individuel pur";2373;2387;310667;310478
"2011";"49";"Maine-et-Loire";"Individuel groupé";586;573;53410;53394
"2011";"49";"Maine-et-Loire";"Collectif";1311;2606;92879;175510
"2011";"49";"Maine-et-Loire";"Résidence";206;77;13679;5498
"2011";"50";"Manche";"Tous Logements";2711;2799;315912;319473
"2011";"50";"Manche";"Individuel pur";1932;1868;251074;242823
"2011";"50";"Manche";"Individuel groupé";374;444;36933;38281
"2011";"50";"Manche";"Collectif";348;444;24223;33921
"2011";"50";"Manche";"Résidence";57;43;3682;2323
"2011";"51";"Marne";"Tous Logements";3097;2639;329396;264884
"2011";"51";"Marne";"Individuel pur";1062;980;152955;139418
"2011";"51";"Marne";"Individuel groupé";401;310;50537;34907
"2011";"51";"Marne";"Collectif";1424;980;116297;78870
"2011";"51";"Marne";"Résidence";210;369;9607;10954
"2011";"52";"Haute-Marne";"Tous Logements";415;403;55958;53570
"2011";"52";"Haute-Marne";"Individuel pur";291;258;42131;37388
"2011";"52";"Haute-Marne";"Individuel groupé";64;94;7645;11234
"2011";"52";"Haute-Marne";"Collectif";60;51;6182;4636
"2011";"52";"Haute-Marne";"Résidence";0;0;0;0
"2011";"53";"Mayenne";"Tous Logements";1356;1267;171384;148284
"2011";"53";"Mayenne";"Individuel pur";951;897;131421;120113
"2011";"53";"Mayenne";"Individuel groupé";160;110;17984;11390
"2011";"53";"Mayenne";"Collectif";206;164;19399;9501
"2011";"53";"Mayenne";"Résidence";39;96;2580;5623
"2011";"54";"Meurthe-et-Moselle";"Tous Logements";4760;2823;468832;304350
"2011";"54";"Meurthe-et-Moselle";"Individuel pur";1148;1003;177935;151469
"2011";"54";"Meurthe-et-Moselle";"Individuel groupé";597;307;63151;32455
"2011";"54";"Meurthe-et-Moselle";"Collectif";2739;1482;216596;117442
"2011";"54";"Meurthe-et-Moselle";"Résidence";276;31;11150;2083
"2011";"55";"Meuse";"Tous Logements";570;494;74726;68196
"2011";"55";"Meuse";"Individuel pur";443;369;64559;55004
"2011";"55";"Meuse";"Individuel groupé";40;30;3262;3821
"2011";"55";"Meuse";"Collectif";82;93;6230;8512
"2011";"55";"Meuse";"Résidence";5;2;675;248
"2011";"56";"Morbihan";"Tous Logements";6166;5717;668206;612509
"2011";"56";"Morbihan";"Individuel pur";3444;3203;470135;429672
"2011";"56";"Morbihan";"Individuel groupé";601;583;56414;54293
"2011";"56";"Morbihan";"Collectif";1839;1484;122870;96791
"2011";"56";"Morbihan";"Résidence";282;447;18787;27900
"2011";"57";"Moselle";"Tous Logements";5429;4388;612316;501313
"2011";"57";"Moselle";"Individuel pur";2017;1711;319302;269914
"2011";"57";"Moselle";"Individuel groupé";629;518;70185;55208
"2011";"57";"Moselle";"Collectif";2667;1999;212680;162767
"2011";"57";"Moselle";"Résidence";116;160;10149;12341
"2011";"58";"Nièvre";"Tous Logements";793;532;84103;61733
"2011";"58";"Nièvre";"Individuel pur";479;385;61575;48835
"2011";"58";"Nièvre";"Individuel groupé";130;77;13271;8178
"2011";"58";"Nièvre";"Collectif";93;70;6527;4323
"2011";"58";"Nièvre";"Résidence";91;0;2730;0
"2011";"59";"Nord";"Tous Logements";15644;11736;1413026;1088434
"2011";"59";"Nord";"Individuel pur";2786;2388;403872;344355
"2011";"59";"Nord";"Individuel groupé";2744;1988;264604;202603
"2011";"59";"Nord";"Collectif";9717;6856;720625;507161
"2011";"59";"Nord";"Résidence";397;504;23925;31301
"2011";"60";"Oise";"Tous Logements";4869;4164;445198;373543
"2011";"60";"Oise";"Individuel pur";1765;1517;222815;191754
"2011";"60";"Oise";"Individuel groupé";875;782;88466;74034
"2011";"60";"Oise";"Collectif";1652;1431;118597;94880
"2011";"60";"Oise";"Résidence";577;434;15320;11842
"2011";"61";"Orne";"Tous Logements";1324;999;139585;109530
"2011";"61";"Orne";"Individuel pur";779;711;98716;89397
"2011";"61";"Orne";"Individuel groupé";134;83;12982;8600
"2011";"61";"Orne";"Collectif";222;19;19150;1136
"2011";"61";"Orne";"Résidence";189;186;8737;9163
"2011";"62";"Pas-de-Calais";"Tous Logements";7585;5863;796097;652936
"2011";"62";"Pas-de-Calais";"Individuel pur";3094;2742;418070;369308
"2011";"62";"Pas-de-Calais";"Individuel groupé";1658;1428;159237;143312
"2011";"62";"Pas-de-Calais";"Collectif";2563;1494;202980;126800
"2011";"62";"Pas-de-Calais";"Résidence";270;199;15810;12081
"2011";"63";"Puy-de-Dôme";"Tous Logements";3641;3200;381324;345809
"2011";"63";"Puy-de-Dôme";"Individuel pur";1919;1770;250265;231530
"2011";"63";"Puy-de-Dôme";"Individuel groupé";422;423;44241;41576
"2011";"63";"Puy-de-Dôme";"Collectif";1126;976;79487;68789
"2011";"63";"Puy-de-Dôme";"Résidence";174;31;7331;2987
"2011";"64";"Pyrénées-Atlantiques";"Tous Logements";6669;5219;626716;503054
"2011";"64";"Pyrénées-Atlantiques";"Individuel pur";2030;1764;290225;247476
"2011";"64";"Pyrénées-Atlantiques";"Individuel groupé";842;490;81378;47037
"2011";"64";"Pyrénées-Atlantiques";"Collectif";3408;2844;237925;198185
"2011";"64";"Pyrénées-Atlantiques";"Résidence";389;121;17188;8673
"2011";"65";"Hautes-Pyrénées";"Tous Logements";1585;1257;176181;141857
"2011";"65";"Hautes-Pyrénées";"Individuel pur";910;813;117393;105182
"2011";"65";"Hautes-Pyrénées";"Individuel groupé";284;301;27780;25239
"2011";"65";"Hautes-Pyrénées";"Collectif";371;97;29329;6568
"2011";"65";"Hautes-Pyrénées";"Résidence";20;46;1679;4238
"2011";"66";"Pyrénées-Orientales";"Tous Logements";4185;3760;408374;363343
"2011";"66";"Pyrénées-Orientales";"Individuel pur";1545;1410;200941;179403
"2011";"66";"Pyrénées-Orientales";"Individuel groupé";709;601;69159;59218
"2011";"66";"Pyrénées-Orientales";"Collectif";1596;1285;116859;93722
"2011";"66";"Pyrénées-Orientales";"Résidence";335;464;21415;30091
"2011";"67";"Bas-Rhin";"Tous Logements";8786;6882;786209;656020
"2011";"67";"Bas-Rhin";"Individuel pur";1708;1586;278431;261821
"2011";"67";"Bas-Rhin";"Individuel groupé";848;593;89794;61144
"2011";"67";"Bas-Rhin";"Collectif";5485;4281;389635;319092
"2011";"67";"Bas-Rhin";"Résidence";745;422;28349;13317
"2011";"68";"Haut-Rhin";"Tous Logements";4144;3719;455181;421696
"2011";"68";"Haut-Rhin";"Individuel pur";1434;1363;226775;213166
"2011";"68";"Haut-Rhin";"Individuel groupé";609;512;69188;57777
"2011";"68";"Haut-Rhin";"Collectif";2012;1645;152241;137481
"2011";"68";"Haut-Rhin";"Résidence";89;199;6977;12668
"2011";"69";"Rhône";"Tous Logements";16988;13769;1296220;1071532
"2011";"69";"Rhône";"Individuel pur";2132;1799;304051;257159
"2011";"69";"Rhône";"Individuel groupé";1146;980;118285;104924
"2011";"69";"Rhône";"Collectif";12269;10111;821713;671700
"2011";"69";"Rhône";"Résidence";1441;879;52171;35697
"2011";"70";"Haute-Saône";"Tous Logements";1036;864;125436;106306
"2011";"70";"Haute-Saône";"Individuel pur";695;642;94436;86783
"2011";"70";"Haute-Saône";"Individuel groupé";154;164;15407;15653
"2011";"70";"Haute-Saône";"Collectif";166;37;14566;2470
"2011";"70";"Haute-Saône";"Résidence";21;21;1027;1027
"2011";"71";"Saône-et-Loire";"Tous Logements";2488;1915;289208;230490
"2011";"71";"Saône-et-Loire";"Individuel pur";1551;1388;207605;180894
"2011";"71";"Saône-et-Loire";"Individuel groupé";262;223;25695;21230
"2011";"71";"Saône-et-Loire";"Collectif";663;298;55182;25873
"2011";"71";"Saône-et-Loire";"Résidence";12;6;726;534
"2011";"72";"Sarthe";"Tous Logements";2498;2577;275344;291870
"2011";"72";"Sarthe";"Individuel pur";1508;1546;202465;206635
"2011";"72";"Sarthe";"Individuel groupé";271;387;25343;36553
"2011";"72";"Sarthe";"Collectif";694;643;47024;46396
"2011";"72";"Sarthe";"Résidence";25;1;512;125
"2011";"73";"Savoie";"Tous Logements";4285;3282;434912;331777
"2011";"73";"Savoie";"Individuel pur";1269;1079;181680;153075
"2011";"73";"Savoie";"Individuel groupé";463;366;54365;38655
"2011";"73";"Savoie";"Collectif";1868;1417;148842;107806
"2011";"73";"Savoie";"Résidence";685;420;50025;31515
"2011";"74";"Haute-Savoie";"Tous Logements";10275;6853;947074;634743
"2011";"74";"Haute-Savoie";"Individuel pur";2117;1457;320041;218085
"2011";"74";"Haute-Savoie";"Individuel groupé";1327;876;146429;93263
"2011";"74";"Haute-Savoie";"Collectif";6485;4493;464655;319757
"2011";"74";"Haute-Savoie";"Résidence";346;27;15949;1972
"2011";"75";"Paris";"Tous Logements";6968;2403;369671;114687
"2011";"75";"Paris";"Individuel pur";100;56;10591;9295
"2011";"75";"Paris";"Individuel groupé";528;11;38755;1139
"2011";"75";"Paris";"Collectif";3988;1367;232777;77388
"2011";"75";"Paris";"Résidence";2352;969;87548;26865
"2011";"76";"Seine-Maritime";"Tous Logements";9065;7072;834535;657527
"2011";"76";"Seine-Maritime";"Individuel pur";2558;2410;347190;319744
"2011";"76";"Seine-Maritime";"Individuel groupé";1057;912;102401;91214
"2011";"76";"Seine-Maritime";"Collectif";4877;2812;352514;205011
"2011";"76";"Seine-Maritime";"Résidence";573;938;32430;38208
"2011";"77";"Seine-et-Marne";"Tous Logements";9816;6976;774918;588408
"2011";"77";"Seine-et-Marne";"Individuel pur";1934;1514;248719;192957
"2011";"77";"Seine-et-Marne";"Individuel groupé";1443;1161;125283;107185
"2011";"77";"Seine-et-Marne";"Collectif";5970;4288;379957;285387
"2011";"77";"Seine-et-Marne";"Résidence";469;13;20959;688
"2011";"78";"Yvelines";"Tous Logements";8548;6873;685273;548421
"2011";"78";"Yvelines";"Individuel pur";1214;977;184794;145147
"2011";"78";"Yvelines";"Individuel groupé";1040;1238;97079;105792
"2011";"78";"Yvelines";"Collectif";5824;4133;385215;273998
"2011";"78";"Yvelines";"Résidence";470;525;18185;21759
"2011";"79";"Deux-Sèvres";"Tous Logements";2053;1871;227597;208110
"2011";"79";"Deux-Sèvres";"Individuel pur";1436;1363;183790;169932
"2011";"79";"Deux-Sèvres";"Individuel groupé";240;211;20420;17968
"2011";"79";"Deux-Sèvres";"Collectif";119;87;10675;6920
"2011";"79";"Deux-Sèvres";"Résidence";258;210;12712;12704
"2011";"80";"Somme";"Tous Logements";2960;2593;292532;266964
"2011";"80";"Somme";"Individuel pur";1296;1222;174740;165258
"2011";"80";"Somme";"Individuel groupé";339;406;32917;38328
"2011";"80";"Somme";"Collectif";1318;900;84086;57802
"2011";"80";"Somme";"Résidence";7;65;789;4256
"2011";"81";"Tarn";"Tous Logements";2434;2034;270071;238897
"2011";"81";"Tarn";"Individuel pur";1709;1567;215989;196907
"2011";"81";"Tarn";"Individuel groupé";307;215;29543;21485
"2011";"81";"Tarn";"Collectif";396;251;23181;19712
"2011";"81";"Tarn";"Résidence";22;1;1358;70
"2011";"82";"Tarn-et-Garonne";"Tous Logements";1826;1569;208897;180572
"2011";"82";"Tarn-et-Garonne";"Individuel pur";1286;1121;163850;141199
"2011";"82";"Tarn-et-Garonne";"Individuel groupé";370;340;33507;29505
"2011";"82";"Tarn-et-Garonne";"Collectif";92;108;6336;8951
"2011";"82";"Tarn-et-Garonne";"Résidence";78;0;5204;0
"2011";"83";"Var";"Tous Logements";9233;6363;816357;590604
"2011";"83";"Var";"Individuel pur";2309;1800;314296;240560
"2011";"83";"Var";"Individuel groupé";1524;1084;142906;107860
"2011";"83";"Var";"Collectif";4874;3292;323312;224423
"2011";"83";"Var";"Résidence";526;187;35843;14230
"2011";"84";"Vaucluse";"Tous Logements";3481;2874;324094;265067
"2011";"84";"Vaucluse";"Individuel pur";1164;978;148029;126834
"2011";"84";"Vaucluse";"Individuel groupé";802;730;78114;64671
"2011";"84";"Vaucluse";"Collectif";1228;800;86266;55536
"2011";"84";"Vaucluse";"Résidence";287;366;11685;16157
"2011";"85";"Vendée";"Tous Logements";6334;5750;684926;631846
"2011";"85";"Vendée";"Individuel pur";4295;4131;527853;504597
"2011";"85";"Vendée";"Individuel groupé";650;586;60182;52617
"2011";"85";"Vendée";"Collectif";1154;737;81552;54645
"2011";"85";"Vendée";"Résidence";235;296;15339;17245
"2011";"86";"Vienne";"Tous Logements";2979;2268;306231;244464
"2011";"86";"Vienne";"Individuel pur";1451;1326;185505;169363
"2011";"86";"Vienne";"Individuel groupé";340;305;31765;27446
"2011";"86";"Vienne";"Collectif";1025;490;78078;35142
"2011";"86";"Vienne";"Résidence";163;147;10883;10892
"2011";"87";"Haute-Vienne";"Tous Logements";1646;1463;190724;167858
"2011";"87";"Haute-Vienne";"Individuel pur";1174;1064;153330;137334
"2011";"87";"Haute-Vienne";"Individuel groupé";209;90;19386;8729
"2011";"87";"Haute-Vienne";"Collectif";183;239;13782;17754
"2011";"87";"Haute-Vienne";"Résidence";80;70;4226;3432
"2011";"88";"Vosges";"Tous Logements";1975;1471;226871;181768
"2011";"88";"Vosges";"Individuel pur";1010;905;143804;129067
"2011";"88";"Vosges";"Individuel groupé";296;215;30089;23081
"2011";"88";"Vosges";"Collectif";543;343;46844;27868
"2011";"88";"Vosges";"Résidence";126;8;6134;950
"2011";"89";"Yonne";"Tous Logements";1616;1142;171917;130806
"2011";"89";"Yonne";"Individuel pur";798;687;104113;88915
"2011";"89";"Yonne";"Individuel groupé";309;221;32003;22502
"2011";"89";"Yonne";"Collectif";441;223;32508;17626
"2011";"89";"Yonne";"Résidence";68;11;3293;674
"2011";"90";"Territoire de Belfort";"Tous Logements";554;562;62771;62848
"2011";"90";"Territoire de Belfort";"Individuel pur";252;219;36578;31297
"2011";"90";"Territoire de Belfort";"Individuel groupé";137;151;13314;14067
"2011";"90";"Territoire de Belfort";"Collectif";164;192;12837;17285
"2011";"90";"Territoire de Belfort";"Résidence";1;0;42;0
"2011";"91";"Essonne";"Tous Logements";8905;7232;656672;543230
"2011";"91";"Essonne";"Individuel pur";1215;878;159233;116765
"2011";"91";"Essonne";"Individuel groupé";863;711;81522;61026
"2011";"91";"Essonne";"Collectif";6354;5267;402086;349634
"2011";"91";"Essonne";"Résidence";473;376;13831;13399
"2011";"92";"Hauts-de-Seine";"Tous Logements";9601;5036;680799;378286
"2011";"92";"Hauts-de-Seine";"Individuel pur";253;204;41448;32639
"2011";"92";"Hauts-de-Seine";"Individuel groupé";552;712;49406;57178
"2011";"92";"Hauts-de-Seine";"Collectif";8275;3863;557680;271438
"2011";"92";"Hauts-de-Seine";"Résidence";521;257;32265;15380
"2011";"93";"Seine-Saint-Denis";"Tous Logements";11788;8642;769132;544266
"2011";"93";"Seine-Saint-Denis";"Individuel pur";449;277;55517;36027
"2011";"93";"Seine-Saint-Denis";"Individuel groupé";409;306;37409;25363
"2011";"93";"Seine-Saint-Denis";"Collectif";9334;6506;627254;436364
"2011";"93";"Seine-Saint-Denis";"Résidence";1596;1553;48952;45247
"2011";"94";"Val-de-Marne";"Tous Logements";8547;4853;590751;349759
"2011";"94";"Val-de-Marne";"Individuel pur";420;254;57487;36392
"2011";"94";"Val-de-Marne";"Individuel groupé";673;597;51880;49100
"2011";"94";"Val-de-Marne";"Collectif";6453;3222;431056;217844
"2011";"94";"Val-de-Marne";"Résidence";1001;780;50328;44843
"2011";"95";"Val-d'Oise";"Tous Logements";7057;4716;554888;371029
"2011";"95";"Val-d'Oise";"Individuel pur";939;626;132788;86473
"2011";"95";"Val-d'Oise";"Individuel groupé";627;471;54579;43040
"2011";"95";"Val-d'Oise";"Collectif";5069;3503;343512;234113
"2011";"95";"Val-d'Oise";"Résidence";422;116;24009;6264
"2011";"971";"Guadeloupe";"Tous Logements";3742;2178;317567;176209
"2011";"971";"Guadeloupe";"Individuel pur";1897;770;199324;82321
"2011";"971";"Guadeloupe";"Individuel groupé";398;585;27754;39516
"2011";"971";"Guadeloupe";"Collectif";1308;802;82926;52766
"2011";"971";"Guadeloupe";"Résidence";139;21;7563;1240
"2011";"972";"Martinique";"Tous Logements";2996;2214;258413;170283
"2011";"972";"Martinique";"Individuel pur";1154;647;114234;65556
"2011";"972";"Martinique";"Individuel groupé";326;209;23784;12870
"2011";"972";"Martinique";"Collectif";1424;1252;115163;86775
"2011";"972";"Martinique";"Résidence";92;106;5232;5082
"2011";"973";"Guyane";"Tous Logements";2043;1792;139935;139563
"2011";"973";"Guyane";"Individuel pur";218;78;25439;8997
"2011";"973";"Guyane";"Individuel groupé";316;525;28151;50037
"2011";"973";"Guyane";"Collectif";1258;1125;75563;78523
"2011";"973";"Guyane";"Résidence";251;64;10782;1873
"2011";"974";"La Réunion";"Tous Logements";7578;6998;628372;599097
"2011";"974";"La Réunion";"Individuel pur";2604;2097;264441;214230
"2011";"974";"La Réunion";"Individuel groupé";973;897;78736;74687
"2011";"974";"La Réunion";"Collectif";4001;3953;285195;306427
"2011";"974";"La Réunion";"Résidence";0;51;0;3233
"2011";"976";"Mayotte";"Tous Logements";1090;16;164128;1610
"2011";"976";"Mayotte";"Individuel pur";545;8;84689;834
"2011";"976";"Mayotte";"Individuel groupé";321;2;58151;268
"2011";"976";"Mayotte";"Collectif";220;6;20507;508
"2011";"976";"Mayotte";"Résidence";4;0;781;0
"2010";"01";"Ain";"Tous Logements";5615;4878;601378;503023
"2010";"01";"Ain";"Individuel pur";2178;1774;281104;230839
"2010";"01";"Ain";"Individuel groupé";917;720;98707;77684
"2010";"01";"Ain";"Collectif";2360;2346;190748;176396
"2010";"01";"Ain";"Résidence";160;38;7969;2700
"2010";"02";"Aisne";"Tous Logements";1858;1601;219253;185538
"2010";"02";"Aisne";"Individuel pur";1101;911;146245;121814
"2010";"02";"Aisne";"Individuel groupé";292;118;26776;11561
"2010";"02";"Aisne";"Collectif";337;450;26544;36079
"2010";"02";"Aisne";"Résidence";128;122;7130;7500
"2010";"03";"Allier";"Tous Logements";1338;1150;165334;140592
"2010";"03";"Allier";"Individuel pur";958;815;123625;104838
"2010";"03";"Allier";"Individuel groupé";102;123;10873;12514
"2010";"03";"Allier";"Collectif";161;210;12251;15607
"2010";"03";"Allier";"Résidence";117;2;7591;150
"2010";"04";"Alpes-de-Haute-Provence";"Tous Logements";1503;1041;141424;99194
"2010";"04";"Alpes-de-Haute-Provence";"Individuel pur";609;495;70600;56899
"2010";"04";"Alpes-de-Haute-Provence";"Individuel groupé";248;137;21917;12126
"2010";"04";"Alpes-de-Haute-Provence";"Collectif";644;303;44257;20768
"2010";"04";"Alpes-de-Haute-Provence";"Résidence";2;106;234;5033
"2010";"05";"Hautes-Alpes";"Tous Logements";1130;912;112761;85807
"2010";"05";"Hautes-Alpes";"Individuel pur";462;342;59560;43399
"2010";"05";"Hautes-Alpes";"Individuel groupé";123;82;11750;8375
"2010";"05";"Hautes-Alpes";"Collectif";474;453;34482;29108
"2010";"05";"Hautes-Alpes";"Résidence";71;35;2216;1936
"2010";"06";"Alpes-Maritimes";"Tous Logements";6766;4739;506192;397788
"2010";"06";"Alpes-Maritimes";"Individuel pur";730;563;110497;87583
"2010";"06";"Alpes-Maritimes";"Individuel groupé";570;365;57571;40913
"2010";"06";"Alpes-Maritimes";"Collectif";4674;3366;305933;234815
"2010";"06";"Alpes-Maritimes";"Résidence";792;445;23925;23121
"2010";"07";"Ardèche";"Tous Logements";2350;1871;272575;216606
"2010";"07";"Ardèche";"Individuel pur";1441;1193;181766;150173
"2010";"07";"Ardèche";"Individuel groupé";316;282;32085;27404
"2010";"07";"Ardèche";"Collectif";485;379;39202;30308
"2010";"07";"Ardèche";"Résidence";108;17;5968;1326
"2010";"08";"Ardennes";"Tous Logements";936;799;125608;106295
"2010";"08";"Ardennes";"Individuel pur";565;470;80033;66593
"2010";"08";"Ardennes";"Individuel groupé";161;111;17316;11569
"2010";"08";"Ardennes";"Collectif";210;214;22363;22581
"2010";"08";"Ardennes";"Résidence";0;4;0;1227
"2010";"09";"Ariège";"Tous Logements";845;692;106338;85620
"2010";"09";"Ariège";"Individuel pur";637;550;81707;71504
"2010";"09";"Ariège";"Individuel groupé";100;50;10350;4203
"2010";"09";"Ariège";"Collectif";97;72;7651;4014
"2010";"09";"Ariège";"Résidence";11;20;1239;2169
"2010";"10";"Aube";"Tous Logements";2399;1662;237251;179464
"2010";"10";"Aube";"Individuel pur";800;716;106861;95191
"2010";"10";"Aube";"Individuel groupé";222;242;24705;25269
"2010";"10";"Aube";"Collectif";1079;654;83260;49890
"2010";"10";"Aube";"Résidence";298;50;13787;2927
"2010";"11";"Aude";"Tous Logements";2916;2963;304680;313159
"2010";"11";"Aude";"Individuel pur";1621;1576;198040;194880
"2010";"11";"Aude";"Individuel groupé";467;486;45257;46430
"2010";"11";"Aude";"Collectif";774;900;48283;63541
"2010";"11";"Aude";"Résidence";54;1;4655;413
"2010";"12";"Aveyron";"Tous Logements";1774;1485;211228;183860
"2010";"12";"Aveyron";"Individuel pur";1127;1009;148003;135311
"2010";"12";"Aveyron";"Individuel groupé";164;173;16398;16112
"2010";"12";"Aveyron";"Collectif";320;224;25877;19164
"2010";"12";"Aveyron";"Résidence";163;79;13018;6121
"2010";"13";"Bouches-du-Rhône";"Tous Logements";13818;10862;1063806;841942
"2010";"13";"Bouches-du-Rhône";"Individuel pur";2160;1587;283373;202666
"2010";"13";"Bouches-du-Rhône";"Individuel groupé";1447;1071;133018;98772
"2010";"13";"Bouches-du-Rhône";"Collectif";7863;6475;529678;462192
"2010";"13";"Bouches-du-Rhône";"Résidence";2348;1729;100527;63558
"2010";"14";"Calvados";"Tous Logements";5005;4169;500798;420112
"2010";"14";"Calvados";"Individuel pur";1895;1570;249583;206028
"2010";"14";"Calvados";"Individuel groupé";792;836;71844;69046
"2010";"14";"Calvados";"Collectif";1763;1355;123477;98408
"2010";"14";"Calvados";"Résidence";555;408;30836;25282
"2010";"15";"Cantal";"Tous Logements";725;671;95262;86877
"2010";"15";"Cantal";"Individuel pur";601;562;79119;73149
"2010";"15";"Cantal";"Individuel groupé";54;39;5000;3186
"2010";"15";"Cantal";"Collectif";70;70;4664;6345
"2010";"15";"Cantal";"Résidence";0;0;0;0
"2010";"16";"Charente";"Tous Logements";2036;1809;254221;213815
"2010";"16";"Charente";"Individuel pur";1442;1353;179127;167630
"2010";"16";"Charente";"Individuel groupé";331;227;31341;21049
"2010";"16";"Charente";"Collectif";215;202;17430;13448
"2010";"16";"Charente";"Résidence";48;27;3877;721
"2010";"17";"Charente-Maritime";"Tous Logements";5912;4516;615655;494661
"2010";"17";"Charente-Maritime";"Individuel pur";3404;2826;408643;344911
"2010";"17";"Charente-Maritime";"Individuel groupé";905;761;80708;67100
"2010";"17";"Charente-Maritime";"Collectif";1136;848;78832;56435
"2010";"17";"Charente-Maritime";"Résidence";467;81;23736;3954
"2010";"18";"Cher";"Tous Logements";1746;1687;193049;183880
"2010";"18";"Cher";"Individuel pur";959;881;123326;112189
"2010";"18";"Cher";"Individuel groupé";180;369;17167;34347
"2010";"18";"Cher";"Collectif";463;271;32683;17974
"2010";"18";"Cher";"Résidence";144;166;8493;9871
"2010";"19";"Corrèze";"Tous Logements";1524;1183;175511;139721
"2010";"19";"Corrèze";"Individuel pur";1001;841;129821;108474
"2010";"19";"Corrèze";"Individuel groupé";255;198;23475;16510
"2010";"19";"Corrèze";"Collectif";68;29;4316;2432
"2010";"19";"Corrèze";"Résidence";200;115;9382;5584
"2010";"21";"Côte-d'Or";"Tous Logements";3017;2368;300398;240943
"2010";"21";"Côte-d'Or";"Individuel pur";1035;872;138097;119633
"2010";"21";"Côte-d'Or";"Individuel groupé";327;290;33288;27972
"2010";"21";"Côte-d'Or";"Collectif";1603;1204;108737;82405
"2010";"21";"Côte-d'Or";"Résidence";52;2;5110;1068
"2010";"22";"Côtes-d'Armor";"Tous Logements";3992;4036;497258;483073
"2010";"22";"Côtes-d'Armor";"Individuel pur";2768;2501;362680;326514
"2010";"22";"Côtes-d'Armor";"Individuel groupé";468;580;49132;60339
"2010";"22";"Côtes-d'Armor";"Collectif";658;858;43914;58609
"2010";"22";"Côtes-d'Armor";"Résidence";98;97;4629;4919
"2010";"23";"Creuse";"Tous Logements";605;497;79070;62460
"2010";"23";"Creuse";"Individuel pur";495;407;64859;50349
"2010";"23";"Creuse";"Individuel groupé";47;61;4196;5799
"2010";"23";"Creuse";"Collectif";43;22;3154;1310
"2010";"23";"Creuse";"Résidence";20;7;1487;453
"2010";"24";"Dordogne";"Tous Logements";2634;2649;330112;297690
"2010";"24";"Dordogne";"Individuel pur";2061;1709;262061;220304
"2010";"24";"Dordogne";"Individuel groupé";381;277;32423;22859
"2010";"24";"Dordogne";"Collectif";179;430;14717;32402
"2010";"24";"Dordogne";"Résidence";13;233;960;11407
"2010";"25";"Doubs";"Tous Logements";3326;3544;379339;373184
"2010";"25";"Doubs";"Individuel pur";1512;1315;213848;187649
"2010";"25";"Doubs";"Individuel groupé";499;556;52134;55055
"2010";"25";"Doubs";"Collectif";1262;1570;93990;111935
"2010";"25";"Doubs";"Résidence";53;103;5223;7457
"2010";"26";"Drôme";"Tous Logements";4069;3596;441643;380076
"2010";"26";"Drôme";"Individuel pur";1817;1579;231589;198400
"2010";"26";"Drôme";"Individuel groupé";809;737;83159;74308
"2010";"26";"Drôme";"Collectif";1382;1121;107096;85334
"2010";"26";"Drôme";"Résidence";61;159;5508;8399
"2010";"27";"Eure";"Tous Logements";4284;3675;466243;398901
"2010";"27";"Eure";"Individuel pur";2278;1954;285807;244678
"2010";"27";"Eure";"Individuel groupé";460;590;43581;57370
"2010";"27";"Eure";"Collectif";1237;1126;88295;77970
"2010";"27";"Eure";"Résidence";309;5;19743;885
"2010";"28";"Eure-et-Loir";"Tous Logements";2349;2196;247426;224675
"2010";"28";"Eure-et-Loir";"Individuel pur";1145;1024;144315;127898
"2010";"28";"Eure-et-Loir";"Individuel groupé";291;312;28334;31829
"2010";"28";"Eure-et-Loir";"Collectif";912;777;60440;52637
"2010";"28";"Eure-et-Loir";"Résidence";1;83;501;2910
"2010";"29";"Finistère";"Tous Logements";5944;5592;686823;649454
"2010";"29";"Finistère";"Individuel pur";3698;3482;481440;455692
"2010";"29";"Finistère";"Individuel groupé";493;520;46767;49667
"2010";"29";"Finistère";"Collectif";1203;1279;87893;89930
"2010";"29";"Finistère";"Résidence";550;311;28344;13200
"2010";"2A";"Corse-du-Sud";"Tous Logements";2784;1351;261337;138501
"2010";"2A";"Corse-du-Sud";"Individuel pur";785;597;105289;78910
"2010";"2A";"Corse-du-Sud";"Individuel groupé";376;236;35987;20761
"2010";"2A";"Corse-du-Sud";"Collectif";1559;471;112258;33074
"2010";"2A";"Corse-du-Sud";"Résidence";64;47;4167;2799
"2010";"2B";"Haute-Corse";"Tous Logements";3142;2381;267609;205221
"2010";"2B";"Haute-Corse";"Individuel pur";635;472;86335;63214
"2010";"2B";"Haute-Corse";"Individuel groupé";591;306;44962;29357
"2010";"2B";"Haute-Corse";"Collectif";1519;1505;111277;105338
"2010";"2B";"Haute-Corse";"Résidence";397;98;22068;4390
"2010";"30";"Gard";"Tous Logements";4749;4786;521846;507699
"2010";"30";"Gard";"Individuel pur";2614;2260;329704;290301
"2010";"30";"Gard";"Individuel groupé";809;754;79559;72662
"2010";"30";"Gard";"Collectif";1212;1702;86497;126075
"2010";"30";"Gard";"Résidence";114;70;7199;3361
"2010";"31";"Haute-Garonne";"Tous Logements";14155;13644;1232609;1122807
"2010";"31";"Haute-Garonne";"Individuel pur";3518;2936;469069;392781
"2010";"31";"Haute-Garonne";"Individuel groupé";2102;1870;193100;169778
"2010";"31";"Haute-Garonne";"Collectif";7920;7488;520120;488514
"2010";"31";"Haute-Garonne";"Résidence";615;1350;20773;48971
"2010";"32";"Gers";"Tous Logements";1506;957;168230;125231
"2010";"32";"Gers";"Individuel pur";934;810;119938;106114
"2010";"32";"Gers";"Individuel groupé";144;84;14870;8539
"2010";"32";"Gers";"Collectif";201;57;14336;4184
"2010";"32";"Gers";"Résidence";227;6;13826;614
"2010";"33";"Gironde";"Tous Logements";16522;13256;1517711;1243523
"2010";"33";"Gironde";"Individuel pur";5279;4572;643601;555345
"2010";"33";"Gironde";"Individuel groupé";3487;2599;292591;226432
"2010";"33";"Gironde";"Collectif";7245;5796;500291;397100
"2010";"33";"Gironde";"Résidence";511;289;32150;20707
"2010";"34";"Hérault";"Tous Logements";12281;10641;1067050;919035
"2010";"34";"Hérault";"Individuel pur";3467;2930;444858;381220
"2010";"34";"Hérault";"Individuel groupé";1698;1464;160430;135867
"2010";"34";"Hérault";"Collectif";6380;5801;412148;364730
"2010";"34";"Hérault";"Résidence";736;446;30355;21388
"2010";"35";"Ille-et-Vilaine";"Tous Logements";7971;9280;847018;938917
"2010";"35";"Ille-et-Vilaine";"Individuel pur";3309;3247;461390;452670
"2010";"35";"Ille-et-Vilaine";"Individuel groupé";819;754;80536;74515
"2010";"35";"Ille-et-Vilaine";"Collectif";3323;4905;236499;353173
"2010";"35";"Ille-et-Vilaine";"Résidence";520;374;27716;17503
"2010";"36";"Indre";"Tous Logements";801;718;104730;90247
"2010";"36";"Indre";"Individuel pur";569;516;74531;64660
"2010";"36";"Indre";"Individuel groupé";108;84;11687;8587
"2010";"36";"Indre";"Collectif";124;93;10989;8082
"2010";"36";"Indre";"Résidence";0;25;0;1557
"2010";"37";"Indre-et-Loire";"Tous Logements";4033;3159;421525;337084
"2010";"37";"Indre-et-Loire";"Individuel pur";1741;1416;232916;188452
"2010";"37";"Indre-et-Loire";"Individuel groupé";670;608;58821;54815
"2010";"37";"Indre-et-Loire";"Collectif";1364;773;97010;57654
"2010";"37";"Indre-et-Loire";"Résidence";258;362;15588;24388
"2010";"38";"Isère";"Tous Logements";9866;7731;898674;721238
"2010";"38";"Isère";"Individuel pur";2722;2190;357395;284493
"2010";"38";"Isère";"Individuel groupé";1434;992;141280;95961
"2010";"38";"Isère";"Collectif";3404;4085;247447;302218
"2010";"38";"Isère";"Résidence";2306;464;132181;21709
"2010";"39";"Jura";"Tous Logements";1170;1215;151245;145721
"2010";"39";"Jura";"Individuel pur";817;724;111756;98134
"2010";"39";"Jura";"Individuel groupé";114;120;10560;12453
"2010";"39";"Jura";"Collectif";221;303;16834;23360
"2010";"39";"Jura";"Résidence";18;68;1663;4471
"2010";"40";"Landes";"Tous Logements";3916;3565;430520;394410
"2010";"40";"Landes";"Individuel pur";2254;1970;292359;260813
"2010";"40";"Landes";"Individuel groupé";632;489;54566;42116
"2010";"40";"Landes";"Collectif";975;1017;64832;71600
"2010";"40";"Landes";"Résidence";55;89;3133;5806
"2010";"41";"Loir-et-Cher";"Tous Logements";1708;1590;224216;204948
"2010";"41";"Loir-et-Cher";"Individuel pur";1110;952;151884;128906
"2010";"41";"Loir-et-Cher";"Individuel groupé";305;302;32052;33007
"2010";"41";"Loir-et-Cher";"Collectif";167;319;14264;24812
"2010";"41";"Loir-et-Cher";"Résidence";126;17;8917;1635
"2010";"42";"Loire";"Tous Logements";3763;3428;435925;388616
"2010";"42";"Loire";"Individuel pur";2014;1532;258370;198382
"2010";"42";"Loire";"Individuel groupé";334;388;37667;44833
"2010";"42";"Loire";"Collectif";1409;1503;122638;132891
"2010";"42";"Loire";"Résidence";6;5;709;480
"2010";"43";"Haute-Loire";"Tous Logements";1224;1092;159175;142045
"2010";"43";"Haute-Loire";"Individuel pur";894;739;122094;100012
"2010";"43";"Haute-Loire";"Individuel groupé";76;80;7304;8464
"2010";"43";"Haute-Loire";"Collectif";251;253;19939;22060
"2010";"43";"Haute-Loire";"Résidence";3;20;345;2996
"2010";"44";"Loire-Atlantique";"Tous Logements";14083;13757;1286064;1224196
"2010";"44";"Loire-Atlantique";"Individuel pur";5046;4519;630668;562941
"2010";"44";"Loire-Atlantique";"Individuel groupé";1622;1410;144785;126908
"2010";"44";"Loire-Atlantique";"Collectif";6746;6957;415202;436854
"2010";"44";"Loire-Atlantique";"Résidence";669;871;31249;33893
"2010";"45";"Loiret";"Tous Logements";3739;3256;422815;367623
"2010";"45";"Loiret";"Individuel pur";1873;1585;243226;204227
"2010";"45";"Loiret";"Individuel groupé";876;896;80264;86100
"2010";"45";"Loiret";"Collectif";775;753;51075;54548
"2010";"45";"Loiret";"Résidence";215;22;10569;1406
"2010";"46";"Lot";"Tous Logements";1085;976;142377;122930
"2010";"46";"Lot";"Individuel pur";928;753;119601;97703
"2010";"46";"Lot";"Individuel groupé";70;104;6403;10258
"2010";"46";"Lot";"Collectif";72;50;5053;3795
"2010";"46";"Lot";"Résidence";15;69;1372;4114
"2010";"47";"Lot-et-Garonne";"Tous Logements";1604;1397;203303;173012
"2010";"47";"Lot-et-Garonne";"Individuel pur";1234;1025;161983;133539
"2010";"47";"Lot-et-Garonne";"Individuel groupé";234;248;22743;22773
"2010";"47";"Lot-et-Garonne";"Collectif";135;107;9444;6242
"2010";"47";"Lot-et-Garonne";"Résidence";1;17;88;2642
"2010";"48";"Lozère";"Tous Logements";474;454;65251;57202
"2010";"48";"Lozère";"Individuel pur";394;335;53347;45260
"2010";"48";"Lozère";"Individuel groupé";53;39;5733;3923
"2010";"48";"Lozère";"Collectif";24;79;1826;5771
"2010";"48";"Lozère";"Résidence";3;1;440;58
"2010";"49";"Maine-et-Loire";"Tous Logements";7521;6460;721815;629709
"2010";"49";"Maine-et-Loire";"Individuel pur";2595;2412;333591;308421
"2010";"49";"Maine-et-Loire";"Individuel groupé";823;719;78943;67473
"2010";"49";"Maine-et-Loire";"Collectif";3611;2786;238306;185552
"2010";"49";"Maine-et-Loire";"Résidence";492;543;25823;25186
"2010";"50";"Manche";"Tous Logements";3304;2546;384914;320725
"2010";"50";"Manche";"Individuel pur";2029;1812;264874;238168
"2010";"50";"Manche";"Individuel groupé";445;272;36817;24818
"2010";"50";"Manche";"Collectif";634;291;47912;24345
"2010";"50";"Manche";"Résidence";196;171;13666;12688
"2010";"51";"Marne";"Tous Logements";3352;2883;339239;308482
"2010";"51";"Marne";"Individuel pur";1113;946;152724;130836
"2010";"51";"Marne";"Individuel groupé";289;328;33707;36416
"2010";"51";"Marne";"Collectif";1533;1550;125514;126436
"2010";"51";"Marne";"Résidence";417;59;12662;4760
"2010";"52";"Haute-Marne";"Tous Logements";411;575;61130;73896
"2010";"52";"Haute-Marne";"Individuel pur";331;293;46245;41276
"2010";"52";"Haute-Marne";"Individuel groupé";42;108;4386;10959
"2010";"52";"Haute-Marne";"Collectif";37;174;3779;16500
"2010";"52";"Haute-Marne";"Résidence";1;0;629;0
"2010";"53";"Mayenne";"Tous Logements";1311;1167;174871;157269
"2010";"53";"Mayenne";"Individuel pur";946;914;128675;122854
"2010";"53";"Mayenne";"Individuel groupé";155;157;14111;14147
"2010";"53";"Mayenne";"Collectif";114;70;9290;5935
"2010";"53";"Mayenne";"Résidence";96;26;5802;1136
"2010";"54";"Meurthe-et-Moselle";"Tous Logements";3030;2949;341265;313798
"2010";"54";"Meurthe-et-Moselle";"Individuel pur";1239;999;184650;147916
"2010";"54";"Meurthe-et-Moselle";"Individuel groupé";273;319;33357;35628
"2010";"54";"Meurthe-et-Moselle";"Collectif";1394;1457;108106;114195
"2010";"54";"Meurthe-et-Moselle";"Résidence";124;174;3562;6650
"2010";"55";"Meuse";"Tous Logements";560;507;84016;72883
"2010";"55";"Meuse";"Individuel pur";425;353;62425;51381
"2010";"55";"Meuse";"Individuel groupé";59;78;7398;9213
"2010";"55";"Meuse";"Collectif";76;56;7526;6139
"2010";"55";"Meuse";"Résidence";0;20;0;1813
"2010";"56";"Morbihan";"Tous Logements";6735;6317;746128;700558
"2010";"56";"Morbihan";"Individuel pur";3632;3263;484007;437838
"2010";"56";"Morbihan";"Individuel groupé";646;776;59762;70349
"2010";"56";"Morbihan";"Collectif";1982;2102;132506;147414
"2010";"56";"Morbihan";"Résidence";475;176;26738;9855
"2010";"57";"Moselle";"Tous Logements";5274;4131;626200;493368
"2010";"57";"Moselle";"Individuel pur";2133;1622;333888;258468
"2010";"57";"Moselle";"Individuel groupé";666;521;76727;58614
"2010";"57";"Moselle";"Collectif";2270;1744;188524;147331
"2010";"57";"Moselle";"Résidence";205;244;13880;22235
"2010";"58";"Nièvre";"Tous Logements";577;482;72773;59230
"2010";"58";"Nièvre";"Individuel pur";436;352;54571;44191
"2010";"58";"Nièvre";"Individuel groupé";88;58;7448;5667
"2010";"58";"Nièvre";"Collectif";53;72;3402;4984
"2010";"58";"Nièvre";"Résidence";0;0;0;0
"2010";"59";"Nord";"Tous Logements";13227;10903;1225068;999090
"2010";"59";"Nord";"Individuel pur";2945;2328;416054;331462
"2010";"59";"Nord";"Individuel groupé";2279;2167;222323;207314
"2010";"59";"Nord";"Collectif";7101;5200;500004;373251
"2010";"59";"Nord";"Résidence";902;1208;44846;57351
"2010";"60";"Oise";"Tous Logements";4294;3108;410394;323390
"2010";"60";"Oise";"Individuel pur";1588;1514;199161;187317
"2010";"60";"Oise";"Individuel groupé";1080;759;100009;64264
"2010";"60";"Oise";"Collectif";1315;835;85536;62616
"2010";"60";"Oise";"Résidence";311;0;9743;0
"2010";"61";"Orne";"Tous Logements";1042;959;132558;123014
"2010";"61";"Orne";"Individuel pur";743;667;94809;85831
"2010";"61";"Orne";"Individuel groupé";122;106;11866;10361
"2010";"61";"Orne";"Collectif";98;181;6763;13419
"2010";"61";"Orne";"Résidence";79;5;6580;2097
"2010";"62";"Pas-de-Calais";"Tous Logements";7444;5579;857515;635502
"2010";"62";"Pas-de-Calais";"Individuel pur";3278;2606;437427;350083
"2010";"62";"Pas-de-Calais";"Individuel groupé";2196;1301;228097;130457
"2010";"62";"Pas-de-Calais";"Collectif";1814;1447;148023;119802
"2010";"62";"Pas-de-Calais";"Résidence";156;225;11727;13509
"2010";"63";"Puy-de-Dôme";"Tous Logements";4201;3621;428760;346195
"2010";"63";"Puy-de-Dôme";"Individuel pur";1938;1691;247190;213105
"2010";"63";"Puy-de-Dôme";"Individuel groupé";507;260;46589;24470
"2010";"63";"Puy-de-Dôme";"Collectif";1441;859;108355;60536
"2010";"63";"Puy-de-Dôme";"Résidence";315;811;9202;33629
"2010";"64";"Pyrénées-Atlantiques";"Tous Logements";5865;5850;601155;578010
"2010";"64";"Pyrénées-Atlantiques";"Individuel pur";2091;1884;299052;269955
"2010";"64";"Pyrénées-Atlantiques";"Individuel groupé";642;825;64319;79017
"2010";"64";"Pyrénées-Atlantiques";"Collectif";2949;2768;216881;197352
"2010";"64";"Pyrénées-Atlantiques";"Résidence";183;373;6069;18052
"2010";"65";"Hautes-Pyrénées";"Tous Logements";1733;1483;191142;169939
"2010";"65";"Hautes-Pyrénées";"Individuel pur";988;918;126974;117974
"2010";"65";"Hautes-Pyrénées";"Individuel groupé";274;219;27011;21019
"2010";"65";"Hautes-Pyrénées";"Collectif";438;234;28075;18339
"2010";"65";"Hautes-Pyrénées";"Résidence";33;112;2808;7048
"2010";"66";"Pyrénées-Orientales";"Tous Logements";4638;3914;460629;377809
"2010";"66";"Pyrénées-Orientales";"Individuel pur";1918;1542;245236;196233
"2010";"66";"Pyrénées-Orientales";"Individuel groupé";699;718;68832;64152
"2010";"66";"Pyrénées-Orientales";"Collectif";1665;1457;116948;104368
"2010";"66";"Pyrénées-Orientales";"Résidence";356;197;21090;7430
"2010";"67";"Bas-Rhin";"Tous Logements";6058;6557;677011;657243
"2010";"67";"Bas-Rhin";"Individuel pur";1791;1444;295518;239505
"2010";"67";"Bas-Rhin";"Individuel groupé";600;566;70041;61804
"2010";"67";"Bas-Rhin";"Collectif";3542;4360;280886;332159
"2010";"67";"Bas-Rhin";"Résidence";125;187;8750;14407
"2010";"68";"Haut-Rhin";"Tous Logements";3583;3771;425880;424837
"2010";"68";"Haut-Rhin";"Individuel pur";1375;1228;215187;195098
"2010";"68";"Haut-Rhin";"Individuel groupé";499;365;56909;43506
"2010";"68";"Haut-Rhin";"Collectif";1612;2063;134139;167217
"2010";"68";"Haut-Rhin";"Résidence";97;115;6225;7580
"2010";"69";"Rhône";"Tous Logements";14108;13187;1105882;1028686
"2010";"69";"Rhône";"Individuel pur";2125;1826;295827;252878
"2010";"69";"Rhône";"Individuel groupé";1191;1041;124448;110037
"2010";"69";"Rhône";"Collectif";8719;8390;585226;571417
"2010";"69";"Rhône";"Résidence";2073;1930;76251;69229
"2010";"70";"Haute-Saône";"Tous Logements";963;788;132128;104886
"2010";"70";"Haute-Saône";"Individuel pur";705;591;97620;80898
"2010";"70";"Haute-Saône";"Individuel groupé";192;134;18976;12157
"2010";"70";"Haute-Saône";"Collectif";66;63;6524;5703
"2010";"70";"Haute-Saône";"Résidence";0;0;39;0
"2010";"71";"Saône-et-Loire";"Tous Logements";2218;2101;276899;249685
"2010";"71";"Saône-et-Loire";"Individuel pur";1544;1333;198023;172001
"2010";"71";"Saône-et-Loire";"Individuel groupé";280;378;26036;32924
"2010";"71";"Saône-et-Loire";"Collectif";383;356;31145;26490
"2010";"71";"Saône-et-Loire";"Résidence";11;34;1245;2526
"2010";"72";"Sarthe";"Tous Logements";2859;2540;350756;297183
"2010";"72";"Sarthe";"Individuel pur";1710;1476;229145;197585
"2010";"72";"Sarthe";"Individuel groupé";432;256;40586;24350
"2010";"72";"Sarthe";"Collectif";690;549;50654;42892
"2010";"72";"Sarthe";"Résidence";27;259;835;11939
"2010";"73";"Savoie";"Tous Logements";3527;3930;358099;360897
"2010";"73";"Savoie";"Individuel pur";1276;1054;175290;141526
"2010";"73";"Savoie";"Individuel groupé";392;397;42266;36182
"2010";"73";"Savoie";"Collectif";1516;1791;106819;127789
"2010";"73";"Savoie";"Résidence";343;688;23431;48553
"2010";"74";"Haute-Savoie";"Tous Logements";8937;7178;841447;637597
"2010";"74";"Haute-Savoie";"Individuel pur";1976;1305;293963;191394
"2010";"74";"Haute-Savoie";"Individuel groupé";1112;749;117858;81043
"2010";"74";"Haute-Savoie";"Collectif";5746;4993;409090;350472
"2010";"74";"Haute-Savoie";"Résidence";103;131;5833;5827
"2010";"75";"Paris";"Tous Logements";2677;1895;140593;90923
"2010";"75";"Paris";"Individuel pur";54;47;5716;4778
"2010";"75";"Paris";"Individuel groupé";97;9;3371;1129
"2010";"75";"Paris";"Collectif";2120;1068;113836;55062
"2010";"75";"Paris";"Résidence";406;771;17580;29297
"2010";"76";"Seine-Maritime";"Tous Logements";8845;5834;831969;613970
"2010";"76";"Seine-Maritime";"Individuel pur";2780;2338;368952;311236
"2010";"76";"Seine-Maritime";"Individuel groupé";1206;1084;117409;101143
"2010";"76";"Seine-Maritime";"Collectif";3635;2093;258086;151216
"2010";"76";"Seine-Maritime";"Résidence";1224;319;48506;21582
"2010";"77";"Seine-et-Marne";"Tous Logements";8336;6910;729918;597322
"2010";"77";"Seine-et-Marne";"Individuel pur";1947;1496;251950;194805
"2010";"77";"Seine-et-Marne";"Individuel groupé";1151;1310;109349;128326
"2010";"77";"Seine-et-Marne";"Collectif";5197;3928;341091;245445
"2010";"77";"Seine-et-Marne";"Résidence";41;176;4168;8475
"2010";"78";"Yvelines";"Tous Logements";6198;3817;516366;330044
"2010";"78";"Yvelines";"Individuel pur";1048;729;155983;108049
"2010";"78";"Yvelines";"Individuel groupé";1229;634;106813;61217
"2010";"78";"Yvelines";"Collectif";3516;2095;225235;136067
"2010";"78";"Yvelines";"Résidence";405;359;13960;12025
"2010";"79";"Deux-Sèvres";"Tous Logements";2221;2308;252186;247867
"2010";"79";"Deux-Sèvres";"Individuel pur";1473;1286;185536;163463
"2010";"79";"Deux-Sèvres";"Individuel groupé";249;349;22506;33667
"2010";"79";"Deux-Sèvres";"Collectif";214;634;15449;38412
"2010";"79";"Deux-Sèvres";"Résidence";285;39;18603;3626
"2010";"80";"Somme";"Tous Logements";2997;2363;308761;261321
"2010";"80";"Somme";"Individuel pur";1251;1122;167810;154295
"2010";"80";"Somme";"Individuel groupé";516;438;49046;41454
"2010";"80";"Somme";"Collectif";1073;802;68542;55029
"2010";"80";"Somme";"Résidence";157;1;7839;201
"2010";"81";"Tarn";"Tous Logements";2280;1822;278784;219585
"2010";"81";"Tarn";"Individuel pur";1743;1474;214704;182530
"2010";"81";"Tarn";"Individuel groupé";281;171;27829;17360
"2010";"81";"Tarn";"Collectif";203;134;17139;10065
"2010";"81";"Tarn";"Résidence";53;43;5563;1979
"2010";"82";"Tarn-et-Garonne";"Tous Logements";1733;1495;202537;176990
"2010";"82";"Tarn-et-Garonne";"Individuel pur";1257;1107;158366;138394
"2010";"82";"Tarn-et-Garonne";"Individuel groupé";231;193;21107;19520
"2010";"82";"Tarn-et-Garonne";"Collectif";122;192;9662;14892
"2010";"82";"Tarn-et-Garonne";"Résidence";123;3;7376;511
"2010";"83";"Var";"Tous Logements";7667;6414;705380;572595
"2010";"83";"Var";"Individuel pur";2195;1608;292631;215761
"2010";"83";"Var";"Individuel groupé";1194;880;118265;83236
"2010";"83";"Var";"Collectif";3457;3437;237567;237178
"2010";"83";"Var";"Résidence";821;489;39637;21100
"2010";"84";"Vaucluse";"Tous Logements";3332;2550;321903;247332
"2010";"84";"Vaucluse";"Individuel pur";1231;978;154929;123161
"2010";"84";"Vaucluse";"Individuel groupé";769;525;70294;48215
"2010";"84";"Vaucluse";"Collectif";1065;850;70496;57942
"2010";"84";"Vaucluse";"Résidence";267;197;11381;6692
"2010";"85";"Vendée";"Tous Logements";5777;5710;666822;647118
"2010";"85";"Vendée";"Individuel pur";4302;4095;517713;491519
"2010";"85";"Vendée";"Individuel groupé";512;518;47357;48906
"2010";"85";"Vendée";"Collectif";492;806;30328;45963
"2010";"85";"Vendée";"Résidence";471;291;26493;16846
"2010";"86";"Vienne";"Tous Logements";2299;1904;262109;223681
"2010";"86";"Vienne";"Individuel pur";1419;1304;179831;163854
"2010";"86";"Vienne";"Individuel groupé";274;274;25308;24686
"2010";"86";"Vienne";"Collectif";480;292;30217;19952
"2010";"86";"Vienne";"Résidence";126;34;11640;2863
"2010";"87";"Haute-Vienne";"Tous Logements";1688;1511;214027;184509
"2010";"87";"Haute-Vienne";"Individuel pur";1303;1124;168056;144412
"2010";"87";"Haute-Vienne";"Individuel groupé";86;129;9613;14113
"2010";"87";"Haute-Vienne";"Collectif";299;147;25059;11501
"2010";"87";"Haute-Vienne";"Résidence";0;111;119;7698
"2010";"88";"Vosges";"Tous Logements";1742;1471;227518;188325
"2010";"88";"Vosges";"Individuel pur";1065;890;152022;128345
"2010";"88";"Vosges";"Individuel groupé";250;175;28859;19806
"2010";"88";"Vosges";"Collectif";422;401;34834;31248
"2010";"88";"Vosges";"Résidence";5;5;575;579
"2010";"89";"Yonne";"Tous Logements";1398;1187;157141;140686
"2010";"89";"Yonne";"Individuel pur";837;642;100253;80608
"2010";"89";"Yonne";"Individuel groupé";252;246;24187;26648
"2010";"89";"Yonne";"Collectif";268;295;20372;24744
"2010";"89";"Yonne";"Résidence";41;4;1761;244
"2010";"90";"Territoire de Belfort";"Tous Logements";673;504;78812;67842
"2010";"90";"Territoire de Belfort";"Individuel pur";279;242;41842;36211
"2010";"90";"Territoire de Belfort";"Individuel groupé";131;101;14122;11145
"2010";"90";"Territoire de Belfort";"Collectif";263;161;20799;15132
"2010";"90";"Territoire de Belfort";"Résidence";0;0;0;0
"2010";"91";"Essonne";"Tous Logements";9700;6568;760647;528724
"2010";"91";"Essonne";"Individuel pur";1286;794;167812;101327
"2010";"91";"Essonne";"Individuel groupé";1807;1412;148145;117859
"2010";"91";"Essonne";"Collectif";6349;4071;414896;281220
"2010";"91";"Essonne";"Résidence";258;291;14651;16025
"2010";"92";"Hauts-de-Seine";"Tous Logements";6346;7423;492491;539099
"2010";"92";"Hauts-de-Seine";"Individuel pur";222;132;34225;21656
"2010";"92";"Hauts-de-Seine";"Individuel groupé";733;341;57328;30810
"2010";"92";"Hauts-de-Seine";"Collectif";5140;6598;370441;457363
"2010";"92";"Hauts-de-Seine";"Résidence";251;352;17278;20242
"2010";"93";"Seine-Saint-Denis";"Tous Logements";10172;5384;658052;391592
"2010";"93";"Seine-Saint-Denis";"Individuel pur";443;205;57941;27058
"2010";"93";"Seine-Saint-Denis";"Individuel groupé";481;517;35658;42635
"2010";"93";"Seine-Saint-Denis";"Collectif";7979;4520;515684;308640
"2010";"93";"Seine-Saint-Denis";"Résidence";1269;142;40807;6859
"2010";"94";"Val-de-Marne";"Tous Logements";8031;5139;558206;370432
"2010";"94";"Val-de-Marne";"Individuel pur";317;205;45842;28189
"2010";"94";"Val-de-Marne";"Individuel groupé";678;503;52595;38461
"2010";"94";"Val-de-Marne";"Collectif";5636;3620;391108;260174
"2010";"94";"Val-de-Marne";"Résidence";1400;811;58364;35766
"2010";"95";"Val-d'Oise";"Tous Logements";7595;5020;566682;373426
"2010";"95";"Val-d'Oise";"Individuel pur";923;583;122537;77978
"2010";"95";"Val-d'Oise";"Individuel groupé";610;401;55279;36841
"2010";"95";"Val-d'Oise";"Collectif";5489;3548;352672;230547
"2010";"95";"Val-d'Oise";"Résidence";573;488;22728;20017
"2010";"971";"Guadeloupe";"Tous Logements";4283;1592;375997;143856
"2010";"971";"Guadeloupe";"Individuel pur";1928;801;203783;89138
"2010";"971";"Guadeloupe";"Individuel groupé";829;498;59500;33233
"2010";"971";"Guadeloupe";"Collectif";1497;152;105807;10614
"2010";"971";"Guadeloupe";"Résidence";29;141;1608;10307
"2010";"972";"Martinique";"Tous Logements";3876;1623;306568;139127
"2010";"972";"Martinique";"Individuel pur";1257;699;128220;73374
"2010";"972";"Martinique";"Individuel groupé";352;215;24527;17279
"2010";"972";"Martinique";"Collectif";2194;695;150060;47739
"2010";"972";"Martinique";"Résidence";73;14;3491;502
"2010";"973";"Guyane";"Tous Logements";3762;1842;305706;154724
"2010";"973";"Guyane";"Individuel pur";305;139;37341;16923
"2010";"973";"Guyane";"Individuel groupé";1451;731;135409;73512
"2010";"973";"Guyane";"Collectif";1821;916;122370;60331
"2010";"973";"Guyane";"Résidence";185;56;10500;3907
"2010";"974";"La Réunion";"Tous Logements";8540;7134;722829;596476
"2010";"974";"La Réunion";"Individuel pur";2719;2054;270356;207249
"2010";"974";"La Réunion";"Individuel groupé";980;863;81326;73522
"2010";"974";"La Réunion";"Collectif";4793;4200;366228;311004
"2010";"974";"La Réunion";"Résidence";48;17;2913;1250
"2009";"01";"Ain";"Tous Logements";3830;4353;441876;460283
"2009";"01";"Ain";"Individuel pur";1581;1461;206723;193225
"2009";"01";"Ain";"Individuel groupé";664;794;71091;79849
"2009";"01";"Ain";"Collectif";1520;2071;108672;164790
"2009";"01";"Ain";"Résidence";65;27;4669;1514
"2009";"02";"Aisne";"Tous Logements";1802;1536;231678;180517
"2009";"02";"Aisne";"Individuel pur";907;793;120536;105328
"2009";"02";"Aisne";"Individuel groupé";366;307;36273;30428
"2009";"02";"Aisne";"Collectif";529;428;45680;33624
"2009";"02";"Aisne";"Résidence";0;8;0;646
"2009";"03";"Allier";"Tous Logements";1225;1059;168356;140652
"2009";"03";"Allier";"Individuel pur";764;763;102916;104268
"2009";"03";"Allier";"Individuel groupé";166;138;17114;13977
"2009";"03";"Allier";"Collectif";248;104;18726;10778
"2009";"03";"Allier";"Résidence";47;54;4497;2065
"2009";"04";"Alpes-de-Haute-Provence";"Tous Logements";917;1002;104324;97112
"2009";"04";"Alpes-de-Haute-Provence";"Individuel pur";514;476;59827;56828
"2009";"04";"Alpes-de-Haute-Provence";"Individuel groupé";151;246;13599;17629
"2009";"04";"Alpes-de-Haute-Provence";"Collectif";236;254;18081;16933
"2009";"04";"Alpes-de-Haute-Provence";"Résidence";16;26;1422;1517
"2009";"05";"Hautes-Alpes";"Tous Logements";999;716;101851;80053
"2009";"05";"Hautes-Alpes";"Individuel pur";366;368;45580;45172
"2009";"05";"Hautes-Alpes";"Individuel groupé";94;162;9336;15494
"2009";"05";"Hautes-Alpes";"Collectif";402;131;25021;9429
"2009";"05";"Hautes-Alpes";"Résidence";137;55;8979;4387
"2009";"06";"Alpes-Maritimes";"Tous Logements";4942;3838;426736;318525
"2009";"06";"Alpes-Maritimes";"Individuel pur";750;545;114327;80262
"2009";"06";"Alpes-Maritimes";"Individuel groupé";482;440;51851;41888
"2009";"06";"Alpes-Maritimes";"Collectif";3325;2762;223860;180125
"2009";"06";"Alpes-Maritimes";"Résidence";385;91;17664;5753
"2009";"07";"Ardèche";"Tous Logements";1750;1622;228360;199147
"2009";"07";"Ardèche";"Individuel pur";1114;1081;142536;139912
"2009";"07";"Ardèche";"Individuel groupé";359;289;33245;27779
"2009";"07";"Ardèche";"Collectif";242;228;19124;17370
"2009";"07";"Ardèche";"Résidence";35;24;1791;845
"2009";"08";"Ardennes";"Tous Logements";957;858;132214;108635
"2009";"08";"Ardennes";"Individuel pur";496;443;70254;61259
"2009";"08";"Ardennes";"Individuel groupé";215;165;23334;17237
"2009";"08";"Ardennes";"Collectif";217;228;22095;22978
"2009";"08";"Ardennes";"Résidence";29;22;3488;1318
"2009";"09";"Ariège";"Tous Logements";820;800;102633;96027
"2009";"09";"Ariège";"Individuel pur";596;520;74524;65771
"2009";"09";"Ariège";"Individuel groupé";79;140;7765;14227
"2009";"09";"Ariège";"Collectif";132;124;7152;9326
"2009";"09";"Ariège";"Résidence";13;16;1274;1516
"2009";"10";"Aube";"Tous Logements";1925;1719;226024;183535
"2009";"10";"Aube";"Individuel pur";821;675;111028;91624
"2009";"10";"Aube";"Individuel groupé";270;206;26565;20884
"2009";"10";"Aube";"Collectif";741;751;58751;59437
"2009";"10";"Aube";"Résidence";93;87;5933;4944
"2009";"11";"Aude";"Tous Logements";3070;2643;335712;293808
"2009";"11";"Aude";"Individuel pur";1510;1488;189042;188044
"2009";"11";"Aude";"Individuel groupé";565;513;54602;50131
"2009";"11";"Aude";"Collectif";870;579;59898;38863
"2009";"11";"Aude";"Résidence";125;63;7561;5732
"2009";"12";"Aveyron";"Tous Logements";1305;1175;172728;148756
"2009";"12";"Aveyron";"Individuel pur";898;808;118177;107985
"2009";"12";"Aveyron";"Individuel groupé";211;199;19335;19109
"2009";"12";"Aveyron";"Collectif";148;106;11583;8442
"2009";"12";"Aveyron";"Résidence";48;62;2406;3534
"2009";"13";"Bouches-du-Rhône";"Tous Logements";9819;8573;828063;699853
"2009";"13";"Bouches-du-Rhône";"Individuel pur";1622;1267;212628;167790
"2009";"13";"Bouches-du-Rhône";"Individuel groupé";1150;1129;104208;101780
"2009";"13";"Bouches-du-Rhône";"Collectif";6022;5611;417122;384340
"2009";"13";"Bouches-du-Rhône";"Résidence";1025;566;46193;29389
"2009";"14";"Calvados";"Tous Logements";4576;3974;508429;443745
"2009";"14";"Calvados";"Individuel pur";1540;1482;202851;197733
"2009";"14";"Calvados";"Individuel groupé";952;693;82183;69266
"2009";"14";"Calvados";"Collectif";1390;1755;112199;135672
"2009";"14";"Calvados";"Résidence";694;44;46251;3200
"2009";"15";"Cantal";"Tous Logements";751;640;102923;85270
"2009";"15";"Cantal";"Individuel pur";552;492;72178;64426
"2009";"15";"Cantal";"Individuel groupé";75;91;8793;10958
"2009";"15";"Cantal";"Collectif";116;43;10073;4638
"2009";"15";"Cantal";"Résidence";8;14;890;1181
"2009";"16";"Charente";"Tous Logements";1684;1825;234951;219604
"2009";"16";"Charente";"Individuel pur";1219;1185;151791;150105
"2009";"16";"Charente";"Individuel groupé";348;427;31940;41965
"2009";"16";"Charente";"Collectif";103;179;6851;12248
"2009";"16";"Charente";"Résidence";14;34;356;2884
"2009";"17";"Charente-Maritime";"Tous Logements";4177;4043;531889;465289
"2009";"17";"Charente-Maritime";"Individuel pur";2730;2491;338382;311786
"2009";"17";"Charente-Maritime";"Individuel groupé";578;639;55327;60169
"2009";"17";"Charente-Maritime";"Collectif";837;714;61358;49078
"2009";"17";"Charente-Maritime";"Résidence";32;199;2559;11392
"2009";"18";"Cher";"Tous Logements";1590;1598;202361;192419
"2009";"18";"Cher";"Individuel pur";842;831;108131;109114
"2009";"18";"Cher";"Individuel groupé";453;357;42355;35527
"2009";"18";"Cher";"Collectif";289;400;20970;30329
"2009";"18";"Cher";"Résidence";6;10;553;809
"2009";"19";"Corrèze";"Tous Logements";1245;1108;159197;138554
"2009";"19";"Corrèze";"Individuel pur";791;688;101969;93410
"2009";"19";"Corrèze";"Individuel groupé";260;183;22271;17791
"2009";"19";"Corrèze";"Collectif";122;163;10427;13736
"2009";"19";"Corrèze";"Résidence";72;74;4641;4971
"2009";"21";"Côte-d'Or";"Tous Logements";2043;1872;239618;218946
"2009";"21";"Côte-d'Or";"Individuel pur";851;807;116416;113587
"2009";"21";"Côte-d'Or";"Individuel groupé";325;228;29678;25823
"2009";"21";"Côte-d'Or";"Collectif";852;774;55235;58656
"2009";"21";"Côte-d'Or";"Résidence";15;63;913;4575
"2009";"22";"Côtes-d'Armor";"Tous Logements";3815;3210;508833;421729
"2009";"22";"Côtes-d'Armor";"Individuel pur";2195;2190;288195;293374
"2009";"22";"Côtes-d'Armor";"Individuel groupé";700;569;67025;51422
"2009";"22";"Côtes-d'Armor";"Collectif";531;432;41913;32456
"2009";"22";"Côtes-d'Armor";"Résidence";389;19;18626;1870
"2009";"23";"Creuse";"Tous Logements";436;415;68567;59457
"2009";"23";"Creuse";"Individuel pur";369;317;47571;43956
"2009";"23";"Creuse";"Individuel groupé";49;81;5459;8674
"2009";"23";"Creuse";"Collectif";18;17;917;918
"2009";"23";"Creuse";"Résidence";0;0;71;19
"2009";"24";"Dordogne";"Tous Logements";2553;2142;332144;273195
"2009";"24";"Dordogne";"Individuel pur";1701;1569;219110;205063
"2009";"24";"Dordogne";"Individuel groupé";323;295;31596;29742
"2009";"24";"Dordogne";"Collectif";413;259;28270;19382
"2009";"24";"Dordogne";"Résidence";116;19;4540;1318
"2009";"25";"Doubs";"Tous Logements";3116;2706;353602;307522
"2009";"25";"Doubs";"Individuel pur";1146;1118;161702;156941
"2009";"25";"Doubs";"Individuel groupé";473;365;45098;36655
"2009";"25";"Doubs";"Collectif";1363;1130;102593;90031
"2009";"25";"Doubs";"Résidence";134;93;10006;8785
"2009";"26";"Drôme";"Tous Logements";3256;3083;374634;332027
"2009";"26";"Drôme";"Individuel pur";1500;1383;185845;175286
"2009";"26";"Drôme";"Individuel groupé";598;458;60500;45722
"2009";"26";"Drôme";"Collectif";937;1158;72950;83714
"2009";"26";"Drôme";"Résidence";221;84;11446;5277
"2009";"27";"Eure";"Tous Logements";3372;2585;413894;308999
"2009";"27";"Eure";"Individuel pur";1856;1632;228954;204668
"2009";"27";"Eure";"Individuel groupé";513;489;51267;45855
"2009";"27";"Eure";"Collectif";993;457;74977;34514
"2009";"27";"Eure";"Résidence";10;7;1290;590
"2009";"28";"Eure-et-Loir";"Tous Logements";2206;1396;243230;168119
"2009";"28";"Eure-et-Loir";"Individuel pur";910;769;110959;95934
"2009";"28";"Eure-et-Loir";"Individuel groupé";426;300;42224;29947
"2009";"28";"Eure-et-Loir";"Collectif";764;303;50145;25337
"2009";"28";"Eure-et-Loir";"Résidence";106;24;3819;986
"2009";"29";"Finistère";"Tous Logements";5240;5245;670147;616449
"2009";"29";"Finistère";"Individuel pur";3172;3059;410774;399237
"2009";"29";"Finistère";"Individuel groupé";617;695;57980;65358
"2009";"29";"Finistère";"Collectif";1302;1406;94028;98622
"2009";"29";"Finistère";"Résidence";149;85;6679;6203
"2009";"2A";"Corse-du-Sud";"Tous Logements";1835;1661;193654;160139
"2009";"2A";"Corse-du-Sud";"Individuel pur";690;560;92797;75623
"2009";"2A";"Corse-du-Sud";"Individuel groupé";288;177;26239;16140
"2009";"2A";"Corse-du-Sud";"Collectif";694;883;53500;63149
"2009";"2A";"Corse-du-Sud";"Résidence";163;41;12725;1759
"2009";"2B";"Haute-Corse";"Tous Logements";2578;1723;236544;158522
"2009";"2B";"Haute-Corse";"Individuel pur";561;431;73285;56087
"2009";"2B";"Haute-Corse";"Individuel groupé";391;168;34422;14125
"2009";"2B";"Haute-Corse";"Collectif";1495;1097;109918;80582
"2009";"2B";"Haute-Corse";"Résidence";131;27;8752;2058
"2009";"30";"Gard";"Tous Logements";4529;5118;510581;519073
"2009";"30";"Gard";"Individuel pur";2165;2093;276205;268056
"2009";"30";"Gard";"Individuel groupé";814;1130;77470;104424
"2009";"30";"Gard";"Collectif";1309;1661;100181;119455
"2009";"30";"Gard";"Résidence";241;234;9937;8774
"2009";"31";"Haute-Garonne";"Tous Logements";9335;8947;855823;808667
"2009";"31";"Haute-Garonne";"Individuel pur";2441;2184;324284;293858
"2009";"31";"Haute-Garonne";"Individuel groupé";1578;1235;141625;113312
"2009";"31";"Haute-Garonne";"Collectif";4329;4937;282291;350346
"2009";"31";"Haute-Garonne";"Résidence";987;591;46476;28735
"2009";"32";"Gers";"Tous Logements";976;1102;133026;141124
"2009";"32";"Gers";"Individuel pur";741;790;96988;106879
"2009";"32";"Gers";"Individuel groupé";94;228;10002;21273
"2009";"32";"Gers";"Collectif";118;68;9112;5158
"2009";"32";"Gers";"Résidence";23;16;1020;1109
"2009";"33";"Gironde";"Tous Logements";12884;11635;1268241;1117207
"2009";"33";"Gironde";"Individuel pur";3844;3463;474850;434576
"2009";"33";"Gironde";"Individuel groupé";2495;2102;223689;193491
"2009";"33";"Gironde";"Collectif";6088;5977;420228;412853
"2009";"33";"Gironde";"Résidence";457;93;26613;8119
"2009";"34";"Hérault";"Tous Logements";8135;9980;779143;901414
"2009";"34";"Hérault";"Individuel pur";2571;2377;335377;315307
"2009";"34";"Hérault";"Individuel groupé";1228;1923;115558;194394
"2009";"34";"Hérault";"Collectif";4002;5135;261098;349225
"2009";"34";"Hérault";"Résidence";334;545;17219;21681
"2009";"35";"Ille-et-Vilaine";"Tous Logements";6418;7675;759534;796589
"2009";"35";"Ille-et-Vilaine";"Individuel pur";2855;2580;403465;370077
"2009";"35";"Ille-et-Vilaine";"Individuel groupé";756;719;75535;74364
"2009";"35";"Ille-et-Vilaine";"Collectif";2386;3964;165072;280323
"2009";"35";"Ille-et-Vilaine";"Résidence";421;412;19252;22938
"2009";"36";"Indre";"Tous Logements";860;792;114747;105876
"2009";"36";"Indre";"Individuel pur";546;536;68481;68937
"2009";"36";"Indre";"Individuel groupé";177;198;17024;20075
"2009";"36";"Indre";"Collectif";135;56;9196;3990
"2009";"36";"Indre";"Résidence";2;2;179;179
"2009";"37";"Indre-et-Loire";"Tous Logements";3186;3174;367712;334156
"2009";"37";"Indre-et-Loire";"Individuel pur";1286;1141;168161;150372
"2009";"37";"Indre-et-Loire";"Individuel groupé";395;369;38369;35061
"2009";"37";"Indre-et-Loire";"Collectif";1088;1664;84158;116647
"2009";"37";"Indre-et-Loire";"Résidence";417;0;26479;311
"2009";"38";"Isère";"Tous Logements";7217;6161;709993;605155
"2009";"38";"Isère";"Individuel pur";2072;1874;269684;248666
"2009";"38";"Isère";"Individuel groupé";745;779;74496;79023
"2009";"38";"Isère";"Collectif";3812;3335;274178;242407
"2009";"38";"Isère";"Résidence";588;173;34848;10009
"2009";"39";"Jura";"Tous Logements";1182;1056;156726;129879
"2009";"39";"Jura";"Individuel pur";653;605;86344;80921
"2009";"39";"Jura";"Individuel groupé";199;125;20332;12443
"2009";"39";"Jura";"Collectif";220;229;18559;18768
"2009";"39";"Jura";"Résidence";110;97;7106;7936
"2009";"40";"Landes";"Tous Logements";2793;2623;344571;305295
"2009";"40";"Landes";"Individuel pur";1645;1584;216929;207299
"2009";"40";"Landes";"Individuel groupé";489;432;41622;36285
"2009";"40";"Landes";"Collectif";567;586;42400;41035
"2009";"40";"Landes";"Résidence";92;21;5540;1209
"2009";"41";"Loir-et-Cher";"Tous Logements";1558;1578;214416;205631
"2009";"41";"Loir-et-Cher";"Individuel pur";872;888;114965;119436
"2009";"41";"Loir-et-Cher";"Individuel groupé";384;370;36941;33345
"2009";"41";"Loir-et-Cher";"Collectif";227;190;14550;15014
"2009";"41";"Loir-et-Cher";"Résidence";75;130;5756;7935
"2009";"42";"Loire";"Tous Logements";2705;2982;347678;348516
"2009";"42";"Loire";"Individuel pur";1341;1358;174033;180479
"2009";"42";"Loire";"Individuel groupé";380;332;42654;36818
"2009";"42";"Loire";"Collectif";974;1274;89381;111568
"2009";"42";"Loire";"Résidence";10;18;1338;1101
"2009";"43";"Haute-Loire";"Tous Logements";1114;1004;156280;136898
"2009";"43";"Haute-Loire";"Individuel pur";764;775;103119;106387
"2009";"43";"Haute-Loire";"Individuel groupé";111;82;12082;8487
"2009";"43";"Haute-Loire";"Collectif";193;131;15094;10651
"2009";"43";"Haute-Loire";"Résidence";46;16;5387;1214
"2009";"44";"Loire-Atlantique";"Tous Logements";10046;10605;1014882;1014745
"2009";"44";"Loire-Atlantique";"Individuel pur";3553;3355;437799;419428
"2009";"44";"Loire-Atlantique";"Individuel groupé";1266;1207;116476;112417
"2009";"44";"Loire-Atlantique";"Collectif";4389;5288;290343;361945
"2009";"44";"Loire-Atlantique";"Résidence";838;755;28847;37835
"2009";"45";"Loiret";"Tous Logements";3039;3404;445014;379026
"2009";"45";"Loiret";"Individuel pur";1452;1396;187318;182433
"2009";"45";"Loiret";"Individuel groupé";872;645;83658;60904
"2009";"45";"Loiret";"Collectif";712;1031;53195;75514
"2009";"45";"Loiret";"Résidence";3;332;616;12958
"2009";"46";"Lot";"Tous Logements";1133;964;151205;128811
"2009";"46";"Lot";"Individuel pur";846;841;107447;108304
"2009";"46";"Lot";"Individuel groupé";153;77;14908;8416
"2009";"46";"Lot";"Collectif";66;43;5106;2358
"2009";"46";"Lot";"Résidence";68;3;3972;601
"2009";"47";"Lot-et-Garonne";"Tous Logements";1544;1401;193132;165843
"2009";"47";"Lot-et-Garonne";"Individuel pur";984;937;129599;124511
"2009";"47";"Lot-et-Garonne";"Individuel groupé";305;183;26907;16625
"2009";"47";"Lot-et-Garonne";"Collectif";163;88;8318;2882
"2009";"47";"Lot-et-Garonne";"Résidence";92;193;6378;9539
"2009";"48";"Lozère";"Tous Logements";433;435;64351;60903
"2009";"48";"Lozère";"Individuel pur";342;353;47388;49984
"2009";"48";"Lozère";"Individuel groupé";49;50;4484;3817
"2009";"48";"Lozère";"Collectif";27;18;1895;1955
"2009";"48";"Lozère";"Résidence";15;14;1405;1347
"2009";"49";"Maine-et-Loire";"Tous Logements";4030;3968;517964;469309
"2009";"49";"Maine-et-Loire";"Individuel pur";2129;1987;273807;257950
"2009";"49";"Maine-et-Loire";"Individuel groupé";503;500;46044;48064
"2009";"49";"Maine-et-Loire";"Collectif";1184;1418;80896;115677
"2009";"49";"Maine-et-Loire";"Résidence";214;63;12139;2328
"2009";"50";"Manche";"Tous Logements";2536;2439;361998;330505
"2009";"50";"Manche";"Individuel pur";1734;1694;227404;225585
"2009";"50";"Manche";"Individuel groupé";311;324;31821;34125
"2009";"50";"Manche";"Collectif";477;403;43286;35174
"2009";"50";"Manche";"Résidence";14;18;2201;2029
"2009";"51";"Marne";"Tous Logements";2678;2880;316334;311836
"2009";"51";"Marne";"Individuel pur";863;809;122086;117824
"2009";"51";"Marne";"Individuel groupé";503;308;53088;35584
"2009";"51";"Marne";"Collectif";1157;1700;97068;141118
"2009";"51";"Marne";"Résidence";155;63;10206;5104
"2009";"52";"Haute-Marne";"Tous Logements";599;734;84629;90995
"2009";"52";"Haute-Marne";"Individuel pur";300;287;40359;38392
"2009";"52";"Haute-Marne";"Individuel groupé";122;161;13808;20705
"2009";"52";"Haute-Marne";"Collectif";148;286;13290;26789
"2009";"52";"Haute-Marne";"Résidence";29;0;2418;0
"2009";"53";"Mayenne";"Tous Logements";1082;1191;168339;160883
"2009";"53";"Mayenne";"Individuel pur";804;776;106957;105565
"2009";"53";"Mayenne";"Individuel groupé";160;158;16328;17094
"2009";"53";"Mayenne";"Collectif";79;244;6402;20247
"2009";"53";"Mayenne";"Résidence";39;13;3479;2493
"2009";"54";"Meurthe-et-Moselle";"Tous Logements";2578;2253;306982;261519
"2009";"54";"Meurthe-et-Moselle";"Individuel pur";886;771;133164;119737
"2009";"54";"Meurthe-et-Moselle";"Individuel groupé";410;396;44470;43656
"2009";"54";"Meurthe-et-Moselle";"Collectif";1263;1067;102000;88160
"2009";"54";"Meurthe-et-Moselle";"Résidence";19;19;821;1378
"2009";"55";"Meuse";"Tous Logements";598;592;90169;81098
"2009";"55";"Meuse";"Individuel pur";361;377;52410;54785
"2009";"55";"Meuse";"Individuel groupé";86;101;9303;11461
"2009";"55";"Meuse";"Collectif";124;101;12612;8636
"2009";"55";"Meuse";"Résidence";27;13;2320;851
"2009";"56";"Morbihan";"Tous Logements";4834;5401;620482;622554
"2009";"56";"Morbihan";"Individuel pur";2734;2693;365102;365006
"2009";"56";"Morbihan";"Individuel groupé";613;577;56691;54811
"2009";"56";"Morbihan";"Collectif";1386;1618;92992;117574
"2009";"56";"Morbihan";"Résidence";101;513;6848;41254
"2009";"57";"Moselle";"Tous Logements";4352;3843;529228;433882
"2009";"57";"Moselle";"Individuel pur";1537;1246;244719;200955
"2009";"57";"Moselle";"Individuel groupé";480;490;54530;55450
"2009";"57";"Moselle";"Collectif";2144;1811;175539;149166
"2009";"57";"Moselle";"Résidence";191;296;15886;15906
"2009";"58";"Nièvre";"Tous Logements";608;523;97264;69948
"2009";"58";"Nièvre";"Individuel pur";372;333;48084;43101
"2009";"58";"Nièvre";"Individuel groupé";171;172;21094;20692
"2009";"58";"Nièvre";"Collectif";65;18;4881;1745
"2009";"58";"Nièvre";"Résidence";0;0;18;0
"2009";"59";"Nord";"Tous Logements";10897;9102;1175764;936373
"2009";"59";"Nord";"Individuel pur";2218;1976;315052;280438
"2009";"59";"Nord";"Individuel groupé";2807;2138;271500;203631
"2009";"59";"Nord";"Collectif";5164;3645;397909;286629
"2009";"59";"Nord";"Résidence";708;1343;47772;86603
"2009";"60";"Oise";"Tous Logements";3107;3368;359944;344218
"2009";"60";"Oise";"Individuel pur";1443;1150;183546;146492
"2009";"60";"Oise";"Individuel groupé";846;838;76062;86526
"2009";"60";"Oise";"Collectif";728;1245;54387;91948
"2009";"60";"Oise";"Résidence";90;135;5627;6938
"2009";"61";"Orne";"Tous Logements";979;989;147510;130409
"2009";"61";"Orne";"Individuel pur";750;712;96770;91379
"2009";"61";"Orne";"Individuel groupé";121;153;10652;13066
"2009";"61";"Orne";"Collectif";67;113;4106;8982
"2009";"61";"Orne";"Résidence";41;11;4567;517
"2009";"62";"Pas-de-Calais";"Tous Logements";6383;5250;756819;611938
"2009";"62";"Pas-de-Calais";"Individuel pur";2266;2089;310786;289778
"2009";"62";"Pas-de-Calais";"Individuel groupé";1738;1584;171519;159799
"2009";"62";"Pas-de-Calais";"Collectif";1865;1405;153809;113927
"2009";"62";"Pas-de-Calais";"Résidence";514;172;30779;10211
"2009";"63";"Puy-de-Dôme";"Tous Logements";3129;3020;354828;344376
"2009";"63";"Puy-de-Dôme";"Individuel pur";1657;1545;210158;198835
"2009";"63";"Puy-de-Dôme";"Individuel groupé";326;509;31992;53096
"2009";"63";"Puy-de-Dôme";"Collectif";692;835;50419;63328
"2009";"63";"Puy-de-Dôme";"Résidence";454;131;23862;8249
"2009";"64";"Pyrénées-Atlantiques";"Tous Logements";4414;4432;501032;475527
"2009";"64";"Pyrénées-Atlantiques";"Individuel pur";1775;1656;251139;238624
"2009";"64";"Pyrénées-Atlantiques";"Individuel groupé";738;571;72873;54688
"2009";"64";"Pyrénées-Atlantiques";"Collectif";1701;2114;120221;152671
"2009";"64";"Pyrénées-Atlantiques";"Résidence";200;91;12202;9726
"2009";"65";"Hautes-Pyrénées";"Tous Logements";1544;1322;184949;156550
"2009";"65";"Hautes-Pyrénées";"Individuel pur";895;797;116338;105610
"2009";"65";"Hautes-Pyrénées";"Individuel groupé";311;207;28865;19289
"2009";"65";"Hautes-Pyrénées";"Collectif";223;229;16001;21578
"2009";"65";"Hautes-Pyrénées";"Résidence";115;89;7607;5045
"2009";"66";"Pyrénées-Orientales";"Tous Logements";4124;4015;411379;387745
"2009";"66";"Pyrénées-Orientales";"Individuel pur";1448;1276;190325;171895
"2009";"66";"Pyrénées-Orientales";"Individuel groupé";627;648;57568;66087
"2009";"66";"Pyrénées-Orientales";"Collectif";1568;1914;114991;133189
"2009";"66";"Pyrénées-Orientales";"Résidence";481;177;27163;9505
"2009";"67";"Bas-Rhin";"Tous Logements";6212;5576;702097;624175
"2009";"67";"Bas-Rhin";"Individuel pur";1594;1479;266266;255500
"2009";"67";"Bas-Rhin";"Individuel groupé";465;446;54073;54410
"2009";"67";"Bas-Rhin";"Collectif";3984;3439;308595;281937
"2009";"67";"Bas-Rhin";"Résidence";169;212;10146;13040
"2009";"68";"Haut-Rhin";"Tous Logements";3914;3288;443942;377207
"2009";"68";"Haut-Rhin";"Individuel pur";1094;1012;174675;164677
"2009";"68";"Haut-Rhin";"Individuel groupé";404;496;47382;55559
"2009";"68";"Haut-Rhin";"Collectif";2098;1564;173997;129127
"2009";"68";"Haut-Rhin";"Résidence";318;216;18627;8190
"2009";"69";"Rhône";"Tous Logements";9857;12140;871105;983735
"2009";"69";"Rhône";"Individuel pur";1524;1445;212018;205003
"2009";"69";"Rhône";"Individuel groupé";984;905;105415;101561
"2009";"69";"Rhône";"Collectif";6640;8874;469696;612822
"2009";"69";"Rhône";"Résidence";709;916;27139;28751
"2009";"70";"Haute-Saône";"Tous Logements";767;749;115798;103716
"2009";"70";"Haute-Saône";"Individuel pur";555;544;75271;74756
"2009";"70";"Haute-Saône";"Individuel groupé";155;140;14710;14018
"2009";"70";"Haute-Saône";"Collectif";56;59;4512;5020
"2009";"70";"Haute-Saône";"Résidence";1;6;34;725
"2009";"71";"Saône-et-Loire";"Tous Logements";2542;1989;294901;246070
"2009";"71";"Saône-et-Loire";"Individuel pur";1239;1268;160602;164536
"2009";"71";"Saône-et-Loire";"Individuel groupé";471;354;40235;30380
"2009";"71";"Saône-et-Loire";"Collectif";334;319;26653;26800
"2009";"71";"Saône-et-Loire";"Résidence";498;48;23950;3358
"2009";"72";"Sarthe";"Tous Logements";1725;1712;278674;224934
"2009";"72";"Sarthe";"Individuel pur";1257;1137;168664;154240
"2009";"72";"Sarthe";"Individuel groupé";217;125;20674;12213
"2009";"72";"Sarthe";"Collectif";244;272;20874;21983
"2009";"72";"Sarthe";"Résidence";7;178;695;10584
"2009";"73";"Savoie";"Tous Logements";3473;3375;363082;338027
"2009";"73";"Savoie";"Individuel pur";1071;1048;143167;141638
"2009";"73";"Savoie";"Individuel groupé";413;354;44231;37739
"2009";"73";"Savoie";"Collectif";1282;1816;99288;138099
"2009";"73";"Savoie";"Résidence";707;157;47731;9946
"2009";"74";"Haute-Savoie";"Tous Logements";6727;5218;650523;506652
"2009";"74";"Haute-Savoie";"Individuel pur";1315;1156;195065;172308
"2009";"74";"Haute-Savoie";"Individuel groupé";796;734;84983;76823
"2009";"74";"Haute-Savoie";"Collectif";4304;3215;316910;235460
"2009";"74";"Haute-Savoie";"Résidence";312;113;14818;5201
"2009";"75";"Paris";"Tous Logements";3662;3712;189670;221628
"2009";"75";"Paris";"Individuel pur";56;42;9657;5179
"2009";"75";"Paris";"Individuel groupé";13;12;1965;1355
"2009";"75";"Paris";"Collectif";2202;2787;136715;191251
"2009";"75";"Paris";"Résidence";1391;871;39043;18194
"2009";"76";"Seine-Maritime";"Tous Logements";5671;4844;660459;518227
"2009";"76";"Seine-Maritime";"Individuel pur";2194;1893;296645;259486
"2009";"76";"Seine-Maritime";"Individuel groupé";950;578;90061;59337
"2009";"76";"Seine-Maritime";"Collectif";2179;2207;166060;154694
"2009";"76";"Seine-Maritime";"Résidence";348;166;17528;6364
"2009";"77";"Seine-et-Marne";"Tous Logements";6397;6385;590370;545016
"2009";"77";"Seine-et-Marne";"Individuel pur";1441;1099;188832;145698
"2009";"77";"Seine-et-Marne";"Individuel groupé";1081;700;107995;74536
"2009";"77";"Seine-et-Marne";"Collectif";3340;3619;209108;249191
"2009";"77";"Seine-et-Marne";"Résidence";535;967;22408;41305
"2009";"78";"Yvelines";"Tous Logements";3161;3714;333898;309289
"2009";"78";"Yvelines";"Individuel pur";674;550;97790;82702
"2009";"78";"Yvelines";"Individuel groupé";693;259;68847;25057
"2009";"78";"Yvelines";"Collectif";1631;2119;112980;154453
"2009";"78";"Yvelines";"Résidence";163;786;9991;27917
"2009";"79";"Deux-Sèvres";"Tous Logements";1981;1674;238562;202014
"2009";"79";"Deux-Sèvres";"Individuel pur";1129;1104;144993;142860
"2009";"79";"Deux-Sèvres";"Individuel groupé";327;310;30700;28460
"2009";"79";"Deux-Sèvres";"Collectif";500;235;32115;15638
"2009";"79";"Deux-Sèvres";"Résidence";25;25;1916;1916
"2009";"80";"Somme";"Tous Logements";2405;2210;293046;254904
"2009";"80";"Somme";"Individuel pur";1135;1119;154395;151299
"2009";"80";"Somme";"Individuel groupé";438;262;40442;25715
"2009";"80";"Somme";"Collectif";786;736;56040;56539
"2009";"80";"Somme";"Résidence";46;93;5008;6100
"2009";"81";"Tarn";"Tous Logements";1648;1858;216477;219333
"2009";"81";"Tarn";"Individuel pur";1205;1184;151222;148963
"2009";"81";"Tarn";"Individuel groupé";179;213;19369;22278
"2009";"81";"Tarn";"Collectif";202;428;15900;31860
"2009";"81";"Tarn";"Résidence";62;33;4680;3499
"2009";"82";"Tarn-et-Garonne";"Tous Logements";1465;1346;172877;152807
"2009";"82";"Tarn-et-Garonne";"Individuel pur";925;792;113191;99120
"2009";"82";"Tarn-et-Garonne";"Individuel groupé";291;273;28395;26349
"2009";"82";"Tarn-et-Garonne";"Collectif";228;97;17812;8122
"2009";"82";"Tarn-et-Garonne";"Résidence";21;184;1930;14675
"2009";"83";"Var";"Tous Logements";7015;5682;689020;528160
"2009";"83";"Var";"Individuel pur";1833;1473;250213;193816
"2009";"83";"Var";"Individuel groupé";1108;832;101882;74541
"2009";"83";"Var";"Collectif";3340;3124;243486;225518
"2009";"83";"Var";"Résidence";734;253;37369;12777
"2009";"84";"Vaucluse";"Tous Logements";2783;1922;300206;207951
"2009";"84";"Vaucluse";"Individuel pur";1048;889;130571;110783
"2009";"84";"Vaucluse";"Individuel groupé";485;425;44502;41217
"2009";"84";"Vaucluse";"Collectif";974;558;74041;35169
"2009";"84";"Vaucluse";"Résidence";276;50;13745;4303
"2009";"85";"Vendée";"Tous Logements";4957;5012;654764;612347
"2009";"85";"Vendée";"Individuel pur";3778;3700;458469;452716
"2009";"85";"Vendée";"Individuel groupé";573;649;51975;57920
"2009";"85";"Vendée";"Collectif";542;632;39279;44200
"2009";"85";"Vendée";"Résidence";64;31;4441;943
"2009";"86";"Vienne";"Tous Logements";1662;1821;215020;211504
"2009";"86";"Vienne";"Individuel pur";1054;1034;134079;133878
"2009";"86";"Vienne";"Individuel groupé";329;290;29884;27907
"2009";"86";"Vienne";"Collectif";170;395;12455;29416
"2009";"86";"Vienne";"Résidence";109;102;4217;3626
"2009";"87";"Haute-Vienne";"Tous Logements";1303;1252;181241;148655
"2009";"87";"Haute-Vienne";"Individuel pur";995;883;128205;114280
"2009";"87";"Haute-Vienne";"Individuel groupé";162;114;17616;11297
"2009";"87";"Haute-Vienne";"Collectif";146;183;14155;13812
"2009";"87";"Haute-Vienne";"Résidence";0;72;106;2010
"2009";"88";"Vosges";"Tous Logements";1606;1507;214692;191659
"2009";"88";"Vosges";"Individuel pur";857;821;122966;119449
"2009";"88";"Vosges";"Individuel groupé";160;166;16797;17396
"2009";"88";"Vosges";"Collectif";336;363;29465;33810
"2009";"88";"Vosges";"Résidence";253;157;14832;8732
"2009";"89";"Yonne";"Tous Logements";1324;1337;170959;156164
"2009";"89";"Yonne";"Individuel pur";791;772;96882;99343
"2009";"89";"Yonne";"Individuel groupé";271;153;27890;15848
"2009";"89";"Yonne";"Collectif";253;319;19378;27171
"2009";"89";"Yonne";"Résidence";9;93;711;4601
"2009";"90";"Territoire de Belfort";"Tous Logements";453;445;63451;53104
"2009";"90";"Territoire de Belfort";"Individuel pur";212;192;30589;28237
"2009";"90";"Territoire de Belfort";"Individuel groupé";96;75;9075;7341
"2009";"90";"Territoire de Belfort";"Collectif";142;175;13084;14407
"2009";"90";"Territoire de Belfort";"Résidence";3;3;320;320
"2009";"91";"Essonne";"Tous Logements";7192;5023;616932;416232
"2009";"91";"Essonne";"Individuel pur";874;706;115019;96199
"2009";"91";"Essonne";"Individuel groupé";1033;785;88307;63143
"2009";"91";"Essonne";"Collectif";4368;3482;306786;234939
"2009";"91";"Essonne";"Résidence";917;50;53954;2562
"2009";"92";"Hauts-de-Seine";"Tous Logements";6242;4555;460340;370238
"2009";"92";"Hauts-de-Seine";"Individuel pur";197;167;27080;25052
"2009";"92";"Hauts-de-Seine";"Individuel groupé";346;254;29803;25236
"2009";"92";"Hauts-de-Seine";"Collectif";5059;4050;339978;297180
"2009";"92";"Hauts-de-Seine";"Résidence";640;84;31671;6661
"2009";"93";"Seine-Saint-Denis";"Tous Logements";6097;5628;436553;417916
"2009";"93";"Seine-Saint-Denis";"Individuel pur";339;212;42179;27767
"2009";"93";"Seine-Saint-Denis";"Individuel groupé";332;270;30342;25954
"2009";"93";"Seine-Saint-Denis";"Collectif";4333;4034;298736;305751
"2009";"93";"Seine-Saint-Denis";"Résidence";1093;1112;41725;46113
"2009";"94";"Val-de-Marne";"Tous Logements";5066;3802;413430;291000
"2009";"94";"Val-de-Marne";"Individuel pur";267;181;40622;27817
"2009";"94";"Val-de-Marne";"Individuel groupé";557;308;50727;26502
"2009";"94";"Val-de-Marne";"Collectif";3625;3058;262051;217885
"2009";"94";"Val-de-Marne";"Résidence";617;255;38082;9726
"2009";"95";"Val-d'Oise";"Tous Logements";4521;3725;386434;303271
"2009";"95";"Val-d'Oise";"Individuel pur";719;514;98439;73387
"2009";"95";"Val-d'Oise";"Individuel groupé";535;296;47855;26074
"2009";"95";"Val-d'Oise";"Collectif";2939;2697;194448;176213
"2009";"95";"Val-d'Oise";"Résidence";328;218;10678;10465
"2009";"971";"Guadeloupe";"Tous Logements";3219;1638;289378;138992
"2009";"971";"Guadeloupe";"Individuel pur";1514;725;165631;81828
"2009";"971";"Guadeloupe";"Individuel groupé";853;278;59077;20448
"2009";"971";"Guadeloupe";"Collectif";746;613;54356;34213
"2009";"971";"Guadeloupe";"Résidence";106;22;2989;1412
"2009";"972";"Martinique";"Tous Logements";2988;1402;253279;119479
"2009";"972";"Martinique";"Individuel pur";1143;620;118011;64979
"2009";"972";"Martinique";"Individuel groupé";716;171;59088;10685
"2009";"972";"Martinique";"Collectif";985;467;64811;31651
"2009";"972";"Martinique";"Résidence";144;144;10213;10295
"2009";"973";"Guyane";"Tous Logements";1978;807;168752;64405
"2009";"973";"Guyane";"Individuel pur";166;102;20049;12509
"2009";"973";"Guyane";"Individuel groupé";590;210;56889;19349
"2009";"973";"Guyane";"Collectif";1092;386;81782;23961
"2009";"973";"Guyane";"Résidence";130;109;8233;8049
"2009";"974";"La Réunion";"Tous Logements";7461;5522;630188;456274
"2009";"974";"La Réunion";"Individuel pur";2407;1905;234409;190897
"2009";"974";"La Réunion";"Individuel groupé";983;692;84666;55559
"2009";"974";"La Réunion";"Collectif";3813;2640;288243;181084
"2009";"974";"La Réunion";"Résidence";258;285;12000;22247
"2008";"01";"Ain";"Tous Logements";5142;5282;572888;570253
"2008";"01";"Ain";"Individuel pur";1989;2055;268983;275807
"2008";"01";"Ain";"Individuel groupé";787;801;84440;88152
"2008";"01";"Ain";"Collectif";2362;2400;188196;195893
"2008";"01";"Ain";"Résidence";4;26;197;1646
"2008";"02";"Aisne";"Tous Logements";1843;1839;217353;211916
"2008";"02";"Aisne";"Individuel pur";1009;1031;135923;138642
"2008";"02";"Aisne";"Individuel groupé";312;281;30062;26986
"2008";"02";"Aisne";"Collectif";522;503;39597;42806
"2008";"02";"Aisne";"Résidence";0;24;0;854
"2008";"03";"Allier";"Tous Logements";1744;1759;218759;221709
"2008";"03";"Allier";"Individuel pur";1079;1023;147954;138141
"2008";"03";"Allier";"Individuel groupé";148;211;14931;23246
"2008";"03";"Allier";"Collectif";273;479;22005;36389
"2008";"03";"Allier";"Résidence";244;46;14050;3012
"2008";"04";"Alpes-de-Haute-Provence";"Tous Logements";1286;1296;136288;123367
"2008";"04";"Alpes-de-Haute-Provence";"Individuel pur";645;702;74575;81443
"2008";"04";"Alpes-de-Haute-Provence";"Individuel groupé";255;162;18426;14453
"2008";"04";"Alpes-de-Haute-Provence";"Collectif";226;371;16739;19848
"2008";"04";"Alpes-de-Haute-Provence";"Résidence";160;61;10858;5203
"2008";"05";"Hautes-Alpes";"Tous Logements";1415;1803;137999;147971
"2008";"05";"Hautes-Alpes";"Individuel pur";515;529;65484;66951
"2008";"05";"Hautes-Alpes";"Individuel groupé";198;285;19219;25701
"2008";"05";"Hautes-Alpes";"Collectif";292;760;18340;41730
"2008";"05";"Hautes-Alpes";"Résidence";410;229;25324;10865
"2008";"06";"Alpes-Maritimes";"Tous Logements";5333;3848;465510;335128
"2008";"06";"Alpes-Maritimes";"Individuel pur";826;834;124030;124972
"2008";"06";"Alpes-Maritimes";"Individuel groupé";817;200;80383;22690
"2008";"06";"Alpes-Maritimes";"Collectif";3299;2575;218864;173921
"2008";"06";"Alpes-Maritimes";"Résidence";391;239;22607;7765
"2008";"07";"Ardèche";"Tous Logements";2247;2434;286808;284878
"2008";"07";"Ardèche";"Individuel pur";1496;1500;197196;196456
"2008";"07";"Ardèche";"Individuel groupé";303;307;31221;32462
"2008";"07";"Ardèche";"Collectif";445;617;33877;51560
"2008";"07";"Ardèche";"Résidence";3;10;84;950
"2008";"08";"Ardennes";"Tous Logements";1048;841;147692;114746
"2008";"08";"Ardennes";"Individuel pur";694;630;99939;91651
"2008";"08";"Ardennes";"Individuel groupé";120;34;12361;3546
"2008";"08";"Ardennes";"Collectif";227;157;23406;15038
"2008";"08";"Ardennes";"Résidence";7;20;502;1108
"2008";"09";"Ariège";"Tous Logements";822;1111;102416;114205
"2008";"09";"Ariège";"Individuel pur";658;677;84186;86597
"2008";"09";"Ariège";"Individuel groupé";109;77;10267;7505
"2008";"09";"Ariège";"Collectif";55;99;4251;7181
"2008";"09";"Ariège";"Résidence";0;258;0;12020
"2008";"10";"Aube";"Tous Logements";1709;1235;197284;149363
"2008";"10";"Aube";"Individuel pur";720;738;98001;102553
"2008";"10";"Aube";"Individuel groupé";162;163;16757;17590
"2008";"10";"Aube";"Collectif";827;312;66750;25551
"2008";"10";"Aube";"Résidence";0;22;0;865
"2008";"11";"Aude";"Tous Logements";3386;3618;377634;403690
"2008";"11";"Aude";"Individuel pur";1949;2109;251313;275602
"2008";"11";"Aude";"Individuel groupé";485;487;48044;50745
"2008";"11";"Aude";"Collectif";908;981;63692;68010
"2008";"11";"Aude";"Résidence";44;41;4084;3867
"2008";"12";"Aveyron";"Tous Logements";1601;1808;204921;211231
"2008";"12";"Aveyron";"Individuel pur";1075;1176;149266;163932
"2008";"12";"Aveyron";"Individuel groupé";159;182;13288;14426
"2008";"12";"Aveyron";"Collectif";348;255;32358;20460
"2008";"12";"Aveyron";"Résidence";19;195;1635;10723
"2008";"13";"Bouches-du-Rhône";"Tous Logements";11298;9215;886909;794854
"2008";"13";"Bouches-du-Rhône";"Individuel pur";1577;1673;213253;225782
"2008";"13";"Bouches-du-Rhône";"Individuel groupé";1142;1350;103834;123075
"2008";"13";"Bouches-du-Rhône";"Collectif";7180;6056;491490;428461
"2008";"13";"Bouches-du-Rhône";"Résidence";1399;136;58509;6362
"2008";"14";"Calvados";"Tous Logements";4356;4835;535792;526111
"2008";"14";"Calvados";"Individuel pur";2125;2178;285082;301836
"2008";"14";"Calvados";"Individuel groupé";849;627;79890;65612
"2008";"14";"Calvados";"Collectif";1250;1495;97188;112451
"2008";"14";"Calvados";"Résidence";132;535;12298;23349
"2008";"15";"Cantal";"Tous Logements";798;824;102115;104413
"2008";"15";"Cantal";"Individuel pur";588;620;77447;81302
"2008";"15";"Cantal";"Individuel groupé";83;60;8953;6151
"2008";"15";"Cantal";"Collectif";97;144;7129;10458
"2008";"15";"Cantal";"Résidence";30;0;2253;0
"2008";"16";"Charente";"Tous Logements";2300;2561;289414;297028
"2008";"16";"Charente";"Individuel pur";1689;1738;218933;226767
"2008";"16";"Charente";"Individuel groupé";455;384;45571;39549
"2008";"16";"Charente";"Collectif";147;333;9102;22244
"2008";"16";"Charente";"Résidence";9;106;1158;3039
"2008";"17";"Charente-Maritime";"Tous Logements";6182;5652;684121;612629
"2008";"17";"Charente-Maritime";"Individuel pur";3543;3479;449032;445761
"2008";"17";"Charente-Maritime";"Individuel groupé";973;964;88655;91011
"2008";"17";"Charente-Maritime";"Collectif";924;793;56187;48532
"2008";"17";"Charente-Maritime";"Résidence";742;416;39781;15006
"2008";"18";"Cher";"Tous Logements";1841;1490;234828;197123
"2008";"18";"Cher";"Individuel pur";1115;1074;145810;141560
"2008";"18";"Cher";"Individuel groupé";344;130;34003;12382
"2008";"18";"Cher";"Collectif";372;246;28836;20405
"2008";"18";"Cher";"Résidence";10;40;809;2460
"2008";"19";"Corrèze";"Tous Logements";1327;1346;174340;174076
"2008";"19";"Corrèze";"Individuel pur";988;1049;134575;146495
"2008";"19";"Corrèze";"Individuel groupé";121;83;11972;8434
"2008";"19";"Corrèze";"Collectif";213;122;17704;12205
"2008";"19";"Corrèze";"Résidence";5;92;591;2495
"2008";"21";"Côte-d'Or";"Tous Logements";2423;1982;286245;444329
"2008";"21";"Côte-d'Or";"Individuel pur";1171;1097;162039;152219
"2008";"21";"Côte-d'Or";"Individuel groupé";311;229;31306;232427
"2008";"21";"Côte-d'Or";"Collectif";803;656;63445;49607
"2008";"21";"Côte-d'Or";"Résidence";138;0;6041;0
"2008";"22";"Côtes-d'Armor";"Tous Logements";4547;5062;585284;584181
"2008";"22";"Côtes-d'Armor";"Individuel pur";3171;3305;427506;439914
"2008";"22";"Côtes-d'Armor";"Individuel groupé";569;655;52175;56085
"2008";"22";"Côtes-d'Armor";"Collectif";682;917;48596;62543
"2008";"22";"Côtes-d'Armor";"Résidence";125;185;7822;8400
"2008";"23";"Creuse";"Tous Logements";611;618;84446;85255
"2008";"23";"Creuse";"Individuel pur";484;522;66538;73284
"2008";"23";"Creuse";"Individuel groupé";99;50;10137;5730
"2008";"23";"Creuse";"Collectif";20;46;1732;4133
"2008";"23";"Creuse";"Résidence";8;0;630;0
"2008";"24";"Dordogne";"Tous Logements";3080;3226;396905;408484
"2008";"24";"Dordogne";"Individuel pur";2284;2454;304130;321176
"2008";"24";"Dordogne";"Individuel groupé";398;345;39137;36500
"2008";"24";"Dordogne";"Collectif";124;419;8584;28911
"2008";"24";"Dordogne";"Résidence";274;8;15924;1352
"2008";"25";"Doubs";"Tous Logements";3390;3135;386287;368784
"2008";"25";"Doubs";"Individuel pur";1438;1480;201063;211589
"2008";"25";"Doubs";"Individuel groupé";512;424;54311;48549
"2008";"25";"Doubs";"Collectif";1331;1088;102435;89823
"2008";"25";"Doubs";"Résidence";109;143;9592;13263
"2008";"26";"Drôme";"Tous Logements";3901;3921;444522;433410
"2008";"26";"Drôme";"Individuel pur";1923;1935;247708;251676
"2008";"26";"Drôme";"Individuel groupé";684;629;71176;64486
"2008";"26";"Drôme";"Collectif";1268;1326;95334;109240
"2008";"26";"Drôme";"Résidence";26;31;2085;2170
"2008";"27";"Eure";"Tous Logements";2727;3378;348234;396793
"2008";"27";"Eure";"Individuel pur";1936;2124;251265;282477
"2008";"27";"Eure";"Individuel groupé";397;443;37901;40905
"2008";"27";"Eure";"Collectif";392;756;29546;60255
"2008";"27";"Eure";"Résidence";2;55;166;4481
"2008";"28";"Eure-et-Loir";"Tous Logements";1871;2189;249501;269404
"2008";"28";"Eure-et-Loir";"Individuel pur";1014;1120;133312;149942
"2008";"28";"Eure-et-Loir";"Individuel groupé";307;335;29375;33047
"2008";"28";"Eure-et-Loir";"Collectif";549;718;44365;47251
"2008";"28";"Eure-et-Loir";"Résidence";1;16;18;636
"2008";"29";"Finistère";"Tous Logements";6821;6910;807741;798643
"2008";"29";"Finistère";"Individuel pur";4110;4199;553463;565602
"2008";"29";"Finistère";"Individuel groupé";833;782;73483;76952
"2008";"29";"Finistère";"Collectif";1627;1837;110480;130978
"2008";"29";"Finistère";"Résidence";251;92;12720;7457
"2008";"2A";"Corse-du-Sud";"Tous Logements";2578;1448;249786;147985
"2008";"2A";"Corse-du-Sud";"Individuel pur";779;610;105437;85098
"2008";"2A";"Corse-du-Sud";"Individuel groupé";252;110;26743;11290
"2008";"2A";"Corse-du-Sud";"Collectif";1479;723;104867;49385
"2008";"2A";"Corse-du-Sud";"Résidence";68;5;5167;320
"2008";"2B";"Haute-Corse";"Tous Logements";2376;1671;215329;155544
"2008";"2B";"Haute-Corse";"Individuel pur";512;490;66293;64120
"2008";"2B";"Haute-Corse";"Individuel groupé";268;263;24032;23994
"2008";"2B";"Haute-Corse";"Collectif";1475;875;103949;63854
"2008";"2B";"Haute-Corse";"Résidence";121;43;5895;2051
"2008";"30";"Gard";"Tous Logements";5372;5484;579332;576681
"2008";"30";"Gard";"Individuel pur";2459;2617;323941;348033
"2008";"30";"Gard";"Individuel groupé";1162;941;113027;93155
"2008";"30";"Gard";"Collectif";1496;1655;103317;110879
"2008";"30";"Gard";"Résidence";255;271;18619;14641
"2008";"31";"Haute-Garonne";"Tous Logements";10777;10238;980358;965089
"2008";"31";"Haute-Garonne";"Individuel pur";2865;2999;398250;419935
"2008";"31";"Haute-Garonne";"Individuel groupé";1178;1104;118647;107439
"2008";"31";"Haute-Garonne";"Collectif";6555;5933;424994;412603
"2008";"31";"Haute-Garonne";"Résidence";179;202;11543;13089
"2008";"32";"Gers";"Tous Logements";1460;1695;186454;197258
"2008";"32";"Gers";"Individuel pur";1077;1110;147558;150126
"2008";"32";"Gers";"Individuel groupé";207;302;19439;26702
"2008";"32";"Gers";"Collectif";123;205;9337;13794
"2008";"32";"Gers";"Résidence";53;78;5211;4292
"2008";"33";"Gironde";"Tous Logements";13458;12991;1281575;1269992
"2008";"33";"Gironde";"Individuel pur";4750;4794;593471;604268
"2008";"33";"Gironde";"Individuel groupé";2292;2218;205361;197061
"2008";"33";"Gironde";"Collectif";5768;5553;368524;399883
"2008";"33";"Gironde";"Résidence";648;426;29727;13848
"2008";"34";"Hérault";"Tous Logements";11023;9610;1031233;914774
"2008";"34";"Hérault";"Individuel pur";3080;3258;423439;449823
"2008";"34";"Hérault";"Individuel groupé";2072;1356;205260;131716
"2008";"34";"Hérault";"Collectif";5697;4719;374825;307864
"2008";"34";"Hérault";"Résidence";174;277;5010;10706
"2008";"35";"Ille-et-Vilaine";"Tous Logements";8170;7620;882610;844012
"2008";"35";"Ille-et-Vilaine";"Individuel pur";3241;3304;467729;480112
"2008";"35";"Ille-et-Vilaine";"Individuel groupé";582;622;63704;65957
"2008";"35";"Ille-et-Vilaine";"Collectif";3797;3417;268850;257566
"2008";"35";"Ille-et-Vilaine";"Résidence";550;277;29068;17066
"2008";"36";"Indre";"Tous Logements";749;995;111252;135939
"2008";"36";"Indre";"Individuel pur";645;602;85176;80883
"2008";"36";"Indre";"Individuel groupé";39;105;4464;10120
"2008";"36";"Indre";"Collectif";65;63;4371;5087
"2008";"36";"Indre";"Résidence";0;225;0;20868
"2008";"37";"Indre-et-Loire";"Tous Logements";4030;3569;471837;443826
"2008";"37";"Indre-et-Loire";"Individuel pur";1481;1498;205672;210425
"2008";"37";"Indre-et-Loire";"Individuel groupé";733;539;68530;60483
"2008";"37";"Indre-et-Loire";"Collectif";1810;1506;123395;109889
"2008";"37";"Indre-et-Loire";"Résidence";6;26;766;1461
"2008";"38";"Isère";"Tous Logements";7502;7801;824776;802572
"2008";"38";"Isère";"Individuel pur";2803;2814;381358;386466
"2008";"38";"Isère";"Individuel groupé";1114;894;117427;94531
"2008";"38";"Isère";"Collectif";3328;3805;263196;294606
"2008";"38";"Isère";"Résidence";257;288;12640;14881
"2008";"39";"Jura";"Tous Logements";1343;1479;166187;176650
"2008";"39";"Jura";"Individuel pur";904;935;120629;127047
"2008";"39";"Jura";"Individuel groupé";181;209;16548;19901
"2008";"39";"Jura";"Collectif";237;253;19888;19855
"2008";"39";"Jura";"Résidence";21;82;1531;7754
"2008";"40";"Landes";"Tous Logements";3633;4061;433736;459611
"2008";"40";"Landes";"Individuel pur";2276;2249;300663;300409
"2008";"40";"Landes";"Individuel groupé";403;341;37489;31929
"2008";"40";"Landes";"Collectif";794;1311;57647;102208
"2008";"40";"Landes";"Résidence";160;160;7348;7348
"2008";"41";"Loir-et-Cher";"Tous Logements";1825;2049;265812;278123
"2008";"41";"Loir-et-Cher";"Individuel pur";1287;1340;172079;181424
"2008";"41";"Loir-et-Cher";"Individuel groupé";327;298;33216;30407
"2008";"41";"Loir-et-Cher";"Collectif";167;249;15085;18878
"2008";"41";"Loir-et-Cher";"Résidence";44;162;2929;9651
"2008";"42";"Loire";"Tous Logements";3854;3930;463273;446425
"2008";"42";"Loire";"Individuel pur";1945;1912;264207;259416
"2008";"42";"Loire";"Individuel groupé";403;326;44503;38216
"2008";"42";"Loire";"Collectif";1465;1511;124267;129139
"2008";"42";"Loire";"Résidence";41;181;2020;7596
"2008";"43";"Haute-Loire";"Tous Logements";1619;1581;215253;214609
"2008";"43";"Haute-Loire";"Individuel pur";1050;1111;148095;158806
"2008";"43";"Haute-Loire";"Individuel groupé";167;183;17681;18022
"2008";"43";"Haute-Loire";"Collectif";298;249;25757;22064
"2008";"43";"Haute-Loire";"Résidence";104;38;7938;2090
"2008";"44";"Loire-Atlantique";"Tous Logements";11530;9475;1121142;947915
"2008";"44";"Loire-Atlantique";"Individuel pur";4259;4218;548888;547784
"2008";"44";"Loire-Atlantique";"Individuel groupé";1038;954;92603;86900
"2008";"44";"Loire-Atlantique";"Collectif";5665;4073;371315;280347
"2008";"44";"Loire-Atlantique";"Résidence";568;230;32549;10109
"2008";"45";"Loiret";"Tous Logements";3792;3732;441835;452097
"2008";"45";"Loiret";"Individuel pur";1620;1704;219138;229634
"2008";"45";"Loiret";"Individuel groupé";656;709;60657;70381
"2008";"45";"Loiret";"Collectif";1233;1164;86712;79770
"2008";"45";"Loiret";"Résidence";283;155;15950;6852
"2008";"46";"Lot";"Tous Logements";1253;1254;166984;159912
"2008";"46";"Lot";"Individuel pur";1040;990;139942;131873
"2008";"46";"Lot";"Individuel groupé";88;96;10975;10772
"2008";"46";"Lot";"Collectif";110;103;7361;8833
"2008";"46";"Lot";"Résidence";15;65;1235;2906
"2008";"47";"Lot-et-Garonne";"Tous Logements";2221;2656;272042;310130
"2008";"47";"Lot-et-Garonne";"Individuel pur";1363;1379;184796;190597
"2008";"47";"Lot-et-Garonne";"Individuel groupé";362;174;30627;16142
"2008";"47";"Lot-et-Garonne";"Collectif";338;456;28930;36813
"2008";"47";"Lot-et-Garonne";"Résidence";158;647;6994;53990
"2008";"48";"Lozère";"Tous Logements";593;803;74417;90528
"2008";"48";"Lozère";"Individuel pur";402;462;56636;64834
"2008";"48";"Lozère";"Individuel groupé";63;48;5540;4649
"2008";"48";"Lozère";"Collectif";108;196;9732;13044
"2008";"48";"Lozère";"Résidence";20;97;858;6884
"2008";"49";"Maine-et-Loire";"Tous Logements";4958;4445;540027;499268
"2008";"49";"Maine-et-Loire";"Individuel pur";2236;2431;293781;323970
"2008";"49";"Maine-et-Loire";"Individuel groupé";513;580;50450;58635
"2008";"49";"Maine-et-Loire";"Collectif";2099;1268;159930;94588
"2008";"49";"Maine-et-Loire";"Résidence";110;166;5623;10325
"2008";"50";"Manche";"Tous Logements";3039;3251;430711;420225
"2008";"50";"Manche";"Individuel pur";2275;2369;308259;323323
"2008";"50";"Manche";"Individuel groupé";385;393;38823;40073
"2008";"50";"Manche";"Collectif";364;472;29782;35042
"2008";"50";"Manche";"Résidence";15;17;1638;1639
"2008";"51";"Marne";"Tous Logements";2795;3130;325364;354777
"2008";"51";"Marne";"Individuel pur";1019;1091;152997;164823
"2008";"51";"Marne";"Individuel groupé";219;364;26951;44650
"2008";"51";"Marne";"Collectif";1239;1623;107947;136537
"2008";"51";"Marne";"Résidence";318;52;12424;4504
"2008";"52";"Haute-Marne";"Tous Logements";672;524;90630;68707
"2008";"52";"Haute-Marne";"Individuel pur";380;350;52420;48213
"2008";"52";"Haute-Marne";"Individuel groupé";84;28;10888;2986
"2008";"52";"Haute-Marne";"Collectif";207;144;19479;13322
"2008";"52";"Haute-Marne";"Résidence";1;2;446;116
"2008";"53";"Mayenne";"Tous Logements";1699;1593;221930;206465
"2008";"53";"Mayenne";"Individuel pur";1154;1123;159052;156494
"2008";"53";"Mayenne";"Individuel groupé";213;224;24271;25427
"2008";"53";"Mayenne";"Collectif";332;205;22490;16837
"2008";"53";"Mayenne";"Résidence";0;41;0;3503
"2008";"54";"Meurthe-et-Moselle";"Tous Logements";3391;2352;403905;302753
"2008";"54";"Meurthe-et-Moselle";"Individuel pur";1393;1274;209148;192002
"2008";"54";"Meurthe-et-Moselle";"Individuel groupé";499;244;54761;24976
"2008";"54";"Meurthe-et-Moselle";"Collectif";1353;752;111320;69559
"2008";"54";"Meurthe-et-Moselle";"Résidence";146;82;6943;4907
"2008";"55";"Meuse";"Tous Logements";773;824;108368;110025
"2008";"55";"Meuse";"Individuel pur";553;548;81668;82212
"2008";"55";"Meuse";"Individuel groupé";117;106;12028;10595
"2008";"55";"Meuse";"Collectif";99;167;5784;11356
"2008";"55";"Meuse";"Résidence";4;3;208;131
"2008";"56";"Morbihan";"Tous Logements";7289;7028;841381;792989
"2008";"56";"Morbihan";"Individuel pur";3830;4063;520094;556081
"2008";"56";"Morbihan";"Individuel groupé";795;947;72412;86211
"2008";"56";"Morbihan";"Collectif";2054;1756;149149;121231
"2008";"56";"Morbihan";"Résidence";610;262;49824;13361
"2008";"57";"Moselle";"Tous Logements";5769;6018;697318;660529
"2008";"57";"Moselle";"Individuel pur";2170;2052;350582;332151
"2008";"57";"Moselle";"Individuel groupé";878;585;99889;65109
"2008";"57";"Moselle";"Collectif";2545;2396;211055;173390
"2008";"57";"Moselle";"Résidence";176;985;10365;72912
"2008";"58";"Nièvre";"Tous Logements";659;514;73530;62036
"2008";"58";"Nièvre";"Individuel pur";411;428;51307;53753
"2008";"58";"Nièvre";"Individuel groupé";126;38;9442;3293
"2008";"58";"Nièvre";"Collectif";122;48;4151;3486
"2008";"58";"Nièvre";"Résidence";0;0;0;0
"2008";"59";"Nord";"Tous Logements";10053;8873;1054661;979795
"2008";"59";"Nord";"Individuel pur";2438;2628;361158;395844
"2008";"59";"Nord";"Individuel groupé";2493;2293;251521;228235
"2008";"59";"Nord";"Collectif";3789;3737;288627;295449
"2008";"59";"Nord";"Résidence";1333;215;81880;17179
"2008";"60";"Oise";"Tous Logements";3899;3044;396496;313887
"2008";"60";"Oise";"Individuel pur";1474;1475;187232;192168
"2008";"60";"Oise";"Individuel groupé";711;456;67235;42751
"2008";"60";"Oise";"Collectif";1640;1009;118084;70603
"2008";"60";"Oise";"Résidence";74;104;9172;4319
"2008";"61";"Orne";"Tous Logements";1362;1569;172935;191675
"2008";"61";"Orne";"Individuel pur";1061;1068;139685;140925
"2008";"61";"Orne";"Individuel groupé";105;211;10190;20140
"2008";"61";"Orne";"Collectif";177;269;17157;21990
"2008";"61";"Orne";"Résidence";19;21;1025;1222
"2008";"62";"Pas-de-Calais";"Tous Logements";7410;6607;892655;742824
"2008";"62";"Pas-de-Calais";"Individuel pur";2955;2877;415460;407564
"2008";"62";"Pas-de-Calais";"Individuel groupé";1987;1778;217934;178139
"2008";"62";"Pas-de-Calais";"Collectif";2298;1630;189238;115331
"2008";"62";"Pas-de-Calais";"Résidence";170;322;12103;24130
"2008";"63";"Puy-de-Dôme";"Tous Logements";3169;3286;387665;393808
"2008";"63";"Puy-de-Dôme";"Individuel pur";1863;1849;248159;245305
"2008";"63";"Puy-de-Dôme";"Individuel groupé";406;249;40208;26472
"2008";"63";"Puy-de-Dôme";"Collectif";783;878;56452;70106
"2008";"63";"Puy-de-Dôme";"Résidence";117;310;6437;13576
"2008";"64";"Pyrénées-Atlantiques";"Tous Logements";5135;6241;564336;625255
"2008";"64";"Pyrénées-Atlantiques";"Individuel pur";2198;2171;315845;322246
"2008";"64";"Pyrénées-Atlantiques";"Individuel groupé";702;463;67001;44801
"2008";"64";"Pyrénées-Atlantiques";"Collectif";1988;2828;144231;208243
"2008";"64";"Pyrénées-Atlantiques";"Résidence";247;779;12903;34574
"2008";"65";"Hautes-Pyrénées";"Tous Logements";1776;1470;198831;174425
"2008";"65";"Hautes-Pyrénées";"Individuel pur";943;875;127196;118096
"2008";"65";"Hautes-Pyrénées";"Individuel groupé";246;176;21656;17533
"2008";"65";"Hautes-Pyrénées";"Collectif";474;370;35049;30491
"2008";"65";"Hautes-Pyrénées";"Résidence";113;49;6285;2415
"2008";"66";"Pyrénées-Orientales";"Tous Logements";5046;3858;476372;394011
"2008";"66";"Pyrénées-Orientales";"Individuel pur";1575;1620;211664;217507
"2008";"66";"Pyrénées-Orientales";"Individuel groupé";790;561;77608;53599
"2008";"66";"Pyrénées-Orientales";"Collectif";2288;1505;156263;109126
"2008";"66";"Pyrénées-Orientales";"Résidence";393;172;25195;9960
"2008";"67";"Bas-Rhin";"Tous Logements";6009;6327;782617;751257
"2008";"67";"Bas-Rhin";"Individuel pur";1977;1993;347269;351020
"2008";"67";"Bas-Rhin";"Individuel groupé";607;476;69803;55365
"2008";"67";"Bas-Rhin";"Collectif";3280;3714;266133;316251
"2008";"67";"Bas-Rhin";"Résidence";145;144;10109;9584
"2008";"68";"Haut-Rhin";"Tous Logements";3899;4350;469162;506513
"2008";"68";"Haut-Rhin";"Individuel pur";1489;1603;245982;265101
"2008";"68";"Haut-Rhin";"Individuel groupé";487;417;55956;48629
"2008";"68";"Haut-Rhin";"Collectif";1800;2127;145667;171305
"2008";"68";"Haut-Rhin";"Résidence";123;203;4602;10296
"2008";"69";"Rhône";"Tous Logements";11225;11723;987040;1040912
"2008";"69";"Rhône";"Individuel pur";1820;1963;265712;284084
"2008";"69";"Rhône";"Individuel groupé";932;840;107462;98461
"2008";"69";"Rhône";"Collectif";7812;8160;539167;614363
"2008";"69";"Rhône";"Résidence";661;760;21235;24349
"2008";"70";"Haute-Saône";"Tous Logements";1077;1173;147658;149604
"2008";"70";"Haute-Saône";"Individuel pur";711;772;97464;108991
"2008";"70";"Haute-Saône";"Individuel groupé";193;180;18048;16960
"2008";"70";"Haute-Saône";"Collectif";167;210;15225;16634
"2008";"70";"Haute-Saône";"Résidence";6;11;725;801
"2008";"71";"Saône-et-Loire";"Tous Logements";2505;2397;322048;286955
"2008";"71";"Saône-et-Loire";"Individuel pur";1745;1606;226295;210283
"2008";"71";"Saône-et-Loire";"Individuel groupé";286;377;25877;35646
"2008";"71";"Saône-et-Loire";"Collectif";397;356;31108;30235
"2008";"71";"Saône-et-Loire";"Résidence";77;58;5970;3232
"2008";"72";"Sarthe";"Tous Logements";2681;2747;319156;310908
"2008";"72";"Sarthe";"Individuel pur";1453;1493;198733;203146
"2008";"72";"Sarthe";"Individuel groupé";180;338;17770;33727
"2008";"72";"Sarthe";"Collectif";644;886;51670;63669
"2008";"72";"Sarthe";"Résidence";404;30;21118;1693
"2008";"73";"Savoie";"Tous Logements";4419;3660;443037;379802
"2008";"73";"Savoie";"Individuel pur";1400;1422;193408;198895
"2008";"73";"Savoie";"Individuel groupé";475;288;47746;29438
"2008";"73";"Savoie";"Collectif";2273;1818;170733;140679
"2008";"73";"Savoie";"Résidence";271;132;19628;8195
"2008";"74";"Haute-Savoie";"Tous Logements";9110;7674;878062;701940
"2008";"74";"Haute-Savoie";"Individuel pur";1710;1672;264974;253312
"2008";"74";"Haute-Savoie";"Individuel groupé";1213;770;135672;86413
"2008";"74";"Haute-Savoie";"Collectif";5662;4604;408866;327948
"2008";"74";"Haute-Savoie";"Résidence";525;628;29450;26417
"2008";"75";"Paris";"Tous Logements";2968;3313;191179;210538
"2008";"75";"Paris";"Individuel pur";37;42;4198;3693
"2008";"75";"Paris";"Individuel groupé";30;31;2838;2199
"2008";"75";"Paris";"Collectif";2448;2926;164505;188574
"2008";"75";"Paris";"Résidence";453;314;14158;11668
"2008";"76";"Seine-Maritime";"Tous Logements";6304;4671;706326;549623
"2008";"76";"Seine-Maritime";"Individuel pur";2382;2617;322087;357367
"2008";"76";"Seine-Maritime";"Individuel groupé";774;380;75087;42374
"2008";"76";"Seine-Maritime";"Collectif";2761;1481;207754;120300
"2008";"76";"Seine-Maritime";"Résidence";387;193;39090;10996
"2008";"77";"Seine-et-Marne";"Tous Logements";7129;6550;670621;595102
"2008";"77";"Seine-et-Marne";"Individuel pur";1453;1561;204909;220184
"2008";"77";"Seine-et-Marne";"Individuel groupé";1109;1048;129869;114997
"2008";"77";"Seine-et-Marne";"Collectif";3565;3202;243422;218018
"2008";"77";"Seine-et-Marne";"Résidence";1002;739;41660;27317
"2008";"78";"Yvelines";"Tous Logements";5298;5268;470185;476994
"2008";"78";"Yvelines";"Individuel pur";824;915;136829;150752
"2008";"78";"Yvelines";"Individuel groupé";419;460;44780;51014
"2008";"78";"Yvelines";"Collectif";2957;3415;208262;246789
"2008";"78";"Yvelines";"Résidence";1098;478;38500;18565
"2008";"79";"Deux-Sèvres";"Tous Logements";2658;2769;314355;312209
"2008";"79";"Deux-Sèvres";"Individuel pur";1645;1653;216394;220886
"2008";"79";"Deux-Sèvres";"Individuel groupé";365;617;35308;50685
"2008";"79";"Deux-Sèvres";"Collectif";548;401;37221;27903
"2008";"79";"Deux-Sèvres";"Résidence";100;98;6707;6470
"2008";"80";"Somme";"Tous Logements";2658;2814;304267;306200
"2008";"80";"Somme";"Individuel pur";1290;1372;173969;187610
"2008";"80";"Somme";"Individuel groupé";424;619;42415;58614
"2008";"80";"Somme";"Collectif";868;655;65173;45037
"2008";"80";"Somme";"Résidence";76;168;4676;9143
"2008";"81";"Tarn";"Tous Logements";2273;2704;270136;296932
"2008";"81";"Tarn";"Individuel pur";1682;1722;211741;220990
"2008";"81";"Tarn";"Individuel groupé";241;360;24760;34101
"2008";"81";"Tarn";"Collectif";340;400;23145;24253
"2008";"81";"Tarn";"Résidence";10;222;637;14964
"2008";"82";"Tarn-et-Garonne";"Tous Logements";1826;1916;204699;214692
"2008";"82";"Tarn-et-Garonne";"Individuel pur";1153;1179;147106;152875
"2008";"82";"Tarn-et-Garonne";"Individuel groupé";266;167;28463;19845
"2008";"82";"Tarn-et-Garonne";"Collectif";277;356;17207;31076
"2008";"82";"Tarn-et-Garonne";"Résidence";130;214;8900;9593
"2008";"83";"Var";"Tous Logements";5672;5806;565989;573859
"2008";"83";"Var";"Individuel pur";1793;1840;238930;254171
"2008";"83";"Var";"Individuel groupé";857;593;85404;53894
"2008";"83";"Var";"Collectif";2965;3046;202480;214835
"2008";"83";"Var";"Résidence";57;327;2951;28738
"2008";"84";"Vaucluse";"Tous Logements";3926;3250;365744;304589
"2008";"84";"Vaucluse";"Individuel pur";1177;1152;152137;148575
"2008";"84";"Vaucluse";"Individuel groupé";669;489;65501;48236
"2008";"84";"Vaucluse";"Collectif";1810;1389;117936;85457
"2008";"84";"Vaucluse";"Résidence";270;220;14205;13785
"2008";"85";"Vendée";"Tous Logements";6585;6287;751201;721876
"2008";"85";"Vendée";"Individuel pur";4625;4801;565084;592716
"2008";"85";"Vendée";"Individuel groupé";651;475;58531;43925
"2008";"85";"Vendée";"Collectif";1171;728;71369;50515
"2008";"85";"Vendée";"Résidence";138;283;7607;19522
"2008";"86";"Vienne";"Tous Logements";2753;2696;319356;309067
"2008";"86";"Vienne";"Individuel pur";1637;1673;212600;220500
"2008";"86";"Vienne";"Individuel groupé";340;358;32298;34086
"2008";"86";"Vienne";"Collectif";775;545;55083;41736
"2008";"86";"Vienne";"Résidence";1;120;96;5811
"2008";"87";"Haute-Vienne";"Tous Logements";2051;2127;245961;260550
"2008";"87";"Haute-Vienne";"Individuel pur";1265;1358;168295;185277
"2008";"87";"Haute-Vienne";"Individuel groupé";236;237;26340;27758
"2008";"87";"Haute-Vienne";"Collectif";329;508;26500;40307
"2008";"87";"Haute-Vienne";"Résidence";221;24;12248;2070
"2008";"88";"Vosges";"Tous Logements";2150;1778;271320;240026
"2008";"88";"Vosges";"Individuel pur";1186;1126;174430;166778
"2008";"88";"Vosges";"Individuel groupé";339;170;32270;17420
"2008";"88";"Vosges";"Collectif";614;344;44088;29713
"2008";"88";"Vosges";"Résidence";11;138;1272;11453
"2008";"89";"Yonne";"Tous Logements";1923;1715;215863;176275
"2008";"89";"Yonne";"Individuel pur";1019;901;131815;117737
"2008";"89";"Yonne";"Individuel groupé";292;279;28531;28648
"2008";"89";"Yonne";"Collectif";510;535;38874;26819
"2008";"89";"Yonne";"Résidence";102;0;5202;0
"2008";"90";"Territoire de Belfort";"Tous Logements";700;826;77558;87773
"2008";"90";"Territoire de Belfort";"Individuel pur";260;254;38846;38305
"2008";"90";"Territoire de Belfort";"Individuel groupé";104;94;9480;10487
"2008";"90";"Territoire de Belfort";"Collectif";336;478;27109;38366
"2008";"90";"Territoire de Belfort";"Résidence";0;0;0;0
"2008";"91";"Essonne";"Tous Logements";6798;5399;573160;488872
"2008";"91";"Essonne";"Individuel pur";1050;1045;149896;149980
"2008";"91";"Essonne";"Individuel groupé";1450;1095;118624;103877
"2008";"91";"Essonne";"Collectif";4121;2893;262885;203446
"2008";"91";"Essonne";"Résidence";177;366;5662;19808
"2008";"92";"Hauts-de-Seine";"Tous Logements";7182;6562;567613;493593
"2008";"92";"Hauts-de-Seine";"Individuel pur";176;198;29963;29754
"2008";"92";"Hauts-de-Seine";"Individuel groupé";366;228;36667;24865
"2008";"92";"Hauts-de-Seine";"Collectif";6020;5218;427068;385322
"2008";"92";"Hauts-de-Seine";"Résidence";620;918;34806;36898
"2008";"93";"Seine-Saint-Denis";"Tous Logements";6636;5535;519716;434884
"2008";"93";"Seine-Saint-Denis";"Individuel pur";322;294;44720;44018
"2008";"93";"Seine-Saint-Denis";"Individuel groupé";336;356;32134;35022
"2008";"93";"Seine-Saint-Denis";"Collectif";5313;4586;389495;334259
"2008";"93";"Seine-Saint-Denis";"Résidence";665;299;27694;9794
"2008";"94";"Val-de-Marne";"Tous Logements";6099;3681;459019;280629
"2008";"94";"Val-de-Marne";"Individuel pur";302;283;45309;43477
"2008";"94";"Val-de-Marne";"Individuel groupé";372;262;35683;24291
"2008";"94";"Val-de-Marne";"Collectif";4690;2713;332070;193348
"2008";"94";"Val-de-Marne";"Résidence";735;423;22379;11166
"2008";"95";"Val-d'Oise";"Tous Logements";5500;5081;506717;442019
"2008";"95";"Val-d'Oise";"Individuel pur";977;814;145242;120268
"2008";"95";"Val-d'Oise";"Individuel groupé";434;514;46915;57342
"2008";"95";"Val-d'Oise";"Collectif";3824;3376;271836;240671
"2008";"95";"Val-d'Oise";"Résidence";265;377;18167;14313
"2008";"971";"Guadeloupe";"Tous Logements";3540;2306;323203;195645
"2008";"971";"Guadeloupe";"Individuel pur";1714;817;188323;89617
"2008";"971";"Guadeloupe";"Individuel groupé";665;333;48874;27535
"2008";"971";"Guadeloupe";"Collectif";1088;1103;68773;75264
"2008";"971";"Guadeloupe";"Résidence";73;53;7043;2791
"2008";"972";"Martinique";"Tous Logements";3833;2356;307291;202226
"2008";"972";"Martinique";"Individuel pur";1410;756;146868;83647
"2008";"972";"Martinique";"Individuel groupé";787;699;54350;50287
"2008";"972";"Martinique";"Collectif";1529;807;99362;59884
"2008";"972";"Martinique";"Résidence";107;94;5151;8091
"2008";"973";"Guyane";"Tous Logements";977;532;83183;47808
"2008";"973";"Guyane";"Individuel pur";165;68;20267;9037
"2008";"973";"Guyane";"Individuel groupé";231;83;21011;8788
"2008";"973";"Guyane";"Collectif";490;284;33113;22245
"2008";"973";"Guyane";"Résidence";91;97;7577;7401
"2008";"974";"La Réunion";"Tous Logements";10919;8350;872262;659579
"2008";"974";"La Réunion";"Individuel pur";2491;2094;252044;215929
"2008";"974";"La Réunion";"Individuel groupé";1488;1114;125839;97330
"2008";"974";"La Réunion";"Collectif";6451;4998;440384;324718
"2008";"974";"La Réunion";"Résidence";489;144;33761;12390
"2007";"01";"Ain";"Tous Logements";6447;6451;717212;676325
"2007";"01";"Ain";"Individuel pur";2575;2505;352772;347162
"2007";"01";"Ain";"Individuel groupé";1076;1015;115388;112498
"2007";"01";"Ain";"Collectif";2732;2736;223577;194021
"2007";"01";"Ain";"Résidence";64;195;3636;10021
"2007";"02";"Aisne";"Tous Logements";2325;1947;280928;250470
"2007";"02";"Aisne";"Individuel pur";1428;1430;198072;200950
"2007";"02";"Aisne";"Individuel groupé";199;228;20619;25378
"2007";"02";"Aisne";"Collectif";668;207;50716;15900
"2007";"02";"Aisne";"Résidence";30;82;1505;6956
"2007";"03";"Allier";"Tous Logements";2277;2339;267210;278902
"2007";"03";"Allier";"Individuel pur";1171;1156;161706;161608
"2007";"03";"Allier";"Individuel groupé";229;322;24930;33675
"2007";"03";"Allier";"Collectif";822;849;59919;61892
"2007";"03";"Allier";"Résidence";55;12;3441;991
"2007";"04";"Alpes-de-Haute-Provence";"Tous Logements";1379;1685;151192;162883
"2007";"04";"Alpes-de-Haute-Provence";"Individuel pur";794;821;96561;98778
"2007";"04";"Alpes-de-Haute-Provence";"Individuel groupé";236;378;23900;33091
"2007";"04";"Alpes-de-Haute-Provence";"Collectif";316;456;19638;28215
"2007";"04";"Alpes-de-Haute-Provence";"Résidence";33;30;1837;898
"2007";"05";"Hautes-Alpes";"Tous Logements";2688;2513;236740;221128
"2007";"05";"Hautes-Alpes";"Individuel pur";713;714;95492;97712
"2007";"05";"Hautes-Alpes";"Individuel groupé";335;116;31349;13292
"2007";"05";"Hautes-Alpes";"Collectif";1270;1409;78851;92920
"2007";"05";"Hautes-Alpes";"Résidence";370;274;18442;15941
"2007";"06";"Alpes-Maritimes";"Tous Logements";4681;5841;490380;492512
"2007";"06";"Alpes-Maritimes";"Individuel pur";1130;1023;179408;155385
"2007";"06";"Alpes-Maritimes";"Individuel groupé";234;242;28602;30406
"2007";"06";"Alpes-Maritimes";"Collectif";3240;4013;230300;277446
"2007";"06";"Alpes-Maritimes";"Résidence";77;563;8635;24850
"2007";"07";"Ardèche";"Tous Logements";3230;2928;381974;338252
"2007";"07";"Ardèche";"Individuel pur";1949;1885;253863;247678
"2007";"07";"Ardèche";"Individuel groupé";302;241;33214;25819
"2007";"07";"Ardèche";"Collectif";797;681;70377;53309
"2007";"07";"Ardèche";"Résidence";182;121;14872;10784
"2007";"08";"Ardennes";"Tous Logements";1071;1189;149241;156728
"2007";"08";"Ardennes";"Individuel pur";801;801;119385;118289
"2007";"08";"Ardennes";"Individuel groupé";48;111;5598;14006
"2007";"08";"Ardennes";"Collectif";200;275;16605;24243
"2007";"08";"Ardennes";"Résidence";22;2;1122;61
"2007";"09";"Ariège";"Tous Logements";1478;1512;155999;159027
"2007";"09";"Ariège";"Individuel pur";878;915;112682;119363
"2007";"09";"Ariège";"Individuel groupé";130;165;12101;12828
"2007";"09";"Ariège";"Collectif";251;384;17408;22794
"2007";"09";"Ariège";"Résidence";219;48;10125;3540
"2007";"10";"Aube";"Tous Logements";2079;1759;250613;211245
"2007";"10";"Aube";"Individuel pur";1142;1187;159023;165777
"2007";"10";"Aube";"Individuel groupé";245;148;26176;16165
"2007";"10";"Aube";"Collectif";618;363;48351;26145
"2007";"10";"Aube";"Résidence";74;61;3581;2865
"2007";"11";"Aude";"Tous Logements";4108;4041;448807;431759
"2007";"11";"Aude";"Individuel pur";2279;2218;295219;284277
"2007";"11";"Aude";"Individuel groupé";631;545;64496;57240
"2007";"11";"Aude";"Collectif";1043;1021;70954;67597
"2007";"11";"Aude";"Résidence";155;257;10438;16645
"2007";"12";"Aveyron";"Tous Logements";2274;2239;265414;254554
"2007";"12";"Aveyron";"Individuel pur";1413;1316;196463;184361
"2007";"12";"Aveyron";"Individuel groupé";245;237;22200;23166
"2007";"12";"Aveyron";"Collectif";384;512;25872;33246
"2007";"12";"Aveyron";"Résidence";232;174;14904;12617
"2007";"13";"Bouches-du-Rhône";"Tous Logements";14669;13399;1260398;1102802
"2007";"13";"Bouches-du-Rhône";"Individuel pur";2630;2425;354847;324578
"2007";"13";"Bouches-du-Rhône";"Individuel groupé";2233;1535;209119;145320
"2007";"13";"Bouches-du-Rhône";"Collectif";9461;8887;620163;580789
"2007";"13";"Bouches-du-Rhône";"Résidence";345;552;16023;20246
"2007";"14";"Calvados";"Tous Logements";6036;6089;684617;663438
"2007";"14";"Calvados";"Individuel pur";2745;2771;384537;387205
"2007";"14";"Calvados";"Individuel groupé";814;898;84509;88911
"2007";"14";"Calvados";"Collectif";2118;1982;152610;147971
"2007";"14";"Calvados";"Résidence";359;438;19925;27301
"2007";"15";"Cantal";"Tous Logements";1163;1069;132811;124532
"2007";"15";"Cantal";"Individuel pur";770;724;101678;95965
"2007";"15";"Cantal";"Individuel groupé";62;60;5924;5675
"2007";"15";"Cantal";"Collectif";137;86;10990;7199
"2007";"15";"Cantal";"Résidence";194;199;8282;8515
"2007";"16";"Charente";"Tous Logements";3247;3085;374387;357067
"2007";"16";"Charente";"Individuel pur";1966;1911;266477;261508
"2007";"16";"Charente";"Individuel groupé";420;384;39182;37696
"2007";"16";"Charente";"Collectif";622;707;41619;45635
"2007";"16";"Charente";"Résidence";239;83;11446;5890
"2007";"17";"Charente-Maritime";"Tous Logements";7216;6916;814271;761489
"2007";"17";"Charente-Maritime";"Individuel pur";4305;4268;553095;546390
"2007";"17";"Charente-Maritime";"Individuel groupé";1383;1287;128526;117032
"2007";"17";"Charente-Maritime";"Collectif";1193;1258;72045;81167
"2007";"17";"Charente-Maritime";"Résidence";335;103;16711;6879
"2007";"18";"Cher";"Tous Logements";1774;1709;223853;209654
"2007";"18";"Cher";"Individuel pur";1167;1160;161676;159132
"2007";"18";"Cher";"Individuel groupé";198;310;21046;31507
"2007";"18";"Cher";"Collectif";307;190;24312;13407
"2007";"18";"Cher";"Résidence";102;49;4396;1198
"2007";"19";"Corrèze";"Tous Logements";1789;1664;243031;226740
"2007";"19";"Corrèze";"Individuel pur";1295;1292;185740;184980
"2007";"19";"Corrèze";"Individuel groupé";237;169;25744;17691
"2007";"19";"Corrèze";"Collectif";133;85;11566;6815
"2007";"19";"Corrèze";"Résidence";124;118;4870;7784
"2007";"21";"Côte-d'Or";"Tous Logements";2653;2729;555434;331305
"2007";"21";"Côte-d'Or";"Individuel pur";1625;1528;234404;215549
"2007";"21";"Côte-d'Or";"Individuel groupé";245;223;238216;23677
"2007";"21";"Côte-d'Or";"Collectif";783;976;56164;77904
"2007";"21";"Côte-d'Or";"Résidence";0;2;0;453
"2007";"22";"Côtes-d'Armor";"Tous Logements";6750;6115;755973;684356
"2007";"22";"Côtes-d'Armor";"Individuel pur";3773;3677;507185;498634
"2007";"22";"Côtes-d'Armor";"Individuel groupé";782;755;68891;65127
"2007";"22";"Côtes-d'Armor";"Collectif";1701;1503;112418;98756
"2007";"22";"Côtes-d'Armor";"Résidence";494;180;26406;11174
"2007";"23";"Creuse";"Tous Logements";655;588;101707;86079
"2007";"23";"Creuse";"Individuel pur";548;500;80437;71614
"2007";"23";"Creuse";"Individuel groupé";53;30;5860;2909
"2007";"23";"Creuse";"Collectif";38;44;3611;3805
"2007";"23";"Creuse";"Résidence";16;14;1421;1370
"2007";"24";"Dordogne";"Tous Logements";4873;4746;583404;553088
"2007";"24";"Dordogne";"Individuel pur";3172;3089;420916;415038
"2007";"24";"Dordogne";"Individuel groupé";471;531;42881;48152
"2007";"24";"Dordogne";"Collectif";814;704;56974;45174
"2007";"24";"Dordogne";"Résidence";416;422;28270;24088
"2007";"25";"Doubs";"Tous Logements";3950;3864;452048;439805
"2007";"25";"Doubs";"Individuel pur";1863;1899;272780;275601
"2007";"25";"Doubs";"Individuel groupé";316;365;33391;37033
"2007";"25";"Doubs";"Collectif";1634;1421;127155;114392
"2007";"25";"Doubs";"Résidence";137;179;7730;12517
"2007";"26";"Drôme";"Tous Logements";4110;3734;447406;408108
"2007";"26";"Drôme";"Individuel pur";2013;1919;261096;249831
"2007";"26";"Drôme";"Individuel groupé";500;466;51260;51299
"2007";"26";"Drôme";"Collectif";1585;1314;122700;103118
"2007";"26";"Drôme";"Résidence";12;35;652;3072
"2007";"27";"Eure";"Tous Logements";4494;4253;533042;488840
"2007";"27";"Eure";"Individuel pur";2772;2691;365704;349608
"2007";"27";"Eure";"Individuel groupé";754;529;76391;55912
"2007";"27";"Eure";"Collectif";849;971;64985;73328
"2007";"27";"Eure";"Résidence";119;62;3914;4442
"2007";"28";"Eure-et-Loir";"Tous Logements";2688;2736;327930;308723
"2007";"28";"Eure-et-Loir";"Individuel pur";1442;1417;194945;192595
"2007";"28";"Eure-et-Loir";"Individuel groupé";323;344;37978;36728
"2007";"28";"Eure-et-Loir";"Collectif";907;911;64639;66140
"2007";"28";"Eure-et-Loir";"Résidence";16;64;418;4178
"2007";"29";"Finistère";"Tous Logements";9289;9181;1034356;984375
"2007";"29";"Finistère";"Individuel pur";4855;4933;654005;661128
"2007";"29";"Finistère";"Individuel groupé";1082;945;107853;87898
"2007";"29";"Finistère";"Collectif";2896;2982;205972;210103
"2007";"29";"Finistère";"Résidence";456;321;31746;20151
"2007";"2A";"Corse-du-Sud";"Tous Logements";2135;1342;219651;149618
"2007";"2A";"Corse-du-Sud";"Individuel pur";796;656;116629;95269
"2007";"2A";"Corse-du-Sud";"Individuel groupé";130;51;15005;6508
"2007";"2A";"Corse-du-Sud";"Collectif";1041;601;73072;44519
"2007";"2A";"Corse-du-Sud";"Résidence";168;34;10236;2165
"2007";"2B";"Haute-Corse";"Tous Logements";2862;2502;250128;222085
"2007";"2B";"Haute-Corse";"Individuel pur";795;681;102647;88864
"2007";"2B";"Haute-Corse";"Individuel groupé";221;205;20210;17358
"2007";"2B";"Haute-Corse";"Collectif";1445;1363;108023;102214
"2007";"2B";"Haute-Corse";"Résidence";401;253;12566;6998
"2007";"30";"Gard";"Tous Logements";6836;7152;709193;736923
"2007";"30";"Gard";"Individuel pur";2944;3069;390708;404044
"2007";"30";"Gard";"Individuel groupé";1053;1110;103032;110601
"2007";"30";"Gard";"Collectif";2667;2742;181147;201475
"2007";"30";"Gard";"Résidence";172;231;9472;7667
"2007";"31";"Haute-Garonne";"Tous Logements";15901;15156;1466481;1343156
"2007";"31";"Haute-Garonne";"Individuel pur";3662;3486;523662;501165
"2007";"31";"Haute-Garonne";"Individuel groupé";2011;2047;195401;201758
"2007";"31";"Haute-Garonne";"Collectif";9383;8636;685328;607030
"2007";"31";"Haute-Garonne";"Résidence";845;987;38178;31485
"2007";"32";"Gers";"Tous Logements";2195;2046;251036;236442
"2007";"32";"Gers";"Individuel pur";1364;1297;189339;181960
"2007";"32";"Gers";"Individuel groupé";346;133;29733;12869
"2007";"32";"Gers";"Collectif";289;478;19907;33303
"2007";"32";"Gers";"Résidence";196;138;9908;7058
"2007";"33";"Gironde";"Tous Logements";18082;15368;1774601;1512548
"2007";"33";"Gironde";"Individuel pur";5660;5553;723600;710340
"2007";"33";"Gironde";"Individuel groupé";3101;3267;279338;295536
"2007";"33";"Gironde";"Collectif";8781;5957;630396;396218
"2007";"33";"Gironde";"Résidence";540;591;39477;34230
"2007";"34";"Hérault";"Tous Logements";12131;12017;1101348;1109785
"2007";"34";"Hérault";"Individuel pur";3498;3559;478383;486426
"2007";"34";"Hérault";"Individuel groupé";1324;1045;131698;106218
"2007";"34";"Hérault";"Collectif";6406;7034;418634;479905
"2007";"34";"Hérault";"Résidence";903;379;44760;22807
"2007";"35";"Ille-et-Vilaine";"Tous Logements";11447;10906;1200964;1118824
"2007";"35";"Ille-et-Vilaine";"Individuel pur";4099;4163;588592;600190
"2007";"35";"Ille-et-Vilaine";"Individuel groupé";944;823;96032;82986
"2007";"35";"Ille-et-Vilaine";"Collectif";6219;5680;464870;416698
"2007";"35";"Ille-et-Vilaine";"Résidence";185;240;13998;11378
"2007";"36";"Indre";"Tous Logements";1164;1079;150517;135629
"2007";"36";"Indre";"Individuel pur";689;700;91776;92806
"2007";"36";"Indre";"Individuel groupé";177;272;17980;26227
"2007";"36";"Indre";"Collectif";40;77;3255;4714
"2007";"36";"Indre";"Résidence";258;30;23228;2791
"2007";"37";"Indre-et-Loire";"Tous Logements";4928;4208;554376;485755
"2007";"37";"Indre-et-Loire";"Individuel pur";1839;1804;262240;259603
"2007";"37";"Indre-et-Loire";"Individuel groupé";720;617;79506;66554
"2007";"37";"Indre-et-Loire";"Collectif";2278;1748;177319;138847
"2007";"37";"Indre-et-Loire";"Résidence";91;39;4081;2742
"2007";"38";"Isère";"Tous Logements";10873;9883;1082061;986903
"2007";"38";"Isère";"Individuel pur";3479;3381;480249;470355
"2007";"38";"Isère";"Individuel groupé";1163;879;126066;95566
"2007";"38";"Isère";"Collectif";5828;5364;431019;406247
"2007";"38";"Isère";"Résidence";403;259;19281;8598
"2007";"39";"Jura";"Tous Logements";1735;1949;212615;223976
"2007";"39";"Jura";"Individuel pur";1187;1245;157216;165076
"2007";"39";"Jura";"Individuel groupé";150;138;14955;14036
"2007";"39";"Jura";"Collectif";297;544;23836;43542
"2007";"39";"Jura";"Résidence";101;22;9416;794
"2007";"40";"Landes";"Tous Logements";4678;5389;532308;561745
"2007";"40";"Landes";"Individuel pur";2407;2448;331384;333246
"2007";"40";"Landes";"Individuel groupé";490;605;47199;58543
"2007";"40";"Landes";"Collectif";1706;2230;127793;146619
"2007";"40";"Landes";"Résidence";75;106;4176;5486
"2007";"41";"Loir-et-Cher";"Tous Logements";2285;2372;286358;280246
"2007";"41";"Loir-et-Cher";"Individuel pur";1309;1305;180346;179038
"2007";"41";"Loir-et-Cher";"Individuel groupé";450;341;44919;35394
"2007";"41";"Loir-et-Cher";"Collectif";253;463;19522;38521
"2007";"41";"Loir-et-Cher";"Résidence";273;263;16471;14624
"2007";"42";"Loire";"Tous Logements";5052;4664;613389;520736
"2007";"42";"Loire";"Individuel pur";2269;2103;309525;287561
"2007";"42";"Loire";"Individuel groupé";400;482;47568;54249
"2007";"42";"Loire";"Collectif";2288;1817;193614;151667
"2007";"42";"Loire";"Résidence";95;262;2640;13251
"2007";"43";"Haute-Loire";"Tous Logements";1790;1640;248188;227121
"2007";"43";"Haute-Loire";"Individuel pur";1322;1291;190642;183024
"2007";"43";"Haute-Loire";"Individuel groupé";144;108;14297;10625
"2007";"43";"Haute-Loire";"Collectif";288;214;26913;17742
"2007";"43";"Haute-Loire";"Résidence";36;27;1625;1934
"2007";"44";"Loire-Atlantique";"Tous Logements";11607;12931;1206679;1226168
"2007";"44";"Loire-Atlantique";"Individuel pur";4941;5256;654992;699747
"2007";"44";"Loire-Atlantique";"Individuel groupé";1170;1152;109192;109901
"2007";"44";"Loire-Atlantique";"Collectif";5051;5926;349137;385835
"2007";"44";"Loire-Atlantique";"Résidence";445;597;19618;24799
"2007";"45";"Loiret";"Tous Logements";4438;3649;492966;431808
"2007";"45";"Loiret";"Individuel pur";2095;1966;289423;271189
"2007";"45";"Loiret";"Individuel groupé";595;575;57863;57932
"2007";"45";"Loiret";"Collectif";1254;873;83344;62892
"2007";"45";"Loiret";"Résidence";494;235;26044;15249
"2007";"46";"Lot";"Tous Logements";1748;1886;217764;223522
"2007";"46";"Lot";"Individuel pur";1275;1303;172407;177623
"2007";"46";"Lot";"Individuel groupé";98;221;11021;22617
"2007";"46";"Lot";"Collectif";130;278;12832;17861
"2007";"46";"Lot";"Résidence";245;84;13946;5051
"2007";"47";"Lot-et-Garonne";"Tous Logements";3152;3038;379351;340996
"2007";"47";"Lot-et-Garonne";"Individuel pur";1760;1761;243015;242179
"2007";"47";"Lot-et-Garonne";"Individuel groupé";187;268;18502;25671
"2007";"47";"Lot-et-Garonne";"Collectif";363;643;23980;39215
"2007";"47";"Lot-et-Garonne";"Résidence";842;366;70318;18880
"2007";"48";"Lozère";"Tous Logements";753;676;90342;84961
"2007";"48";"Lozère";"Individuel pur";489;483;68680;69901
"2007";"48";"Lozère";"Individuel groupé";35;29;3525;3419
"2007";"48";"Lozère";"Collectif";182;149;11882;10352
"2007";"48";"Lozère";"Résidence";47;15;4243;533
"2007";"49";"Maine-et-Loire";"Tous Logements";5896;6398;686696;684712
"2007";"49";"Maine-et-Loire";"Individuel pur";3358;3426;444556;449707
"2007";"49";"Maine-et-Loire";"Individuel groupé";758;943;77624;92784
"2007";"49";"Maine-et-Loire";"Collectif";1612;1715;121891;118143
"2007";"49";"Maine-et-Loire";"Résidence";168;314;12585;22504
"2007";"50";"Manche";"Tous Logements";3792;4168;511054;523440
"2007";"50";"Manche";"Individuel pur";2922;2887;404042;402195
"2007";"50";"Manche";"Individuel groupé";301;507;30037;50350
"2007";"50";"Manche";"Collectif";548;733;41312;55168
"2007";"50";"Manche";"Résidence";21;41;2459;4238
"2007";"51";"Marne";"Tous Logements";4184;3226;478016;374114
"2007";"51";"Marne";"Individuel pur";1421;1453;214566;219087
"2007";"51";"Marne";"Individuel groupé";415;369;50676;39494
"2007";"51";"Marne";"Collectif";2186;1237;185706;107108
"2007";"51";"Marne";"Résidence";162;167;7020;6832
"2007";"52";"Haute-Marne";"Tous Logements";875;632;114528;84337
"2007";"52";"Haute-Marne";"Individuel pur";433;458;62037;66670
"2007";"52";"Haute-Marne";"Individuel groupé";135;62;16378;6220
"2007";"52";"Haute-Marne";"Collectif";305;112;29699;11199
"2007";"52";"Haute-Marne";"Résidence";2;0;116;0
"2007";"53";"Mayenne";"Tous Logements";2287;2312;283960;279342
"2007";"53";"Mayenne";"Individuel pur";1459;1543;206950;215250
"2007";"53";"Mayenne";"Individuel groupé";308;348;28617;32494
"2007";"53";"Mayenne";"Collectif";479;300;35603;25188
"2007";"53";"Mayenne";"Résidence";41;121;3503;6104
"2007";"54";"Meurthe-et-Moselle";"Tous Logements";3306;3981;386310;460322
"2007";"54";"Meurthe-et-Moselle";"Individuel pur";1318;1387;206406;219992
"2007";"54";"Meurthe-et-Moselle";"Individuel groupé";455;310;48328;35515
"2007";"54";"Meurthe-et-Moselle";"Collectif";1433;2184;109601;183703
"2007";"54";"Meurthe-et-Moselle";"Résidence";100;100;5850;6933
"2007";"55";"Meuse";"Tous Logements";1101;923;147644;134154
"2007";"55";"Meuse";"Individuel pur";730;709;109776;104823
"2007";"55";"Meuse";"Individuel groupé";108;80;10632;8902
"2007";"55";"Meuse";"Collectif";246;124;17136;11473
"2007";"55";"Meuse";"Résidence";17;10;2596;2081
"2007";"56";"Morbihan";"Tous Logements";9179;8810;1034875;972277
"2007";"56";"Morbihan";"Individuel pur";4849;4753;672489;654044
"2007";"56";"Morbihan";"Individuel groupé";1173;1056;107457;100655
"2007";"56";"Morbihan";"Collectif";2818;2811;197517;200866
"2007";"56";"Morbihan";"Résidence";339;190;18135;11353
"2007";"57";"Moselle";"Tous Logements";8062;6838;927027;864177
"2007";"57";"Moselle";"Individuel pur";2840;2865;476161;481161
"2007";"57";"Moselle";"Individuel groupé";745;716;85928;86202
"2007";"57";"Moselle";"Collectif";3445;3219;252800;263117
"2007";"57";"Moselle";"Résidence";1032;38;75761;2051
"2007";"58";"Nièvre";"Tous Logements";993;1030;124957;120962
"2007";"58";"Nièvre";"Individuel pur";654;608;85810;78963
"2007";"58";"Nièvre";"Individuel groupé";59;76;4783;11614
"2007";"58";"Nièvre";"Collectif";208;228;17381;15972
"2007";"58";"Nièvre";"Résidence";72;118;7088;11986
"2007";"59";"Nord";"Tous Logements";12814;12823;1394524;1338786
"2007";"59";"Nord";"Individuel pur";3663;3535;556262;532444
"2007";"59";"Nord";"Individuel groupé";3411;3194;331305;317050
"2007";"59";"Nord";"Collectif";5033;5491;372426;397065
"2007";"59";"Nord";"Résidence";707;603;33990;31679
"2007";"60";"Oise";"Tous Logements";4372;4616;459894;474881
"2007";"60";"Oise";"Individuel pur";1940;1963;260104;266650
"2007";"60";"Oise";"Individuel groupé";807;810;77234;83073
"2007";"60";"Oise";"Collectif";1450;1689;105500;117219
"2007";"60";"Oise";"Résidence";175;154;7739;7249
"2007";"61";"Orne";"Tous Logements";1727;1770;227917;215977
"2007";"61";"Orne";"Individuel pur";1199;1167;162564;159123
"2007";"61";"Orne";"Individuel groupé";247;165;23910;16808
"2007";"61";"Orne";"Collectif";259;409;21852;32212
"2007";"61";"Orne";"Résidence";22;29;1131;2646
"2007";"62";"Pas-de-Calais";"Tous Logements";8899;8355;1010035;935364
"2007";"62";"Pas-de-Calais";"Individuel pur";3356;3562;490834;516441
"2007";"62";"Pas-de-Calais";"Individuel groupé";2026;1980;199941;191580
"2007";"62";"Pas-de-Calais";"Collectif";3220;2676;222049;197031
"2007";"62";"Pas-de-Calais";"Résidence";297;137;22720;10679
"2007";"63";"Puy-de-Dôme";"Tous Logements";4416;4410;499790;482720
"2007";"63";"Puy-de-Dôme";"Individuel pur";2374;2406;316724;322566
"2007";"63";"Puy-de-Dôme";"Individuel groupé";347;199;41201;19272
"2007";"63";"Puy-de-Dôme";"Collectif";1122;1439;85714;107713
"2007";"63";"Puy-de-Dôme";"Résidence";573;366;29445;14211
"2007";"64";"Pyrénées-Atlantiques";"Tous Logements";8522;7018;860384;760401
"2007";"64";"Pyrénées-Atlantiques";"Individuel pur";2838;2870;428274;433621
"2007";"64";"Pyrénées-Atlantiques";"Individuel groupé";737;418;65103;41379
"2007";"64";"Pyrénées-Atlantiques";"Collectif";4200;3290;297068;243776
"2007";"64";"Pyrénées-Atlantiques";"Résidence";747;440;44769;25012
"2007";"65";"Hautes-Pyrénées";"Tous Logements";2586;2518;266213;244227
"2007";"65";"Hautes-Pyrénées";"Individuel pur";1119;1123;153283;153876
"2007";"65";"Hautes-Pyrénées";"Individuel groupé";437;189;39625;18205
"2007";"65";"Hautes-Pyrénées";"Collectif";794;1009;55590;60587
"2007";"65";"Hautes-Pyrénées";"Résidence";236;197;13290;11243
"2007";"66";"Pyrénées-Orientales";"Tous Logements";4768;5084;450829;468595
"2007";"66";"Pyrénées-Orientales";"Individuel pur";1541;1571;208794;211083
"2007";"66";"Pyrénées-Orientales";"Individuel groupé";627;764;60296;72147
"2007";"66";"Pyrénées-Orientales";"Collectif";2060;2131;144637;148393
"2007";"66";"Pyrénées-Orientales";"Résidence";540;618;29780;32682
"2007";"67";"Bas-Rhin";"Tous Logements";7910;7226;910866;839969
"2007";"67";"Bas-Rhin";"Individuel pur";2229;2113;392602;378880
"2007";"67";"Bas-Rhin";"Individuel groupé";624;572;73666;72189
"2007";"67";"Bas-Rhin";"Collectif";4954;4518;411149;374125
"2007";"67";"Bas-Rhin";"Résidence";103;23;6143;809
"2007";"68";"Haut-Rhin";"Tous Logements";5004;5575;605149;647902
"2007";"68";"Haut-Rhin";"Individuel pur";1946;1929;327940;332781
"2007";"68";"Haut-Rhin";"Individuel groupé";374;294;43120;35077
"2007";"68";"Haut-Rhin";"Collectif";2489;3169;205720;261626
"2007";"68";"Haut-Rhin";"Résidence";195;183;13632;10958
"2007";"69";"Rhône";"Tous Logements";14904;14670;1286631;1241656
"2007";"69";"Rhône";"Individuel pur";2286;2138;332226;317195
"2007";"69";"Rhône";"Individuel groupé";960;899;106658;105421
"2007";"69";"Rhône";"Collectif";10560;10237;782488;757752
"2007";"69";"Rhône";"Résidence";1098;1396;31686;45285
"2007";"70";"Haute-Saône";"Tous Logements";1530;1394;210105;182395
"2007";"70";"Haute-Saône";"Individuel pur";1081;1028;157812;148825
"2007";"70";"Haute-Saône";"Individuel groupé";186;162;19830;16916
"2007";"70";"Haute-Saône";"Collectif";249;161;20473;13186
"2007";"70";"Haute-Saône";"Résidence";14;43;1050;1868
"2007";"71";"Saône-et-Loire";"Tous Logements";4019;3630;473941;427473
"2007";"71";"Saône-et-Loire";"Individuel pur";2265;2252;301218;299833
"2007";"71";"Saône-et-Loire";"Individuel groupé";408;344;37490;34372
"2007";"71";"Saône-et-Loire";"Collectif";928;857;73133;66071
"2007";"71";"Saône-et-Loire";"Résidence";418;177;24750;9454
"2007";"72";"Sarthe";"Tous Logements";3894;3151;468020;393346
"2007";"72";"Sarthe";"Individuel pur";2363;2501;322934;338017
"2007";"72";"Sarthe";"Individuel groupé";276;217;28013;23160
"2007";"72";"Sarthe";"Collectif";1225;433;82758;31296
"2007";"72";"Sarthe";"Résidence";30;0;1693;0
"2007";"73";"Savoie";"Tous Logements";6631;6242;623722;560282
"2007";"73";"Savoie";"Individuel pur";1801;1614;246727;217279
"2007";"73";"Savoie";"Individuel groupé";279;331;31753;37417
"2007";"73";"Savoie";"Collectif";3674;3411;276579;248648
"2007";"73";"Savoie";"Résidence";877;886;60778;54761
"2007";"74";"Haute-Savoie";"Tous Logements";11033;8039;992691;763542
"2007";"74";"Haute-Savoie";"Individuel pur";2145;2056;315630;305011
"2007";"74";"Haute-Savoie";"Individuel groupé";1151;743;128689;83338
"2007";"74";"Haute-Savoie";"Collectif";6661;4891;476936;346479
"2007";"74";"Haute-Savoie";"Résidence";1076;349;52670;22889
"2007";"75";"Paris";"Tous Logements";2912;3415;196702;217433
"2007";"75";"Paris";"Individuel pur";48;24;5145;2203
"2007";"75";"Paris";"Individuel groupé";50;42;3838;3668
"2007";"75";"Paris";"Collectif";2712;3165;178673;208945
"2007";"75";"Paris";"Résidence";102;184;2774;604
"2007";"76";"Seine-Maritime";"Tous Logements";5998;5808;736811;683149
"2007";"76";"Seine-Maritime";"Individuel pur";3214;3035;429454;403155
"2007";"76";"Seine-Maritime";"Individuel groupé";436;556;54354;60481
"2007";"76";"Seine-Maritime";"Collectif";2276;2137;170760;158456
"2007";"76";"Seine-Maritime";"Résidence";72;80;4803;5277
"2007";"77";"Seine-et-Marne";"Tous Logements";9226;8958;880554;838772
"2007";"77";"Seine-et-Marne";"Individuel pur";2009;2044;286412;291406
"2007";"77";"Seine-et-Marne";"Individuel groupé";1293;1375;146445;164928
"2007";"77";"Seine-et-Marne";"Collectif";5386;5211;372550;360274
"2007";"77";"Seine-et-Marne";"Résidence";538;328;22626;13082
"2007";"78";"Yvelines";"Tous Logements";6085;4681;623686;449310
"2007";"78";"Yvelines";"Individuel pur";1239;1125;202443;178448
"2007";"78";"Yvelines";"Individuel groupé";681;484;75996;61320
"2007";"78";"Yvelines";"Collectif";3757;2639;270166;182832
"2007";"78";"Yvelines";"Résidence";408;433;19282;17464
"2007";"79";"Deux-Sèvres";"Tous Logements";3471;2825;397017;332911
"2007";"79";"Deux-Sèvres";"Individuel pur";2046;2031;276757;273093
"2007";"79";"Deux-Sèvres";"Individuel groupé";771;326;62605;31081
"2007";"79";"Deux-Sèvres";"Collectif";474;182;31439;11086
"2007";"79";"Deux-Sèvres";"Résidence";180;286;11407;14112
"2007";"80";"Somme";"Tous Logements";3376;3673;366606;385820
"2007";"80";"Somme";"Individuel pur";1622;1669;223198;229111
"2007";"80";"Somme";"Individuel groupé";514;848;48201;74517
"2007";"80";"Somme";"Collectif";969;938;68860;67592
"2007";"80";"Somme";"Résidence";271;218;14662;12383
"2007";"81";"Tarn";"Tous Logements";3485;2881;387624;329095
"2007";"81";"Tarn";"Individuel pur";2081;2057;272786;270947
"2007";"81";"Tarn";"Individuel groupé";488;295;45248;28661
"2007";"81";"Tarn";"Collectif";688;502;44227;26587
"2007";"81";"Tarn";"Résidence";228;27;15253;1928
"2007";"82";"Tarn-et-Garonne";"Tous Logements";2350;2144;270737;253941
"2007";"82";"Tarn-et-Garonne";"Individuel pur";1452;1518;194175;202216
"2007";"82";"Tarn-et-Garonne";"Individuel groupé";233;278;24257;26382
"2007";"82";"Tarn-et-Garonne";"Collectif";310;258;25244;18909
"2007";"82";"Tarn-et-Garonne";"Résidence";355;90;19151;3834
"2007";"83";"Var";"Tous Logements";7491;7220;765782;709970
"2007";"83";"Var";"Individuel pur";2663;2488;368913;336260
"2007";"83";"Var";"Individuel groupé";696;599;68203;59735
"2007";"83";"Var";"Collectif";3822;3751;262709;284971
"2007";"83";"Var";"Résidence";310;382;27774;23244
"2007";"84";"Vaucluse";"Tous Logements";4310;3606;388195;341087
"2007";"84";"Vaucluse";"Individuel pur";1459;1436;189052;185485
"2007";"84";"Vaucluse";"Individuel groupé";786;719;71513;66137
"2007";"84";"Vaucluse";"Collectif";1585;1207;91400;77857
"2007";"84";"Vaucluse";"Résidence";480;244;21990;8337
"2007";"85";"Vendée";"Tous Logements";7746;8070;924096;908349
"2007";"85";"Vendée";"Individuel pur";5749;5781;730396;729908
"2007";"85";"Vendée";"Individuel groupé";572;720;53275;65503
"2007";"85";"Vendée";"Collectif";1077;1494;74750;103998
"2007";"85";"Vendée";"Résidence";348;75;23286;4011
"2007";"86";"Vienne";"Tous Logements";3274;2964;388464;340208
"2007";"86";"Vienne";"Individuel pur";2006;1879;267250;247878
"2007";"86";"Vienne";"Individuel groupé";493;469;47779;45173
"2007";"86";"Vienne";"Collectif";651;510;50307;34862
"2007";"86";"Vienne";"Résidence";124;106;6555;7403
"2007";"87";"Haute-Vienne";"Tous Logements";2700;3442;339426;381041
"2007";"87";"Haute-Vienne";"Individuel pur";1722;1621;240530;225593
"2007";"87";"Haute-Vienne";"Individuel groupé";237;374;27819;41472
"2007";"87";"Haute-Vienne";"Collectif";660;1320;47796;96300
"2007";"87";"Haute-Vienne";"Résidence";81;127;6643;8161
"2007";"88";"Vosges";"Tous Logements";2372;2501;319182;323548
"2007";"88";"Vosges";"Individuel pur";1374;1359;206601;204602
"2007";"88";"Vosges";"Individuel groupé";202;249;22629;28716
"2007";"88";"Vosges";"Collectif";653;721;55687;61112
"2007";"88";"Vosges";"Résidence";143;172;11848;10037
"2007";"89";"Yonne";"Tous Logements";2296;1891;261629;228348
"2007";"89";"Yonne";"Individuel pur";1252;1177;172186;159703
"2007";"89";"Yonne";"Individuel groupé";341;286;38806;31004
"2007";"89";"Yonne";"Collectif";703;425;40464;35243
"2007";"89";"Yonne";"Résidence";0;3;0;128
"2007";"90";"Territoire de Belfort";"Tous Logements";969;992;108595;110057
"2007";"90";"Territoire de Belfort";"Individuel pur";430;439;63670;64196
"2007";"90";"Territoire de Belfort";"Individuel groupé";52;32;6012;3578
"2007";"90";"Territoire de Belfort";"Collectif";487;503;36922;41162
"2007";"90";"Territoire de Belfort";"Résidence";0;18;0;1029
"2007";"91";"Essonne";"Tous Logements";6479;5671;605075;519870
"2007";"91";"Essonne";"Individuel pur";1122;1046;160004;151357
"2007";"91";"Essonne";"Individuel groupé";996;735;103361;79130
"2007";"91";"Essonne";"Collectif";4214;3890;289568;280479
"2007";"91";"Essonne";"Résidence";147;0;11236;0
"2007";"92";"Hauts-de-Seine";"Tous Logements";6399;5966;518427;500917
"2007";"92";"Hauts-de-Seine";"Individuel pur";213;205;31832;32281
"2007";"92";"Hauts-de-Seine";"Individuel groupé";317;281;33204;31625
"2007";"92";"Hauts-de-Seine";"Collectif";5263;5071;394386;405002
"2007";"92";"Hauts-de-Seine";"Résidence";606;409;26266;18362
"2007";"93";"Seine-Saint-Denis";"Tous Logements";6921;6978;552482;520631
"2007";"93";"Seine-Saint-Denis";"Individuel pur";405;392;58665;56882
"2007";"93";"Seine-Saint-Denis";"Individuel groupé";534;398;50425;39120
"2007";"93";"Seine-Saint-Denis";"Collectif";5432;5222;397185;380948
"2007";"93";"Seine-Saint-Denis";"Résidence";550;966;20647;34502
"2007";"94";"Val-de-Marne";"Tous Logements";4685;5227;396879;377454
"2007";"94";"Val-de-Marne";"Individuel pur";415;370;64836;58565
"2007";"94";"Val-de-Marne";"Individuel groupé";395;337;36507;39102
"2007";"94";"Val-de-Marne";"Collectif";3755;3701;262997;254747
"2007";"94";"Val-de-Marne";"Résidence";120;819;3414;17247
"2007";"95";"Val-d'Oise";"Tous Logements";6225;5071;543390;429655
"2007";"95";"Val-d'Oise";"Individuel pur";872;846;130138;126881
"2007";"95";"Val-d'Oise";"Individuel groupé";548;494;60095;55070
"2007";"95";"Val-d'Oise";"Collectif";4268;3154;298755;220978
"2007";"95";"Val-d'Oise";"Résidence";537;577;22820;20509
"2007";"971";"Guadeloupe";"Tous Logements";4716;2521;443567;228397
"2007";"971";"Guadeloupe";"Individuel pur";2196;1035;246636;115738
"2007";"971";"Guadeloupe";"Individuel groupé";606;145;47497;13162
"2007";"971";"Guadeloupe";"Collectif";1767;1329;127334;96929
"2007";"971";"Guadeloupe";"Résidence";147;12;11542;1368
"2007";"972";"Martinique";"Tous Logements";3217;2741;282496;230328
"2007";"972";"Martinique";"Individuel pur";1209;753;131638;83687
"2007";"972";"Martinique";"Individuel groupé";574;243;43451;20655
"2007";"972";"Martinique";"Collectif";1397;1609;103668;120256
"2007";"972";"Martinique";"Résidence";37;136;3023;5568
"2007";"973";"Guyane";"Tous Logements";620;223;60841;24903
"2007";"973";"Guyane";"Individuel pur";94;30;12009;3865
"2007";"973";"Guyane";"Individuel groupé";100;159;11827;16240
"2007";"973";"Guyane";"Collectif";313;27;22756;1840
"2007";"973";"Guyane";"Résidence";113;7;8262;556
"2007";"974";"La Réunion";"Tous Logements";10911;9647;880469;781640
"2007";"974";"La Réunion";"Individuel pur";3065;2658;312228;272444
"2007";"974";"La Réunion";"Individuel groupé";1202;1108;91638;89737
"2007";"974";"La Réunion";"Collectif";6461;5651;436644;388683
"2007";"974";"La Réunion";"Résidence";183;230;10800;7826
"2006";"01";"Ain";"Tous Logements";7423;5768;767908;635187
"2006";"01";"Ain";"Individuel pur";2599;2454;363367;343132
"2006";"01";"Ain";"Individuel groupé";995;668;109744;73829
"2006";"01";"Ain";"Collectif";3439;2398;246320;192928
"2006";"01";"Ain";"Résidence";390;248;19094;12467
"2006";"02";"Aisne";"Tous Logements";2554;2410;302651;272985
"2006";"02";"Aisne";"Individuel pur";1418;1320;198029;181910
"2006";"02";"Aisne";"Individuel groupé";355;443;35389;43046
"2006";"02";"Aisne";"Collectif";630;610;50092;45262
"2006";"02";"Aisne";"Résidence";151;37;9306;1977
"2006";"03";"Allier";"Tous Logements";2443;2141;289589;251888
"2006";"03";"Allier";"Individuel pur";1245;1215;173501;168694
"2006";"03";"Allier";"Individuel groupé";301;168;31031;16278
"2006";"03";"Allier";"Collectif";781;641;53848;46811
"2006";"03";"Allier";"Résidence";116;117;7352;7347
"2006";"04";"Alpes-de-Haute-Provence";"Tous Logements";2653;1992;225063;182518
"2006";"04";"Alpes-de-Haute-Provence";"Individuel pur";962;918;112187;109059
"2006";"04";"Alpes-de-Haute-Provence";"Individuel groupé";355;200;31698;19081
"2006";"04";"Alpes-de-Haute-Provence";"Collectif";959;582;56931;40260
"2006";"04";"Alpes-de-Haute-Provence";"Résidence";377;292;16358;12164
"2006";"05";"Hautes-Alpes";"Tous Logements";3060;3040;250455;241116
"2006";"05";"Hautes-Alpes";"Individuel pur";796;830;103225;108519
"2006";"05";"Hautes-Alpes";"Individuel groupé";165;163;15028;13909
"2006";"05";"Hautes-Alpes";"Collectif";1734;1881;107134;111171
"2006";"05";"Hautes-Alpes";"Résidence";365;166;19821;6690
"2006";"06";"Alpes-Maritimes";"Tous Logements";7548;5654;642999;496948
"2006";"06";"Alpes-Maritimes";"Individuel pur";1175;1074;183523;166504
"2006";"06";"Alpes-Maritimes";"Individuel groupé";368;332;43399;36548
"2006";"06";"Alpes-Maritimes";"Collectif";5214;3852;360174;272973
"2006";"06";"Alpes-Maritimes";"Résidence";791;396;33618;17833
"2006";"07";"Ardèche";"Tous Logements";2790;2857;325379;323375
"2006";"07";"Ardèche";"Individuel pur";1909;1964;246641;252971
"2006";"07";"Ardèche";"Individuel groupé";263;251;27001;24726
"2006";"07";"Ardèche";"Collectif";598;588;41276;41648
"2006";"07";"Ardèche";"Résidence";20;54;1881;3401
"2006";"08";"Ardennes";"Tous Logements";1408;1023;186245;139598
"2006";"08";"Ardennes";"Individuel pur";875;791;127076;115583
"2006";"08";"Ardennes";"Individuel groupé";154;99;19034;13162
"2006";"08";"Ardennes";"Collectif";379;133;34284;10664
"2006";"08";"Ardennes";"Résidence";0;0;0;0
"2006";"09";"Ariège";"Tous Logements";1717;1468;188777;165252
"2006";"09";"Ariège";"Individuel pur";1024;976;135187;127289
"2006";"09";"Ariège";"Individuel groupé";209;142;21881;15479
"2006";"09";"Ariège";"Collectif";418;274;23654;17108
"2006";"09";"Ariège";"Résidence";66;76;4808;4909
"2006";"10";"Aube";"Tous Logements";1769;1853;225877;215854
"2006";"10";"Aube";"Individuel pur";1162;1018;165179;144459
"2006";"10";"Aube";"Individuel groupé";153;316;15790;26727
"2006";"10";"Aube";"Collectif";401;463;31195;38728
"2006";"10";"Aube";"Résidence";53;56;4112;4954
"2006";"11";"Aude";"Tous Logements";4199;3671;453780;400660
"2006";"11";"Aude";"Individuel pur";2186;2123;281507;273411
"2006";"11";"Aude";"Individuel groupé";494;490;55912;52630
"2006";"11";"Aude";"Collectif";1402;888;96396;60549
"2006";"11";"Aude";"Résidence";117;170;8885;8497
"2006";"12";"Aveyron";"Tous Logements";2842;2157;299546;240047
"2006";"12";"Aveyron";"Individuel pur";1336;1288;186808;177553
"2006";"12";"Aveyron";"Individuel groupé";198;147;18846;14503
"2006";"12";"Aveyron";"Collectif";859;693;58782;44065
"2006";"12";"Aveyron";"Résidence";449;29;27929;3758
"2006";"13";"Bouches-du-Rhône";"Tous Logements";16184;12151;1365636;1049927
"2006";"13";"Bouches-du-Rhône";"Individuel pur";2866;2550;379384;336160
"2006";"13";"Bouches-du-Rhône";"Individuel groupé";1859;1378;172634;131787
"2006";"13";"Bouches-du-Rhône";"Collectif";10651;7649;733456;543096
"2006";"13";"Bouches-du-Rhône";"Résidence";808;574;29896;26747
"2006";"14";"Calvados";"Tous Logements";6990;4965;774537;581516
"2006";"14";"Calvados";"Individuel pur";2845;2675;404495;379512
"2006";"14";"Calvados";"Individuel groupé";1036;730;105789;77514
"2006";"14";"Calvados";"Collectif";2336;1391;178962;103983
"2006";"14";"Calvados";"Résidence";773;169;42214;11181
"2006";"15";"Cantal";"Tous Logements";921;977;120169;121460
"2006";"15";"Cantal";"Individuel pur";708;699;94200;93182
"2006";"15";"Cantal";"Individuel groupé";50;44;5632;4870
"2006";"15";"Cantal";"Collectif";163;234;14069;20868
"2006";"15";"Cantal";"Résidence";0;0;0;0
"2006";"16";"Charente";"Tous Logements";3500;2931;412535;344229
"2006";"16";"Charente";"Individuel pur";2077;1970;284045;265728
"2006";"16";"Charente";"Individuel groupé";507;382;53975;39860
"2006";"16";"Charente";"Collectif";845;496;52036;27121
"2006";"16";"Charente";"Résidence";71;83;5211;6691
"2006";"17";"Charente-Maritime";"Tous Logements";8206;6931;917989;776841
"2006";"17";"Charente-Maritime";"Individuel pur";4658;4564;601017;583428
"2006";"17";"Charente-Maritime";"Individuel groupé";1468;1242;130753;112505
"2006";"17";"Charente-Maritime";"Collectif";1737;1002;119915;65233
"2006";"17";"Charente-Maritime";"Résidence";343;123;23385;9042
"2006";"18";"Cher";"Tous Logements";1944;1448;231255;182403
"2006";"18";"Cher";"Individuel pur";1190;1087;159652;147228
"2006";"18";"Cher";"Individuel groupé";363;223;35637;23089
"2006";"18";"Cher";"Collectif";353;112;24252;8610
"2006";"18";"Cher";"Résidence";38;26;2629;2557
"2006";"19";"Corrèze";"Tous Logements";1845;1974;253541;239733
"2006";"19";"Corrèze";"Individuel pur";1343;1248;197593;182853
"2006";"19";"Corrèze";"Individuel groupé";140;126;15701;13183
"2006";"19";"Corrèze";"Collectif";248;517;18863;36654
"2006";"19";"Corrèze";"Résidence";114;83;7655;3135
"2006";"21";"Côte-d'Or";"Tous Logements";3841;4067;443338;427234
"2006";"21";"Côte-d'Or";"Individuel pur";1620;1531;231530;212740
"2006";"21";"Côte-d'Or";"Individuel groupé";536;412;58314;49016
"2006";"21";"Côte-d'Or";"Collectif";1678;2016;131497;153693
"2006";"21";"Côte-d'Or";"Résidence";7;108;603;4609
"2006";"22";"Côtes-d'Armor";"Tous Logements";7675;7495;830664;785496
"2006";"22";"Côtes-d'Armor";"Individuel pur";3969;3932;534789;525420
"2006";"22";"Côtes-d'Armor";"Individuel groupé";923;742;78284;65380
"2006";"22";"Côtes-d'Armor";"Collectif";2474;2613;161631;171852
"2006";"22";"Côtes-d'Armor";"Résidence";309;208;19710;14081
"2006";"23";"Creuse";"Tous Logements";645;753;101242;103332
"2006";"23";"Creuse";"Individuel pur";541;578;81478;84161
"2006";"23";"Creuse";"Individuel groupé";45;90;4333;8169
"2006";"23";"Creuse";"Collectif";57;72;5194;6455
"2006";"23";"Creuse";"Résidence";2;13;189;187
"2006";"24";"Dordogne";"Tous Logements";5241;4994;621534;589793
"2006";"24";"Dordogne";"Individuel pur";3146;3104;427561;420573
"2006";"24";"Dordogne";"Individuel groupé";715;508;69166;52103
"2006";"24";"Dordogne";"Collectif";1109;1017;70968;69156
"2006";"24";"Dordogne";"Résidence";271;365;13174;18304
"2006";"25";"Doubs";"Tous Logements";4227;3592;492275;425020
"2006";"25";"Doubs";"Individuel pur";2031;1989;294093;288419
"2006";"25";"Doubs";"Individuel groupé";409;262;43961;31821
"2006";"25";"Doubs";"Collectif";1508;1309;122221;101485
"2006";"25";"Doubs";"Résidence";279;32;23642;1984
"2006";"26";"Drôme";"Tous Logements";4255;3963;477108;432840
"2006";"26";"Drôme";"Individuel pur";2053;2075;268723;265953
"2006";"26";"Drôme";"Individuel groupé";525;413;55321;43260
"2006";"26";"Drôme";"Collectif";1667;1401;137496;117589
"2006";"26";"Drôme";"Résidence";10;74;561;5677
"2006";"27";"Eure";"Tous Logements";4326;4076;503243;432362
"2006";"27";"Eure";"Individuel pur";2474;2283;322465;297358
"2006";"27";"Eure";"Individuel groupé";472;429;45849;43911
"2006";"27";"Eure";"Collectif";1238;1161;95155;77166
"2006";"27";"Eure";"Résidence";142;203;11020;9890
"2006";"28";"Eure-et-Loir";"Tous Logements";3432;3038;380558;323965
"2006";"28";"Eure-et-Loir";"Individuel pur";1571;1521;208865;202409
"2006";"28";"Eure-et-Loir";"Individuel groupé";597;505;59715;51735
"2006";"28";"Eure-et-Loir";"Collectif";1190;989;81305;65951
"2006";"28";"Eure-et-Loir";"Résidence";74;23;4391;642
"2006";"29";"Finistère";"Tous Logements";10047;8824;1090740;965583
"2006";"29";"Finistère";"Individuel pur";5242;4990;702077;670444
"2006";"29";"Finistère";"Individuel groupé";1093;973;103450;90397
"2006";"29";"Finistère";"Collectif";3327;2272;233946;167009
"2006";"29";"Finistère";"Résidence";385;589;23170;33349
"2006";"2A";"Corse-du-Sud";"Tous Logements";1937;1517;215394;174611
"2006";"2A";"Corse-du-Sud";"Individuel pur";822;688;126769;103399
"2006";"2A";"Corse-du-Sud";"Individuel groupé";87;89;10163;8581
"2006";"2A";"Corse-du-Sud";"Collectif";1006;716;70901;60462
"2006";"2A";"Corse-du-Sud";"Résidence";22;24;1712;1504
"2006";"2B";"Haute-Corse";"Tous Logements";2721;2256;247697;215152
"2006";"2B";"Haute-Corse";"Individuel pur";727;664;97053;88334
"2006";"2B";"Haute-Corse";"Individuel groupé";325;226;28568;22217
"2006";"2B";"Haute-Corse";"Collectif";1664;1345;114270;98865
"2006";"2B";"Haute-Corse";"Résidence";5;21;292;864
"2006";"30";"Gard";"Tous Logements";6991;7380;744169;755929
"2006";"30";"Gard";"Individuel pur";3314;3227;437135;427364
"2006";"30";"Gard";"Individuel groupé";1123;1333;110297;134267
"2006";"30";"Gard";"Collectif";2288;2150;165597;145080
"2006";"30";"Gard";"Résidence";266;670;10078;37349
"2006";"31";"Haute-Garonne";"Tous Logements";17978;14706;1644906;1344766
"2006";"31";"Haute-Garonne";"Individuel pur";3908;3821;559582;548145
"2006";"31";"Haute-Garonne";"Individuel groupé";2517;1951;253705;196023
"2006";"31";"Haute-Garonne";"Collectif";10331;8132;741466;563662
"2006";"31";"Haute-Garonne";"Résidence";1222;802;53646;33886
"2006";"32";"Gers";"Tous Logements";2315;2313;261256;249329
"2006";"32";"Gers";"Individuel pur";1368;1292;190483;178735
"2006";"32";"Gers";"Individuel groupé";193;163;18097;15515
"2006";"32";"Gers";"Collectif";707;841;43972;51713
"2006";"32";"Gers";"Résidence";47;17;3929;1357
"2006";"33";"Gironde";"Tous Logements";15679;15030;1569045;1466388
"2006";"33";"Gironde";"Individuel pur";5375;5310;691445;684338
"2006";"33";"Gironde";"Individuel groupé";3145;3633;288016;325616
"2006";"33";"Gironde";"Collectif";6806;5222;463286;356596
"2006";"33";"Gironde";"Résidence";353;865;16001;38529
"2006";"34";"Hérault";"Tous Logements";11796;11768;1097239;1049331
"2006";"34";"Hérault";"Individuel pur";3495;3372;474742;455483
"2006";"34";"Hérault";"Individuel groupé";1046;1174;106264;116816
"2006";"34";"Hérault";"Collectif";6870;6415;475578;436255
"2006";"34";"Hérault";"Résidence";385;807;11325;28025
"2006";"35";"Ille-et-Vilaine";"Tous Logements";12100;10517;1248457;1111231
"2006";"35";"Ille-et-Vilaine";"Individuel pur";4462;4511;654262;660170
"2006";"35";"Ille-et-Vilaine";"Individuel groupé";799;766;83726;82040
"2006";"35";"Ille-et-Vilaine";"Collectif";6157;4585;447677;332360
"2006";"35";"Ille-et-Vilaine";"Résidence";682;655;27337;32252
"2006";"36";"Indre";"Tous Logements";1304;1158;156658;140595
"2006";"36";"Indre";"Individuel pur";763;725;103315;98457
"2006";"36";"Indre";"Individuel groupé";413;325;37688;31705
"2006";"36";"Indre";"Collectif";104;107;5687;7636
"2006";"36";"Indre";"Résidence";24;1;2136;73
"2006";"37";"Indre-et-Loire";"Tous Logements";5212;4699;604879;526337
"2006";"37";"Indre-et-Loire";"Individuel pur";2124;2093;313632;304646
"2006";"37";"Indre-et-Loire";"Individuel groupé";857;751;91650;83126
"2006";"37";"Indre-et-Loire";"Collectif";2161;1665;166390;120774
"2006";"37";"Indre-et-Loire";"Résidence";70;190;5004;12606
"2006";"38";"Isère";"Tous Logements";11062;9503;1106756;948892
"2006";"38";"Isère";"Individuel pur";3657;3594;509091;497418
"2006";"38";"Isère";"Individuel groupé";968;791;104872;84204
"2006";"38";"Isère";"Collectif";6102;4811;457611;355936
"2006";"38";"Isère";"Résidence";335;307;9460;5086
"2006";"39";"Jura";"Tous Logements";2240;1922;264877;230416
"2006";"39";"Jura";"Individuel pur";1297;1236;173493;165991
"2006";"39";"Jura";"Individuel groupé";176;150;17828;16255
"2006";"39";"Jura";"Collectif";732;470;61743;41115
"2006";"39";"Jura";"Résidence";35;66;2626;4344
"2006";"40";"Landes";"Tous Logements";6009;5870;628116;594566
"2006";"40";"Landes";"Individuel pur";2614;2507;355261;339853
"2006";"40";"Landes";"Individuel groupé";758;896;67534;78123
"2006";"40";"Landes";"Collectif";2440;2320;161006;153941
"2006";"40";"Landes";"Résidence";197;147;11932;7138
"2006";"41";"Loir-et-Cher";"Tous Logements";2701;2168;327044;260734
"2006";"41";"Loir-et-Cher";"Individuel pur";1421;1362;200766;194515
"2006";"41";"Loir-et-Cher";"Individuel groupé";319;313;31057;30736
"2006";"41";"Loir-et-Cher";"Collectif";597;487;49731;31424
"2006";"41";"Loir-et-Cher";"Résidence";364;6;20121;601
"2006";"42";"Loire";"Tous Logements";4675;4048;568875;470279
"2006";"42";"Loire";"Individuel pur";2040;2046;283773;284448
"2006";"42";"Loire";"Individuel groupé";528;318;59054;35456
"2006";"42";"Loire";"Collectif";1799;1598;149577;134951
"2006";"42";"Loire";"Résidence";308;86;15203;3951
"2006";"43";"Haute-Loire";"Tous Logements";1870;1714;248688;231789
"2006";"43";"Haute-Loire";"Individuel pur";1367;1320;190924;185874
"2006";"43";"Haute-Loire";"Individuel groupé";162;118;16358;13903
"2006";"43";"Haute-Loire";"Collectif";256;216;21881;20336
"2006";"43";"Haute-Loire";"Résidence";85;60;5421;3588
"2006";"44";"Loire-Atlantique";"Tous Logements";14749;11960;1454302;1188094
"2006";"44";"Loire-Atlantique";"Individuel pur";5640;5450;757829;734453
"2006";"44";"Loire-Atlantique";"Individuel groupé";1364;1128;131195;112151
"2006";"44";"Loire-Atlantique";"Collectif";7117;5056;463101;326427
"2006";"44";"Loire-Atlantique";"Résidence";628;326;27264;12100
"2006";"45";"Loiret";"Tous Logements";4508;3594;520338;405166
"2006";"45";"Loiret";"Individuel pur";1906;1821;262217;247159
"2006";"45";"Loiret";"Individuel groupé";999;658;104106;66265
"2006";"45";"Loiret";"Collectif";1482;994;115033;76466
"2006";"45";"Loiret";"Résidence";121;121;8013;5441
"2006";"46";"Lot";"Tous Logements";2161;1903;269360;229975
"2006";"46";"Lot";"Individuel pur";1476;1413;203176;192635
"2006";"46";"Lot";"Individuel groupé";250;111;26113;11284
"2006";"46";"Lot";"Collectif";397;287;27714;18631
"2006";"46";"Lot";"Résidence";38;92;2489;7010
"2006";"47";"Lot-et-Garonne";"Tous Logements";3346;3737;375913;393634
"2006";"47";"Lot-et-Garonne";"Individuel pur";1858;1745;250558;235281
"2006";"47";"Lot-et-Garonne";"Individuel groupé";364;455;34434;41304
"2006";"47";"Lot-et-Garonne";"Collectif";858;1425;49148;92003
"2006";"47";"Lot-et-Garonne";"Résidence";266;112;17896;10053
"2006";"48";"Lozère";"Tous Logements";847;714;98739;89967
"2006";"48";"Lozère";"Individuel pur";530;513;74842;72068
"2006";"48";"Lozère";"Individuel groupé";33;37;3199;4188
"2006";"48";"Lozère";"Collectif";235;151;15774;11555
"2006";"48";"Lozère";"Résidence";49;13;2330;1064
"2006";"49";"Maine-et-Loire";"Tous Logements";7284;5978;797423;661929
"2006";"49";"Maine-et-Loire";"Individuel pur";3717;3628;489939;477833
"2006";"49";"Maine-et-Loire";"Individuel groupé";1238;882;123986;89142
"2006";"49";"Maine-et-Loire";"Collectif";1969;1446;135049;91245
"2006";"49";"Maine-et-Loire";"Résidence";360;22;24136;1667
"2006";"50";"Manche";"Tous Logements";4845;4251;621249;529971
"2006";"50";"Manche";"Individuel pur";3048;3076;428987;422831
"2006";"50";"Manche";"Individuel groupé";685;506;69864;53495
"2006";"50";"Manche";"Collectif";1069;660;78797;44309
"2006";"50";"Manche";"Résidence";43;9;4256;1412
"2006";"51";"Marne";"Tous Logements";3892;3173;454897;378635
"2006";"51";"Marne";"Individuel pur";1453;1425;217930;213997
"2006";"51";"Marne";"Individuel groupé";496;374;55325;45758
"2006";"51";"Marne";"Collectif";1853;1369;151347;117484
"2006";"51";"Marne";"Résidence";90;5;6900;148
"2006";"52";"Haute-Marne";"Tous Logements";835;823;108249;105130
"2006";"52";"Haute-Marne";"Individuel pur";514;543;74492;79053
"2006";"52";"Haute-Marne";"Individuel groupé";48;90;4518;9169
"2006";"52";"Haute-Marne";"Collectif";233;189;18305;15911
"2006";"52";"Haute-Marne";"Résidence";40;1;2388;236
"2006";"53";"Mayenne";"Tous Logements";2192;2141;285531;275444
"2006";"53";"Mayenne";"Individuel pur";1569;1579;222696;228475
"2006";"53";"Mayenne";"Individuel groupé";290;254;29649;27126
"2006";"53";"Mayenne";"Collectif";212;304;18194;19187
"2006";"53";"Mayenne";"Résidence";121;4;6104;336
"2006";"54";"Meurthe-et-Moselle";"Tous Logements";4437;4838;526653;530513
"2006";"54";"Meurthe-et-Moselle";"Individuel pur";1642;1625;258717;253787
"2006";"54";"Meurthe-et-Moselle";"Individuel groupé";506;460;55674;49744
"2006";"54";"Meurthe-et-Moselle";"Collectif";2195;2562;187445;200366
"2006";"54";"Meurthe-et-Moselle";"Résidence";94;191;6303;9830
"2006";"55";"Meuse";"Tous Logements";1186;1197;153490;150919
"2006";"55";"Meuse";"Individuel pur";709;710;103986;105739
"2006";"55";"Meuse";"Individuel groupé";146;78;15388;6355
"2006";"55";"Meuse";"Collectif";331;404;26593;31888
"2006";"55";"Meuse";"Résidence";0;5;0;256
"2006";"56";"Morbihan";"Tous Logements";10057;10079;1100749;1047178
"2006";"56";"Morbihan";"Individuel pur";4978;4854;683498;661922
"2006";"56";"Morbihan";"Individuel groupé";1221;930;118622;87896
"2006";"56";"Morbihan";"Collectif";3436;3859;238151;261801
"2006";"56";"Morbihan";"Résidence";422;436;28483;31350
"2006";"57";"Moselle";"Tous Logements";7172;6952;904988;864713
"2006";"57";"Moselle";"Individuel pur";2934;2819;492110;476608
"2006";"57";"Moselle";"Individuel groupé";744;613;84993;71675
"2006";"57";"Moselle";"Collectif";3437;3281;286794;275376
"2006";"57";"Moselle";"Résidence";57;239;3454;6750
"2006";"58";"Nièvre";"Tous Logements";1212;1046;143555;111689
"2006";"58";"Nièvre";"Individuel pur";666;641;86111;81412
"2006";"58";"Nièvre";"Individuel groupé";97;111;13967;11159
"2006";"58";"Nièvre";"Collectif";359;203;22428;11604
"2006";"58";"Nièvre";"Résidence";90;91;7865;4571
"2006";"59";"Nord";"Tous Logements";15537;12099;1621682;1294611
"2006";"59";"Nord";"Individuel pur";3670;3455;556754;524608
"2006";"59";"Nord";"Individuel groupé";3615;3188;370144;326975
"2006";"59";"Nord";"Collectif";7395;5022;531378;357999
"2006";"59";"Nord";"Résidence";857;434;49195;26634
"2006";"60";"Oise";"Tous Logements";5852;5154;573488;489398
"2006";"60";"Oise";"Individuel pur";2172;2034;295147;275797
"2006";"60";"Oise";"Individuel groupé";1041;902;112287;92800
"2006";"60";"Oise";"Collectif";1858;1415;129544;89746
"2006";"60";"Oise";"Résidence";781;803;30305;30942
"2006";"61";"Orne";"Tous Logements";2354;1724;284133;204129
"2006";"61";"Orne";"Individuel pur";1263;1221;171763;160985
"2006";"61";"Orne";"Individuel groupé";356;232;35852;21081
"2006";"61";"Orne";"Collectif";714;266;52968;18227
"2006";"61";"Orne";"Résidence";21;5;2392;526
"2006";"62";"Pas-de-Calais";"Tous Logements";10431;8656;1214821;986811
"2006";"62";"Pas-de-Calais";"Individuel pur";4166;4034;608006;586556
"2006";"62";"Pas-de-Calais";"Individuel groupé";2753;2221;269713;220144
"2006";"62";"Pas-de-Calais";"Collectif";3330;2179;240403;154895
"2006";"62";"Pas-de-Calais";"Résidence";182;222;16310;14096
"2006";"63";"Puy-de-Dôme";"Tous Logements";5215;5288;560009;546782
"2006";"63";"Puy-de-Dôme";"Individuel pur";2479;2466;334272;328388
"2006";"63";"Puy-de-Dôme";"Individuel groupé";287;247;28338;26712
"2006";"63";"Puy-de-Dôme";"Collectif";2094;2440;157608;176871
"2006";"63";"Puy-de-Dôme";"Résidence";355;135;15081;5101
"2006";"64";"Pyrénées-Atlantiques";"Tous Logements";7810;6686;812306;708102
"2006";"64";"Pyrénées-Atlantiques";"Individuel pur";2854;2697;428257;400877
"2006";"64";"Pyrénées-Atlantiques";"Individuel groupé";383;380;35860;34580
"2006";"64";"Pyrénées-Atlantiques";"Collectif";4022;3598;294829;260210
"2006";"64";"Pyrénées-Atlantiques";"Résidence";551;11;30301;1164
"2006";"65";"Hautes-Pyrénées";"Tous Logements";2598;2441;266254;234224
"2006";"65";"Hautes-Pyrénées";"Individuel pur";1133;1057;154696;145253
"2006";"65";"Hautes-Pyrénées";"Individuel groupé";215;206;21610;20079
"2006";"65";"Hautes-Pyrénées";"Collectif";1002;887;66437;53689
"2006";"65";"Hautes-Pyrénées";"Résidence";248;291;14270;15026
"2006";"66";"Pyrénées-Orientales";"Tous Logements";5106;5213;489212;500075
"2006";"66";"Pyrénées-Orientales";"Individuel pur";1733;1718;228925;229724
"2006";"66";"Pyrénées-Orientales";"Individuel groupé";861;820;83121;79643
"2006";"66";"Pyrénées-Orientales";"Collectif";2186;2513;152927;177258
"2006";"66";"Pyrénées-Orientales";"Résidence";326;162;16949;10376
"2006";"67";"Bas-Rhin";"Tous Logements";8367;7717;968468;884011
"2006";"67";"Bas-Rhin";"Individuel pur";2248;2280;413334;421061
"2006";"67";"Bas-Rhin";"Individuel groupé";658;422;82751;53582
"2006";"67";"Bas-Rhin";"Collectif";5272;4796;444302;397986
"2006";"67";"Bas-Rhin";"Résidence";189;219;9431;6624
"2006";"68";"Haut-Rhin";"Tous Logements";6749;6125;735673;658964
"2006";"68";"Haut-Rhin";"Individuel pur";1868;1919;324412;330062
"2006";"68";"Haut-Rhin";"Individuel groupé";358;336;42272;39445
"2006";"68";"Haut-Rhin";"Collectif";4082;3517;330503;261475
"2006";"68";"Haut-Rhin";"Résidence";441;353;18603;21041
"2006";"69";"Rhône";"Tous Logements";17580;13212;1467288;1191025
"2006";"69";"Rhône";"Individuel pur";2276;2220;339963;327262
"2006";"69";"Rhône";"Individuel groupé";1162;1037;131824;120311
"2006";"69";"Rhône";"Collectif";12374;9092;905960;702921
"2006";"69";"Rhône";"Résidence";1768;863;55297;23740
"2006";"70";"Haute-Saône";"Tous Logements";1610;1497;203887;194184
"2006";"70";"Haute-Saône";"Individuel pur";1020;1039;147981;151767
"2006";"70";"Haute-Saône";"Individuel groupé";137;143;14034;14556
"2006";"70";"Haute-Saône";"Collectif";398;298;31365;24810
"2006";"70";"Haute-Saône";"Résidence";55;17;2204;1141
"2006";"71";"Saône-et-Loire";"Tous Logements";4115;3687;557797;471323
"2006";"71";"Saône-et-Loire";"Individuel pur";2446;2349;328977;310309
"2006";"71";"Saône-et-Loire";"Individuel groupé";626;496;62271;53299
"2006";"71";"Saône-et-Loire";"Collectif";888;780;63210;57570
"2006";"71";"Saône-et-Loire";"Résidence";155;62;10082;5764
"2006";"72";"Sarthe";"Tous Logements";3574;3574;462166;421711
"2006";"72";"Sarthe";"Individuel pur";2525;2464;343944;337825
"2006";"72";"Sarthe";"Individuel groupé";342;222;36374;23066
"2006";"72";"Sarthe";"Collectif";707;863;50629;58707
"2006";"72";"Sarthe";"Résidence";0;25;0;1505
"2006";"73";"Savoie";"Tous Logements";6567;5503;595217;519220
"2006";"73";"Savoie";"Individuel pur";1576;1646;216903;227701
"2006";"73";"Savoie";"Individuel groupé";343;296;39107;33547
"2006";"73";"Savoie";"Collectif";4116;3336;295527;240575
"2006";"73";"Savoie";"Résidence";532;225;34830;15915
"2006";"74";"Haute-Savoie";"Tous Logements";9721;10112;910461;921129
"2006";"74";"Haute-Savoie";"Individuel pur";2173;2117;327931;318712
"2006";"74";"Haute-Savoie";"Individuel groupé";632;681;73682;79851
"2006";"74";"Haute-Savoie";"Collectif";6669;7169;476448;510639
"2006";"74";"Haute-Savoie";"Résidence";247;145;14851;4906
"2006";"75";"Paris";"Tous Logements";3387;3424;223562;192489
"2006";"75";"Paris";"Individuel pur";15;15;1728;2114
"2006";"75";"Paris";"Individuel groupé";24;8;2038;591
"2006";"75";"Paris";"Collectif";2838;2375;183742;149782
"2006";"75";"Paris";"Résidence";510;1026;29900;39366
"2006";"76";"Seine-Maritime";"Tous Logements";8579;7836;911538;788895
"2006";"76";"Seine-Maritime";"Individuel pur";3409;3148;458532;425121
"2006";"76";"Seine-Maritime";"Individuel groupé";765;517;77307;52327
"2006";"76";"Seine-Maritime";"Collectif";4223;3971;302846;281299
"2006";"76";"Seine-Maritime";"Résidence";182;200;8080;6046
"2006";"77";"Seine-et-Marne";"Tous Logements";8465;8553;872960;809665
"2006";"77";"Seine-et-Marne";"Individuel pur";2185;2155;308729;303955
"2006";"77";"Seine-et-Marne";"Individuel groupé";1369;1339;160531;181450
"2006";"77";"Seine-et-Marne";"Collectif";4553;4134;315827;283090
"2006";"77";"Seine-et-Marne";"Résidence";358;925;12763;34660
"2006";"78";"Yvelines";"Tous Logements";6909;5015;666256;486989
"2006";"78";"Yvelines";"Individuel pur";1255;1183;199261;193635
"2006";"78";"Yvelines";"Individuel groupé";769;662;89425;80047
"2006";"78";"Yvelines";"Collectif";4139;2817;291500;193076
"2006";"78";"Yvelines";"Résidence";746;353;24156;12558
"2006";"79";"Deux-Sèvres";"Tous Logements";3059;3346;370438;390316
"2006";"79";"Deux-Sèvres";"Individuel pur";1995;2044;266168;271077
"2006";"79";"Deux-Sèvres";"Individuel groupé";549;697;53500;68597
"2006";"79";"Deux-Sèvres";"Collectif";324;524;21466;35645
"2006";"79";"Deux-Sèvres";"Résidence";191;81;13013;9667
"2006";"80";"Somme";"Tous Logements";4948;3888;510069;418137
"2006";"80";"Somme";"Individuel pur";1880;1976;265769;280362
"2006";"80";"Somme";"Individuel groupé";1158;672;98044;52832
"2006";"80";"Somme";"Collectif";1544;1089;107582;74004
"2006";"80";"Somme";"Résidence";366;151;24539;9622
"2006";"81";"Tarn";"Tous Logements";3223;3030;367324;338951
"2006";"81";"Tarn";"Individuel pur";2091;2026;274090;267092
"2006";"81";"Tarn";"Individuel groupé";372;246;37902;25222
"2006";"81";"Tarn";"Collectif";655;644;38895;39212
"2006";"81";"Tarn";"Résidence";105;114;5678;5975
"2006";"82";"Tarn-et-Garonne";"Tous Logements";2330;2451;288470;285156
"2006";"82";"Tarn-et-Garonne";"Individuel pur";1662;1659;216970;216281
"2006";"82";"Tarn-et-Garonne";"Individuel groupé";332;299;31415;29256
"2006";"82";"Tarn-et-Garonne";"Collectif";316;462;24126;32311
"2006";"82";"Tarn-et-Garonne";"Résidence";20;31;4650;5536
"2006";"83";"Var";"Tous Logements";9173;7465;962195;752567
"2006";"83";"Var";"Individuel pur";3011;2795;415507;393190
"2006";"83";"Var";"Individuel groupé";852;678;81110;65369
"2006";"83";"Var";"Collectif";4778;3340;364538;255879
"2006";"83";"Var";"Résidence";532;652;34129;32196
"2006";"84";"Vaucluse";"Tous Logements";4768;3858;443109;380231
"2006";"84";"Vaucluse";"Individuel pur";1541;1478;197674;191947
"2006";"84";"Vaucluse";"Individuel groupé";671;651;64732;65503
"2006";"84";"Vaucluse";"Collectif";2478;1722;156244;107709
"2006";"84";"Vaucluse";"Résidence";78;7;3889;482
"2006";"85";"Vendée";"Tous Logements";9338;9304;1026920;987510
"2006";"85";"Vendée";"Individuel pur";6112;6221;750824;763125
"2006";"85";"Vendée";"Individuel groupé";918;986;83538;92442
"2006";"85";"Vendée";"Collectif";2074;1873;145519;122206
"2006";"85";"Vendée";"Résidence";234;224;9542;9178
"2006";"86";"Vienne";"Tous Logements";3429;3597;398384;398091
"2006";"86";"Vienne";"Individuel pur";2016;2057;267657;270573
"2006";"86";"Vienne";"Individuel groupé";513;599;49845;56181
"2006";"86";"Vienne";"Collectif";768;819;54903;57257
"2006";"86";"Vienne";"Résidence";132;122;9688;8326
"2006";"87";"Haute-Vienne";"Tous Logements";3686;2753;398455;315389
"2006";"87";"Haute-Vienne";"Individuel pur";1639;1628;227582;224826
"2006";"87";"Haute-Vienne";"Individuel groupé";350;144;38384;17185
"2006";"87";"Haute-Vienne";"Collectif";1598;957;115245;68724
"2006";"87";"Haute-Vienne";"Résidence";99;24;4535;1200
"2006";"88";"Vosges";"Tous Logements";2967;2998;360755;354621
"2006";"88";"Vosges";"Individuel pur";1451;1493;214601;222088
"2006";"88";"Vosges";"Individuel groupé";368;346;38927;33904
"2006";"88";"Vosges";"Collectif";920;1080;72278;72862
"2006";"88";"Vosges";"Résidence";228;79;12615;4428
"2006";"89";"Yonne";"Tous Logements";2166;1833;258473;207379
"2006";"89";"Yonne";"Individuel pur";1239;1149;167021;153096
"2006";"89";"Yonne";"Individuel groupé";433;191;41049;17698
"2006";"89";"Yonne";"Collectif";472;471;34869;31861
"2006";"89";"Yonne";"Résidence";22;22;1489;1489
"2006";"90";"Territoire de Belfort";"Tous Logements";1102;856;117699;98055
"2006";"90";"Territoire de Belfort";"Individuel pur";379;461;56454;67172
"2006";"90";"Territoire de Belfort";"Individuel groupé";46;28;6123;3413
"2006";"90";"Territoire de Belfort";"Collectif";673;363;53405;27289
"2006";"90";"Territoire de Belfort";"Résidence";4;4;0;0
"2006";"91";"Essonne";"Tous Logements";7119;5657;686082;505467
"2006";"91";"Essonne";"Individuel pur";1223;1203;180717;176742
"2006";"91";"Essonne";"Individuel groupé";1046;724;109155;82411
"2006";"91";"Essonne";"Collectif";4465;3156;330896;223092
"2006";"91";"Essonne";"Résidence";385;574;20673;17867
"2006";"92";"Hauts-de-Seine";"Tous Logements";6819;5621;591909;466288
"2006";"92";"Hauts-de-Seine";"Individuel pur";231;201;36679;32777
"2006";"92";"Hauts-de-Seine";"Individuel groupé";354;428;40673;49733
"2006";"92";"Hauts-de-Seine";"Collectif";5894;4619;468177;365134
"2006";"92";"Hauts-de-Seine";"Résidence";340;373;11224;12468
"2006";"93";"Seine-Saint-Denis";"Tous Logements";8210;5552;633193;423416
"2006";"93";"Seine-Saint-Denis";"Individuel pur";429;407;61125;56690
"2006";"93";"Seine-Saint-Denis";"Individuel groupé";682;506;63939;47800
"2006";"93";"Seine-Saint-Denis";"Collectif";6269;4132;449987;294124
"2006";"93";"Seine-Saint-Denis";"Résidence";830;507;29819;19960
"2006";"94";"Val-de-Marne";"Tous Logements";6938;5782;519079;469550
"2006";"94";"Val-de-Marne";"Individuel pur";439;429;69907;65422
"2006";"94";"Val-de-Marne";"Individuel groupé";425;345;51713;38728
"2006";"94";"Val-de-Marne";"Collectif";5080;4987;349169;360441
"2006";"94";"Val-de-Marne";"Résidence";994;21;21999;425
"2006";"95";"Val-d'Oise";"Tous Logements";6002;4529;523618;391102
"2006";"95";"Val-d'Oise";"Individuel pur";849;858;125000;125203
"2006";"95";"Val-d'Oise";"Individuel groupé";594;538;66399;62167
"2006";"95";"Val-d'Oise";"Collectif";4077;2791;288207;187112
"2006";"95";"Val-d'Oise";"Résidence";482;342;17953;12574
"2006";"971";"Guadeloupe";"Tous Logements";4600;2448;430785;221892
"2006";"971";"Guadeloupe";"Individuel pur";1952;970;224830;111822
"2006";"971";"Guadeloupe";"Individuel groupé";662;346;50613;24981
"2006";"971";"Guadeloupe";"Collectif";1840;1109;131744;81431
"2006";"971";"Guadeloupe";"Résidence";146;23;8626;2757
"2006";"972";"Martinique";"Tous Logements";3531;2876;306034;259104
"2006";"972";"Martinique";"Individuel pur";1041;878;118205;96407
"2006";"972";"Martinique";"Individuel groupé";400;306;33738;27548
"2006";"972";"Martinique";"Collectif";1774;1606;129997;127273
"2006";"972";"Martinique";"Résidence";316;86;21201;5845
"2006";"973";"Guyane";"Tous Logements";178;0;18445;0
"2006";"973";"Guyane";"Individuel pur";32;0;4229;0
"2006";"973";"Guyane";"Individuel groupé";146;0;14216;0
"2006";"973";"Guyane";"Collectif";0;0;0;0
"2006";"973";"Guyane";"Résidence";0;0;0;0
"2006";"974";"La Réunion";"Tous Logements";12825;11654;1042613;945230
"2006";"974";"La Réunion";"Individuel pur";3445;3495;353965;358693
"2006";"974";"La Réunion";"Individuel groupé";1842;1482;152619;121614
"2006";"974";"La Réunion";"Collectif";7134;6465;478899;423187
"2006";"974";"La Réunion";"Résidence";404;212;17853;10529
"2005";"01";"Ain";"Tous Logements";5791;5219;670194;593072
"2005";"01";"Ain";"Individuel pur";2567;2487;355528;347342
"2005";"01";"Ain";"Individuel groupé";850;734;96070;79375
"2005";"01";"Ain";"Collectif";2311;1903;187839;154039
"2005";"01";"Ain";"Résidence";63;95;3784;6105
"2005";"02";"Aisne";"Tous Logements";2480;3186;288241;320776
"2005";"02";"Aisne";"Individuel pur";1350;1251;185712;173753
"2005";"02";"Aisne";"Individuel groupé";385;328;37573;36347
"2005";"02";"Aisne";"Collectif";651;577;45615;43115
"2005";"02";"Aisne";"Résidence";94;1030;7166;66327
"2005";"03";"Allier";"Tous Logements";2473;2223;280973;246007
"2005";"03";"Allier";"Individuel pur";1204;1192;163311;160598
"2005";"03";"Allier";"Individuel groupé";209;330;21396;32553
"2005";"03";"Allier";"Collectif";1034;679;75588;46569
"2005";"03";"Allier";"Résidence";26;22;2048;1491
"2005";"04";"Alpes-de-Haute-Provence";"Tous Logements";2207;1904;220323;192784
"2005";"04";"Alpes-de-Haute-Provence";"Individuel pur";965;913;116358;111417
"2005";"04";"Alpes-de-Haute-Provence";"Individuel groupé";411;345;35844;30700
"2005";"04";"Alpes-de-Haute-Provence";"Collectif";749;519;51936;39293
"2005";"04";"Alpes-de-Haute-Provence";"Résidence";82;127;8101;9656
"2005";"05";"Hautes-Alpes";"Tous Logements";3402;2600;279830;229155
"2005";"05";"Hautes-Alpes";"Individuel pur";872;835;116225;107294
"2005";"05";"Hautes-Alpes";"Individuel groupé";137;221;13605;21166
"2005";"05";"Hautes-Alpes";"Collectif";1976;1039;123531;75256
"2005";"05";"Hautes-Alpes";"Résidence";417;505;20717;25068
"2005";"06";"Alpes-Maritimes";"Tous Logements";7074;6143;628078;522562
"2005";"06";"Alpes-Maritimes";"Individuel pur";1226;1107;188091;172971
"2005";"06";"Alpes-Maritimes";"Individuel groupé";416;329;46694;39693
"2005";"06";"Alpes-Maritimes";"Collectif";4652;4181;333572;283225
"2005";"06";"Alpes-Maritimes";"Résidence";780;526;39992;24578
"2005";"07";"Ardèche";"Tous Logements";2873;3001;338643;349478
"2005";"07";"Ardèche";"Individuel pur";1959;1840;259147;243317
"2005";"07";"Ardèche";"Individuel groupé";177;422;19413;47773
"2005";"07";"Ardèche";"Collectif";689;599;48308;50745
"2005";"07";"Ardèche";"Résidence";48;140;2282;7219
"2005";"08";"Ardennes";"Tous Logements";994;1176;148025;151999
"2005";"08";"Ardennes";"Individuel pur";778;763;113745;111924
"2005";"08";"Ardennes";"Individuel groupé";138;219;17632;24621
"2005";"08";"Ardennes";"Collectif";78;192;6600;15334
"2005";"08";"Ardennes";"Résidence";0;2;0;56
"2005";"09";"Ariège";"Tous Logements";1724;1930;182605;189009
"2005";"09";"Ariège";"Individuel pur";912;862;117762;111847
"2005";"09";"Ariège";"Individuel groupé";178;242;18536;24226
"2005";"09";"Ariège";"Collectif";487;687;32114;42854
"2005";"09";"Ariège";"Résidence";147;139;10640;9896
"2005";"10";"Aube";"Tous Logements";2060;1891;242650;208739
"2005";"10";"Aube";"Individuel pur";971;967;134450;131767
"2005";"10";"Aube";"Individuel groupé";302;241;31536;24103
"2005";"10";"Aube";"Collectif";685;683;52547;52337
"2005";"10";"Aube";"Résidence";102;0;6439;0
"2005";"11";"Aude";"Tous Logements";3619;3512;404195;379619
"2005";"11";"Aude";"Individuel pur";2120;1948;276134;255012
"2005";"11";"Aude";"Individuel groupé";499;553;50463;54333
"2005";"11";"Aude";"Collectif";909;1008;59666;64123
"2005";"11";"Aude";"Résidence";91;3;6710;726
"2005";"12";"Aveyron";"Tous Logements";2359;2550;260337;278223
"2005";"12";"Aveyron";"Individuel pur";1245;1287;171810;179181
"2005";"12";"Aveyron";"Individuel groupé";167;233;17468;22660
"2005";"12";"Aveyron";"Collectif";834;903;56937;67426
"2005";"12";"Aveyron";"Résidence";113;127;7202;8905
"2005";"13";"Bouches-du-Rhône";"Tous Logements";13306;9952;1203102;925450
"2005";"13";"Bouches-du-Rhône";"Individuel pur";2833;2899;374499;387624
"2005";"13";"Bouches-du-Rhône";"Individuel groupé";1523;1159;152338;121406
"2005";"13";"Bouches-du-Rhône";"Collectif";8563;5370;607502;377210
"2005";"13";"Bouches-du-Rhône";"Résidence";387;524;19261;20060
"2005";"14";"Calvados";"Tous Logements";5355;5359;605660;554969
"2005";"14";"Calvados";"Individuel pur";2751;2572;370426;337999
"2005";"14";"Calvados";"Individuel groupé";766;801;73611;77389
"2005";"14";"Calvados";"Collectif";1645;1770;117306;123780
"2005";"14";"Calvados";"Résidence";193;216;10083;12327
"2005";"15";"Cantal";"Tous Logements";854;806;113662;104710
"2005";"15";"Cantal";"Individuel pur";654;660;87823;87566
"2005";"15";"Cantal";"Individuel groupé";18;47;1859;4778
"2005";"15";"Cantal";"Collectif";171;93;17084;9685
"2005";"15";"Cantal";"Résidence";11;6;531;298
"2005";"16";"Charente";"Tous Logements";3208;2849;379725;334474
"2005";"16";"Charente";"Individuel pur";1942;1840;260334;246292
"2005";"16";"Charente";"Individuel groupé";430;332;44494;34072
"2005";"16";"Charente";"Collectif";755;622;48088;41330
"2005";"16";"Charente";"Résidence";81;55;8028;5689
"2005";"17";"Charente-Maritime";"Tous Logements";7889;8212;880416;848159
"2005";"17";"Charente-Maritime";"Individuel pur";4676;4366;591704;555662
"2005";"17";"Charente-Maritime";"Individuel groupé";1893;1721;167899;155995
"2005";"17";"Charente-Maritime";"Collectif";1152;1733;69325;113659
"2005";"17";"Charente-Maritime";"Résidence";168;392;9367;16515
"2005";"18";"Cher";"Tous Logements";1380;1411;172781;160614
"2005";"18";"Cher";"Individuel pur";868;826;120282;113988
"2005";"18";"Cher";"Individuel groupé";220;193;21683;19113
"2005";"18";"Cher";"Collectif";270;372;19752;25790
"2005";"18";"Cher";"Résidence";22;20;2188;1644
"2005";"19";"Corrèze";"Tous Logements";2410;2199;279725;258420
"2005";"19";"Corrèze";"Individuel pur";1302;1193;186531;170951
"2005";"19";"Corrèze";"Individuel groupé";206;152;21886;17096
"2005";"19";"Corrèze";"Collectif";819;848;61636;67458
"2005";"19";"Corrèze";"Résidence";83;6;3032;162
"2005";"21";"Côte-d'Or";"Tous Logements";4043;2870;445728;329516
"2005";"21";"Côte-d'Or";"Individuel pur";1517;1491;224115;213742
"2005";"21";"Côte-d'Or";"Individuel groupé";284;226;32828;26177
"2005";"21";"Côte-d'Or";"Collectif";2121;1059;159039;73281
"2005";"21";"Côte-d'Or";"Résidence";121;94;8433;7694
"2005";"22";"Côtes-d'Armor";"Tous Logements";7634;6306;833105;694159
"2005";"22";"Côtes-d'Armor";"Individuel pur";4070;3802;541598;504773
"2005";"22";"Côtes-d'Armor";"Individuel groupé";891;823;75142;68893
"2005";"22";"Côtes-d'Armor";"Collectif";2385;1496;159938;101491
"2005";"22";"Côtes-d'Armor";"Résidence";288;185;17557;12050
"2005";"23";"Creuse";"Tous Logements";791;673;107004;84177
"2005";"23";"Creuse";"Individuel pur";613;476;85695;65534
"2005";"23";"Creuse";"Individuel groupé";68;58;6441;5542
"2005";"23";"Creuse";"Collectif";83;120;7124;8480
"2005";"23";"Creuse";"Résidence";27;19;821;1414
"2005";"24";"Dordogne";"Tous Logements";5385;5076;651688;594328
"2005";"24";"Dordogne";"Individuel pur";3258;2938;441977;398921
"2005";"24";"Dordogne";"Individuel groupé";498;732;50000;71456
"2005";"24";"Dordogne";"Collectif";1186;1154;83168;76655
"2005";"24";"Dordogne";"Résidence";443;252;29808;16073
"2005";"25";"Doubs";"Tous Logements";4274;4182;491611;455250
"2005";"25";"Doubs";"Individuel pur";2112;2053;304440;294275
"2005";"25";"Doubs";"Individuel groupé";320;329;38224;35816
"2005";"25";"Doubs";"Collectif";1833;1791;138453;124003
"2005";"25";"Doubs";"Résidence";9;9;70;70
"2005";"26";"Drôme";"Tous Logements";4584;4443;508574;470718
"2005";"26";"Drôme";"Individuel pur";2270;2140;292822;278837
"2005";"26";"Drôme";"Individuel groupé";425;426;46650;45485
"2005";"26";"Drôme";"Collectif";1777;1531;147487;127137
"2005";"26";"Drôme";"Résidence";112;346;9206;18983
"2005";"27";"Eure";"Tous Logements";3965;3415;426734;369385
"2005";"27";"Eure";"Individuel pur";2289;2146;295888;276279
"2005";"27";"Eure";"Individuel groupé";276;453;24765;43396
"2005";"27";"Eure";"Collectif";1188;734;75234;47361
"2005";"27";"Eure";"Résidence";212;82;10312;370
"2005";"28";"Eure-et-Loir";"Tous Logements";2746;2288;305221;245533
"2005";"28";"Eure-et-Loir";"Individuel pur";1271;1134;173002;154868
"2005";"28";"Eure-et-Loir";"Individuel groupé";439;324;45327;34836
"2005";"28";"Eure-et-Loir";"Collectif";963;754;67389;53546
"2005";"28";"Eure-et-Loir";"Résidence";73;76;1599;2016
"2005";"29";"Finistère";"Tous Logements";8884;8114;1010502;895382
"2005";"29";"Finistère";"Individuel pur";5022;4664;678802;626990
"2005";"29";"Finistère";"Individuel groupé";979;881;89200;81735
"2005";"29";"Finistère";"Collectif";2325;2182;169952;157864
"2005";"29";"Finistère";"Résidence";558;387;32773;23583
"2005";"2A";"Corse-du-Sud";"Tous Logements";1947;1594;226869;181531
"2005";"2A";"Corse-du-Sud";"Individuel pur";872;751;126403;108017
"2005";"2A";"Corse-du-Sud";"Individuel groupé";117;89;12262;10448
"2005";"2A";"Corse-du-Sud";"Collectif";731;557;62125;50008
"2005";"2A";"Corse-du-Sud";"Résidence";227;197;22802;12645
"2005";"2B";"Haute-Corse";"Tous Logements";2708;2033;243960;187271
"2005";"2B";"Haute-Corse";"Individuel pur";690;614;90799;80365
"2005";"2B";"Haute-Corse";"Individuel groupé";187;247;16828;16359
"2005";"2B";"Haute-Corse";"Collectif";1675;960;123164;75965
"2005";"2B";"Haute-Corse";"Résidence";156;212;9506;14027
"2005";"30";"Gard";"Tous Logements";8407;5884;859685;651771
"2005";"30";"Gard";"Individuel pur";3389;3095;448300;411079
"2005";"30";"Gard";"Individuel groupé";1404;715;143393;74552
"2005";"30";"Gard";"Collectif";2978;2060;209011;153714
"2005";"30";"Gard";"Résidence";636;14;34827;741
"2005";"31";"Haute-Garonne";"Tous Logements";15072;12513;1379452;1160530
"2005";"31";"Haute-Garonne";"Individuel pur";3830;3769;545837;538828
"2005";"31";"Haute-Garonne";"Individuel groupé";2081;1810;205149;177035
"2005";"31";"Haute-Garonne";"Collectif";8803;6618;586370;428410
"2005";"31";"Haute-Garonne";"Résidence";358;316;15958;15188
"2005";"32";"Gers";"Tous Logements";2610;2195;280191;237469
"2005";"32";"Gers";"Individuel pur";1312;1195;179441;163673
"2005";"32";"Gers";"Individuel groupé";249;338;24552;30391
"2005";"32";"Gers";"Collectif";1014;600;67353;40601
"2005";"32";"Gers";"Résidence";35;62;3087;1635
"2005";"33";"Gironde";"Tous Logements";16953;15777;1672250;1520156
"2005";"33";"Gironde";"Individuel pur";5609;5161;729130;671380
"2005";"33";"Gironde";"Individuel groupé";4028;3209;365215;289133
"2005";"33";"Gironde";"Collectif";5625;6357;386072;449258
"2005";"33";"Gironde";"Résidence";1691;1050;92882;59285
"2005";"34";"Hérault";"Tous Logements";12321;9193;1112040;879994
"2005";"34";"Hérault";"Individuel pur";3433;3192;474398;446504
"2005";"34";"Hérault";"Individuel groupé";1114;912;113565;92795
"2005";"34";"Hérault";"Collectif";6748;4332;458996;302335
"2005";"34";"Hérault";"Résidence";1026;757;38194;25779
"2005";"35";"Ille-et-Vilaine";"Tous Logements";12012;11522;1286725;1204620
"2005";"35";"Ille-et-Vilaine";"Individuel pur";4662;4560;682368;661182
"2005";"35";"Ille-et-Vilaine";"Individuel groupé";1059;1168;112954;118738
"2005";"35";"Ille-et-Vilaine";"Collectif";5885;5453;429454;404158
"2005";"35";"Ille-et-Vilaine";"Résidence";406;341;26350;17806
"2005";"36";"Indre";"Tous Logements";1237;1037;149615;123166
"2005";"36";"Indre";"Individuel pur";680;653;91721;87387
"2005";"36";"Indre";"Individuel groupé";346;215;36708;22347
"2005";"36";"Indre";"Collectif";197;141;12517;10157
"2005";"36";"Indre";"Résidence";14;28;1385;2886
"2005";"37";"Indre-et-Loire";"Tous Logements";4741;4158;552397;468849
"2005";"37";"Indre-et-Loire";"Individuel pur";2098;1969;300558;278371
"2005";"37";"Indre-et-Loire";"Individuel groupé";896;781;100339;84956
"2005";"37";"Indre-et-Loire";"Collectif";1594;1401;122058;103998
"2005";"37";"Indre-et-Loire";"Résidence";153;7;9674;409
"2005";"38";"Isère";"Tous Logements";9801;8792;997954;899746
"2005";"38";"Isère";"Individuel pur";3839;3725;525579;508984
"2005";"38";"Isère";"Individuel groupé";722;708;77843;78251
"2005";"38";"Isère";"Collectif";4841;4061;360651;295240
"2005";"38";"Isère";"Résidence";399;298;11340;11489
"2005";"39";"Jura";"Tous Logements";1959;1726;231450;202660
"2005";"39";"Jura";"Individuel pur";1201;1127;163979;152010
"2005";"39";"Jura";"Individuel groupé";192;105;20428;10657
"2005";"39";"Jura";"Collectif";487;481;35151;35612
"2005";"39";"Jura";"Résidence";79;13;5157;745
"2005";"40";"Landes";"Tous Logements";6917;6609;674587;632513
"2005";"40";"Landes";"Individuel pur";2476;2428;329399;324672
"2005";"40";"Landes";"Individuel groupé";967;949;86126;83983
"2005";"40";"Landes";"Collectif";3231;2619;223936;180549
"2005";"40";"Landes";"Résidence";243;613;10236;29035
"2005";"41";"Loir-et-Cher";"Tous Logements";2287;2152;280886;246861
"2005";"41";"Loir-et-Cher";"Individuel pur";1508;1438;208607;195542
"2005";"41";"Loir-et-Cher";"Individuel groupé";269;233;27977;22690
"2005";"41";"Loir-et-Cher";"Collectif";402;271;24645;19642
"2005";"41";"Loir-et-Cher";"Résidence";108;210;3719;6872
"2005";"42";"Loire";"Tous Logements";4453;3924;567998;460299
"2005";"42";"Loire";"Individuel pur";2270;2166;312341;298210
"2005";"42";"Loire";"Individuel groupé";392;392;46032;44655
"2005";"42";"Loire";"Collectif";1685;1302;144834;105362
"2005";"42";"Loire";"Résidence";106;64;5722;4886
"2005";"43";"Haute-Loire";"Tous Logements";1640;1716;225179;223217
"2005";"43";"Haute-Loire";"Individuel pur";1268;1320;179218;184264
"2005";"43";"Haute-Loire";"Individuel groupé";90;88;10653;9133
"2005";"43";"Haute-Loire";"Collectif";282;306;23640;24041
"2005";"43";"Haute-Loire";"Résidence";0;2;0;316
"2005";"44";"Loire-Atlantique";"Tous Logements";13737;12136;1392110;1203321
"2005";"44";"Loire-Atlantique";"Individuel pur";5818;5701;773514;758408
"2005";"44";"Loire-Atlantique";"Individuel groupé";1363;1146;135618;108520
"2005";"44";"Loire-Atlantique";"Collectif";6278;5053;405842;325897
"2005";"44";"Loire-Atlantique";"Résidence";278;236;11310;9533
"2005";"45";"Loiret";"Tous Logements";4219;4162;461819;444411
"2005";"45";"Loiret";"Individuel pur";1967;1910;259740;253972
"2005";"45";"Loiret";"Individuel groupé";735;666;76284;70440
"2005";"45";"Loiret";"Collectif";1342;1529;95909;114429
"2005";"45";"Loiret";"Résidence";175;57;8212;2918
"2005";"46";"Lot";"Tous Logements";1987;1813;248193;222082
"2005";"46";"Lot";"Individuel pur";1417;1334;195623;184951
"2005";"46";"Lot";"Individuel groupé";121;121;12029;13097
"2005";"46";"Lot";"Collectif";362;252;24395;16790
"2005";"46";"Lot";"Résidence";87;106;5945;7244
"2005";"47";"Lot-et-Garonne";"Tous Logements";4230;2995;433858;333177
"2005";"47";"Lot-et-Garonne";"Individuel pur";1744;1637;239602;221613
"2005";"47";"Lot-et-Garonne";"Individuel groupé";403;318;37275;30817
"2005";"47";"Lot-et-Garonne";"Collectif";1513;594;100716;39012
"2005";"47";"Lot-et-Garonne";"Résidence";570;446;32076;24835
"2005";"48";"Lozère";"Tous Logements";671;618;93026;81278
"2005";"48";"Lozère";"Individuel pur";544;473;79054;66481
"2005";"48";"Lozère";"Individuel groupé";41;74;4968;8673
"2005";"48";"Lozère";"Collectif";77;59;6079;4073
"2005";"48";"Lozère";"Résidence";9;12;553;714
"2005";"49";"Maine-et-Loire";"Tous Logements";6062;5469;689186;636833
"2005";"49";"Maine-et-Loire";"Individuel pur";3685;3540;485806;470054
"2005";"49";"Maine-et-Loire";"Individuel groupé";754;850;76714;85563
"2005";"49";"Maine-et-Loire";"Collectif";1615;1051;104721;78428
"2005";"49";"Maine-et-Loire";"Résidence";8;28;879;2183
"2005";"50";"Manche";"Tous Logements";4517;4369;561526;502757
"2005";"50";"Manche";"Individuel pur";3289;3172;422885;399226
"2005";"50";"Manche";"Individuel groupé";505;417;53027;38099
"2005";"50";"Manche";"Collectif";714;721;46872;55876
"2005";"50";"Manche";"Résidence";9;59;1250;5141
"2005";"51";"Marne";"Tous Logements";3184;2735;409399;332983
"2005";"51";"Marne";"Individuel pur";1363;1172;212282;182602
"2005";"51";"Marne";"Individuel groupé";355;408;43682;51075
"2005";"51";"Marne";"Collectif";1454;1149;124711;98416
"2005";"51";"Marne";"Résidence";12;6;853;323
"2005";"52";"Haute-Marne";"Tous Logements";1129;972;148895;123261
"2005";"52";"Haute-Marne";"Individuel pur";675;616;97473;89027
"2005";"52";"Haute-Marne";"Individuel groupé";101;118;10473;12366
"2005";"52";"Haute-Marne";"Collectif";321;238;30041;21845
"2005";"52";"Haute-Marne";"Résidence";32;0;1797;0
"2005";"53";"Mayenne";"Tous Logements";2282;2365;292363;282776
"2005";"53";"Mayenne";"Individuel pur";1617;1606;230731;223080
"2005";"53";"Mayenne";"Individuel groupé";273;312;28535;28560
"2005";"53";"Mayenne";"Collectif";345;402;22386;27945
"2005";"53";"Mayenne";"Résidence";47;45;3190;3038
"2005";"54";"Meurthe-et-Moselle";"Tous Logements";4646;3701;517478;444481
"2005";"54";"Meurthe-et-Moselle";"Individuel pur";1467;1407;232253;222699
"2005";"54";"Meurthe-et-Moselle";"Individuel groupé";376;524;42267;59347
"2005";"54";"Meurthe-et-Moselle";"Collectif";2576;1698;211096;139086
"2005";"54";"Meurthe-et-Moselle";"Résidence";227;72;12689;5995
"2005";"55";"Meuse";"Tous Logements";1051;1041;144158;142946
"2005";"55";"Meuse";"Individuel pur";750;702;108515;100573
"2005";"55";"Meuse";"Individuel groupé";67;135;6319;14846
"2005";"55";"Meuse";"Collectif";229;204;19280;18228
"2005";"55";"Meuse";"Résidence";5;0;256;0
"2005";"56";"Morbihan";"Tous Logements";11467;9388;1206358;1029171
"2005";"56";"Morbihan";"Individuel pur";5179;5177;701714;703021
"2005";"56";"Morbihan";"Individuel groupé";1505;1334;143589;127246
"2005";"56";"Morbihan";"Collectif";4510;2792;305700;188030
"2005";"56";"Morbihan";"Résidence";273;85;18520;6482
"2005";"57";"Moselle";"Tous Logements";6685;6328;818023;780758
"2005";"57";"Moselle";"Individuel pur";2510;2456;433355;423596
"2005";"57";"Moselle";"Individuel groupé";530;603;63701;68191
"2005";"57";"Moselle";"Collectif";3392;2993;278160;244908
"2005";"57";"Moselle";"Résidence";253;276;7350;9113
"2005";"58";"Nièvre";"Tous Logements";831;740;107354;89750
"2005";"58";"Nièvre";"Individuel pur";622;610;81825;80203
"2005";"58";"Nièvre";"Individuel groupé";72;24;7076;1964
"2005";"58";"Nièvre";"Collectif";125;104;7440;6508
"2005";"58";"Nièvre";"Résidence";12;2;422;186
"2005";"59";"Nord";"Tous Logements";14972;12247;1522240;1210271
"2005";"59";"Nord";"Individuel pur";3321;3141;494321;468799
"2005";"59";"Nord";"Individuel groupé";3999;3221;409573;316990
"2005";"59";"Nord";"Collectif";7037;4878;495093;339991
"2005";"59";"Nord";"Résidence";615;1007;30130;42119
"2005";"60";"Oise";"Tous Logements";5097;3690;505417;386064
"2005";"60";"Oise";"Individuel pur";1953;1790;259022;233145
"2005";"60";"Oise";"Individuel groupé";983;531;101408;53791
"2005";"60";"Oise";"Collectif";1892;1226;128246;92442
"2005";"60";"Oise";"Résidence";269;143;11299;6518
"2005";"61";"Orne";"Tous Logements";1591;1520;215777;162016
"2005";"61";"Orne";"Individuel pur";1189;1102;145790;131481
"2005";"61";"Orne";"Individuel groupé";109;97;9821;8439
"2005";"61";"Orne";"Collectif";291;310;17512;20794
"2005";"61";"Orne";"Résidence";2;11;224;425
"2005";"62";"Pas-de-Calais";"Tous Logements";9427;9388;1061311;999667
"2005";"62";"Pas-de-Calais";"Individuel pur";4035;4001;581036;575346
"2005";"62";"Pas-de-Calais";"Individuel groupé";1999;2016;202394;194285
"2005";"62";"Pas-de-Calais";"Collectif";3113;3132;220976;208782
"2005";"62";"Pas-de-Calais";"Résidence";280;239;20330;17534
"2005";"63";"Puy-de-Dôme";"Tous Logements";5175;5657;541341;555135
"2005";"63";"Puy-de-Dôme";"Individuel pur";2445;2398;321752;317123
"2005";"63";"Puy-de-Dôme";"Individuel groupé";236;314;22894;33969
"2005";"63";"Puy-de-Dôme";"Collectif";2309;2563;165890;187804
"2005";"63";"Puy-de-Dôme";"Résidence";185;382;8050;12344
"2005";"64";"Pyrénées-Atlantiques";"Tous Logements";6959;5394;738279;615292
"2005";"64";"Pyrénées-Atlantiques";"Individuel pur";2657;2651;399921;397662
"2005";"64";"Pyrénées-Atlantiques";"Individuel groupé";429;352;41480;36275
"2005";"64";"Pyrénées-Atlantiques";"Collectif";3835;2389;276111;172591
"2005";"64";"Pyrénées-Atlantiques";"Résidence";38;2;3219;876
"2005";"65";"Hautes-Pyrénées";"Tous Logements";3003;2776;272365;249979
"2005";"65";"Hautes-Pyrénées";"Individuel pur";1080;1015;148944;139883
"2005";"65";"Hautes-Pyrénées";"Individuel groupé";275;260;22848;22598
"2005";"65";"Hautes-Pyrénées";"Collectif";1280;1103;72318;62645
"2005";"65";"Hautes-Pyrénées";"Résidence";368;398;22534;24783
"2005";"66";"Pyrénées-Orientales";"Tous Logements";5665;4462;543234;448761
"2005";"66";"Pyrénées-Orientales";"Individuel pur";1908;1837;260521;249995
"2005";"66";"Pyrénées-Orientales";"Individuel groupé";708;721;69548;70937
"2005";"66";"Pyrénées-Orientales";"Collectif";2751;1604;193157;112640
"2005";"66";"Pyrénées-Orientales";"Résidence";298;300;14205;12127
"2005";"67";"Bas-Rhin";"Tous Logements";8207;6912;956490;793732
"2005";"67";"Bas-Rhin";"Individuel pur";2274;2179;417689;398332
"2005";"67";"Bas-Rhin";"Individuel groupé";464;345;56568;40444
"2005";"67";"Bas-Rhin";"Collectif";5461;4158;465130;349143
"2005";"67";"Bas-Rhin";"Résidence";8;230;1050;918
"2005";"68";"Haut-Rhin";"Tous Logements";6484;5554;720186;645290
"2005";"68";"Haut-Rhin";"Individuel pur";2012;1825;350312;318945
"2005";"68";"Haut-Rhin";"Individuel groupé";346;345;43179;41404
"2005";"68";"Haut-Rhin";"Collectif";3996;3059;298815;259128
"2005";"68";"Haut-Rhin";"Résidence";130;325;11516;20881
"2005";"69";"Rhône";"Tous Logements";12185;10034;1160748;967712
"2005";"69";"Rhône";"Individuel pur";2315;2189;341520;323801
"2005";"69";"Rhône";"Individuel groupé";1026;781;128087;97313
"2005";"69";"Rhône";"Collectif";8293;6536;644779;524256
"2005";"69";"Rhône";"Résidence";551;528;18120;10178
"2005";"70";"Haute-Saône";"Tous Logements";1518;1709;210791;223890
"2005";"70";"Haute-Saône";"Individuel pur";1147;1210;167693;175535
"2005";"70";"Haute-Saône";"Individuel groupé";203;206;20633;21187
"2005";"70";"Haute-Saône";"Collectif";161;284;12324;22685
"2005";"70";"Haute-Saône";"Résidence";7;9;580;187
"2005";"71";"Saône-et-Loire";"Tous Logements";3338;3012;482292;376259
"2005";"71";"Saône-et-Loire";"Individuel pur";2196;2224;295967;300067
"2005";"71";"Saône-et-Loire";"Individuel groupé";408;282;42285;27474
"2005";"71";"Saône-et-Loire";"Collectif";602;452;47760;32231
"2005";"71";"Saône-et-Loire";"Résidence";132;54;7442;3227
"2005";"72";"Sarthe";"Tous Logements";3871;3611;472864;407994
"2005";"72";"Sarthe";"Individuel pur";2368;2296;324362;313311
"2005";"72";"Sarthe";"Individuel groupé";367;187;34378;17324
"2005";"72";"Sarthe";"Collectif";1110;1122;77019;77234
"2005";"72";"Sarthe";"Résidence";26;6;1302;52
"2005";"73";"Savoie";"Tous Logements";6918;6373;619347;569057
"2005";"73";"Savoie";"Individuel pur";1890;1788;257705;244917
"2005";"73";"Savoie";"Individuel groupé";334;286;34694;30282
"2005";"73";"Savoie";"Collectif";3996;3811;274980;259426
"2005";"73";"Savoie";"Résidence";698;488;44862;32606
"2005";"74";"Haute-Savoie";"Tous Logements";10552;9628;974866;897254
"2005";"74";"Haute-Savoie";"Individuel pur";2246;2137;337601;318086
"2005";"74";"Haute-Savoie";"Individuel groupé";803;846;95319;102592
"2005";"74";"Haute-Savoie";"Collectif";7235;6466;509433;463696
"2005";"74";"Haute-Savoie";"Résidence";268;179;14377;7258
"2005";"75";"Paris";"Tous Logements";3195;2251;193663;149523
"2005";"75";"Paris";"Individuel pur";5;4;1456;0
"2005";"75";"Paris";"Individuel groupé";7;6;541;1034
"2005";"75";"Paris";"Collectif";2726;2030;176822;145590
"2005";"75";"Paris";"Résidence";457;211;8593;2698
"2005";"76";"Seine-Maritime";"Tous Logements";7382;6231;819777;664149
"2005";"76";"Seine-Maritime";"Individuel pur";3129;2774;423575;370297
"2005";"76";"Seine-Maritime";"Individuel groupé";438;449;46647;45014
"2005";"76";"Seine-Maritime";"Collectif";3815;2910;298012;219930
"2005";"76";"Seine-Maritime";"Résidence";0;98;0;3551
"2005";"77";"Seine-et-Marne";"Tous Logements";10969;9365;1057321;828455
"2005";"77";"Seine-et-Marne";"Individuel pur";2124;2041;303080;289356
"2005";"77";"Seine-et-Marne";"Individuel groupé";1991;1496;267280;180079
"2005";"77";"Seine-et-Marne";"Collectif";5184;5182;349461;336593
"2005";"77";"Seine-et-Marne";"Résidence";1670;646;61858;21422
"2005";"78";"Yvelines";"Tous Logements";5331;5618;606983;570694
"2005";"78";"Yvelines";"Individuel pur";1404;1293;231855;214596
"2005";"78";"Yvelines";"Individuel groupé";754;790;94152;95599
"2005";"78";"Yvelines";"Collectif";2716;3363;192169;250724
"2005";"78";"Yvelines";"Résidence";457;172;19679;7042
"2005";"79";"Deux-Sèvres";"Tous Logements";3347;2838;398504;341393
"2005";"79";"Deux-Sèvres";"Individuel pur";2110;1983;283451;267560
"2005";"79";"Deux-Sèvres";"Individuel groupé";530;460;50487;41289
"2005";"79";"Deux-Sèvres";"Collectif";530;319;34258;20947
"2005";"79";"Deux-Sèvres";"Résidence";177;76;12415;6044
"2005";"80";"Somme";"Tous Logements";3546;2908;399889;322067
"2005";"80";"Somme";"Individuel pur";2034;1707;281604;232462
"2005";"80";"Somme";"Individuel groupé";679;490;54985;41848
"2005";"80";"Somme";"Collectif";709;679;45275;45465
"2005";"80";"Somme";"Résidence";124;32;7546;1629
"2005";"81";"Tarn";"Tous Logements";3090;3239;353463;362776
"2005";"81";"Tarn";"Individuel pur";2021;2112;266644;277343
"2005";"81";"Tarn";"Individuel groupé";231;293;23949;28298
"2005";"81";"Tarn";"Collectif";734;782;44744;50691
"2005";"81";"Tarn";"Résidence";104;52;4169;4126
"2005";"82";"Tarn-et-Garonne";"Tous Logements";3086;3543;341384;365695
"2005";"82";"Tarn-et-Garonne";"Individuel pur";1635;1612;218738;216874
"2005";"82";"Tarn-et-Garonne";"Individuel groupé";519;636;50643;61251
"2005";"82";"Tarn-et-Garonne";"Collectif";906;1279;63390;85599
"2005";"82";"Tarn-et-Garonne";"Résidence";26;16;1827;983
"2005";"83";"Var";"Tous Logements";7851;6328;841613;723744
"2005";"83";"Var";"Individuel pur";3022;2949;431693;417101
"2005";"83";"Var";"Individuel groupé";529;387;53413;43032
"2005";"83";"Var";"Collectif";3641;2753;282794;229495
"2005";"83";"Var";"Résidence";659;239;24059;13666
"2005";"84";"Vaucluse";"Tous Logements";3677;3099;369075;314038
"2005";"84";"Vaucluse";"Individuel pur";1505;1435;195131;186269
"2005";"84";"Vaucluse";"Individuel groupé";666;475;64636;46322
"2005";"84";"Vaucluse";"Collectif";1461;1154;92149;75902
"2005";"84";"Vaucluse";"Résidence";45;35;3069;2478
"2005";"85";"Vendée";"Tous Logements";9057;8620;1012752;937781
"2005";"85";"Vendée";"Individuel pur";6187;6156;763859;755052
"2005";"85";"Vendée";"Individuel groupé";1053;876;95623;80573
"2005";"85";"Vendée";"Collectif";1710;1524;110361;96627
"2005";"85";"Vendée";"Résidence";107;64;7749;4961
"2005";"86";"Vienne";"Tous Logements";4153;4103;449714;438413
"2005";"86";"Vienne";"Individuel pur";2142;2117;278986;276901
"2005";"86";"Vienne";"Individuel groupé";733;870;69473;86989
"2005";"86";"Vienne";"Collectif";1069;868;74285;55380
"2005";"86";"Vienne";"Résidence";209;248;12598;14377
"2005";"87";"Haute-Vienne";"Tous Logements";3003;2748;337219;286682
"2005";"87";"Haute-Vienne";"Individuel pur";1675;1556;228066;207590
"2005";"87";"Haute-Vienne";"Individuel groupé";245;138;26122;14812
"2005";"87";"Haute-Vienne";"Collectif";1065;934;74690;59030
"2005";"87";"Haute-Vienne";"Résidence";18;120;961;3687
"2005";"88";"Vosges";"Tous Logements";2718;2648;348893;344053
"2005";"88";"Vosges";"Individuel pur";1489;1493;221989;222958
"2005";"88";"Vosges";"Individuel groupé";271;229;28412;25821
"2005";"88";"Vosges";"Collectif";927;893;71664;68421
"2005";"88";"Vosges";"Résidence";31;33;2414;1992
"2005";"89";"Yonne";"Tous Logements";2261;1932;249562;216243
"2005";"89";"Yonne";"Individuel pur";1097;1055;148017;139266
"2005";"89";"Yonne";"Individuel groupé";325;384;32886;38692
"2005";"89";"Yonne";"Collectif";835;488;58456;36219
"2005";"89";"Yonne";"Résidence";4;5;346;514
"2005";"90";"Territoire de Belfort";"Tous Logements";1019;979;111695;104476
"2005";"90";"Territoire de Belfort";"Individuel pur";501;405;69499;57391
"2005";"90";"Territoire de Belfort";"Individuel groupé";39;41;4483;4588
"2005";"90";"Territoire de Belfort";"Collectif";461;533;34859;42132
"2005";"90";"Territoire de Belfort";"Résidence";18;0;1029;0
"2005";"91";"Essonne";"Tous Logements";5387;4245;528814;390059
"2005";"91";"Essonne";"Individuel pur";1271;1178;185317;172124
"2005";"91";"Essonne";"Individuel groupé";703;546;79613;63596
"2005";"91";"Essonne";"Collectif";3113;2094;208081;137757
"2005";"91";"Essonne";"Résidence";300;427;9828;15686
"2005";"92";"Hauts-de-Seine";"Tous Logements";6134;5966;525035;481479
"2005";"92";"Hauts-de-Seine";"Individuel pur";203;197;32173;30975
"2005";"92";"Hauts-de-Seine";"Individuel groupé";363;200;44777;24945
"2005";"92";"Hauts-de-Seine";"Collectif";5066;5419;396515;419948
"2005";"92";"Hauts-de-Seine";"Résidence";502;150;18642;4112
"2005";"93";"Seine-Saint-Denis";"Tous Logements";5972;7090;471997;530190
"2005";"93";"Seine-Saint-Denis";"Individuel pur";472;504;67471;70825
"2005";"93";"Seine-Saint-Denis";"Individuel groupé";435;405;39014;39066
"2005";"93";"Seine-Saint-Denis";"Collectif";4520;5598;316055;400212
"2005";"93";"Seine-Saint-Denis";"Résidence";545;583;16940;18464
"2005";"94";"Val-de-Marne";"Tous Logements";5561;5578;459683;420204
"2005";"94";"Val-de-Marne";"Individuel pur";446;404;68422;64134
"2005";"94";"Val-de-Marne";"Individuel groupé";447;485;45767;54397
"2005";"94";"Val-de-Marne";"Collectif";4463;3757;319905;269471
"2005";"94";"Val-de-Marne";"Résidence";205;932;5289;27935
"2005";"95";"Val-d'Oise";"Tous Logements";4710;3794;416153;340591
"2005";"95";"Val-d'Oise";"Individuel pur";924;827;134663;120310
"2005";"95";"Val-d'Oise";"Individuel groupé";624;516;70872;55495
"2005";"95";"Val-d'Oise";"Collectif";2597;2440;170223;163363
"2005";"95";"Val-d'Oise";"Résidence";565;11;19516;888
"2005";"971";"Guadeloupe";"Tous Logements";4772;2432;446087;226670
"2005";"971";"Guadeloupe";"Individuel pur";2152;1329;247028;149430
"2005";"971";"Guadeloupe";"Individuel groupé";467;273;40162;18652
"2005";"971";"Guadeloupe";"Collectif";2099;751;145014;53109
"2005";"971";"Guadeloupe";"Résidence";54;79;6456;5330
"2005";"972";"Martinique";"Tous Logements";3622;2834;314192;241716
"2005";"972";"Martinique";"Individuel pur";1101;960;118870;104169
"2005";"972";"Martinique";"Individuel groupé";240;305;20836;24338
"2005";"972";"Martinique";"Collectif";2107;1549;157279;103913
"2005";"972";"Martinique";"Résidence";174;20;7802;1080
"2005";"973";"Guyane";"Tous Logements";1;13;50;1110
"2005";"973";"Guyane";"Individuel pur";0;0;0;0
"2005";"973";"Guyane";"Individuel groupé";1;13;50;1110
"2005";"973";"Guyane";"Collectif";0;0;0;0
"2005";"973";"Guyane";"Résidence";0;0;0;0
"2005";"974";"La Réunion";"Tous Logements";11746;8828;965325;732075
"2005";"974";"La Réunion";"Individuel pur";3544;3167;356723;325429
"2005";"974";"La Réunion";"Individuel groupé";1867;1446;141727;104187
"2005";"974";"La Réunion";"Collectif";6255;4188;413602;275025
"2005";"974";"La Réunion";"Résidence";80;27;5123;951
"2004";"01";"Ain";"Tous Logements";5818;5116;668531;611672
"2004";"01";"Ain";"Individuel pur";2694;2633;383396;376082
"2004";"01";"Ain";"Individuel groupé";640;664;69198;74261
"2004";"01";"Ain";"Collectif";2401;1813;190528;154444
"2004";"01";"Ain";"Résidence";83;6;5733;427
"2004";"02";"Aisne";"Tous Logements";2949;1664;325810;209143
"2004";"02";"Aisne";"Individuel pur";1182;1140;168328;159791
"2004";"02";"Aisne";"Individuel groupé";344;216;36520;21052
"2004";"02";"Aisne";"Collectif";551;291;45307;26435
"2004";"02";"Aisne";"Résidence";872;17;61982;775
"2004";"03";"Allier";"Tous Logements";1700;1351;223184;175290
"2004";"03";"Allier";"Individuel pur";1147;1060;155369;143559
"2004";"03";"Allier";"Individuel groupé";260;136;25581;13720
"2004";"03";"Allier";"Collectif";291;136;22885;10960
"2004";"03";"Allier";"Résidence";2;19;317;1009
"2004";"04";"Alpes-de-Haute-Provence";"Tous Logements";1876;1320;195699;145792
"2004";"04";"Alpes-de-Haute-Provence";"Individuel pur";950;877;114864;105376
"2004";"04";"Alpes-de-Haute-Provence";"Individuel groupé";317;139;28897;16039
"2004";"04";"Alpes-de-Haute-Provence";"Collectif";427;238;32681;18976
"2004";"04";"Alpes-de-Haute-Provence";"Résidence";182;66;9075;4023
"2004";"05";"Hautes-Alpes";"Tous Logements";2549;2834;222727;219077
"2004";"05";"Hautes-Alpes";"Individuel pur";790;741;98731;92953
"2004";"05";"Hautes-Alpes";"Individuel groupé";258;145;23698;13717
"2004";"05";"Hautes-Alpes";"Collectif";1117;1231;69087;75633
"2004";"05";"Hautes-Alpes";"Résidence";384;717;17121;36229
"2004";"06";"Alpes-Maritimes";"Tous Logements";6484;6965;591662;575935
"2004";"06";"Alpes-Maritimes";"Individuel pur";1305;1146;210017;181616
"2004";"06";"Alpes-Maritimes";"Individuel groupé";419;429;54399;53481
"2004";"06";"Alpes-Maritimes";"Collectif";4450;4909;300471;320116
"2004";"06";"Alpes-Maritimes";"Résidence";310;481;8558;15730
"2004";"07";"Ardèche";"Tous Logements";3550;2997;385997;319662
"2004";"07";"Ardèche";"Individuel pur";1822;1768;236169;230488
"2004";"07";"Ardèche";"Individuel groupé";569;296;58091;25990
"2004";"07";"Ardèche";"Collectif";648;540;57125;44554
"2004";"07";"Ardèche";"Résidence";511;393;23992;17913
"2004";"08";"Ardennes";"Tous Logements";1056;1007;141950;128306
"2004";"08";"Ardennes";"Individuel pur";686;699;99813;101944
"2004";"08";"Ardennes";"Individuel groupé";123;76;13362;10521
"2004";"08";"Ardennes";"Collectif";235;222;15124;14298
"2004";"08";"Ardennes";"Résidence";12;10;413;357
"2004";"09";"Ariège";"Tous Logements";2103;1640;210248;177290
"2004";"09";"Ariège";"Individuel pur";875;838;115727;112637
"2004";"09";"Ariège";"Individuel groupé";301;243;27352;23361
"2004";"09";"Ariège";"Collectif";806;549;51862;36931
"2004";"09";"Ariège";"Résidence";121;10;9244;1133
"2004";"10";"Aube";"Tous Logements";1793;1409;220031;172444
"2004";"10";"Aube";"Individuel pur";938;892;132993;127896
"2004";"10";"Aube";"Individuel groupé";307;147;25087;14917
"2004";"10";"Aube";"Collectif";540;292;44512;24540
"2004";"10";"Aube";"Résidence";8;78;1104;4515
"2004";"11";"Aude";"Tous Logements";4433;4732;446386;461966
"2004";"11";"Aude";"Individuel pur";1939;1930;256208;251521
"2004";"11";"Aude";"Individuel groupé";528;655;55049;60414
"2004";"11";"Aude";"Collectif";1667;1967;106951;130688
"2004";"11";"Aude";"Résidence";299;180;16771;12078
"2004";"12";"Aveyron";"Tous Logements";2424;2274;279720;249363
"2004";"12";"Aveyron";"Individuel pur";1346;1236;188170;175030
"2004";"12";"Aveyron";"Individuel groupé";192;100;18049;9980
"2004";"12";"Aveyron";"Collectif";834;848;62180;60149
"2004";"12";"Aveyron";"Résidence";52;90;4742;4091
"2004";"13";"Bouches-du-Rhône";"Tous Logements";10332;8345;1026574;833988
"2004";"13";"Bouches-du-Rhône";"Individuel pur";3082;2792;416743;379020
"2004";"13";"Bouches-du-Rhône";"Individuel groupé";1305;915;130040;88609
"2004";"13";"Bouches-du-Rhône";"Collectif";5386;4277;389689;333458
"2004";"13";"Bouches-du-Rhône";"Résidence";559;361;26487;18384
"2004";"14";"Calvados";"Tous Logements";5315;4444;563826;472442
"2004";"14";"Calvados";"Individuel pur";2542;2386;325128;303028
"2004";"14";"Calvados";"Individuel groupé";851;799;87990;81557
"2004";"14";"Calvados";"Collectif";1676;984;115907;71065
"2004";"14";"Calvados";"Résidence";246;275;12692;12883
"2004";"15";"Cantal";"Tous Logements";902;876;112116;100471
"2004";"15";"Cantal";"Individuel pur";692;658;89924;84663
"2004";"15";"Cantal";"Individuel groupé";50;32;4907;3011
"2004";"15";"Cantal";"Collectif";141;128;10991;9670
"2004";"15";"Cantal";"Résidence";19;58;908;2025
"2004";"16";"Charente";"Tous Logements";3014;2837;358261;319100
"2004";"16";"Charente";"Individuel pur";1877;1735;253617;231652
"2004";"16";"Charente";"Individuel groupé";428;342;42906;31731
"2004";"16";"Charente";"Collectif";658;694;40370;44604
"2004";"16";"Charente";"Résidence";51;66;4785;6703
"2004";"17";"Charente-Maritime";"Tous Logements";8086;6523;872335;708671
"2004";"17";"Charente-Maritime";"Individuel pur";4236;3923;541212;500281
"2004";"17";"Charente-Maritime";"Individuel groupé";1469;1242;136786;115656
"2004";"17";"Charente-Maritime";"Collectif";1932;1059;129578;71066
"2004";"17";"Charente-Maritime";"Résidence";449;299;20385;16334
"2004";"18";"Cher";"Tous Logements";1557;1562;184563;179482
"2004";"18";"Cher";"Individuel pur";899;979;118518;129317
"2004";"18";"Cher";"Individuel groupé";211;170;21679;17323
"2004";"18";"Cher";"Collectif";430;313;32209;24481
"2004";"18";"Cher";"Résidence";17;100;995;7164
"2004";"19";"Corrèze";"Tous Logements";1801;1537;227437;199766
"2004";"19";"Corrèze";"Individuel pur";1109;1144;162306;164309
"2004";"19";"Corrèze";"Individuel groupé";169;194;16842;19640
"2004";"19";"Corrèze";"Collectif";513;199;40478;13552
"2004";"19";"Corrèze";"Résidence";10;0;394;0
"2004";"21";"Côte-d'Or";"Tous Logements";2762;2564;352942;301840
"2004";"21";"Côte-d'Or";"Individuel pur";1478;1290;229975;198122
"2004";"21";"Côte-d'Or";"Individuel groupé";226;261;25063;23447
"2004";"21";"Côte-d'Or";"Collectif";947;970;64794;73120
"2004";"21";"Côte-d'Or";"Résidence";111;43;4091;673
"2004";"22";"Côtes-d'Armor";"Tous Logements";6366;5263;712939;584488
"2004";"22";"Côtes-d'Armor";"Individuel pur";3706;3354;490179;443944
"2004";"22";"Côtes-d'Armor";"Individuel groupé";815;619;69202;55458
"2004";"22";"Côtes-d'Armor";"Collectif";1708;1088;110647;69316
"2004";"22";"Côtes-d'Armor";"Résidence";137;202;8858;11335
"2004";"23";"Creuse";"Tous Logements";750;607;98185;80276
"2004";"23";"Creuse";"Individuel pur";466;412;67703;58630
"2004";"23";"Creuse";"Individuel groupé";87;76;8846;7599
"2004";"23";"Creuse";"Collectif";195;119;14503;10999
"2004";"23";"Creuse";"Résidence";2;0;91;0
"2004";"24";"Dordogne";"Tous Logements";5540;4029;624747;496241
"2004";"24";"Dordogne";"Individuel pur";2851;2614;382941;349738
"2004";"24";"Dordogne";"Individuel groupé";861;633;78754;62028
"2004";"24";"Dordogne";"Collectif";1522;651;97500;44595
"2004";"24";"Dordogne";"Résidence";306;131;24088;10315
"2004";"25";"Doubs";"Tous Logements";3733;3412;419756;390301
"2004";"25";"Doubs";"Individuel pur";1839;1875;264850;272061
"2004";"25";"Doubs";"Individuel groupé";303;246;32328;26193
"2004";"25";"Doubs";"Collectif";1588;1268;114160;89009
"2004";"25";"Doubs";"Résidence";3;23;299;2320
"2004";"26";"Drôme";"Tous Logements";5025;4146;528762;451197
"2004";"26";"Drôme";"Individuel pur";2309;2268;303477;300702
"2004";"26";"Drôme";"Individuel groupé";506;341;53372;34101
"2004";"26";"Drôme";"Collectif";1772;1422;138518;111713
"2004";"26";"Drôme";"Résidence";438;115;22039;4654
"2004";"27";"Eure";"Tous Logements";4259;3418;471198;384574
"2004";"27";"Eure";"Individuel pur";2259;2146;289112;274549
"2004";"27";"Eure";"Individuel groupé";839;506;86643;49671
"2004";"27";"Eure";"Collectif";1081;751;74360;55374
"2004";"27";"Eure";"Résidence";80;15;337;1030
"2004";"28";"Eure-et-Loir";"Tous Logements";2196;1997;256656;228807
"2004";"28";"Eure-et-Loir";"Individuel pur";1141;1144;154086;154879
"2004";"28";"Eure-et-Loir";"Individuel groupé";310;270;32759;27903
"2004";"28";"Eure-et-Loir";"Collectif";688;534;48828;40737
"2004";"28";"Eure-et-Loir";"Résidence";57;49;5013;4225
"2004";"29";"Finistère";"Tous Logements";8267;6565;950055;763413
"2004";"29";"Finistère";"Individuel pur";4720;4359;629347;581126
"2004";"29";"Finistère";"Individuel groupé";1009;787;92198;72844
"2004";"29";"Finistère";"Collectif";2312;1288;171731;96141
"2004";"29";"Finistère";"Résidence";226;131;14427;8801
"2004";"2A";"Corse-du-Sud";"Tous Logements";2040;1198;229908;141763
"2004";"2A";"Corse-du-Sud";"Individuel pur";834;728;124046;107331
"2004";"2A";"Corse-du-Sud";"Individuel groupé";144;101;12081;9243
"2004";"2A";"Corse-du-Sud";"Collectif";965;262;83514;17109
"2004";"2A";"Corse-du-Sud";"Résidence";97;107;5710;7352
"2004";"2B";"Haute-Corse";"Tous Logements";1918;1723;200133;176215
"2004";"2B";"Haute-Corse";"Individuel pur";702;705;95952;93533
"2004";"2B";"Haute-Corse";"Individuel groupé";263;183;21036;19794
"2004";"2B";"Haute-Corse";"Collectif";871;611;60977;37225
"2004";"2B";"Haute-Corse";"Résidence";82;224;4317;12613
"2004";"30";"Gard";"Tous Logements";6060;5493;681656;611107
"2004";"30";"Gard";"Individuel pur";2978;2954;401152;396854
"2004";"30";"Gard";"Individuel groupé";821;638;86334;67303
"2004";"30";"Gard";"Collectif";2169;1608;159993;112706
"2004";"30";"Gard";"Résidence";92;293;2783;18628
"2004";"31";"Haute-Garonne";"Tous Logements";13806;11721;1323787;1175811
"2004";"31";"Haute-Garonne";"Individuel pur";4209;4189;603843;595645
"2004";"31";"Haute-Garonne";"Individuel groupé";1844;1731;175742;169121
"2004";"31";"Haute-Garonne";"Collectif";7519;5680;512428;404305
"2004";"31";"Haute-Garonne";"Résidence";234;121;9350;5341
"2004";"32";"Gers";"Tous Logements";1899;1497;213545;172954
"2004";"32";"Gers";"Individuel pur";1025;931;143468;128189
"2004";"32";"Gers";"Individuel groupé";338;128;29543;12458
"2004";"32";"Gers";"Collectif";445;380;31235;27918
"2004";"32";"Gers";"Résidence";91;58;3481;3851
"2004";"33";"Gironde";"Tous Logements";14796;11505;1469442;1171100
"2004";"33";"Gironde";"Individuel pur";4672;4536;611816;593070
"2004";"33";"Gironde";"Individuel groupé";2994;2202;271766;199753
"2004";"33";"Gironde";"Collectif";6742;4457;466483;296639
"2004";"33";"Gironde";"Résidence";388;310;22097;21062
"2004";"34";"Hérault";"Tous Logements";10534;9566;1028963;970846
"2004";"34";"Hérault";"Individuel pur";3826;3899;524725;530821
"2004";"34";"Hérault";"Individuel groupé";1099;1000;111250;109281
"2004";"34";"Hérault";"Collectif";5010;4376;348483;305045
"2004";"34";"Hérault";"Résidence";599;291;17569;9499
"2004";"35";"Ille-et-Vilaine";"Tous Logements";11544;9167;1223689;1009000
"2004";"35";"Ille-et-Vilaine";"Individuel pur";4653;4403;660834;623707
"2004";"35";"Ille-et-Vilaine";"Individuel groupé";1038;909;104191;98690
"2004";"35";"Ille-et-Vilaine";"Collectif";5584;3658;409394;274497
"2004";"35";"Ille-et-Vilaine";"Résidence";269;197;16527;8901
"2004";"36";"Indre";"Tous Logements";1274;1302;149366;147442
"2004";"36";"Indre";"Individuel pur";660;624;89761;86122
"2004";"36";"Indre";"Individuel groupé";303;431;31314;43468
"2004";"36";"Indre";"Collectif";147;94;10714;7190
"2004";"36";"Indre";"Résidence";164;153;10814;9686
"2004";"37";"Indre-et-Loire";"Tous Logements";3818;3959;451764;452073
"2004";"37";"Indre-et-Loire";"Individuel pur";2019;2039;280700;286060
"2004";"37";"Indre-et-Loire";"Individuel groupé";578;549;65959;61881
"2004";"37";"Indre-et-Loire";"Collectif";1213;1356;85674;97685
"2004";"37";"Indre-et-Loire";"Résidence";8;15;782;1658
"2004";"38";"Isère";"Tous Logements";9294;7764;984556;844766
"2004";"38";"Isère";"Individuel pur";3886;3832;530748;521023
"2004";"38";"Isère";"Individuel groupé";721;706;83569;81716
"2004";"38";"Isère";"Collectif";4525;3200;324598;231693
"2004";"38";"Isère";"Résidence";162;26;13859;3393
"2004";"39";"Jura";"Tous Logements";1709;1539;213929;188895
"2004";"39";"Jura";"Individuel pur";1078;1071;149034;149043
"2004";"39";"Jura";"Individuel groupé";101;111;9041;9617
"2004";"39";"Jura";"Collectif";523;341;43895;28725
"2004";"39";"Jura";"Résidence";7;16;749;836
"2004";"40";"Landes";"Tous Logements";6747;5694;651469;565190
"2004";"40";"Landes";"Individuel pur";2539;2380;336654;310712
"2004";"40";"Landes";"Individuel groupé";978;881;88899;80431
"2004";"40";"Landes";"Collectif";2557;2026;170833;140628
"2004";"40";"Landes";"Résidence";673;407;33748;20070
"2004";"41";"Loir-et-Cher";"Tous Logements";2194;2213;265059;263992
"2004";"41";"Loir-et-Cher";"Individuel pur";1360;1384;183780;189188
"2004";"41";"Loir-et-Cher";"Individuel groupé";312;370;32717;39802
"2004";"41";"Loir-et-Cher";"Collectif";401;382;27661;26006
"2004";"41";"Loir-et-Cher";"Résidence";121;77;4873;6203
"2004";"42";"Loire";"Tous Logements";3987;3475;489678;416433
"2004";"42";"Loire";"Individuel pur";1985;1944;273341;269595
"2004";"42";"Loire";"Individuel groupé";444;380;50370;42271
"2004";"42";"Loire";"Collectif";1374;966;113213;90268
"2004";"42";"Loire";"Résidence";184;185;8194;6945
"2004";"43";"Haute-Loire";"Tous Logements";1714;1493;238296;208698
"2004";"43";"Haute-Loire";"Individuel pur";1321;1226;186262;171691
"2004";"43";"Haute-Loire";"Individuel groupé";90;97;8969;10793
"2004";"43";"Haute-Loire";"Collectif";292;158;30558;19693
"2004";"43";"Haute-Loire";"Résidence";11;12;900;1182
"2004";"44";"Loire-Atlantique";"Tous Logements";12222;11577;1242738;1160824
"2004";"44";"Loire-Atlantique";"Individuel pur";5335;5324;714082;709527
"2004";"44";"Loire-Atlantique";"Individuel groupé";1226;1386;118715;139446
"2004";"44";"Loire-Atlantique";"Collectif";5539;4841;333822;308825
"2004";"44";"Loire-Atlantique";"Résidence";122;26;5600;1831
"2004";"45";"Loiret";"Tous Logements";4065;3838;454991;423647
"2004";"45";"Loiret";"Individuel pur";1938;2037;260832;274550
"2004";"45";"Loiret";"Individuel groupé";717;680;71179;69065
"2004";"45";"Loiret";"Collectif";1368;1042;99751;71784
"2004";"45";"Loiret";"Résidence";42;79;2497;4091
"2004";"46";"Lot";"Tous Logements";2022;1739;242924;204931
"2004";"46";"Lot";"Individuel pur";1346;1269;183142;172128
"2004";"46";"Lot";"Individuel groupé";113;76;12613;8404
"2004";"46";"Lot";"Collectif";283;185;18734;13259
"2004";"46";"Lot";"Résidence";280;209;16551;10752
"2004";"47";"Lot-et-Garonne";"Tous Logements";3622;2800;384689;316716
"2004";"47";"Lot-et-Garonne";"Individuel pur";1540;1498;210297;206841
"2004";"47";"Lot-et-Garonne";"Individuel groupé";571;265;55298;25122
"2004";"47";"Lot-et-Garonne";"Collectif";1049;919;69917;59923
"2004";"47";"Lot-et-Garonne";"Résidence";462;118;21746;7985
"2004";"48";"Lozère";"Tous Logements";592;583;78845;73388
"2004";"48";"Lozère";"Individuel pur";470;440;65030;60563
"2004";"48";"Lozère";"Individuel groupé";52;35;5362;3617
"2004";"48";"Lozère";"Collectif";58;87;4511;6232
"2004";"48";"Lozère";"Résidence";12;21;1221;1290
"2004";"49";"Maine-et-Loire";"Tous Logements";5563;5163;644412;590677
"2004";"49";"Maine-et-Loire";"Individuel pur";3178;3200;424759;425792
"2004";"49";"Maine-et-Loire";"Individuel groupé";985;772;96705;77992
"2004";"49";"Maine-et-Loire";"Collectif";1357;1156;100378;84529
"2004";"49";"Maine-et-Loire";"Résidence";43;35;2602;1945
"2004";"50";"Manche";"Tous Logements";4080;3874;486652;415894
"2004";"50";"Manche";"Individuel pur";3068;2772;373186;335203
"2004";"50";"Manche";"Individuel groupé";450;379;41227;34566
"2004";"50";"Manche";"Collectif";510;598;39826;41332
"2004";"50";"Manche";"Résidence";52;125;4385;0
"2004";"51";"Marne";"Tous Logements";2569;2403;346559;295348
"2004";"51";"Marne";"Individuel pur";1176;1165;179840;180534
"2004";"51";"Marne";"Individuel groupé";320;142;41690;17317
"2004";"51";"Marne";"Collectif";1068;888;99096;89449
"2004";"51";"Marne";"Résidence";5;208;251;7498
"2004";"52";"Haute-Marne";"Tous Logements";709;784;97783;92303
"2004";"52";"Haute-Marne";"Individuel pur";493;467;69823;65153
"2004";"52";"Haute-Marne";"Individuel groupé";95;62;9757;6265
"2004";"52";"Haute-Marne";"Collectif";121;252;9816;20702
"2004";"52";"Haute-Marne";"Résidence";0;3;0;159
"2004";"53";"Mayenne";"Tous Logements";2450;2070;287243;247844
"2004";"53";"Mayenne";"Individuel pur";1543;1412;212542;196249
"2004";"53";"Mayenne";"Individuel groupé";351;222;32739;21800
"2004";"53";"Mayenne";"Collectif";554;345;34654;23333
"2004";"53";"Mayenne";"Résidence";2;91;184;6298
"2004";"54";"Meurthe-et-Moselle";"Tous Logements";3797;3624;440295;409614
"2004";"54";"Meurthe-et-Moselle";"Individuel pur";1308;1313;207683;208088
"2004";"54";"Meurthe-et-Moselle";"Individuel groupé";474;430;54217;49377
"2004";"54";"Meurthe-et-Moselle";"Collectif";1731;1579;149553;127806
"2004";"54";"Meurthe-et-Moselle";"Résidence";284;302;7582;5715
"2004";"55";"Meuse";"Tous Logements";959;875;133493;123494
"2004";"55";"Meuse";"Individuel pur";586;592;86069;87878
"2004";"55";"Meuse";"Individuel groupé";147;74;16073;7769
"2004";"55";"Meuse";"Collectif";226;189;21335;16697
"2004";"55";"Meuse";"Résidence";0;20;0;1601
"2004";"56";"Morbihan";"Tous Logements";9226;8309;1056172;940734
"2004";"56";"Morbihan";"Individuel pur";5262;5009;717243;681766
"2004";"56";"Morbihan";"Individuel groupé";1000;1016;95864;101269
"2004";"56";"Morbihan";"Collectif";2812;1963;197588;139207
"2004";"56";"Morbihan";"Résidence";152;321;10245;14493
"2004";"57";"Moselle";"Tous Logements";6608;5982;833024;777996
"2004";"57";"Moselle";"Individuel pur";2549;2522;439838;435435
"2004";"57";"Moselle";"Individuel groupé";672;638;78250;76813
"2004";"57";"Moselle";"Collectif";3023;2696;260803;224197
"2004";"57";"Moselle";"Résidence";364;126;15297;8362
"2004";"58";"Nièvre";"Tous Logements";808;637;94309;75928
"2004";"58";"Nièvre";"Individuel pur";534;505;69396;65530
"2004";"58";"Nièvre";"Individuel groupé";52;63;4676;5583
"2004";"58";"Nièvre";"Collectif";159;57;9473;3949
"2004";"58";"Nièvre";"Résidence";63;12;3297;194
"2004";"59";"Nord";"Tous Logements";11598;8696;1205381;919271
"2004";"59";"Nord";"Individuel pur";3070;2854;458121;422053
"2004";"59";"Nord";"Individuel groupé";2407;1887;225848;190626
"2004";"59";"Nord";"Collectif";5335;3771;379101;271047
"2004";"59";"Nord";"Résidence";786;184;34138;8665
"2004";"60";"Oise";"Tous Logements";3575;3287;365188;333748
"2004";"60";"Oise";"Individuel pur";1716;1607;225338;211172
"2004";"60";"Oise";"Individuel groupé";471;432;42818;41940
"2004";"60";"Oise";"Collectif";1207;1142;85718;76478
"2004";"60";"Oise";"Résidence";181;106;8703;4043
"2004";"61";"Orne";"Tous Logements";1528;1394;169607;143159
"2004";"61";"Orne";"Individuel pur";1045;939;117527;106214
"2004";"61";"Orne";"Individuel groupé";141;127;12797;11292
"2004";"61";"Orne";"Collectif";264;258;20257;19350
"2004";"61";"Orne";"Résidence";78;70;5378;5051
"2004";"62";"Pas-de-Calais";"Tous Logements";8853;7837;997152;861682
"2004";"62";"Pas-de-Calais";"Individuel pur";3891;3685;557750;525856
"2004";"62";"Pas-de-Calais";"Individuel groupé";2031;1768;191580;173594
"2004";"62";"Pas-de-Calais";"Collectif";2647;1995;184361;129635
"2004";"62";"Pas-de-Calais";"Résidence";284;389;16076;22765
"2004";"63";"Puy-de-Dôme";"Tous Logements";5712;4155;572035;450658
"2004";"63";"Puy-de-Dôme";"Individuel pur";2375;2331;314305;308383
"2004";"63";"Puy-de-Dôme";"Individuel groupé";308;335;33129;37335
"2004";"63";"Puy-de-Dôme";"Collectif";2696;1467;194512;100094
"2004";"63";"Puy-de-Dôme";"Résidence";333;22;10461;1467
"2004";"64";"Pyrénées-Atlantiques";"Tous Logements";5226;4588;607661;539323
"2004";"64";"Pyrénées-Atlantiques";"Individuel pur";2544;2331;382666;352727
"2004";"64";"Pyrénées-Atlantiques";"Individuel groupé";381;449;38251;42417
"2004";"64";"Pyrénées-Atlantiques";"Collectif";2275;1760;168230;131933
"2004";"64";"Pyrénées-Atlantiques";"Résidence";26;48;1512;3488
"2004";"65";"Hautes-Pyrénées";"Tous Logements";2631;2174;249278;212388
"2004";"65";"Hautes-Pyrénées";"Individuel pur";940;909;126509;121282
"2004";"65";"Hautes-Pyrénées";"Individuel groupé";311;129;28682;11719
"2004";"65";"Hautes-Pyrénées";"Collectif";900;852;57215;59502
"2004";"65";"Hautes-Pyrénées";"Résidence";480;284;26760;15658
"2004";"66";"Pyrénées-Orientales";"Tous Logements";4665;4372;492593;458876
"2004";"66";"Pyrénées-Orientales";"Individuel pur";2059;2015;281837;276079
"2004";"66";"Pyrénées-Orientales";"Individuel groupé";655;570;68093;56343
"2004";"66";"Pyrénées-Orientales";"Collectif";1774;1751;125987;121182
"2004";"66";"Pyrénées-Orientales";"Résidence";177;36;8610;1723
"2004";"67";"Bas-Rhin";"Tous Logements";7272;5855;840792;750134
"2004";"67";"Bas-Rhin";"Individuel pur";2161;2175;397413;398591
"2004";"67";"Bas-Rhin";"Individuel groupé";343;340;43358;43759
"2004";"67";"Bas-Rhin";"Collectif";4408;3310;362147;286099
"2004";"67";"Bas-Rhin";"Résidence";360;30;4563;2116
"2004";"68";"Haut-Rhin";"Tous Logements";6134;5082;732332;627436
"2004";"68";"Haut-Rhin";"Individuel pur";1835;1815;323317;318393
"2004";"68";"Haut-Rhin";"Individuel groupé";427;359;50063;42865
"2004";"68";"Haut-Rhin";"Collectif";3563;2882;310057;258299
"2004";"68";"Haut-Rhin";"Résidence";309;26;19208;1452
"2004";"69";"Rhône";"Tous Logements";10812;9564;1030933;897900
"2004";"69";"Rhône";"Individuel pur";2305;2092;340055;312917
"2004";"69";"Rhône";"Individuel groupé";838;696;101859;81652
"2004";"69";"Rhône";"Collectif";7096;6133;547034;469434
"2004";"69";"Rhône";"Résidence";573;643;13912;20599
"2004";"70";"Haute-Saône";"Tous Logements";1701;1513;228650;195091
"2004";"70";"Haute-Saône";"Individuel pur";1183;1087;171664;156572
"2004";"70";"Haute-Saône";"Individuel groupé";159;110;15338;10500
"2004";"70";"Haute-Saône";"Collectif";353;314;30190;27895
"2004";"70";"Haute-Saône";"Résidence";6;2;225;62
"2004";"71";"Saône-et-Loire";"Tous Logements";3032;2819;408500;340089
"2004";"71";"Saône-et-Loire";"Individuel pur";2214;2066;295753;273935
"2004";"71";"Saône-et-Loire";"Individuel groupé";199;225;20223;23221
"2004";"71";"Saône-et-Loire";"Collectif";596;506;44806;33557
"2004";"71";"Saône-et-Loire";"Résidence";23;22;1596;1107
"2004";"72";"Sarthe";"Tous Logements";3416;3267;425288;382337
"2004";"72";"Sarthe";"Individuel pur";2407;2354;322977;315294
"2004";"72";"Sarthe";"Individuel groupé";111;232;10926;21459
"2004";"72";"Sarthe";"Collectif";893;681;57984;45484
"2004";"72";"Sarthe";"Résidence";5;0;255;0
"2004";"73";"Savoie";"Tous Logements";6601;6140;597248;546642
"2004";"73";"Savoie";"Individuel pur";1872;1772;259319;242611
"2004";"73";"Savoie";"Individuel groupé";275;294;30491;32116
"2004";"73";"Savoie";"Collectif";3791;3524;258861;235472
"2004";"73";"Savoie";"Résidence";663;550;41929;35186
"2004";"74";"Haute-Savoie";"Tous Logements";10225;8744;961611;851548
"2004";"74";"Haute-Savoie";"Individuel pur";2473;2423;362603;357300
"2004";"74";"Haute-Savoie";"Individuel groupé";963;896;109559;102242
"2004";"74";"Haute-Savoie";"Collectif";6561;5242;462589;374699
"2004";"74";"Haute-Savoie";"Résidence";228;183;7618;11054
"2004";"75";"Paris";"Tous Logements";2928;2577;188486;147303
"2004";"75";"Paris";"Individuel pur";7;3;962;430
"2004";"75";"Paris";"Individuel groupé";7;0;1143;0
"2004";"75";"Paris";"Collectif";2496;2359;174675;140463
"2004";"75";"Paris";"Résidence";418;215;7438;6254
"2004";"76";"Seine-Maritime";"Tous Logements";6275;5461;677220;600906
"2004";"76";"Seine-Maritime";"Individuel pur";2748;2656;358608;351382
"2004";"76";"Seine-Maritime";"Individuel groupé";489;539;48731;57373
"2004";"76";"Seine-Maritime";"Collectif";2790;2097;207735;173778
"2004";"76";"Seine-Maritime";"Résidence";248;169;7809;5529
"2004";"77";"Seine-et-Marne";"Tous Logements";9270;8119;880310;753046
"2004";"77";"Seine-et-Marne";"Individuel pur";2204;2049;308002;289231
"2004";"77";"Seine-et-Marne";"Individuel groupé";1066;1153;125930;135817
"2004";"77";"Seine-et-Marne";"Collectif";5612;4583;365028;315753
"2004";"77";"Seine-et-Marne";"Résidence";388;334;12589;11550
"2004";"78";"Yvelines";"Tous Logements";5998;4595;655196;479639
"2004";"78";"Yvelines";"Individuel pur";1243;1148;202076;183566
"2004";"78";"Yvelines";"Individuel groupé";897;797;114897;103932
"2004";"78";"Yvelines";"Collectif";3569;2622;265779;187764
"2004";"78";"Yvelines";"Résidence";289;28;9423;1891
"2004";"79";"Deux-Sèvres";"Tous Logements";3006;2815;374902;337335
"2004";"79";"Deux-Sèvres";"Individuel pur";2120;1997;282006;267191
"2004";"79";"Deux-Sèvres";"Individuel groupé";626;534;58300;48464
"2004";"79";"Deux-Sèvres";"Collectif";245;273;16735;17265
"2004";"79";"Deux-Sèvres";"Résidence";15;11;1271;582
"2004";"80";"Somme";"Tous Logements";3523;2824;339206;263406
"2004";"80";"Somme";"Individuel pur";1442;1317;199631;184138
"2004";"80";"Somme";"Individuel groupé";503;345;43173;28108
"2004";"80";"Somme";"Collectif";902;535;62195;36003
"2004";"80";"Somme";"Résidence";676;627;17351;14086
"2004";"81";"Tarn";"Tous Logements";3667;3071;405003;354861
"2004";"81";"Tarn";"Individuel pur";2201;2030;292113;272169
"2004";"81";"Tarn";"Individuel groupé";297;298;29368;29663
"2004";"81";"Tarn";"Collectif";1144;738;69623;50619
"2004";"81";"Tarn";"Résidence";25;5;1853;639
"2004";"82";"Tarn-et-Garonne";"Tous Logements";3697;3362;380705;346812
"2004";"82";"Tarn-et-Garonne";"Individuel pur";1697;1612;227747;215263
"2004";"82";"Tarn-et-Garonne";"Individuel groupé";488;641;43750;57244
"2004";"82";"Tarn-et-Garonne";"Collectif";1375;969;93013;64760
"2004";"82";"Tarn-et-Garonne";"Résidence";137;140;8702;8846
"2004";"83";"Var";"Tous Logements";7051;6684;849160;794826
"2004";"83";"Var";"Individuel pur";3204;3544;456307;505965
"2004";"83";"Var";"Individuel groupé";603;526;61914;61501
"2004";"83";"Var";"Collectif";3021;2533;251482;199704
"2004";"83";"Var";"Résidence";223;81;18255;6887
"2004";"84";"Vaucluse";"Tous Logements";3229;2998;356926;316386
"2004";"84";"Vaucluse";"Individuel pur";1522;1553;200756;203708
"2004";"84";"Vaucluse";"Individuel groupé";441;411;43438;39419
"2004";"84";"Vaucluse";"Collectif";1255;1020;88008;67478
"2004";"84";"Vaucluse";"Résidence";11;14;1496;1801
"2004";"85";"Vendée";"Tous Logements";8787;8319;971795;898388
"2004";"85";"Vendée";"Individuel pur";6174;6129;748379;740750
"2004";"85";"Vendée";"Individuel groupé";878;788;82790;69936
"2004";"85";"Vendée";"Collectif";1652;1106;99398;71084
"2004";"85";"Vendée";"Résidence";83;296;3716;16315
"2004";"86";"Vienne";"Tous Logements";3873;3395;427505;372416
"2004";"86";"Vienne";"Individuel pur";2001;1860;265037;246255
"2004";"86";"Vienne";"Individuel groupé";858;634;85085;65908
"2004";"86";"Vienne";"Collectif";936;831;56282;49142
"2004";"86";"Vienne";"Résidence";78;70;4778;5358
"2004";"87";"Haute-Vienne";"Tous Logements";3354;2831;333936;307067
"2004";"87";"Haute-Vienne";"Individuel pur";1494;1434;203217;196948
"2004";"87";"Haute-Vienne";"Individuel groupé";235;278;24507;29657
"2004";"87";"Haute-Vienne";"Collectif";1427;904;89536;68398
"2004";"87";"Haute-Vienne";"Résidence";198;215;5590;8902
"2004";"88";"Vosges";"Tous Logements";2895;2522;356832;325057
"2004";"88";"Vosges";"Individuel pur";1454;1399;219381;209234
"2004";"88";"Vosges";"Individuel groupé";204;197;23750;21925
"2004";"88";"Vosges";"Collectif";1156;817;86376;66100
"2004";"88";"Vosges";"Résidence";81;109;3019;5009
"2004";"89";"Yonne";"Tous Logements";1813;1527;206393;174673
"2004";"89";"Yonne";"Individuel pur";969;954;126800;122496
"2004";"89";"Yonne";"Individuel groupé";257;180;25500;18142
"2004";"89";"Yonne";"Collectif";583;393;41412;27259
"2004";"89";"Yonne";"Résidence";4;0;296;0
"2004";"90";"Territoire de Belfort";"Tous Logements";967;804;108329;96788
"2004";"90";"Territoire de Belfort";"Individuel pur";388;398;60122;61889
"2004";"90";"Territoire de Belfort";"Individuel groupé";32;50;3571;6702
"2004";"90";"Territoire de Belfort";"Collectif";547;356;42300;27877
"2004";"90";"Territoire de Belfort";"Résidence";0;0;0;0
"2004";"91";"Essonne";"Tous Logements";4825;4828;508306;470383
"2004";"91";"Essonne";"Individuel pur";1227;1313;178246;189688
"2004";"91";"Essonne";"Individuel groupé";705;908;91752;117241
"2004";"91";"Essonne";"Collectif";2296;2092;157963;147517
"2004";"91";"Essonne";"Résidence";597;515;34585;15024
"2004";"92";"Hauts-de-Seine";"Tous Logements";6000;5598;546596;478302
"2004";"92";"Hauts-de-Seine";"Individuel pur";225;183;35635;31971
"2004";"92";"Hauts-de-Seine";"Individuel groupé";292;272;36905;36603
"2004";"92";"Hauts-de-Seine";"Collectif";5332;4907;437897;402421
"2004";"92";"Hauts-de-Seine";"Résidence";151;236;4140;6479
"2004";"93";"Seine-Saint-Denis";"Tous Logements";7423;5768;587838;424469
"2004";"93";"Seine-Saint-Denis";"Individuel pur";590;531;81514;74109
"2004";"93";"Seine-Saint-Denis";"Individuel groupé";484;343;48971;32554
"2004";"93";"Seine-Saint-Denis";"Collectif";5532;4196;401955;296094
"2004";"93";"Seine-Saint-Denis";"Résidence";817;698;26743;20600
"2004";"94";"Val-de-Marne";"Tous Logements";5855;4270;463166;363533
"2004";"94";"Val-de-Marne";"Individuel pur";422;469;65500;74047
"2004";"94";"Val-de-Marne";"Individuel groupé";494;409;55046;45995
"2004";"94";"Val-de-Marne";"Collectif";4186;3161;300085;234173
"2004";"94";"Val-de-Marne";"Résidence";753;231;23596;7730
"2004";"95";"Val-d'Oise";"Tous Logements";5224;4308;477607;402436
"2004";"95";"Val-d'Oise";"Individuel pur";933;1020;137100;151833
"2004";"95";"Val-d'Oise";"Individuel groupé";712;620;82795;73952
"2004";"95";"Val-d'Oise";"Collectif";3291;2376;226474;166292
"2004";"95";"Val-d'Oise";"Résidence";288;292;9899;10093
"2004";"971";"Guadeloupe";"Tous Logements";4442;2989;421051;272256
"2004";"971";"Guadeloupe";"Individuel pur";2306;1395;257459;158041
"2004";"971";"Guadeloupe";"Individuel groupé";636;205;56628;13870
"2004";"971";"Guadeloupe";"Collectif";1418;1281;97130;91385
"2004";"971";"Guadeloupe";"Résidence";82;108;4128;8419
"2004";"972";"Martinique";"Tous Logements";2630;2519;249826;226462
"2004";"972";"Martinique";"Individuel pur";1143;1041;120882;111674
"2004";"972";"Martinique";"Individuel groupé";275;357;25189;32851
"2004";"972";"Martinique";"Collectif";1185;1095;84466;79287
"2004";"972";"Martinique";"Résidence";27;26;1251;1769
"2004";"973";"Guyane";"Tous Logements";0;3;0;328
"2004";"973";"Guyane";"Individuel pur";0;2;0;184
"2004";"973";"Guyane";"Individuel groupé";0;1;0;123
"2004";"973";"Guyane";"Collectif";0;0;0;0
"2004";"973";"Guyane";"Résidence";0;0;0;0
"2004";"974";"La Réunion";"Tous Logements";8556;7494;795202;669918
"2004";"974";"La Réunion";"Individuel pur";3438;3225;352989;332549
"2004";"974";"La Réunion";"Individuel groupé";1372;1507;105050;114980
"2004";"974";"La Réunion";"Collectif";3691;2743;251640;197619
"2004";"974";"La Réunion";"Résidence";55;19;2527;1358
"2003";"01";"Ain";"Tous Logements";4807;4410;589197;513737
"2003";"01";"Ain";"Individuel pur";2403;2372;342556;330712
"2003";"01";"Ain";"Individuel groupé";594;526;67309;63889
"2003";"01";"Ain";"Collectif";1806;1484;156874;114403
"2003";"01";"Ain";"Résidence";4;28;209;1742
"2003";"02";"Aisne";"Tous Logements";1862;1500;208258;168893
"2003";"02";"Aisne";"Individuel pur";951;901;128133;121235
"2003";"02";"Aisne";"Individuel groupé";327;343;31473;33011
"2003";"02";"Aisne";"Collectif";388;220;31606;13279
"2003";"02";"Aisne";"Résidence";196;36;5767;1063
"2003";"03";"Allier";"Tous Logements";1101;1202;150802;145236
"2003";"03";"Allier";"Individuel pur";853;813;116017;109521
"2003";"03";"Allier";"Individuel groupé";124;159;12117;14897
"2003";"03";"Allier";"Collectif";107;230;10243;19501
"2003";"03";"Allier";"Résidence";17;0;692;0
"2003";"04";"Alpes-de-Haute-Provence";"Tous Logements";1417;1344;165702;141974
"2003";"04";"Alpes-de-Haute-Provence";"Individuel pur";903;849;105607;99711
"2003";"04";"Alpes-de-Haute-Provence";"Individuel groupé";252;237;27768;25586
"2003";"04";"Alpes-de-Haute-Provence";"Collectif";205;165;16065;8847
"2003";"04";"Alpes-de-Haute-Provence";"Résidence";57;93;1985;6275
"2003";"05";"Hautes-Alpes";"Tous Logements";2303;1765;202659;159962
"2003";"05";"Hautes-Alpes";"Individuel pur";797;767;101687;98209
"2003";"05";"Hautes-Alpes";"Individuel groupé";64;89;6657;9109
"2003";"05";"Hautes-Alpes";"Collectif";660;434;44184;28653
"2003";"05";"Hautes-Alpes";"Résidence";782;475;41385;23749
"2003";"06";"Alpes-Maritimes";"Tous Logements";6608;4794;593153;458620
"2003";"06";"Alpes-Maritimes";"Individuel pur";1183;1069;185041;168826
"2003";"06";"Alpes-Maritimes";"Individuel groupé";323;329;39161;41051
"2003";"06";"Alpes-Maritimes";"Collectif";4728;3287;330135;235912
"2003";"06";"Alpes-Maritimes";"Résidence";374;109;17641;11271
"2003";"07";"Ardèche";"Tous Logements";2530;2550;313150;289328
"2003";"07";"Ardèche";"Individuel pur";1821;1665;238268;217929
"2003";"07";"Ardèche";"Individuel groupé";257;245;23536;23470
"2003";"07";"Ardèche";"Collectif";424;563;33895;43663
"2003";"07";"Ardèche";"Résidence";28;77;1624;3979
"2003";"08";"Ardennes";"Tous Logements";830;774;123000;111170
"2003";"08";"Ardennes";"Individuel pur";609;634;93373;95651
"2003";"08";"Ardennes";"Individuel groupé";100;81;11430;8469
"2003";"08";"Ardennes";"Collectif";121;49;10599;5003
"2003";"08";"Ardennes";"Résidence";0;10;0;426
"2003";"09";"Ariège";"Tous Logements";1444;1101;157898;121684
"2003";"09";"Ariège";"Individuel pur";790;699;105809;92401
"2003";"09";"Ariège";"Individuel groupé";225;113;21669;11143
"2003";"09";"Ariège";"Collectif";337;221;20832;13899
"2003";"09";"Ariège";"Résidence";92;68;5292;4072
"2003";"10";"Aube";"Tous Logements";1558;1402;191635;166224
"2003";"10";"Aube";"Individuel pur";878;815;126170;115917
"2003";"10";"Aube";"Individuel groupé";186;224;20058;23128
"2003";"10";"Aube";"Collectif";424;359;32066;25957
"2003";"10";"Aube";"Résidence";70;4;3411;414
"2003";"11";"Aude";"Tous Logements";4528;3535;463410;377551
"2003";"11";"Aude";"Individuel pur";2059;2008;260538;255503
"2003";"11";"Aude";"Individuel groupé";885;536;74103;45005
"2003";"11";"Aude";"Collectif";1556;961;108053;66051
"2003";"11";"Aude";"Résidence";28;30;1948;2144
"2003";"12";"Aveyron";"Tous Logements";2114;1778;246185;205368
"2003";"12";"Aveyron";"Individuel pur";1203;1160;171379;159980
"2003";"12";"Aveyron";"Individuel groupé";85;40;9028;4508
"2003";"12";"Aveyron";"Collectif";816;562;56846;39979
"2003";"12";"Aveyron";"Résidence";10;16;517;727
"2003";"13";"Bouches-du-Rhône";"Tous Logements";10073;9521;1023152;940199
"2003";"13";"Bouches-du-Rhône";"Individuel pur";3136;2859;430320;386522
"2003";"13";"Bouches-du-Rhône";"Individuel groupé";746;1020;78707;111462
"2003";"13";"Bouches-du-Rhône";"Collectif";5460;4909;420117;384289
"2003";"13";"Bouches-du-Rhône";"Résidence";731;733;34467;34269
"2003";"14";"Calvados";"Tous Logements";3902;3589;438819;388539
"2003";"14";"Calvados";"Individuel pur";2189;2134;272144;265765
"2003";"14";"Calvados";"Individuel groupé";649;506;67974;53408
"2003";"14";"Calvados";"Collectif";997;862;76041;60905
"2003";"14";"Calvados";"Résidence";67;87;2317;5629
"2003";"15";"Cantal";"Tous Logements";752;658;92520;80087
"2003";"15";"Cantal";"Individuel pur";603;546;76414;69608
"2003";"15";"Cantal";"Individuel groupé";23;30;2373;3123
"2003";"15";"Cantal";"Collectif";77;77;7100;7103
"2003";"15";"Cantal";"Résidence";49;5;1486;69
"2003";"16";"Charente";"Tous Logements";2282;2083;283571;245739
"2003";"16";"Charente";"Individuel pur";1516;1367;206087;185727
"2003";"16";"Charente";"Individuel groupé";278;370;25329;33224
"2003";"16";"Charente";"Collectif";425;211;29406;12744
"2003";"16";"Charente";"Résidence";63;135;5323;10025
"2003";"17";"Charente-Maritime";"Tous Logements";6111;5228;698435;583738
"2003";"17";"Charente-Maritime";"Individuel pur";3702;3410;475533;435844
"2003";"17";"Charente-Maritime";"Individuel groupé";1122;766;103152;73000
"2003";"17";"Charente-Maritime";"Collectif";1034;852;66376;56805
"2003";"17";"Charente-Maritime";"Résidence";253;200;13957;10999
"2003";"18";"Cher";"Tous Logements";1647;1563;185725;160950
"2003";"18";"Cher";"Individuel pur";939;844;121028;109400
"2003";"18";"Cher";"Individuel groupé";219;217;21525;21000
"2003";"18";"Cher";"Collectif";298;388;19448;25409
"2003";"18";"Cher";"Résidence";191;114;9313;3565
"2003";"19";"Corrèze";"Tous Logements";1548;1428;187378;161635
"2003";"19";"Corrèze";"Individuel pur";978;900;138130;127237
"2003";"19";"Corrèze";"Individuel groupé";161;71;16633;7227
"2003";"19";"Corrèze";"Collectif";409;457;26354;25847
"2003";"19";"Corrèze";"Résidence";0;0;0;0
"2003";"21";"Côte-d'Or";"Tous Logements";2411;2509;306630;302899
"2003";"21";"Côte-d'Or";"Individuel pur";1278;1214;183935;170186
"2003";"21";"Côte-d'Or";"Individuel groupé";215;181;18562;19141
"2003";"21";"Côte-d'Or";"Collectif";877;1080;63742;85318
"2003";"21";"Côte-d'Or";"Résidence";41;34;2816;3003
"2003";"22";"Côtes-d'Armor";"Tous Logements";5086;4602;596431;520478
"2003";"22";"Côtes-d'Armor";"Individuel pur";3167;2938;420517;390892
"2003";"22";"Côtes-d'Armor";"Individuel groupé";549;480;49285;41355
"2003";"22";"Côtes-d'Armor";"Collectif";1180;1066;83643;74104
"2003";"22";"Côtes-d'Armor";"Résidence";190;118;10109;8166
"2003";"23";"Creuse";"Tous Logements";529;409;71655;56918
"2003";"23";"Creuse";"Individuel pur";371;332;49404;46271
"2003";"23";"Creuse";"Individuel groupé";82;43;8023;4973
"2003";"23";"Creuse";"Collectif";65;31;6724;2831
"2003";"23";"Creuse";"Résidence";11;3;1238;247
"2003";"24";"Dordogne";"Tous Logements";3823;3176;491536;410410
"2003";"24";"Dordogne";"Individuel pur";2406;2130;324881;286553
"2003";"24";"Dordogne";"Individuel groupé";706;436;65026;42089
"2003";"24";"Dordogne";"Collectif";592;506;40317;36459
"2003";"24";"Dordogne";"Résidence";119;104;8814;11222
"2003";"25";"Doubs";"Tous Logements";3508;3491;411520;404412
"2003";"25";"Doubs";"Individuel pur";1964;1906;283469;274206
"2003";"25";"Doubs";"Individuel groupé";292;275;30865;29959
"2003";"25";"Doubs";"Collectif";1230;1281;86864;98493
"2003";"25";"Doubs";"Résidence";22;29;1578;1455
"2003";"26";"Drôme";"Tous Logements";3468;3294;407716;366262
"2003";"26";"Drôme";"Individuel pur";2166;2095;285741;273976
"2003";"26";"Drôme";"Individuel groupé";312;309;30937;31332
"2003";"26";"Drôme";"Collectif";963;849;75065;57692
"2003";"26";"Drôme";"Résidence";27;41;1796;3038
"2003";"27";"Eure";"Tous Logements";3141;3090;380170;342158
"2003";"27";"Eure";"Individuel pur";2017;1915;259420;245891
"2003";"27";"Eure";"Individuel groupé";421;457;40387;44235
"2003";"27";"Eure";"Collectif";673;698;48413;48781
"2003";"27";"Eure";"Résidence";30;20;2044;1269
"2003";"28";"Eure-et-Loir";"Tous Logements";1794;1704;229180;202921
"2003";"28";"Eure-et-Loir";"Individuel pur";1138;1073;153711;146772
"2003";"28";"Eure-et-Loir";"Individuel groupé";242;216;25445;22477
"2003";"28";"Eure-et-Loir";"Collectif";405;375;29834;26645
"2003";"28";"Eure-et-Loir";"Résidence";9;40;411;2449
"2003";"29";"Finistère";"Tous Logements";5977;5891;727852;683287
"2003";"29";"Finistère";"Individuel pur";3902;3781;528011;513387
"2003";"29";"Finistère";"Individuel groupé";529;549;50656;51765
"2003";"29";"Finistère";"Collectif";1314;1347;98855;100183
"2003";"29";"Finistère";"Résidence";232;214;15389;14407
"2003";"2A";"Corse-du-Sud";"Tous Logements";1196;1120;151766;136484
"2003";"2A";"Corse-du-Sud";"Individuel pur";709;708;105300;102287
"2003";"2A";"Corse-du-Sud";"Individuel groupé";66;114;6472;9540
"2003";"2A";"Corse-du-Sud";"Collectif";318;229;28356;19562
"2003";"2A";"Corse-du-Sud";"Résidence";103;69;7136;3108
"2003";"2B";"Haute-Corse";"Tous Logements";2346;1511;217901;141379
"2003";"2B";"Haute-Corse";"Individuel pur";753;676;95052;84359
"2003";"2B";"Haute-Corse";"Individuel groupé";359;103;35776;8253
"2003";"2B";"Haute-Corse";"Collectif";931;591;61575;42570
"2003";"2B";"Haute-Corse";"Résidence";303;141;14694;5291
"2003";"30";"Gard";"Tous Logements";5412;5657;642247;650266
"2003";"30";"Gard";"Individuel pur";3202;3215;427060;428479
"2003";"30";"Gard";"Individuel groupé";539;577;57447;62696
"2003";"30";"Gard";"Collectif";1427;1801;99240;136259
"2003";"30";"Gard";"Résidence";244;64;18309;3382
"2003";"31";"Haute-Garonne";"Tous Logements";11782;10567;1199233;1080428
"2003";"31";"Haute-Garonne";"Individuel pur";4333;3963;615995;565558
"2003";"31";"Haute-Garonne";"Individuel groupé";1533;1453;153317;148174
"2003";"31";"Haute-Garonne";"Collectif";5657;5142;394634;365217
"2003";"31";"Haute-Garonne";"Résidence";259;9;10600;747
"2003";"32";"Gers";"Tous Logements";1301;1178;171337;153204
"2003";"32";"Gers";"Individuel pur";954;890;134751;127682
"2003";"32";"Gers";"Individuel groupé";124;159;12269;16183
"2003";"32";"Gers";"Collectif";128;124;7084;7340
"2003";"32";"Gers";"Résidence";95;5;5691;601
"2003";"33";"Gironde";"Tous Logements";11569;10108;1200823;1056898
"2003";"33";"Gironde";"Individuel pur";4454;4294;581587;561439
"2003";"33";"Gironde";"Individuel groupé";2165;1888;195705;182210
"2003";"33";"Gironde";"Collectif";4226;3496;297969;238958
"2003";"33";"Gironde";"Résidence";724;430;38451;23367
"2003";"34";"Hérault";"Tous Logements";8974;8097;958882;850290
"2003";"34";"Hérault";"Individuel pur";3730;3640;511011;503132
"2003";"34";"Hérault";"Individuel groupé";1020;975;111995;96497
"2003";"34";"Hérault";"Collectif";4072;3320;295658;230795
"2003";"34";"Hérault";"Résidence";152;162;2129;1159
"2003";"35";"Ille-et-Vilaine";"Tous Logements";7844;7353;902845;835949
"2003";"35";"Ille-et-Vilaine";"Individuel pur";3827;3905;544977;554579
"2003";"35";"Ille-et-Vilaine";"Individuel groupé";825;588;88061;58775
"2003";"35";"Ille-et-Vilaine";"Collectif";2943;2769;225173;213084
"2003";"35";"Ille-et-Vilaine";"Résidence";249;91;12457;6233
"2003";"36";"Indre";"Tous Logements";720;898;98700;103567
"2003";"36";"Indre";"Individuel pur";534;499;71232;67195
"2003";"36";"Indre";"Individuel groupé";134;271;13237;24170
"2003";"36";"Indre";"Collectif";49;127;4039;9122
"2003";"36";"Indre";"Résidence";3;1;373;120
"2003";"37";"Indre-et-Loire";"Tous Logements";3361;3691;397976;412432
"2003";"37";"Indre-et-Loire";"Individuel pur";1730;1683;242909;235006
"2003";"37";"Indre-et-Loire";"Individuel groupé";411;651;45042;70785
"2003";"37";"Indre-et-Loire";"Collectif";1209;1328;87456;100639
"2003";"37";"Indre-et-Loire";"Résidence";11;29;1038;1668
"2003";"38";"Isère";"Tous Logements";8165;7861;894449;849772
"2003";"38";"Isère";"Individuel pur";3920;3814;529679;518493
"2003";"38";"Isère";"Individuel groupé";682;547;77109;61811
"2003";"38";"Isère";"Collectif";3536;3455;257791;261141
"2003";"38";"Isère";"Résidence";27;45;2439;2768
"2003";"39";"Jura";"Tous Logements";1503;1467;188782;176381
"2003";"39";"Jura";"Individuel pur";987;948;135242;130497
"2003";"39";"Jura";"Individuel groupé";162;154;17161;17509
"2003";"39";"Jura";"Collectif";334;356;25531;27360
"2003";"39";"Jura";"Résidence";20;9;1047;752
"2003";"40";"Landes";"Tous Logements";4749;4083;494779;440635
"2003";"40";"Landes";"Individuel pur";2206;2139;289501;283858
"2003";"40";"Landes";"Individuel groupé";801;564;71662;52629
"2003";"40";"Landes";"Collectif";1603;1222;109711;85650
"2003";"40";"Landes";"Résidence";139;158;6798;6895
"2003";"41";"Loir-et-Cher";"Tous Logements";2227;1848;270390;224725
"2003";"41";"Loir-et-Cher";"Individuel pur";1270;1231;172997;167785
"2003";"41";"Loir-et-Cher";"Individuel groupé";415;319;43380;32545
"2003";"41";"Loir-et-Cher";"Collectif";463;284;28853;15705
"2003";"41";"Loir-et-Cher";"Résidence";79;14;5442;419
"2003";"42";"Loire";"Tous Logements";3435;3248;453943;392992
"2003";"42";"Loire";"Individuel pur";2112;2031;291243;276944
"2003";"42";"Loire";"Individuel groupé";284;244;30578;27520
"2003";"42";"Loire";"Collectif";1039;913;91001;80823
"2003";"42";"Loire";"Résidence";0;60;0;2790
"2003";"43";"Haute-Loire";"Tous Logements";1621;1481;202483;182681
"2003";"43";"Haute-Loire";"Individuel pur";1155;1110;160096;156438
"2003";"43";"Haute-Loire";"Individuel groupé";83;46;9270;4740
"2003";"43";"Haute-Loire";"Collectif";292;279;18974;17876
"2003";"43";"Haute-Loire";"Résidence";91;46;3819;2150
"2003";"44";"Loire-Atlantique";"Tous Logements";10628;10150;1189791;1041998
"2003";"44";"Loire-Atlantique";"Individuel pur";5410;5204;717306;690039
"2003";"44";"Loire-Atlantique";"Individuel groupé";1267;916;125812;88723
"2003";"44";"Loire-Atlantique";"Collectif";3808;3878;266258;253931
"2003";"44";"Loire-Atlantique";"Résidence";143;152;8889;8770
"2003";"45";"Loiret";"Tous Logements";3117;3244;383059;389179
"2003";"45";"Loiret";"Individuel pur";1870;1863;256190;254800
"2003";"45";"Loiret";"Individuel groupé";419;535;48855;60682
"2003";"45";"Loiret";"Collectif";734;788;52058;60661
"2003";"45";"Loiret";"Résidence";94;58;5644;4209
"2003";"46";"Lot";"Tous Logements";1674;1524;207485;178604
"2003";"46";"Lot";"Individuel pur";1200;1080;161297;143324
"2003";"46";"Lot";"Individuel groupé";98;181;10218;17128
"2003";"46";"Lot";"Collectif";326;244;22129;16495
"2003";"46";"Lot";"Résidence";50;19;2459;853
"2003";"47";"Lot-et-Garonne";"Tous Logements";2274;2165;285240;253027
"2003";"47";"Lot-et-Garonne";"Individuel pur";1517;1296;206909;175506
"2003";"47";"Lot-et-Garonne";"Individuel groupé";173;249;16679;25246
"2003";"47";"Lot-et-Garonne";"Collectif";427;494;27022;33174
"2003";"47";"Lot-et-Garonne";"Résidence";157;126;9644;7596
"2003";"48";"Lozère";"Tous Logements";737;640;97708;83960
"2003";"48";"Lozère";"Individuel pur";504;486;70228;67902
"2003";"48";"Lozère";"Individuel groupé";64;25;8081;3241
"2003";"48";"Lozère";"Collectif";143;98;10131;8028
"2003";"48";"Lozère";"Résidence";26;31;1925;2391
"2003";"49";"Maine-et-Loire";"Tous Logements";4376;4366;531083;509578
"2003";"49";"Maine-et-Loire";"Individuel pur";2970;2914;397402;387715
"2003";"49";"Maine-et-Loire";"Individuel groupé";601;603;62890;63305
"2003";"49";"Maine-et-Loire";"Collectif";789;820;50713;56778
"2003";"49";"Maine-et-Loire";"Résidence";16;29;1037;1328
"2003";"50";"Manche";"Tous Logements";3821;3064;421204;339258
"2003";"50";"Manche";"Individuel pur";2578;2325;313035;287633
"2003";"50";"Manche";"Individuel groupé";418;383;37577;33940
"2003";"50";"Manche";"Collectif";568;214;40432;12233
"2003";"50";"Manche";"Résidence";257;142;783;1519
"2003";"51";"Marne";"Tous Logements";1985;1864;267506;240831
"2003";"51";"Marne";"Individuel pur";995;1005;154971;155213
"2003";"51";"Marne";"Individuel groupé";260;409;29621;46687
"2003";"51";"Marne";"Collectif";624;450;60894;38779
"2003";"51";"Marne";"Résidence";106;0;4371;0
"2003";"52";"Haute-Marne";"Tous Logements";691;577;89379;83775
"2003";"52";"Haute-Marne";"Individuel pur";399;394;57716;59810
"2003";"52";"Haute-Marne";"Individuel groupé";73;51;7671;8065
"2003";"52";"Haute-Marne";"Collectif";216;132;17611;15900
"2003";"52";"Haute-Marne";"Résidence";3;0;159;0
"2003";"53";"Mayenne";"Tous Logements";1834;1671;241663;216849
"2003";"53";"Mayenne";"Individuel pur";1340;1319;188646;184646
"2003";"53";"Mayenne";"Individuel groupé";160;184;16283;18319
"2003";"53";"Mayenne";"Collectif";236;161;19601;13308
"2003";"53";"Mayenne";"Résidence";98;7;6738;440
"2003";"54";"Meurthe-et-Moselle";"Tous Logements";3108;2980;378622;376228
"2003";"54";"Meurthe-et-Moselle";"Individuel pur";1316;1326;208653;212713
"2003";"54";"Meurthe-et-Moselle";"Individuel groupé";431;389;50201;43017
"2003";"54";"Meurthe-et-Moselle";"Collectif";1309;1184;100335;98356
"2003";"54";"Meurthe-et-Moselle";"Résidence";52;81;1352;4874
"2003";"55";"Meuse";"Tous Logements";895;768;127228;112281
"2003";"55";"Meuse";"Individuel pur";611;555;90705;81161
"2003";"55";"Meuse";"Individuel groupé";70;70;7368;7400
"2003";"55";"Meuse";"Collectif";189;138;17405;14602
"2003";"55";"Meuse";"Résidence";25;5;1832;231
"2003";"56";"Morbihan";"Tous Logements";7609;7569;890864;832754
"2003";"56";"Morbihan";"Individuel pur";4733;4417;646930;598436
"2003";"56";"Morbihan";"Individuel groupé";821;825;82223;72879
"2003";"56";"Morbihan";"Collectif";1602;1986;110941;139247
"2003";"56";"Morbihan";"Résidence";453;341;21327;20288
"2003";"57";"Moselle";"Tous Logements";6263;5542;799386;743751
"2003";"57";"Moselle";"Individuel pur";2665;2584;451917;437068
"2003";"57";"Moselle";"Individuel groupé";560;461;67090;54530
"2003";"57";"Moselle";"Collectif";2967;2450;239211;215402
"2003";"57";"Moselle";"Résidence";71;47;3464;1886
"2003";"58";"Nièvre";"Tous Logements";600;731;78471;82408
"2003";"58";"Nièvre";"Individuel pur";476;456;62550;60400
"2003";"58";"Nièvre";"Individuel groupé";48;63;4038;6546
"2003";"58";"Nièvre";"Collectif";62;147;5318;11391
"2003";"58";"Nièvre";"Résidence";14;65;546;3753
"2003";"59";"Nord";"Tous Logements";7813;7385;888111;828796
"2003";"59";"Nord";"Individuel pur";2678;2668;392479;392246
"2003";"59";"Nord";"Individuel groupé";2081;2072;209738;209873
"2003";"59";"Nord";"Collectif";2905;2500;218771;188432
"2003";"59";"Nord";"Résidence";149;145;9939;10059
"2003";"60";"Oise";"Tous Logements";3073;2562;329899;288543
"2003";"60";"Oise";"Individuel pur";1522;1502;200071;197676
"2003";"60";"Oise";"Individuel groupé";339;306;35680;36167
"2003";"60";"Oise";"Collectif";1020;748;74234;53828
"2003";"60";"Oise";"Résidence";192;6;8935;671
"2003";"61";"Orne";"Tous Logements";1153;1204;149228;117251
"2003";"61";"Orne";"Individuel pur";777;765;85820;84862
"2003";"61";"Orne";"Individuel groupé";193;220;15577;18636
"2003";"61";"Orne";"Collectif";174;154;14067;10525
"2003";"61";"Orne";"Résidence";9;65;554;2660
"2003";"62";"Pas-de-Calais";"Tous Logements";7260;6706;813461;748820
"2003";"62";"Pas-de-Calais";"Individuel pur";3396;3372;478215;474601
"2003";"62";"Pas-de-Calais";"Individuel groupé";1471;1407;137987;130442
"2003";"62";"Pas-de-Calais";"Collectif";2067;1568;136775;110818
"2003";"62";"Pas-de-Calais";"Résidence";326;359;17844;26866
"2003";"63";"Puy-de-Dôme";"Tous Logements";3931;3787;452356;421564
"2003";"63";"Puy-de-Dôme";"Individuel pur";2233;2115;295239;280165
"2003";"63";"Puy-de-Dôme";"Individuel groupé";329;225;39653;22787
"2003";"63";"Puy-de-Dôme";"Collectif";1305;1427;95618;116532
"2003";"63";"Puy-de-Dôme";"Résidence";64;20;3060;1607
"2003";"64";"Pyrénées-Atlantiques";"Tous Logements";4766;4805;558915;545776
"2003";"64";"Pyrénées-Atlantiques";"Individuel pur";2396;2234;357510;332127
"2003";"64";"Pyrénées-Atlantiques";"Individuel groupé";335;364;31254;34559
"2003";"64";"Pyrénées-Atlantiques";"Collectif";1836;1970;137531;148919
"2003";"64";"Pyrénées-Atlantiques";"Résidence";199;237;11156;14384
"2003";"65";"Hautes-Pyrénées";"Tous Logements";1843;1394;209628;152404
"2003";"65";"Hautes-Pyrénées";"Individuel pur";919;854;125570;115526
"2003";"65";"Hautes-Pyrénées";"Individuel groupé";90;58;8206;5190
"2003";"65";"Hautes-Pyrénées";"Collectif";777;348;52248;21197
"2003";"65";"Hautes-Pyrénées";"Résidence";57;134;3866;6780
"2003";"66";"Pyrénées-Orientales";"Tous Logements";5008;4204;529732;468121
"2003";"66";"Pyrénées-Orientales";"Individuel pur";2270;2297;305783;310430
"2003";"66";"Pyrénées-Orientales";"Individuel groupé";700;500;63301;48650
"2003";"66";"Pyrénées-Orientales";"Collectif";1907;1306;144180;98634
"2003";"66";"Pyrénées-Orientales";"Résidence";131;101;5445;4132
"2003";"67";"Bas-Rhin";"Tous Logements";5564;5728;732793;738493
"2003";"67";"Bas-Rhin";"Individuel pur";2304;2232;421679;410759
"2003";"67";"Bas-Rhin";"Individuel groupé";297;362;37066;45780
"2003";"67";"Bas-Rhin";"Collectif";2956;3121;253209;264718
"2003";"67";"Bas-Rhin";"Résidence";7;13;518;988
"2003";"68";"Haut-Rhin";"Tous Logements";4530;4204;610063;552431
"2003";"68";"Haut-Rhin";"Individuel pur";1905;1867;336777;331313
"2003";"68";"Haut-Rhin";"Individuel groupé";306;250;37254;32939
"2003";"68";"Haut-Rhin";"Collectif";2271;2047;196080;177108
"2003";"68";"Haut-Rhin";"Résidence";48;40;3374;1953
"2003";"69";"Rhône";"Tous Logements";8860;8048;870938;829646
"2003";"69";"Rhône";"Individuel pur";2102;2067;315603;303609
"2003";"69";"Rhône";"Individuel groupé";534;537;67852;67687
"2003";"69";"Rhône";"Collectif";5865;5296;452787;440727
"2003";"69";"Rhône";"Résidence";359;148;8300;3780
"2003";"70";"Haute-Saône";"Tous Logements";1327;1225;180268;162583
"2003";"70";"Haute-Saône";"Individuel pur";931;917;135205;133052
"2003";"70";"Haute-Saône";"Individuel groupé";116;135;12626;14944
"2003";"70";"Haute-Saône";"Collectif";280;173;24821;14500
"2003";"70";"Haute-Saône";"Résidence";0;0;0;0
"2003";"71";"Saône-et-Loire";"Tous Logements";2827;2779;335207;319546
"2003";"71";"Saône-et-Loire";"Individuel pur";1843;1779;245131;233402
"2003";"71";"Saône-et-Loire";"Individuel groupé";210;271;21613;27811
"2003";"71";"Saône-et-Loire";"Collectif";390;711;26597;33792
"2003";"71";"Saône-et-Loire";"Résidence";384;18;14140;1497
"2003";"72";"Sarthe";"Tous Logements";3212;3368;394589;392295
"2003";"72";"Sarthe";"Individuel pur";2128;2115;283377;282303
"2003";"72";"Sarthe";"Individuel groupé";250;261;23484;29462
"2003";"72";"Sarthe";"Collectif";832;949;61436;76675
"2003";"72";"Sarthe";"Résidence";2;43;10;2934
"2003";"73";"Savoie";"Tous Logements";5516;5306;515389;471102
"2003";"73";"Savoie";"Individuel pur";1666;1604;229377;221292
"2003";"73";"Savoie";"Individuel groupé";338;245;38538;26203
"2003";"73";"Savoie";"Collectif";3438;3284;234085;211878
"2003";"73";"Savoie";"Résidence";74;173;4469;9977
"2003";"74";"Haute-Savoie";"Tous Logements";8499;7580;872041;787189
"2003";"74";"Haute-Savoie";"Individuel pur";2477;2404;369083;355949
"2003";"74";"Haute-Savoie";"Individuel groupé";831;659;92719;75190
"2003";"74";"Haute-Savoie";"Collectif";4967;4366;374148;338430
"2003";"74";"Haute-Savoie";"Résidence";224;151;15060;10224
"2003";"75";"Paris";"Tous Logements";2875;2762;148631;177249
"2003";"75";"Paris";"Individuel pur";0;2;0;209
"2003";"75";"Paris";"Individuel groupé";0;0;0;0
"2003";"75";"Paris";"Collectif";2088;2414;124103;164421
"2003";"75";"Paris";"Résidence";787;346;20625;11094
"2003";"76";"Seine-Maritime";"Tous Logements";5270;4744;604835;515903
"2003";"76";"Seine-Maritime";"Individuel pur";2594;2421;350504;329395
"2003";"76";"Seine-Maritime";"Individuel groupé";590;450;61883;44324
"2003";"76";"Seine-Maritime";"Collectif";1924;1868;143911;137892
"2003";"76";"Seine-Maritime";"Résidence";162;5;5491;471
"2003";"77";"Seine-et-Marne";"Tous Logements";8240;7793;837224;728082
"2003";"77";"Seine-et-Marne";"Individuel pur";1971;1922;281411;273895
"2003";"77";"Seine-et-Marne";"Individuel groupé";1411;1272;174530;158426
"2003";"77";"Seine-et-Marne";"Collectif";4356;3739;299109;260785
"2003";"77";"Seine-et-Marne";"Résidence";502;860;19947;34241
"2003";"78";"Yvelines";"Tous Logements";4653;4829;511789;481245
"2003";"78";"Yvelines";"Individuel pur";1280;1193;202652;189177
"2003";"78";"Yvelines";"Individuel groupé";492;651;59476;82980
"2003";"78";"Yvelines";"Collectif";2674;2777;190799;202992
"2003";"78";"Yvelines";"Résidence";207;208;5341;5486
"2003";"79";"Deux-Sèvres";"Tous Logements";2324;2124;285137;254841
"2003";"79";"Deux-Sèvres";"Individuel pur";1622;1499;217077;199648
"2003";"79";"Deux-Sèvres";"Individuel groupé";468;440;41312;40639
"2003";"79";"Deux-Sèvres";"Collectif";175;114;11567;7585
"2003";"79";"Deux-Sèvres";"Résidence";59;71;3350;3596
"2003";"80";"Somme";"Tous Logements";2037;1853;236364;206946
"2003";"80";"Somme";"Individuel pur";1168;1131;163318;158722
"2003";"80";"Somme";"Individuel groupé";410;305;33474;22726
"2003";"80";"Somme";"Collectif";324;415;18110;24226
"2003";"80";"Somme";"Résidence";135;2;6648;245
"2003";"81";"Tarn";"Tous Logements";3201;3053;370481;341731
"2003";"81";"Tarn";"Individuel pur";1934;1887;260938;255916
"2003";"81";"Tarn";"Individuel groupé";327;246;29246;21242
"2003";"81";"Tarn";"Collectif";890;895;63511;61569
"2003";"81";"Tarn";"Résidence";50;25;2970;1619
"2003";"82";"Tarn-et-Garonne";"Tous Logements";3243;2726;345012;291424
"2003";"82";"Tarn-et-Garonne";"Individuel pur";1495;1466;198071;193089
"2003";"82";"Tarn-et-Garonne";"Individuel groupé";708;362;67464;34062
"2003";"82";"Tarn-et-Garonne";"Collectif";1032;894;69552;60330
"2003";"82";"Tarn-et-Garonne";"Résidence";8;4;295;109
"2003";"83";"Var";"Tous Logements";7364;6263;924816;764544
"2003";"83";"Var";"Individuel pur";4129;3989;587535;558873
"2003";"83";"Var";"Individuel groupé";478;471;57236;52430
"2003";"83";"Var";"Collectif";2589;1596;205755;129880
"2003";"83";"Var";"Résidence";168;207;8377;12140
"2003";"84";"Vaucluse";"Tous Logements";3002;3131;344401;327279
"2003";"84";"Vaucluse";"Individuel pur";1525;1535;199431;203530
"2003";"84";"Vaucluse";"Individuel groupé";566;471;56114;47534
"2003";"84";"Vaucluse";"Collectif";872;1060;58678;63540
"2003";"84";"Vaucluse";"Résidence";39;65;1736;6916
"2003";"85";"Vendée";"Tous Logements";7535;7111;852388;778667
"2003";"85";"Vendée";"Individuel pur";5601;5165;683957;634500
"2003";"85";"Vendée";"Individuel groupé";634;564;57450;50829
"2003";"85";"Vendée";"Collectif";910;1167;58725;77542
"2003";"85";"Vendée";"Résidence";390;215;26079;15207
"2003";"86";"Vienne";"Tous Logements";3151;2777;362605;312913
"2003";"86";"Vienne";"Individuel pur";1719;1567;227220;209273
"2003";"86";"Vienne";"Individuel groupé";596;419;62586;42301
"2003";"86";"Vienne";"Collectif";676;756;44092;54046
"2003";"86";"Vienne";"Résidence";160;35;10134;1933
"2003";"87";"Haute-Vienne";"Tous Logements";2067;1706;255696;210132
"2003";"87";"Haute-Vienne";"Individuel pur";1352;1235;185225;165749
"2003";"87";"Haute-Vienne";"Individuel groupé";160;80;19464;8724
"2003";"87";"Haute-Vienne";"Collectif";419;386;35319;32290
"2003";"87";"Haute-Vienne";"Résidence";136;5;7672;905
"2003";"88";"Vosges";"Tous Logements";2414;2235;310382;299686
"2003";"88";"Vosges";"Individuel pur";1332;1283;196536;190452
"2003";"88";"Vosges";"Individuel groupé";238;184;25008;20964
"2003";"88";"Vosges";"Collectif";790;744;63581;66312
"2003";"88";"Vosges";"Résidence";54;24;3313;1672
"2003";"89";"Yonne";"Tous Logements";1511;1517;169786;159813
"2003";"89";"Yonne";"Individuel pur";802;762;105748;103505
"2003";"89";"Yonne";"Individuel groupé";206;298;20341;29167
"2003";"89";"Yonne";"Collectif";488;442;25171;19295
"2003";"89";"Yonne";"Résidence";15;15;441;441
"2003";"90";"Territoire de Belfort";"Tous Logements";846;862;85328;87866
"2003";"90";"Territoire de Belfort";"Individuel pur";345;330;52891;50774
"2003";"90";"Territoire de Belfort";"Individuel groupé";31;10;4390;1188
"2003";"90";"Territoire de Belfort";"Collectif";467;519;25432;35434
"2003";"90";"Territoire de Belfort";"Résidence";3;3;470;470
"2003";"91";"Essonne";"Tous Logements";5195;3876;499918;370109
"2003";"91";"Essonne";"Individuel pur";1351;1267;195775;183361
"2003";"91";"Essonne";"Individuel groupé";727;595;84754;68325
"2003";"91";"Essonne";"Collectif";2143;1551;144984;103583
"2003";"91";"Essonne";"Résidence";974;463;31042;14594
"2003";"92";"Hauts-de-Seine";"Tous Logements";5890;5590;517421;473596
"2003";"92";"Hauts-de-Seine";"Individuel pur";197;174;33450;29658
"2003";"92";"Hauts-de-Seine";"Individuel groupé";278;396;35235;43035
"2003";"92";"Hauts-de-Seine";"Collectif";5262;4780;414249;392380
"2003";"92";"Hauts-de-Seine";"Résidence";153;240;4555;7935
"2003";"93";"Seine-Saint-Denis";"Tous Logements";4536;4055;386489;332639
"2003";"93";"Seine-Saint-Denis";"Individuel pur";427;452;60495;64199
"2003";"93";"Seine-Saint-Denis";"Individuel groupé";376;151;35589;16075
"2003";"93";"Seine-Saint-Denis";"Collectif";3556;3452;252796;251968
"2003";"93";"Seine-Saint-Denis";"Résidence";177;0;7904;0
"2003";"94";"Val-de-Marne";"Tous Logements";3266;3938;310920;329516
"2003";"94";"Val-de-Marne";"Individuel pur";451;425;73335;70580
"2003";"94";"Val-de-Marne";"Individuel groupé";321;313;35509;32077
"2003";"94";"Val-de-Marne";"Collectif";2219;2720;168478;208536
"2003";"94";"Val-de-Marne";"Résidence";275;480;9388;17788
"2003";"95";"Val-d'Oise";"Tous Logements";3229;4023;351675;380929
"2003";"95";"Val-d'Oise";"Individuel pur";959;957;143337;142308
"2003";"95";"Val-d'Oise";"Individuel groupé";483;544;55976;61937
"2003";"95";"Val-d'Oise";"Collectif";1787;2520;124825;176398
"2003";"95";"Val-d'Oise";"Résidence";0;2;0;256
"2003";"971";"Guadeloupe";"Tous Logements";5153;3941;479710;339921
"2003";"971";"Guadeloupe";"Individuel pur";2293;1671;256855;189715
"2003";"971";"Guadeloupe";"Individuel groupé";518;379;37271;24064
"2003";"971";"Guadeloupe";"Collectif";2111;1883;147613;125142
"2003";"971";"Guadeloupe";"Résidence";231;8;15675;987
"2003";"972";"Martinique";"Tous Logements";2788;2227;268315;202660
"2003";"972";"Martinique";"Individuel pur";1272;1046;136756;114230
"2003";"972";"Martinique";"Individuel groupé";337;107;28795;10884
"2003";"972";"Martinique";"Collectif";1139;1051;81544;73637
"2003";"972";"Martinique";"Résidence";40;23;2944;1288
"2003";"973";"Guyane";"Tous Logements";779;847;68696;74967
"2003";"973";"Guyane";"Individuel pur";255;187;29220;22577
"2003";"973";"Guyane";"Individuel groupé";191;285;15778;22583
"2003";"973";"Guyane";"Collectif";333;375;22792;29407
"2003";"973";"Guyane";"Résidence";0;0;0;0
"2003";"974";"La Réunion";"Tous Logements";8606;7728;762899;667080
"2003";"974";"La Réunion";"Individuel pur";3793;3714;381931;371518
"2003";"974";"La Réunion";"Individuel groupé";1473;1123;106202;77417
"2003";"974";"La Réunion";"Collectif";3265;2878;223269;192239
"2003";"974";"La Réunion";"Résidence";75;13;2573;841
"2002";"01";"Ain";"Tous Logements";4458;4607;608069;538839
"2002";"01";"Ain";"Individuel pur";2725;2694;375400;372060
"2002";"01";"Ain";"Individuel groupé";543;599;66277;67764
"2002";"01";"Ain";"Collectif";1146;1055;103326;94164
"2002";"01";"Ain";"Résidence";44;259;2217;2974
"2002";"02";"Aisne";"Tous Logements";1453;1295;195015;147161
"2002";"02";"Aisne";"Individuel pur";847;779;115946;104529
"2002";"02";"Aisne";"Individuel groupé";264;137;25541;11901
"2002";"02";"Aisne";"Collectif";329;379;24303;30025
"2002";"02";"Aisne";"Résidence";13;0;372;0
"2002";"03";"Allier";"Tous Logements";1160;1047;154594;125618
"2002";"03";"Allier";"Individuel pur";777;751;103870;101502
"2002";"03";"Allier";"Individuel groupé";164;94;15410;9889
"2002";"03";"Allier";"Collectif";217;200;14574;13272
"2002";"03";"Allier";"Résidence";2;2;247;247
"2002";"04";"Alpes-de-Haute-Provence";"Tous Logements";1485;1275;166980;136692
"2002";"04";"Alpes-de-Haute-Provence";"Individuel pur";888;848;106949;106087
"2002";"04";"Alpes-de-Haute-Provence";"Individuel groupé";127;89;14200;8980
"2002";"04";"Alpes-de-Haute-Provence";"Collectif";194;145;13517;9671
"2002";"04";"Alpes-de-Haute-Provence";"Résidence";276;193;15370;10253
"2002";"05";"Hautes-Alpes";"Tous Logements";1328;1135;141536;120323
"2002";"05";"Hautes-Alpes";"Individuel pur";747;738;94931;95570
"2002";"05";"Hautes-Alpes";"Individuel groupé";93;61;9262;5547
"2002";"05";"Hautes-Alpes";"Collectif";342;284;21360;15307
"2002";"05";"Hautes-Alpes";"Résidence";146;52;8059;3022
"2002";"06";"Alpes-Maritimes";"Tous Logements";5606;5180;519703;479480
"2002";"06";"Alpes-Maritimes";"Individuel pur";1207;1019;194475;160404
"2002";"06";"Alpes-Maritimes";"Individuel groupé";445;317;52671;39814
"2002";"06";"Alpes-Maritimes";"Collectif";3787;3654;236625;263778
"2002";"06";"Alpes-Maritimes";"Résidence";167;190;10928;14241
"2002";"07";"Ardèche";"Tous Logements";2539;2058;310132;235125
"2002";"07";"Ardèche";"Individuel pur";1580;1480;205102;191115
"2002";"07";"Ardèche";"Individuel groupé";268;183;24860;15607
"2002";"07";"Ardèche";"Collectif";620;386;45146;26921
"2002";"07";"Ardèche";"Résidence";71;9;3794;603
"2002";"08";"Ardennes";"Tous Logements";998;967;137527;125486
"2002";"08";"Ardennes";"Individuel pur";643;592;90347;82654
"2002";"08";"Ardennes";"Individuel groupé";134;162;14584;17400
"2002";"08";"Ardennes";"Collectif";161;165;15998;18186
"2002";"08";"Ardennes";"Résidence";60;48;2088;1562
"2002";"09";"Ariège";"Tous Logements";1125;1022;130486;110325
"2002";"09";"Ariège";"Individuel pur";684;644;89867;85221
"2002";"09";"Ariège";"Individuel groupé";84;60;8547;5898
"2002";"09";"Ariège";"Collectif";224;160;14126;11417
"2002";"09";"Ariège";"Résidence";133;158;6910;7231
"2002";"10";"Aube";"Tous Logements";1296;1277;169832;157551
"2002";"10";"Aube";"Individuel pur";684;787;96838;112425
"2002";"10";"Aube";"Individuel groupé";227;176;22935;18202
"2002";"10";"Aube";"Collectif";322;251;29408;23907
"2002";"10";"Aube";"Résidence";63;63;2134;2134
"2002";"11";"Aude";"Tous Logements";3702;3848;396527;393470
"2002";"11";"Aude";"Individuel pur";1967;1880;254602;241463
"2002";"11";"Aude";"Individuel groupé";490;635;42641;56052
"2002";"11";"Aude";"Collectif";1210;1170;78258;76672
"2002";"11";"Aude";"Résidence";35;163;2845;10424
"2002";"12";"Aveyron";"Tous Logements";1711;1939;210947;211678
"2002";"12";"Aveyron";"Individuel pur";1103;1103;149066;153471
"2002";"12";"Aveyron";"Individuel groupé";82;133;8220;13182
"2002";"12";"Aveyron";"Collectif";435;531;30803;37120
"2002";"12";"Aveyron";"Résidence";91;172;3594;7572
"2002";"13";"Bouches-du-Rhône";"Tous Logements";10558;8906;1151116;888163
"2002";"13";"Bouches-du-Rhône";"Individuel pur";3416;3185;458124;419285
"2002";"13";"Bouches-du-Rhône";"Individuel groupé";1383;1047;149535;104966
"2002";"13";"Bouches-du-Rhône";"Collectif";5207;4344;406751;330911
"2002";"13";"Bouches-du-Rhône";"Résidence";552;330;25004;16487
"2002";"14";"Calvados";"Tous Logements";3784;3921;427046;409313
"2002";"14";"Calvados";"Individuel pur";2115;2125;255929;264378
"2002";"14";"Calvados";"Individuel groupé";445;515;44335;50444
"2002";"14";"Calvados";"Collectif";1024;1074;64390;79021
"2002";"14";"Calvados";"Résidence";200;207;13969;11825
"2002";"15";"Cantal";"Tous Logements";739;705;92252;79635
"2002";"15";"Cantal";"Individuel pur";556;553;70425;68411
"2002";"15";"Cantal";"Individuel groupé";71;56;6254;5092
"2002";"15";"Cantal";"Collectif";71;41;5736;2969
"2002";"15";"Cantal";"Résidence";41;55;1773;2825
"2002";"16";"Charente";"Tous Logements";1846;1573;246435;203680
"2002";"16";"Charente";"Individuel pur";1207;1166;161737;156064
"2002";"16";"Charente";"Individuel groupé";321;273;36121;34519
"2002";"16";"Charente";"Collectif";183;107;9060;5217
"2002";"16";"Charente";"Résidence";135;27;11188;2850
"2002";"17";"Charente-Maritime";"Tous Logements";5275;5667;616610;572733
"2002";"17";"Charente-Maritime";"Individuel pur";3225;3143;408905;399861
"2002";"17";"Charente-Maritime";"Individuel groupé";800;810;74817;75330
"2002";"17";"Charente-Maritime";"Collectif";933;984;54467;57348
"2002";"17";"Charente-Maritime";"Résidence";317;730;14744;31977
"2002";"18";"Cher";"Tous Logements";1133;1061;146766;124046
"2002";"18";"Cher";"Individuel pur";749;740;98964;98577
"2002";"18";"Cher";"Individuel groupé";111;91;11383;9247
"2002";"18";"Cher";"Collectif";263;224;18160;13943
"2002";"18";"Cher";"Résidence";10;6;733;277
"2002";"19";"Corrèze";"Tous Logements";1358;1223;167910;148315
"2002";"19";"Corrèze";"Individuel pur";915;868;126923;121550
"2002";"19";"Corrèze";"Individuel groupé";83;86;9686;9478
"2002";"19";"Corrèze";"Collectif";360;269;20785;15184
"2002";"19";"Corrèze";"Résidence";0;0;0;0
"2002";"21";"Côte-d'Or";"Tous Logements";2269;2431;288317;265696
"2002";"21";"Côte-d'Or";"Individuel pur";1179;1211;163010;166898
"2002";"21";"Côte-d'Or";"Individuel groupé";209;181;23218;20348
"2002";"21";"Côte-d'Or";"Collectif";866;821;76679;67390
"2002";"21";"Côte-d'Or";"Résidence";15;218;426;6358
"2002";"22";"Côtes-d'Armor";"Tous Logements";3907;3743;510393;437393
"2002";"22";"Côtes-d'Armor";"Individuel pur";2684;2670;357009;357775
"2002";"22";"Côtes-d'Armor";"Individuel groupé";440;420;37518;36483
"2002";"22";"Côtes-d'Armor";"Collectif";563;582;36826;34656
"2002";"22";"Côtes-d'Armor";"Résidence";220;71;12062;3695
"2002";"23";"Creuse";"Tous Logements";322;356;53911;44558
"2002";"23";"Creuse";"Individuel pur";279;281;39497;36931
"2002";"23";"Creuse";"Individuel groupé";30;43;3405;4960
"2002";"23";"Creuse";"Collectif";9;26;355;957
"2002";"23";"Creuse";"Résidence";4;6;453;507
"2002";"24";"Dordogne";"Tous Logements";2878;2823;398055;374444
"2002";"24";"Dordogne";"Individuel pur";1991;2031;269740;273952
"2002";"24";"Dordogne";"Individuel groupé";299;307;29637;27502
"2002";"24";"Dordogne";"Collectif";487;319;36647;23273
"2002";"24";"Dordogne";"Résidence";101;166;7086;8919
"2002";"25";"Doubs";"Tous Logements";3078;2918;378349;359413
"2002";"25";"Doubs";"Individuel pur";1793;1870;259032;265755
"2002";"25";"Doubs";"Individuel groupé";187;309;19057;33644
"2002";"25";"Doubs";"Collectif";1065;733;82599;58343
"2002";"25";"Doubs";"Résidence";33;6;2589;586
"2002";"26";"Drôme";"Tous Logements";3052;3170;383418;358215
"2002";"26";"Drôme";"Individuel pur";2031;2029;266329;265080
"2002";"26";"Drôme";"Individuel groupé";211;253;21982;26681
"2002";"26";"Drôme";"Collectif";775;864;56281;63077
"2002";"26";"Drôme";"Résidence";35;24;2241;1195
"2002";"27";"Eure";"Tous Logements";2990;3037;387359;343117
"2002";"27";"Eure";"Individuel pur";1910;1814;244603;236706
"2002";"27";"Eure";"Individuel groupé";455;625;44927;61168
"2002";"27";"Eure";"Collectif";614;566;46684;43554
"2002";"27";"Eure";"Résidence";11;32;570;1300
"2002";"28";"Eure-et-Loir";"Tous Logements";1447;1531;198940;179945
"2002";"28";"Eure-et-Loir";"Individuel pur";968;980;133558;132679
"2002";"28";"Eure-et-Loir";"Individuel groupé";165;174;17528;19085
"2002";"28";"Eure-et-Loir";"Collectif";267;349;18255;24090
"2002";"28";"Eure-et-Loir";"Résidence";47;28;2414;1537
"2002";"29";"Finistère";"Tous Logements";5569;4977;718057;588200
"2002";"29";"Finistère";"Individuel pur";3672;3482;497025;467048
"2002";"29";"Finistère";"Individuel groupé";620;586;58667;55979
"2002";"29";"Finistère";"Collectif";1061;713;76047;50590
"2002";"29";"Finistère";"Résidence";216;196;14085;11603
"2002";"2A";"Corse-du-Sud";"Tous Logements";1263;1111;149275;125120
"2002";"2A";"Corse-du-Sud";"Individuel pur";691;559;102104;82278
"2002";"2A";"Corse-du-Sud";"Individuel groupé";121;129;9321;7788
"2002";"2A";"Corse-du-Sud";"Collectif";407;384;29566;30680
"2002";"2A";"Corse-du-Sud";"Résidence";44;39;1451;2495
"2002";"2B";"Haute-Corse";"Tous Logements";1474;1053;154435;117525
"2002";"2B";"Haute-Corse";"Individuel pur";702;652;91832;84684
"2002";"2B";"Haute-Corse";"Individuel groupé";91;108;5833;7416
"2002";"2B";"Haute-Corse";"Collectif";531;258;43542;22524
"2002";"2B";"Haute-Corse";"Résidence";150;35;5263;2571
"2002";"30";"Gard";"Tous Logements";6050;5174;707532;610796
"2002";"30";"Gard";"Individuel pur";3554;3358;470383;443190
"2002";"30";"Gard";"Individuel groupé";524;401;57287;40569
"2002";"30";"Gard";"Collectif";1835;1293;137630;100559
"2002";"30";"Gard";"Résidence";137;122;6643;6411
"2002";"31";"Haute-Garonne";"Tous Logements";9958;9928;1117446;1036159
"2002";"31";"Haute-Garonne";"Individuel pur";4240;4055;607659;584814
"2002";"31";"Haute-Garonne";"Individuel groupé";1312;1224;132596;123139
"2002";"31";"Haute-Garonne";"Collectif";4362;4547;313205;320805
"2002";"31";"Haute-Garonne";"Résidence";44;102;3569;5539
"2002";"32";"Gers";"Tous Logements";1211;1038;178769;134526
"2002";"32";"Gers";"Individuel pur";799;723;108645;96997
"2002";"32";"Gers";"Individuel groupé";161;211;14870;17298
"2002";"32";"Gers";"Collectif";245;85;17415;4768
"2002";"32";"Gers";"Résidence";6;19;569;1260
"2002";"33";"Gironde";"Tous Logements";9802;10278;1094887;1103245
"2002";"33";"Gironde";"Individuel pur";4370;4533;569154;586368
"2002";"33";"Gironde";"Individuel groupé";1884;1859;181225;175293
"2002";"33";"Gironde";"Collectif";3236;3443;226605;247453
"2002";"33";"Gironde";"Résidence";312;443;19779;27350
"2002";"34";"Hérault";"Tous Logements";8537;8818;935898;913500
"2002";"34";"Hérault";"Individuel pur";4161;4076;573343;554326
"2002";"34";"Hérault";"Individuel groupé";1035;1143;98006;114027
"2002";"34";"Hérault";"Collectif";2932;2934;200213;198268
"2002";"34";"Hérault";"Résidence";409;665;18457;26051
"2002";"35";"Ille-et-Vilaine";"Tous Logements";7510;6858;947440;804870
"2002";"35";"Ille-et-Vilaine";"Individuel pur";3925;3709;569533;542120
"2002";"35";"Ille-et-Vilaine";"Individuel groupé";686;574;72850;62715
"2002";"35";"Ille-et-Vilaine";"Collectif";2868;2360;225031;188717
"2002";"35";"Ille-et-Vilaine";"Résidence";31;215;1921;8258
"2002";"36";"Indre";"Tous Logements";1040;850;127138;95154
"2002";"36";"Indre";"Individuel pur";464;461;63334;60687
"2002";"36";"Indre";"Individuel groupé";431;225;40062;22166
"2002";"36";"Indre";"Collectif";112;118;7830;8823
"2002";"36";"Indre";"Résidence";33;46;1836;2511
"2002";"37";"Indre-et-Loire";"Tous Logements";3234;3093;405827;364982
"2002";"37";"Indre-et-Loire";"Individuel pur";1637;1674;229445;235900
"2002";"37";"Indre-et-Loire";"Individuel groupé";549;360;56982;38361
"2002";"37";"Indre-et-Loire";"Collectif";818;840;65167;67841
"2002";"37";"Indre-et-Loire";"Résidence";230;219;16149;17959
"2002";"38";"Isère";"Tous Logements";7360;6890;868958;768788
"2002";"38";"Isère";"Individuel pur";3930;3823;528987;510008
"2002";"38";"Isère";"Individuel groupé";531;543;58313;60255
"2002";"38";"Isère";"Collectif";2889;2512;225054;193579
"2002";"38";"Isère";"Résidence";10;12;747;807
"2002";"39";"Jura";"Tous Logements";1422;1482;191012;181024
"2002";"39";"Jura";"Individuel pur";954;1006;131527;134868
"2002";"39";"Jura";"Individuel groupé";59;31;7738;3954
"2002";"39";"Jura";"Collectif";392;428;30440;33034
"2002";"39";"Jura";"Résidence";17;17;1132;1132
"2002";"40";"Landes";"Tous Logements";4057;3950;452928;443550
"2002";"40";"Landes";"Individuel pur";2176;2240;290357;298446
"2002";"40";"Landes";"Individuel groupé";542;674;48720;60357
"2002";"40";"Landes";"Collectif";1092;952;77524;66453
"2002";"40";"Landes";"Résidence";247;84;9774;3262
"2002";"41";"Loir-et-Cher";"Tous Logements";1905;1953;253240;235965
"2002";"41";"Loir-et-Cher";"Individuel pur";1189;1199;161593;162553
"2002";"41";"Loir-et-Cher";"Individuel groupé";247;295;23998;29298
"2002";"41";"Loir-et-Cher";"Collectif";438;428;28183;29073
"2002";"41";"Loir-et-Cher";"Résidence";31;31;1657;1657
"2002";"42";"Loire";"Tous Logements";3318;3047;443600;374162
"2002";"42";"Loire";"Individuel pur";2075;2059;283757;281312
"2002";"42";"Loire";"Individuel groupé";226;268;24987;30047
"2002";"42";"Loire";"Collectif";936;645;80750;53775
"2002";"42";"Loire";"Résidence";81;75;3662;3851
"2002";"43";"Haute-Loire";"Tous Logements";1364;1427;199466;188627
"2002";"43";"Haute-Loire";"Individuel pur";1150;1193;162445;167340
"2002";"43";"Haute-Loire";"Individuel groupé";42;88;4444;9770
"2002";"43";"Haute-Loire";"Collectif";121;73;10971;7506
"2002";"43";"Haute-Loire";"Résidence";51;73;2474;3531
"2002";"44";"Loire-Atlantique";"Tous Logements";9396;9382;1127276;1002166
"2002";"44";"Loire-Atlantique";"Individuel pur";5249;5183;706055;693005
"2002";"44";"Loire-Atlantique";"Individuel groupé";828;714;80652;70607
"2002";"44";"Loire-Atlantique";"Collectif";3224;3296;222186;230679
"2002";"44";"Loire-Atlantique";"Résidence";95;189;4744;7065
"2002";"45";"Loiret";"Tous Logements";3433;3260;423168;374361
"2002";"45";"Loiret";"Individuel pur";1753;1709;233028;227098
"2002";"45";"Loiret";"Individuel groupé";508;542;54298;56936
"2002";"45";"Loiret";"Collectif";1163;991;90449;80486
"2002";"45";"Loiret";"Résidence";9;18;1127;1075
"2002";"46";"Lot";"Tous Logements";1345;1201;190563;147178
"2002";"46";"Lot";"Individuel pur";1057;988;139578;130124
"2002";"46";"Lot";"Individuel groupé";176;77;16802;7928
"2002";"46";"Lot";"Collectif";103;117;6702;7374
"2002";"46";"Lot";"Résidence";9;19;1413;1673
"2002";"47";"Lot-et-Garonne";"Tous Logements";2328;1977;271701;233094
"2002";"47";"Lot-et-Garonne";"Individuel pur";1210;1221;161657;160611
"2002";"47";"Lot-et-Garonne";"Individuel groupé";290;243;29882;24668
"2002";"47";"Lot-et-Garonne";"Collectif";691;305;47795;20937
"2002";"47";"Lot-et-Garonne";"Résidence";137;208;9052;12031
"2002";"48";"Lozère";"Tous Logements";544;552;75078;73657
"2002";"48";"Lozère";"Individuel pur";415;444;57341;61932
"2002";"48";"Lozère";"Individuel groupé";25;33;2748;3233
"2002";"48";"Lozère";"Collectif";55;52;4742;4905
"2002";"48";"Lozère";"Résidence";49;23;2737;991
"2002";"49";"Maine-et-Loire";"Tous Logements";4167;3916;547260;470265
"2002";"49";"Maine-et-Loire";"Individuel pur";2723;2694;364414;363145
"2002";"49";"Maine-et-Loire";"Individuel groupé";626;709;64847;71636
"2002";"49";"Maine-et-Loire";"Collectif";787;502;62443;34681
"2002";"49";"Maine-et-Loire";"Résidence";31;11;1474;674
"2002";"50";"Manche";"Tous Logements";2474;2364;329310;278379
"2002";"50";"Manche";"Individuel pur";1945;1932;235576;239246
"2002";"50";"Manche";"Individuel groupé";344;218;31726;20255
"2002";"50";"Manche";"Collectif";171;205;9616;15541
"2002";"50";"Manche";"Résidence";14;9;1088;352
"2002";"51";"Marne";"Tous Logements";1952;2114;287793;266306
"2002";"51";"Marne";"Individuel pur";1060;1107;166700;174995
"2002";"51";"Marne";"Individuel groupé";330;309;39459;37011
"2002";"51";"Marne";"Collectif";558;644;52886;51379
"2002";"51";"Marne";"Résidence";4;54;376;2921
"2002";"52";"Haute-Marne";"Tous Logements";639;584;98474;70358
"2002";"52";"Haute-Marne";"Individuel pur";376;366;55907;51337
"2002";"52";"Haute-Marne";"Individuel groupé";83;42;10213;3651
"2002";"52";"Haute-Marne";"Collectif";180;176;19292;14677
"2002";"52";"Haute-Marne";"Résidence";0;0;0;0
"2002";"53";"Mayenne";"Tous Logements";1559;1729;227663;207090
"2002";"53";"Mayenne";"Individuel pur";1234;1194;168905;162164
"2002";"53";"Mayenne";"Individuel groupé";140;178;13712;19532
"2002";"53";"Mayenne";"Collectif";185;342;14612;22323
"2002";"53";"Mayenne";"Résidence";0;15;0;3051
"2002";"54";"Meurthe-et-Moselle";"Tous Logements";2908;2772;369456;355389
"2002";"54";"Meurthe-et-Moselle";"Individuel pur";1331;1373;208423;209531
"2002";"54";"Meurthe-et-Moselle";"Individuel groupé";286;222;33342;28334
"2002";"54";"Meurthe-et-Moselle";"Collectif";1177;1142;96431;94724
"2002";"54";"Meurthe-et-Moselle";"Résidence";114;35;6201;1500
"2002";"55";"Meuse";"Tous Logements";637;713;94226;101696
"2002";"55";"Meuse";"Individuel pur";450;454;65886;66118
"2002";"55";"Meuse";"Individuel groupé";61;66;6904;7738
"2002";"55";"Meuse";"Collectif";124;177;13685;19416
"2002";"55";"Meuse";"Résidence";2;16;255;1324
"2002";"56";"Morbihan";"Tous Logements";6644;5555;829095;674023
"2002";"56";"Morbihan";"Individuel pur";4136;3967;560328;540193
"2002";"56";"Morbihan";"Individuel groupé";656;504;64544;50187
"2002";"56";"Morbihan";"Collectif";1684;949;122992;72705
"2002";"56";"Morbihan";"Résidence";168;135;11150;8469
"2002";"57";"Moselle";"Tous Logements";5288;5118;721690;707526
"2002";"57";"Moselle";"Individuel pur";2514;2621;431115;447985
"2002";"57";"Moselle";"Individuel groupé";380;344;44442;40222
"2002";"57";"Moselle";"Collectif";2370;2101;206537;183610
"2002";"57";"Moselle";"Résidence";24;52;2119;3475
"2002";"58";"Nièvre";"Tous Logements";687;624;91278;73110
"2002";"58";"Nièvre";"Individuel pur";467;452;61346;57590
"2002";"58";"Nièvre";"Individuel groupé";60;90;7404;9150
"2002";"58";"Nièvre";"Collectif";91;74;6810;5606
"2002";"58";"Nièvre";"Résidence";69;8;3809;443
"2002";"59";"Nord";"Tous Logements";7258;8158;888713;858032
"2002";"59";"Nord";"Individuel pur";2730;2730;396917;392814
"2002";"59";"Nord";"Individuel groupé";1998;2321;203017;232123
"2002";"59";"Nord";"Collectif";2188;2621;161683;191133
"2002";"59";"Nord";"Résidence";342;486;10954;18742
"2002";"60";"Oise";"Tous Logements";2178;2081;287079;236327
"2002";"60";"Oise";"Individuel pur";1443;1397;187688;181967
"2002";"60";"Oise";"Individuel groupé";228;163;26642;17023
"2002";"60";"Oise";"Collectif";504;519;37390;36953
"2002";"60";"Oise";"Résidence";3;2;332;204
"2002";"61";"Orne";"Tous Logements";1087;942;142323;99268
"2002";"61";"Orne";"Individuel pur";691;652;74943;75507
"2002";"61";"Orne";"Individuel groupé";181;208;16104;18838
"2002";"61";"Orne";"Collectif";145;72;8658;4189
"2002";"61";"Orne";"Résidence";70;10;2261;0
"2002";"62";"Pas-de-Calais";"Tous Logements";6391;6571;794304;730864
"2002";"62";"Pas-de-Calais";"Individuel pur";3292;3248;466376;453865
"2002";"62";"Pas-de-Calais";"Individuel groupé";1493;1775;145453;163851
"2002";"62";"Pas-de-Calais";"Collectif";1375;1379;94944;92633
"2002";"62";"Pas-de-Calais";"Résidence";231;169;18219;10468
"2002";"63";"Puy-de-Dôme";"Tous Logements";3461;3114;401554;352983
"2002";"63";"Puy-de-Dôme";"Individuel pur";2059;2076;269613;271521
"2002";"63";"Puy-de-Dôme";"Individuel groupé";175;173;17924;19179
"2002";"63";"Puy-de-Dôme";"Collectif";1046;644;80776;53296
"2002";"63";"Puy-de-Dôme";"Résidence";181;221;5814;8465
"2002";"64";"Pyrénées-Atlantiques";"Tous Logements";4278;3938;515387;480678
"2002";"64";"Pyrénées-Atlantiques";"Individuel pur";2151;2167;319625;319276
"2002";"64";"Pyrénées-Atlantiques";"Individuel groupé";461;233;44525;24443
"2002";"64";"Pyrénées-Atlantiques";"Collectif";1592;1536;116117;114068
"2002";"64";"Pyrénées-Atlantiques";"Résidence";74;2;5890;66
"2002";"65";"Hautes-Pyrénées";"Tous Logements";1583;1513;182542;147222
"2002";"65";"Hautes-Pyrénées";"Individuel pur";815;810;107091;106558
"2002";"65";"Hautes-Pyrénées";"Individuel groupé";96;104;9375;10082
"2002";"65";"Hautes-Pyrénées";"Collectif";605;526;33129;27726
"2002";"65";"Hautes-Pyrénées";"Résidence";67;73;4910;1272
"2002";"66";"Pyrénées-Orientales";"Tous Logements";3746;4079;438609;460443
"2002";"66";"Pyrénées-Orientales";"Individuel pur";2257;2270;303971;305902
"2002";"66";"Pyrénées-Orientales";"Individuel groupé";538;600;52603;56136
"2002";"66";"Pyrénées-Orientales";"Collectif";947;1129;68489;86066
"2002";"66";"Pyrénées-Orientales";"Résidence";4;80;71;4935
"2002";"67";"Bas-Rhin";"Tous Logements";5986;6106;798912;757287
"2002";"67";"Bas-Rhin";"Individuel pur";2391;2411;436092;438073
"2002";"67";"Bas-Rhin";"Individuel groupé";398;313;51961;38399
"2002";"67";"Bas-Rhin";"Collectif";2944;2859;242618;235115
"2002";"67";"Bas-Rhin";"Résidence";253;523;10722;22987
"2002";"68";"Haut-Rhin";"Tous Logements";4075;3728;554153;505505
"2002";"68";"Haut-Rhin";"Individuel pur";1815;1785;316506;305044
"2002";"68";"Haut-Rhin";"Individuel groupé";271;215;35095;27381
"2002";"68";"Haut-Rhin";"Collectif";1890;1638;167828;146173
"2002";"68";"Haut-Rhin";"Résidence";99;90;5163;4700
"2002";"69";"Rhône";"Tous Logements";9514;9931;996496;989030
"2002";"69";"Rhône";"Individuel pur";2303;2310;330941;329133
"2002";"69";"Rhône";"Individuel groupé";655;670;79654;80109
"2002";"69";"Rhône";"Collectif";6154;6928;517055;563451
"2002";"69";"Rhône";"Résidence";402;23;13043;700
"2002";"70";"Haute-Saône";"Tous Logements";1118;1173;166268;153738
"2002";"70";"Haute-Saône";"Individuel pur";873;899;129299;130232
"2002";"70";"Haute-Saône";"Individuel groupé";131;109;13237;11392
"2002";"70";"Haute-Saône";"Collectif";99;150;6821;10778
"2002";"70";"Haute-Saône";"Résidence";15;15;1168;1168
"2002";"71";"Saône-et-Loire";"Tous Logements";2645;2556;376673;310804
"2002";"71";"Saône-et-Loire";"Individuel pur";1858;1801;242679;235100
"2002";"71";"Saône-et-Loire";"Individuel groupé";300;292;30353;29984
"2002";"71";"Saône-et-Loire";"Collectif";480;452;40688;41215
"2002";"71";"Saône-et-Loire";"Résidence";7;11;351;681
"2002";"72";"Sarthe";"Tous Logements";2977;2609;400264;311383
"2002";"72";"Sarthe";"Individuel pur";2026;1982;268415;262324
"2002";"72";"Sarthe";"Individuel groupé";237;186;26611;17509
"2002";"72";"Sarthe";"Collectif";698;441;54416;31172
"2002";"72";"Sarthe";"Résidence";16;0;857;0
"2002";"73";"Savoie";"Tous Logements";4483;4364;449842;424437
"2002";"73";"Savoie";"Individuel pur";1659;1658;228338;228779
"2002";"73";"Savoie";"Individuel groupé";199;154;20332;15667
"2002";"73";"Savoie";"Collectif";2540;1973;172368;142013
"2002";"73";"Savoie";"Résidence";85;579;4907;36538
"2002";"74";"Haute-Savoie";"Tous Logements";7066;6241;791720;690609
"2002";"74";"Haute-Savoie";"Individuel pur";2389;2482;353527;363982
"2002";"74";"Haute-Savoie";"Individuel groupé";728;572;90660;69502
"2002";"74";"Haute-Savoie";"Collectif";3870;3084;296222;243015
"2002";"74";"Haute-Savoie";"Résidence";79;103;4585;6993
"2002";"75";"Paris";"Tous Logements";2092;2551;124762;183300
"2002";"75";"Paris";"Individuel pur";1;2;35;3
"2002";"75";"Paris";"Individuel groupé";0;2;0;591
"2002";"75";"Paris";"Collectif";2051;2547;118507;182618
"2002";"75";"Paris";"Résidence";40;0;1130;0
"2002";"76";"Seine-Maritime";"Tous Logements";4585;4443;555197;476335
"2002";"76";"Seine-Maritime";"Individuel pur";2324;2384;313384;315800
"2002";"76";"Seine-Maritime";"Individuel groupé";420;381;41747;40060
"2002";"76";"Seine-Maritime";"Collectif";1831;1531;138998;112881
"2002";"76";"Seine-Maritime";"Résidence";10;147;343;6366
"2002";"77";"Seine-et-Marne";"Tous Logements";6961;6308;722564;647058
"2002";"77";"Seine-et-Marne";"Individuel pur";1994;2040;282672;283865
"2002";"77";"Seine-et-Marne";"Individuel groupé";1054;1125;125272;136943
"2002";"77";"Seine-et-Marne";"Collectif";3332;2601;232406;181626
"2002";"77";"Seine-et-Marne";"Résidence";581;542;23479;44396
"2002";"78";"Yvelines";"Tous Logements";4146;3628;514123;416796
"2002";"78";"Yvelines";"Individuel pur";1229;1341;197765;213550
"2002";"78";"Yvelines";"Individuel groupé";672;540;88997;68354
"2002";"78";"Yvelines";"Collectif";2217;1746;167635;134442
"2002";"78";"Yvelines";"Résidence";28;1;1956;40
"2002";"79";"Deux-Sèvres";"Tous Logements";1932;1760;260522;221506
"2002";"79";"Deux-Sèvres";"Individuel pur";1403;1353;187690;181848
"2002";"79";"Deux-Sèvres";"Individuel groupé";396;332;38785;30770
"2002";"79";"Deux-Sèvres";"Collectif";88;53;6452;3859
"2002";"79";"Deux-Sèvres";"Résidence";45;22;2212;1516
"2002";"80";"Somme";"Tous Logements";1607;1531;212831;176449
"2002";"80";"Somme";"Individuel pur";1108;1107;150504;147507
"2002";"80";"Somme";"Individuel groupé";143;150;11193;10914
"2002";"80";"Somme";"Collectif";326;238;22383;16024
"2002";"80";"Somme";"Résidence";30;36;1281;1492
"2002";"81";"Tarn";"Tous Logements";3126;2939;385456;325021
"2002";"81";"Tarn";"Individuel pur";2000;1816;269558;241520
"2002";"81";"Tarn";"Individuel groupé";266;221;25462;21742
"2002";"81";"Tarn";"Collectif";799;626;55264;41281
"2002";"81";"Tarn";"Résidence";61;276;3994;17447
"2002";"82";"Tarn-et-Garonne";"Tous Logements";2401;1985;281838;224526
"2002";"82";"Tarn-et-Garonne";"Individuel pur";1432;1269;189570;166788
"2002";"82";"Tarn-et-Garonne";"Individuel groupé";350;193;31203;18257
"2002";"82";"Tarn-et-Garonne";"Collectif";619;521;44427;38135
"2002";"82";"Tarn-et-Garonne";"Résidence";0;2;0;223
"2002";"83";"Var";"Tous Logements";7186;7117;952479;840571
"2002";"83";"Var";"Individuel pur";4319;3856;616549;534337
"2002";"83";"Var";"Individuel groupé";477;542;48573;53362
"2002";"83";"Var";"Collectif";2195;2719;180974;224526
"2002";"83";"Var";"Résidence";195;0;12184;0
"2002";"84";"Vaucluse";"Tous Logements";3757;4083;420612;391123
"2002";"84";"Vaucluse";"Individuel pur";1938;1819;255471;241278
"2002";"84";"Vaucluse";"Individuel groupé";427;454;41284;41338
"2002";"84";"Vaucluse";"Collectif";1377;1613;87354;96031
"2002";"84";"Vaucluse";"Résidence";15;197;1614;10232
"2002";"85";"Vendée";"Tous Logements";6402;5846;765494;653400
"2002";"85";"Vendée";"Individuel pur";4718;4569;579632;561958
"2002";"85";"Vendée";"Individuel groupé";514;488;43207;41692
"2002";"85";"Vendée";"Collectif";1078;709;71451;44663
"2002";"85";"Vendée";"Résidence";92;80;4707;4785
"2002";"86";"Vienne";"Tous Logements";2496;2005;317961;250656
"2002";"86";"Vienne";"Individuel pur";1442;1434;194294;195135
"2002";"86";"Vienne";"Individuel groupé";366;209;37515;19481
"2002";"86";"Vienne";"Collectif";570;171;40700;12798
"2002";"86";"Vienne";"Résidence";118;191;13896;17376
"2002";"87";"Haute-Vienne";"Tous Logements";1767;2063;225922;228293
"2002";"87";"Haute-Vienne";"Individuel pur";1146;1165;154540;158428
"2002";"87";"Haute-Vienne";"Individuel groupé";298;294;30752;30307
"2002";"87";"Haute-Vienne";"Collectif";315;596;25639;38195
"2002";"87";"Haute-Vienne";"Résidence";8;8;374;374
"2002";"88";"Vosges";"Tous Logements";1840;1754;262441;249226
"2002";"88";"Vosges";"Individuel pur";1196;1189;177167;175364
"2002";"88";"Vosges";"Individuel groupé";112;141;12478;15185
"2002";"88";"Vosges";"Collectif";481;384;44243;33263
"2002";"88";"Vosges";"Résidence";51;40;4614;3768
"2002";"89";"Yonne";"Tous Logements";1297;1447;185612;156912
"2002";"89";"Yonne";"Individuel pur";829;827;110560;109172
"2002";"89";"Yonne";"Individuel groupé";229;178;21208;18164
"2002";"89";"Yonne";"Collectif";239;442;15999;25020
"2002";"89";"Yonne";"Résidence";0;0;0;0
"2002";"90";"Territoire de Belfort";"Tous Logements";847;764;98634;86892
"2002";"90";"Territoire de Belfort";"Individuel pur";396;376;59975;57817
"2002";"90";"Territoire de Belfort";"Individuel groupé";7;24;721;2490
"2002";"90";"Territoire de Belfort";"Collectif";414;279;33203;22560
"2002";"90";"Territoire de Belfort";"Résidence";30;85;610;3184
"2002";"91";"Essonne";"Tous Logements";3449;4028;428307;412751
"2002";"91";"Essonne";"Individuel pur";1306;1279;188242;183834
"2002";"91";"Essonne";"Individuel groupé";866;844;106075;100402
"2002";"91";"Essonne";"Collectif";1120;1740;83910;122698
"2002";"91";"Essonne";"Résidence";157;165;6360;5446
"2002";"92";"Hauts-de-Seine";"Tous Logements";5077;4964;464926;440542
"2002";"92";"Hauts-de-Seine";"Individuel pur";173;198;30389;32371
"2002";"92";"Hauts-de-Seine";"Individuel groupé";396;195;44579;25596
"2002";"92";"Hauts-de-Seine";"Collectif";4198;4525;352225;379523
"2002";"92";"Hauts-de-Seine";"Résidence";310;46;9831;2703
"2002";"93";"Seine-Saint-Denis";"Tous Logements";4773;4380;392563;346883
"2002";"93";"Seine-Saint-Denis";"Individuel pur";501;498;71568;69873
"2002";"93";"Seine-Saint-Denis";"Individuel groupé";228;446;23816;43745
"2002";"93";"Seine-Saint-Denis";"Collectif";3433;2977;249703;219106
"2002";"93";"Seine-Saint-Denis";"Résidence";611;459;17415;13937
"2002";"94";"Val-de-Marne";"Tous Logements";3758;4506;343107;385119
"2002";"94";"Val-de-Marne";"Individuel pur";451;465;72638;71502
"2002";"94";"Val-de-Marne";"Individuel groupé";228;423;25438;43732
"2002";"94";"Val-de-Marne";"Collectif";2631;3575;202135;267635
"2002";"94";"Val-de-Marne";"Résidence";448;43;16075;1392
"2002";"95";"Val-d'Oise";"Tous Logements";4065;4020;422458;367491
"2002";"95";"Val-d'Oise";"Individuel pur";1050;992;152869;143984
"2002";"95";"Val-d'Oise";"Individuel groupé";591;406;61451;41118
"2002";"95";"Val-d'Oise";"Collectif";2410;2622;175832;182063
"2002";"95";"Val-d'Oise";"Résidence";14;0;816;0
"2002";"971";"Guadeloupe";"Tous Logements";4291;3316;425888;302363
"2002";"971";"Guadeloupe";"Individuel pur";2504;1764;281614;194607
"2002";"971";"Guadeloupe";"Individuel groupé";201;253;15800;16447
"2002";"971";"Guadeloupe";"Collectif";1555;1231;102456;87550
"2002";"971";"Guadeloupe";"Résidence";31;68;1626;3615
"2002";"972";"Martinique";"Tous Logements";2856;2982;279614;264488
"2002";"972";"Martinique";"Individuel pur";1403;1226;146643;127885
"2002";"972";"Martinique";"Individuel groupé";288;112;24665;9136
"2002";"972";"Martinique";"Collectif";1142;1430;79263;106716
"2002";"972";"Martinique";"Résidence";23;214;1048;13695
"2002";"973";"Guyane";"Tous Logements";1245;1110;108261;87000
"2002";"973";"Guyane";"Individuel pur";269;175;31952;20543
"2002";"973";"Guyane";"Individuel groupé";337;332;25972;26700
"2002";"973";"Guyane";"Collectif";596;550;46268;37690
"2002";"973";"Guyane";"Résidence";43;53;1278;1572
"2002";"974";"La Réunion";"Tous Logements";7890;7116;707199;602756
"2002";"974";"La Réunion";"Individuel pur";3703;3043;370728;310867
"2002";"974";"La Réunion";"Individuel groupé";1017;951;73100;68688
"2002";"974";"La Réunion";"Collectif";3145;3113;213606;200373
"2002";"974";"La Réunion";"Résidence";25;9;1295;806
"2001";"01";"Ain";"Tous Logements";4229;3619;534864;444030
"2001";"01";"Ain";"Individuel pur";2506;2475;348036;341894
"2001";"01";"Ain";"Individuel groupé";529;285;64094;34983
"2001";"01";"Ain";"Collectif";948;838;73032;64786
"2001";"01";"Ain";"Résidence";246;21;2371;844
"2001";"02";"Aisne";"Tous Logements";1186;1227;170328;147704
"2001";"02";"Aisne";"Individuel pur";791;817;106868;110820
"2001";"02";"Aisne";"Individuel groupé";104;139;9977;14713
"2001";"02";"Aisne";"Collectif";291;271;22915;21270
"2001";"02";"Aisne";"Résidence";0;0;0;0
"2001";"03";"Allier";"Tous Logements";1131;1124;157870;135822
"2001";"03";"Allier";"Individuel pur";709;743;98908;101616
"2001";"03";"Allier";"Individuel groupé";112;152;11715;14309
"2001";"03";"Allier";"Collectif";273;170;23395;16523
"2001";"03";"Allier";"Résidence";37;59;477;1312
"2001";"04";"Alpes-de-Haute-Provence";"Tous Logements";1077;897;128239;98518
"2001";"04";"Alpes-de-Haute-Provence";"Individuel pur";765;692;92587;79021
"2001";"04";"Alpes-de-Haute-Provence";"Individuel groupé";90;62;9206;5748
"2001";"04";"Alpes-de-Haute-Provence";"Collectif";132;115;8252;9100
"2001";"04";"Alpes-de-Haute-Provence";"Résidence";90;28;5488;1499
"2001";"05";"Hautes-Alpes";"Tous Logements";1522;1319;153713;124591
"2001";"05";"Hautes-Alpes";"Individuel pur";750;588;96985;74278
"2001";"05";"Hautes-Alpes";"Individuel groupé";91;100;8551;10833
"2001";"05";"Hautes-Alpes";"Collectif";461;470;31134;30991
"2001";"05";"Hautes-Alpes";"Résidence";220;161;9761;7878
"2001";"06";"Alpes-Maritimes";"Tous Logements";6362;5292;628099;476061
"2001";"06";"Alpes-Maritimes";"Individuel pur";1197;1111;191469;174548
"2001";"06";"Alpes-Maritimes";"Individuel groupé";635;502;78114;61582
"2001";"06";"Alpes-Maritimes";"Collectif";4362;3478;326891;230423
"2001";"06";"Alpes-Maritimes";"Résidence";168;201;8942;8202
"2001";"07";"Ardèche";"Tous Logements";2253;2605;285392;286172
"2001";"07";"Ardèche";"Individuel pur";1635;1665;209854;212741
"2001";"07";"Ardèche";"Individuel groupé";195;221;15231;19908
"2001";"07";"Ardèche";"Collectif";402;607;31269;48518
"2001";"07";"Ardèche";"Résidence";21;112;818;4070
"2001";"08";"Ardennes";"Tous Logements";861;811;125204;104676
"2001";"08";"Ardennes";"Individuel pur";634;634;90927;87573
"2001";"08";"Ardennes";"Individuel groupé";109;53;11977;6591
"2001";"08";"Ardennes";"Collectif";118;124;11045;10464
"2001";"08";"Ardennes";"Résidence";0;0;0;0
"2001";"09";"Ariège";"Tous Logements";888;789;119564;96401
"2001";"09";"Ariège";"Individuel pur";707;641;93664;82556
"2001";"09";"Ariège";"Individuel groupé";84;90;8697;8502
"2001";"09";"Ariège";"Collectif";74;40;6036;2534
"2001";"09";"Ariège";"Résidence";23;18;1066;2556
"2001";"10";"Aube";"Tous Logements";1152;1259;166683;158657
"2001";"10";"Aube";"Individuel pur";871;796;122472;114205
"2001";"10";"Aube";"Individuel groupé";84;166;8492;18893
"2001";"10";"Aube";"Collectif";193;269;14965;23213
"2001";"10";"Aube";"Résidence";4;28;414;958
"2001";"11";"Aude";"Tous Logements";3515;3110;378619;334604
"2001";"11";"Aude";"Individuel pur";1807;1697;232299;219011
"2001";"11";"Aude";"Individuel groupé";652;531;57972;47822
"2001";"11";"Aude";"Collectif";982;792;67952;55079
"2001";"11";"Aude";"Résidence";74;90;2710;3426
"2001";"12";"Aveyron";"Tous Logements";2075;1672;242202;196667
"2001";"12";"Aveyron";"Individuel pur";1115;1110;155796;155103
"2001";"12";"Aveyron";"Individuel groupé";101;61;10264;6197
"2001";"12";"Aveyron";"Collectif";631;434;46847;30961
"2001";"12";"Aveyron";"Résidence";228;67;10301;3189
"2001";"13";"Bouches-du-Rhône";"Tous Logements";9203;6650;961258;699678
"2001";"13";"Bouches-du-Rhône";"Individuel pur";3563;3097;462260;400821
"2001";"13";"Bouches-du-Rhône";"Individuel groupé";928;597;91743;63252
"2001";"13";"Bouches-du-Rhône";"Collectif";4458;2753;335599;212673
"2001";"13";"Bouches-du-Rhône";"Résidence";254;203;15344;7619
"2001";"14";"Calvados";"Tous Logements";3604;4328;440545;455267
"2001";"14";"Calvados";"Individuel pur";2115;2123;275308;279243
"2001";"14";"Calvados";"Individuel groupé";501;664;51527;65889
"2001";"14";"Calvados";"Collectif";941;1438;69037;102368
"2001";"14";"Calvados";"Résidence";47;103;3308;4782
"2001";"15";"Cantal";"Tous Logements";649;796;80425;87641
"2001";"15";"Cantal";"Individuel pur";526;528;65665;67024
"2001";"15";"Cantal";"Individuel groupé";14;37;1684;3397
"2001";"15";"Cantal";"Collectif";44;175;4294;14308
"2001";"15";"Cantal";"Résidence";65;56;3028;2299
"2001";"16";"Charente";"Tous Logements";1638;1683;224103;199084
"2001";"16";"Charente";"Individuel pur";1149;1104;154484;147847
"2001";"16";"Charente";"Individuel groupé";297;271;29988;27230
"2001";"16";"Charente";"Collectif";158;284;8551;17841
"2001";"16";"Charente";"Résidence";34;24;2828;2137
"2001";"17";"Charente-Maritime";"Tous Logements";5349;4438;621841;510999
"2001";"17";"Charente-Maritime";"Individuel pur";2993;3093;383970;393190
"2001";"17";"Charente-Maritime";"Individuel groupé";852;613;82672;58496
"2001";"17";"Charente-Maritime";"Collectif";931;676;68910;48821
"2001";"17";"Charente-Maritime";"Résidence";573;56;24425;2660
"2001";"18";"Cher";"Tous Logements";1089;1004;144046;127324
"2001";"18";"Cher";"Individuel pur";824;805;110231;105426
"2001";"18";"Cher";"Individuel groupé";69;62;6912;6545
"2001";"18";"Cher";"Collectif";190;124;11123;9619
"2001";"18";"Cher";"Résidence";6;13;277;630
"2001";"19";"Corrèze";"Tous Logements";1158;1240;146614;147119
"2001";"19";"Corrèze";"Individuel pur";817;801;111513;109657
"2001";"19";"Corrèze";"Individuel groupé";99;105;9769;10550
"2001";"19";"Corrèze";"Collectif";242;334;13891;24658
"2001";"19";"Corrèze";"Résidence";0;0;0;0
"2001";"21";"Côte-d'Or";"Tous Logements";2673;2412;316180;275674
"2001";"21";"Côte-d'Or";"Individuel pur";1353;1257;188617;176818
"2001";"21";"Côte-d'Or";"Individuel groupé";294;235;32540;27027
"2001";"21";"Côte-d'Or";"Collectif";722;801;56491;56057
"2001";"21";"Côte-d'Or";"Résidence";304;119;11344;5798
"2001";"22";"Côtes-d'Armor";"Tous Logements";4034;3852;507906;441799
"2001";"22";"Côtes-d'Armor";"Individuel pur";2626;2581;356861;347438
"2001";"22";"Côtes-d'Armor";"Individuel groupé";402;311;35502;26344
"2001";"22";"Côtes-d'Armor";"Collectif";891;856;52918;54485
"2001";"22";"Côtes-d'Armor";"Résidence";115;104;6713;5842
"2001";"23";"Creuse";"Tous Logements";379;377;54708;46231
"2001";"23";"Creuse";"Individuel pur";338;309;40686;36292
"2001";"23";"Creuse";"Individuel groupé";24;21;2745;2233
"2001";"23";"Creuse";"Collectif";13;47;1167;4149
"2001";"23";"Creuse";"Résidence";4;0;107;0
"2001";"24";"Dordogne";"Tous Logements";2654;2470;361837;340684
"2001";"24";"Dordogne";"Individuel pur";1886;1860;255811;251820
"2001";"24";"Dordogne";"Individuel groupé";253;231;22196;19531
"2001";"24";"Dordogne";"Collectif";310;305;20730;22155
"2001";"24";"Dordogne";"Résidence";205;74;11516;4344
"2001";"25";"Doubs";"Tous Logements";3293;3190;411868;415843
"2001";"25";"Doubs";"Individuel pur";1836;1853;258383;260678
"2001";"25";"Doubs";"Individuel groupé";394;181;42277;17290
"2001";"25";"Doubs";"Collectif";1061;1155;84580;90493
"2001";"25";"Doubs";"Résidence";2;1;73;2181
"2001";"26";"Drôme";"Tous Logements";3317;3076;401331;350162
"2001";"26";"Drôme";"Individuel pur";2063;2011;266167;258956
"2001";"26";"Drôme";"Individuel groupé";351;363;35582;37010
"2001";"26";"Drôme";"Collectif";886;646;60816;50586
"2001";"26";"Drôme";"Résidence";17;56;1020;3201
"2001";"27";"Eure";"Tous Logements";2624;2734;339678;313324
"2001";"27";"Eure";"Individuel pur";1749;1793;228383;231048
"2001";"27";"Eure";"Individuel groupé";379;534;35654;53838
"2001";"27";"Eure";"Collectif";460;401;33914;27949
"2001";"27";"Eure";"Résidence";36;6;1190;95
"2001";"28";"Eure-et-Loir";"Tous Logements";1436;1394;198783;172562
"2001";"28";"Eure-et-Loir";"Individuel pur";987;1001;134570;135740
"2001";"28";"Eure-et-Loir";"Individuel groupé";113;122;12335;12822
"2001";"28";"Eure-et-Loir";"Collectif";316;229;22693;17775
"2001";"28";"Eure-et-Loir";"Résidence";20;42;1437;2232
"2001";"29";"Finistère";"Tous Logements";5067;5000;663309;606110
"2001";"29";"Finistère";"Individuel pur";3497;3490;471449;473969
"2001";"29";"Finistère";"Individuel groupé";362;446;35442;44035
"2001";"29";"Finistère";"Collectif";1119;999;80015;73295
"2001";"29";"Finistère";"Résidence";89;65;6592;5494
"2001";"2A";"Corse-du-Sud";"Tous Logements";1541;950;186509;113219
"2001";"2A";"Corse-du-Sud";"Individuel pur";792;654;119114;90857
"2001";"2A";"Corse-du-Sud";"Individuel groupé";113;30;10270;2592
"2001";"2A";"Corse-du-Sud";"Collectif";555;202;45703;15643
"2001";"2A";"Corse-du-Sud";"Résidence";81;64;3665;2092
"2001";"2B";"Haute-Corse";"Tous Logements";1173;1190;127097;113228
"2001";"2B";"Haute-Corse";"Individuel pur";652;540;82669;67786
"2001";"2B";"Haute-Corse";"Individuel groupé";88;104;7687;9816
"2001";"2B";"Haute-Corse";"Collectif";300;414;24453;31081
"2001";"2B";"Haute-Corse";"Résidence";133;132;6490;4520
"2001";"30";"Gard";"Tous Logements";5153;5324;638179;616169
"2001";"30";"Gard";"Individuel pur";3525;3569;463720;468166
"2001";"30";"Gard";"Individuel groupé";481;388;44680;36303
"2001";"30";"Gard";"Collectif";1123;1309;86151;91542
"2001";"30";"Gard";"Résidence";24;58;1590;3213
"2001";"31";"Haute-Garonne";"Tous Logements";11122;9866;1154167;1010688
"2001";"31";"Haute-Garonne";"Individuel pur";3986;3968;567473;555211
"2001";"31";"Haute-Garonne";"Individuel groupé";1464;1407;148398;143145
"2001";"31";"Haute-Garonne";"Collectif";5311;4044;372699;290678
"2001";"31";"Haute-Garonne";"Résidence";361;447;12706;19442
"2001";"32";"Gers";"Tous Logements";1087;1017;151363;117386
"2001";"32";"Gers";"Individuel pur";722;731;100570;99450
"2001";"32";"Gers";"Individuel groupé";168;82;14555;7999
"2001";"32";"Gers";"Collectif";91;111;5789;6774
"2001";"32";"Gers";"Résidence";106;93;3614;2923
"2001";"33";"Gironde";"Tous Logements";9254;8974;1023911;1000339
"2001";"33";"Gironde";"Individuel pur";4353;4459;564487;579233
"2001";"33";"Gironde";"Individuel groupé";1341;1368;121557;127482
"2001";"33";"Gironde";"Collectif";3173;2911;217523;197539
"2001";"33";"Gironde";"Résidence";387;236;25841;11719
"2001";"34";"Hérault";"Tous Logements";8857;8312;945417;865863
"2001";"34";"Hérault";"Individuel pur";4214;4036;568853;544778
"2001";"34";"Hérault";"Individuel groupé";995;807;102631;73527
"2001";"34";"Hérault";"Collectif";3322;3122;223202;217847
"2001";"34";"Hérault";"Résidence";326;347;9469;10725
"2001";"35";"Ille-et-Vilaine";"Tous Logements";6698;7191;842143;817363
"2001";"35";"Ille-et-Vilaine";"Individuel pur";3655;3703;531100;535073
"2001";"35";"Ille-et-Vilaine";"Individuel groupé";488;557;51485;60547
"2001";"35";"Ille-et-Vilaine";"Collectif";2339;2655;183634;203968
"2001";"35";"Ille-et-Vilaine";"Résidence";216;276;9061;11285
"2001";"36";"Indre";"Tous Logements";809;929;100081;103493
"2001";"36";"Indre";"Individuel pur";490;521;62714;67364
"2001";"36";"Indre";"Individuel groupé";122;288;11249;24615
"2001";"36";"Indre";"Collectif";120;50;8498;3191
"2001";"36";"Indre";"Résidence";77;70;3596;2959
"2001";"37";"Indre-et-Loire";"Tous Logements";2913;3076;386566;364099
"2001";"37";"Indre-et-Loire";"Individuel pur";1611;1570;229913;223215
"2001";"37";"Indre-et-Loire";"Individuel groupé";308;491;36374;55550
"2001";"37";"Indre-et-Loire";"Collectif";980;987;75064;73782
"2001";"37";"Indre-et-Loire";"Résidence";14;28;3316;1111
"2001";"38";"Isère";"Tous Logements";7026;6525;833069;737279
"2001";"38";"Isère";"Individuel pur";3879;3734;517772;494650
"2001";"38";"Isère";"Individuel groupé";476;560;54829;63174
"2001";"38";"Isère";"Collectif";2578;2120;205805;170965
"2001";"38";"Isère";"Résidence";93;111;1324;3579
"2001";"39";"Jura";"Tous Logements";1401;1526;175230;175223
"2001";"39";"Jura";"Individuel pur";1037;1041;135539;134973
"2001";"39";"Jura";"Individuel groupé";42;69;2150;5008
"2001";"39";"Jura";"Collectif";292;358;25384;27025
"2001";"39";"Jura";"Résidence";30;58;785;2552
"2001";"40";"Landes";"Tous Logements";3436;3395;405343;391966
"2001";"40";"Landes";"Individuel pur";2129;2101;280500;275660
"2001";"40";"Landes";"Individuel groupé";475;337;45882;33328
"2001";"40";"Landes";"Collectif";645;812;45296;55289
"2001";"40";"Landes";"Résidence";187;145;8267;7261
"2001";"41";"Loir-et-Cher";"Tous Logements";1557;1819;216230;217165
"2001";"41";"Loir-et-Cher";"Individuel pur";1171;1142;156518;154183
"2001";"41";"Loir-et-Cher";"Individuel groupé";220;211;22860;20297
"2001";"41";"Loir-et-Cher";"Collectif";166;437;10192;28588
"2001";"41";"Loir-et-Cher";"Résidence";0;29;0;1984
"2001";"42";"Loire";"Tous Logements";3014;2855;394554;336386
"2001";"42";"Loire";"Individuel pur";1947;1909;260948;253313
"2001";"42";"Loire";"Individuel groupé";236;118;26195;12375
"2001";"42";"Loire";"Collectif";593;638;52005;55661
"2001";"42";"Loire";"Résidence";238;190;11688;8980
"2001";"43";"Haute-Loire";"Tous Logements";1466;1509;211950;197964
"2001";"43";"Haute-Loire";"Individuel pur";1244;1226;176147;171724
"2001";"43";"Haute-Loire";"Individuel groupé";109;61;11492;7488
"2001";"43";"Haute-Loire";"Collectif";84;215;5518;16275
"2001";"43";"Haute-Loire";"Résidence";29;7;1551;494
"2001";"44";"Loire-Atlantique";"Tous Logements";9194;9669;1068379;1053978
"2001";"44";"Loire-Atlantique";"Individuel pur";5072;5214;676778;697491
"2001";"44";"Loire-Atlantique";"Individuel groupé";863;1080;83959;104967
"2001";"44";"Loire-Atlantique";"Collectif";3113;3284;215322;246772
"2001";"44";"Loire-Atlantique";"Résidence";146;91;5212;4522
"2001";"45";"Loiret";"Tous Logements";2786;2896;351224;332407
"2001";"45";"Loiret";"Individuel pur";1591;1594;211352;209454
"2001";"45";"Loiret";"Individuel groupé";519;512;55518;56444
"2001";"45";"Loiret";"Collectif";648;759;42065;46692
"2001";"45";"Loiret";"Résidence";28;31;1094;1688
"2001";"46";"Lot";"Tous Logements";1193;1223;164626;143554
"2001";"46";"Lot";"Individuel pur";944;918;127853;122676
"2001";"46";"Lot";"Individuel groupé";49;70;5010;7392
"2001";"46";"Lot";"Collectif";105;70;6995;5229
"2001";"46";"Lot";"Résidence";95;165;4018;8257
"2001";"47";"Lot-et-Garonne";"Tous Logements";1807;2169;223920;238116
"2001";"47";"Lot-et-Garonne";"Individuel pur";1214;1211;160928;157530
"2001";"47";"Lot-et-Garonne";"Individuel groupé";171;176;16593;17052
"2001";"47";"Lot-et-Garonne";"Collectif";143;404;9975;27551
"2001";"47";"Lot-et-Garonne";"Résidence";279;378;9995;16776
"2001";"48";"Lozère";"Tous Logements";546;478;77284;63440
"2001";"48";"Lozère";"Individuel pur";454;398;61169;53584
"2001";"48";"Lozère";"Individuel groupé";27;25;2399;2366
"2001";"48";"Lozère";"Collectif";62;41;6104;3639
"2001";"48";"Lozère";"Résidence";3;14;318;717
"2001";"49";"Maine-et-Loire";"Tous Logements";3915;3924;517518;476669
"2001";"49";"Maine-et-Loire";"Individuel pur";2673;2630;363031;357700
"2001";"49";"Maine-et-Loire";"Individuel groupé";772;801;79459;84034
"2001";"49";"Maine-et-Loire";"Collectif";461;461;27620;32324
"2001";"49";"Maine-et-Loire";"Résidence";9;32;655;2479
"2001";"50";"Manche";"Tous Logements";2490;2563;335524;324106
"2001";"50";"Manche";"Individuel pur";2001;2018;262112;268247
"2001";"50";"Manche";"Individuel groupé";259;267;21410;21755
"2001";"50";"Manche";"Collectif";212;256;13645;17368
"2001";"50";"Manche";"Résidence";18;22;910;1023
"2001";"51";"Marne";"Tous Logements";2268;2055;312329;269072
"2001";"51";"Marne";"Individuel pur";1205;1127;189126;175964
"2001";"51";"Marne";"Individuel groupé";290;333;32166;36369
"2001";"51";"Marne";"Collectif";620;573;55804;54422
"2001";"51";"Marne";"Résidence";153;22;5715;2006
"2001";"52";"Haute-Marne";"Tous Logements";493;473;78538;60841
"2001";"52";"Haute-Marne";"Individuel pur";353;328;50609;46859
"2001";"52";"Haute-Marne";"Individuel groupé";24;87;2147;8885
"2001";"52";"Haute-Marne";"Collectif";116;58;10582;4911
"2001";"52";"Haute-Marne";"Résidence";0;0;0;0
"2001";"53";"Mayenne";"Tous Logements";1680;1646;231180;206043
"2001";"53";"Mayenne";"Individuel pur";1162;1156;163683;164357
"2001";"53";"Mayenne";"Individuel groupé";198;214;19660;19349
"2001";"53";"Mayenne";"Collectif";316;256;21506;21199
"2001";"53";"Mayenne";"Résidence";4;20;539;1122
"2001";"54";"Meurthe-et-Moselle";"Tous Logements";2683;2415;363476;328599
"2001";"54";"Meurthe-et-Moselle";"Individuel pur";1478;1398;229122;216725
"2001";"54";"Meurthe-et-Moselle";"Individuel groupé";195;203;24422;24517
"2001";"54";"Meurthe-et-Moselle";"Collectif";1006;794;87568;70623
"2001";"54";"Meurthe-et-Moselle";"Résidence";4;20;404;1261
"2001";"55";"Meuse";"Tous Logements";648;641;91583;89476
"2001";"55";"Meuse";"Individuel pur";444;441;63908;65453
"2001";"55";"Meuse";"Individuel groupé";72;95;8116;10179
"2001";"55";"Meuse";"Collectif";118;105;11103;9554
"2001";"55";"Meuse";"Résidence";14;0;1069;0
"2001";"56";"Morbihan";"Tous Logements";5976;6264;738012;722793
"2001";"56";"Morbihan";"Individuel pur";3782;3853;515089;521128
"2001";"56";"Morbihan";"Individuel groupé";721;836;62665;89396
"2001";"56";"Morbihan";"Collectif";1210;1331;89686;93843
"2001";"56";"Morbihan";"Résidence";263;244;13796;13639
"2001";"57";"Moselle";"Tous Logements";5110;5217;722150;727012
"2001";"57";"Moselle";"Individuel pur";2732;2666;455766;441907
"2001";"57";"Moselle";"Individuel groupé";439;441;53911;55770
"2001";"57";"Moselle";"Collectif";1875;2016;172774;191266
"2001";"57";"Moselle";"Résidence";64;94;5124;6446
"2001";"58";"Nièvre";"Tous Logements";687;625;88496;72408
"2001";"58";"Nièvre";"Individuel pur";495;490;60512;60607
"2001";"58";"Nièvre";"Individuel groupé";112;82;9950;7481
"2001";"58";"Nièvre";"Collectif";80;53;5655;3298
"2001";"58";"Nièvre";"Résidence";0;0;0;0
"2001";"59";"Nord";"Tous Logements";8533;7751;978106;870916
"2001";"59";"Nord";"Individuel pur";2989;3152;425273;443635
"2001";"59";"Nord";"Individuel groupé";2294;2009;231285;202727
"2001";"59";"Nord";"Collectif";2984;2470;213384;178048
"2001";"59";"Nord";"Résidence";266;120;14947;6202
"2001";"60";"Oise";"Tous Logements";2612;2453;286237;248037
"2001";"60";"Oise";"Individuel pur";1315;1335;175086;172719
"2001";"60";"Oise";"Individuel groupé";252;282;26317;29207
"2001";"60";"Oise";"Collectif";811;497;51639;35816
"2001";"60";"Oise";"Résidence";234;339;4270;8425
"2001";"61";"Orne";"Tous Logements";963;952;136849;117613
"2001";"61";"Orne";"Individuel pur";731;751;94310;97038
"2001";"61";"Orne";"Individuel groupé";173;112;14981;9596
"2001";"61";"Orne";"Collectif";56;89;5287;7176
"2001";"61";"Orne";"Résidence";3;0;245;0
"2001";"62";"Pas-de-Calais";"Tous Logements";6565;7040;785318;763090
"2001";"62";"Pas-de-Calais";"Individuel pur";3432;3527;467324;479316
"2001";"62";"Pas-de-Calais";"Individuel groupé";1575;1793;144257;166057
"2001";"62";"Pas-de-Calais";"Collectif";1330;1295;86335;87169
"2001";"62";"Pas-de-Calais";"Résidence";228;425;18563;24344
"2001";"63";"Puy-de-Dôme";"Tous Logements";3406;3272;404041;358128
"2001";"63";"Puy-de-Dôme";"Individuel pur";2074;2072;266480;264231
"2001";"63";"Puy-de-Dôme";"Individuel groupé";176;209;18764;21506
"2001";"63";"Puy-de-Dôme";"Collectif";1052;927;85053;68213
"2001";"63";"Puy-de-Dôme";"Résidence";104;64;5145;2483
"2001";"64";"Pyrénées-Atlantiques";"Tous Logements";4123;4400;498328;521904
"2001";"64";"Pyrénées-Atlantiques";"Individuel pur";2072;2286;311050;341975
"2001";"64";"Pyrénées-Atlantiques";"Individuel groupé";166;212;16435;20208
"2001";"64";"Pyrénées-Atlantiques";"Collectif";1814;1795;136527;130900
"2001";"64";"Pyrénées-Atlantiques";"Résidence";71;107;4222;5688
"2001";"65";"Hautes-Pyrénées";"Tous Logements";1862;1599;188870;151127
"2001";"65";"Hautes-Pyrénées";"Individuel pur";779;749;102835;98794
"2001";"65";"Hautes-Pyrénées";"Individuel groupé";142;138;12715;11571
"2001";"65";"Hautes-Pyrénées";"Collectif";499;467;27296;27745
"2001";"65";"Hautes-Pyrénées";"Résidence";442;245;19570;13008
"2001";"66";"Pyrénées-Orientales";"Tous Logements";3833;3468;447094;407309
"2001";"66";"Pyrénées-Orientales";"Individuel pur";2203;2156;298420;287504
"2001";"66";"Pyrénées-Orientales";"Individuel groupé";572;457;54479;47006
"2001";"66";"Pyrénées-Orientales";"Collectif";969;818;74458;64323
"2001";"66";"Pyrénées-Orientales";"Résidence";89;37;5812;3223
"2001";"67";"Bas-Rhin";"Tous Logements";5344;5698;742255;734434
"2001";"67";"Bas-Rhin";"Individuel pur";2293;2311;410093;411065
"2001";"67";"Bas-Rhin";"Individuel groupé";256;213;29502;24959
"2001";"67";"Bas-Rhin";"Collectif";2718;3167;242323;261578
"2001";"67";"Bas-Rhin";"Résidence";77;7;6675;341
"2001";"68";"Haut-Rhin";"Tous Logements";4268;4424;564545;552562
"2001";"68";"Haut-Rhin";"Individuel pur";1906;1943;320761;332657
"2001";"68";"Haut-Rhin";"Individuel groupé";155;216;20650;28664
"2001";"68";"Haut-Rhin";"Collectif";2204;2250;186847;175699
"2001";"68";"Haut-Rhin";"Résidence";3;15;279;1049
"2001";"69";"Rhône";"Tous Logements";10014;8633;1032912;867412
"2001";"69";"Rhône";"Individuel pur";2191;2122;309548;297537
"2001";"69";"Rhône";"Individuel groupé";702;617;84172;71269
"2001";"69";"Rhône";"Collectif";7083;5720;581401;478924
"2001";"69";"Rhône";"Résidence";38;174;2201;6790
"2001";"70";"Haute-Saône";"Tous Logements";1136;1242;164851;166623
"2001";"70";"Haute-Saône";"Individuel pur";862;921;120822;132347
"2001";"70";"Haute-Saône";"Individuel groupé";110;93;11509;9151
"2001";"70";"Haute-Saône";"Collectif";164;226;12500;15847
"2001";"70";"Haute-Saône";"Résidence";0;2;0;257
"2001";"71";"Saône-et-Loire";"Tous Logements";2569;2247;346752;273490
"2001";"71";"Saône-et-Loire";"Individuel pur";1701;1660;226774;218550
"2001";"71";"Saône-et-Loire";"Individuel groupé";368;292;38731;30820
"2001";"71";"Saône-et-Loire";"Collectif";494;280;42502;20634
"2001";"71";"Saône-et-Loire";"Résidence";6;15;557;1363
"2001";"72";"Sarthe";"Tous Logements";2735;2919;376602;351702
"2001";"72";"Sarthe";"Individuel pur";2026;2117;278225;285792
"2001";"72";"Sarthe";"Individuel groupé";223;282;19981;24923
"2001";"72";"Sarthe";"Collectif";460;499;32947;38431
"2001";"72";"Sarthe";"Résidence";26;21;2157;1003
"2001";"73";"Savoie";"Tous Logements";4739;3802;449667;363010
"2001";"73";"Savoie";"Individuel pur";1609;1548;218969;208661
"2001";"73";"Savoie";"Individuel groupé";191;186;19487;20088
"2001";"73";"Savoie";"Collectif";1774;1238;119521;87458
"2001";"73";"Savoie";"Résidence";1165;830;68705;45620
"2001";"74";"Haute-Savoie";"Tous Logements";7215;6657;808465;711347
"2001";"74";"Haute-Savoie";"Individuel pur";2743;2707;400631;393496
"2001";"74";"Haute-Savoie";"Individuel groupé";537;414;64683;46588
"2001";"74";"Haute-Savoie";"Collectif";3760;3300;292344;254145
"2001";"74";"Haute-Savoie";"Résidence";175;236;10380;12447
"2001";"75";"Paris";"Tous Logements";2569;4630;210423;341896
"2001";"75";"Paris";"Individuel pur";2;15;93;744
"2001";"75";"Paris";"Individuel groupé";1;0;257;0
"2001";"75";"Paris";"Collectif";2524;4251;201877;329973
"2001";"75";"Paris";"Résidence";42;364;1688;11179
"2001";"76";"Seine-Maritime";"Tous Logements";4762;4721;584635;524654
"2001";"76";"Seine-Maritime";"Individuel pur";2602;2546;343178;337870
"2001";"76";"Seine-Maritime";"Individuel groupé";479;455;49320;45684
"2001";"76";"Seine-Maritime";"Collectif";1657;1616;125077;120970
"2001";"76";"Seine-Maritime";"Résidence";24;104;796;2944
"2001";"77";"Seine-et-Marne";"Tous Logements";7381;6697;797145;677637
"2001";"77";"Seine-et-Marne";"Individuel pur";2062;2175;283374;293886
"2001";"77";"Seine-et-Marne";"Individuel groupé";1530;1331;193483;174005
"2001";"77";"Seine-et-Marne";"Collectif";2949;2760;209361;191522
"2001";"77";"Seine-et-Marne";"Résidence";840;431;48722;17937
"2001";"78";"Yvelines";"Tous Logements";4442;3884;565554;442805
"2001";"78";"Yvelines";"Individuel pur";1534;1379;239221;214727
"2001";"78";"Yvelines";"Individuel groupé";879;713;107078;87758
"2001";"78";"Yvelines";"Collectif";2029;1792;159899;139659
"2001";"78";"Yvelines";"Résidence";0;0;0;0
"2001";"79";"Deux-Sèvres";"Tous Logements";1714;1897;235732;226917
"2001";"79";"Deux-Sèvres";"Individuel pur";1359;1379;183041;184293
"2001";"79";"Deux-Sèvres";"Individuel groupé";266;200;23245;17387
"2001";"79";"Deux-Sèvres";"Collectif";83;123;5673;8640
"2001";"79";"Deux-Sèvres";"Résidence";6;195;276;12868
"2001";"80";"Somme";"Tous Logements";1526;1563;200440;175385
"2001";"80";"Somme";"Individuel pur";1104;1043;146333;139393
"2001";"80";"Somme";"Individuel groupé";187;95;14331;7949
"2001";"80";"Somme";"Collectif";211;384;12589;25432
"2001";"80";"Somme";"Résidence";24;41;831;1590
"2001";"81";"Tarn";"Tous Logements";2745;2524;331357;291508
"2001";"81";"Tarn";"Individuel pur";1832;1771;242020;233657
"2001";"81";"Tarn";"Individuel groupé";296;230;27040;20443
"2001";"81";"Tarn";"Collectif";403;519;25572;36150
"2001";"81";"Tarn";"Résidence";214;4;13862;203
"2001";"82";"Tarn-et-Garonne";"Tous Logements";2171;1747;252028;204839
"2001";"82";"Tarn-et-Garonne";"Individuel pur";1270;1175;166756;153673
"2001";"82";"Tarn-et-Garonne";"Individuel groupé";240;163;23542;15890
"2001";"82";"Tarn-et-Garonne";"Collectif";653;395;47616;33020
"2001";"82";"Tarn-et-Garonne";"Résidence";8;14;542;605
"2001";"83";"Var";"Tous Logements";7796;7394;950886;840474
"2001";"83";"Var";"Individuel pur";4465;4314;598934;570750
"2001";"83";"Var";"Individuel groupé";770;1133;76520;117075
"2001";"83";"Var";"Collectif";2376;1746;195954;135444
"2001";"83";"Var";"Résidence";185;201;9203;9650
"2001";"84";"Vaucluse";"Tous Logements";4208;3336;434186;356137
"2001";"84";"Vaucluse";"Individuel pur";1885;1774;241347;224430
"2001";"84";"Vaucluse";"Individuel groupé";599;503;60859;54461
"2001";"84";"Vaucluse";"Collectif";1475;894;78326;54472
"2001";"84";"Vaucluse";"Résidence";249;165;15856;8736
"2001";"85";"Vendée";"Tous Logements";5691;5803;699659;653326
"2001";"85";"Vendée";"Individuel pur";4455;4468;542271;543026
"2001";"85";"Vendée";"Individuel groupé";552;525;49795;47760
"2001";"85";"Vendée";"Collectif";649;800;49235;61815
"2001";"85";"Vendée";"Résidence";35;10;2190;683
"2001";"86";"Vienne";"Tous Logements";1854;2016;257654;236185
"2001";"86";"Vienne";"Individuel pur";1372;1325;187024;178074
"2001";"86";"Vienne";"Individuel groupé";187;193;18032;19024
"2001";"86";"Vienne";"Collectif";66;235;5262;16061
"2001";"86";"Vienne";"Résidence";229;263;13061;13634
"2001";"87";"Haute-Vienne";"Tous Logements";2091;2149;222900;209750
"2001";"87";"Haute-Vienne";"Individuel pur";1116;1110;149708;145225
"2001";"87";"Haute-Vienne";"Individuel groupé";153;238;17460;26265
"2001";"87";"Haute-Vienne";"Collectif";822;797;41566;36772
"2001";"87";"Haute-Vienne";"Résidence";0;4;0;76
"2001";"88";"Vosges";"Tous Logements";1854;1924;269414;269128
"2001";"88";"Vosges";"Individuel pur";1303;1301;191009;188145
"2001";"88";"Vosges";"Individuel groupé";124;88;14905;10990
"2001";"88";"Vosges";"Collectif";393;474;35317;43172
"2001";"88";"Vosges";"Résidence";34;61;1542;3635
"2001";"89";"Yonne";"Tous Logements";1127;1178;156412;128138
"2001";"89";"Yonne";"Individuel pur";821;749;110806;99706
"2001";"89";"Yonne";"Individuel groupé";97;78;10529;7889
"2001";"89";"Yonne";"Collectif";197;339;7102;19880
"2001";"89";"Yonne";"Résidence";12;12;595;595
"2001";"90";"Territoire de Belfort";"Tous Logements";818;720;97673;79231
"2001";"90";"Territoire de Belfort";"Individuel pur";306;334;46657;49276
"2001";"90";"Territoire de Belfort";"Individuel groupé";55;14;6899;1916
"2001";"90";"Territoire de Belfort";"Collectif";429;357;35119;25385
"2001";"90";"Territoire de Belfort";"Résidence";28;15;1209;6
"2001";"91";"Essonne";"Tous Logements";4123;4354;452861;434825
"2001";"91";"Essonne";"Individuel pur";1348;1392;191401;195281
"2001";"91";"Essonne";"Individuel groupé";615;766;68819;89116
"2001";"91";"Essonne";"Collectif";2036;2192;144828;150055
"2001";"91";"Essonne";"Résidence";124;4;4616;194
"2001";"92";"Hauts-de-Seine";"Tous Logements";5172;5931;497195;516799
"2001";"92";"Hauts-de-Seine";"Individuel pur";231;216;35233;35880
"2001";"92";"Hauts-de-Seine";"Individuel groupé";221;207;27850;26119
"2001";"92";"Hauts-de-Seine";"Collectif";4674;5459;400994;453191
"2001";"92";"Hauts-de-Seine";"Résidence";46;49;2703;659
"2001";"93";"Seine-Saint-Denis";"Tous Logements";4321;3144;376963;269119
"2001";"93";"Seine-Saint-Denis";"Individuel pur";506;517;68460;71137
"2001";"93";"Seine-Saint-Denis";"Individuel groupé";534;454;52250;45520
"2001";"93";"Seine-Saint-Denis";"Collectif";3004;2069;217193;147174
"2001";"93";"Seine-Saint-Denis";"Résidence";277;104;8535;5058
"2001";"94";"Val-de-Marne";"Tous Logements";4744;4438;437694;377041
"2001";"94";"Val-de-Marne";"Individuel pur";493;480;75430;72522
"2001";"94";"Val-de-Marne";"Individuel groupé";567;334;62429;39909
"2001";"94";"Val-de-Marne";"Collectif";3492;3605;264627;263838
"2001";"94";"Val-de-Marne";"Résidence";192;19;6270;745
"2001";"95";"Val-d'Oise";"Tous Logements";3643;3414;383057;347816
"2001";"95";"Val-d'Oise";"Individuel pur";1045;1128;152248;158332
"2001";"95";"Val-d'Oise";"Individuel groupé";323;489;38611;62190
"2001";"95";"Val-d'Oise";"Collectif";2252;1774;153786;126220
"2001";"95";"Val-d'Oise";"Résidence";23;23;954;954
"2001";"971";"Guadeloupe";"Tous Logements";6710;3809;573047;300862
"2001";"971";"Guadeloupe";"Individuel pur";2591;1418;289651;160484
"2001";"971";"Guadeloupe";"Individuel groupé";765;489;52404;33944
"2001";"971";"Guadeloupe";"Collectif";3015;1495;208313;92412
"2001";"971";"Guadeloupe";"Résidence";339;407;9238;12656
"2001";"972";"Martinique";"Tous Logements";3825;3003;337162;267911
"2001";"972";"Martinique";"Individuel pur";1627;1345;166527;141732
"2001";"972";"Martinique";"Individuel groupé";185;211;16063;17557
"2001";"972";"Martinique";"Collectif";1799;1440;127299;104677
"2001";"972";"Martinique";"Résidence";214;7;14023;676
"2001";"973";"Guyane";"Tous Logements";1481;1408;119653;114543
"2001";"973";"Guyane";"Individuel pur";287;273;30624;27848
"2001";"973";"Guyane";"Individuel groupé";598;401;48367;31571
"2001";"973";"Guyane";"Collectif";580;728;37586;53019
"2001";"973";"Guyane";"Résidence";16;6;643;349
"2001";"974";"La Réunion";"Tous Logements";7853;6824;702795;594732
"2001";"974";"La Réunion";"Individuel pur";3722;3009;368584;303060
"2001";"974";"La Réunion";"Individuel groupé";1137;817;84296;67206
"2001";"974";"La Réunion";"Collectif";2981;2953;191209;191087
"2001";"974";"La Réunion";"Résidence";13;45;952;2040
"2000";"01";"Ain";"Tous Logements";4331;4376;537753;511243
"2000";"01";"Ain";"Individuel pur";2590;2625;346222;347154
"2000";"01";"Ain";"Individuel groupé";400;515;41690;55790
"2000";"01";"Ain";"Collectif";1222;1133;98676;97254
"2000";"01";"Ain";"Résidence";119;103;6206;5334
"2000";"02";"Aisne";"Tous Logements";1445;1564;192650;169888
"2000";"02";"Aisne";"Individuel pur";868;832;114927;111108
"2000";"02";"Aisne";"Individuel groupé";230;209;22795;18379
"2000";"02";"Aisne";"Collectif";347;477;33559;33961
"2000";"02";"Aisne";"Résidence";0;46;0;2140
"2000";"03";"Allier";"Tous Logements";1237;1154;164645;140271
"2000";"03";"Allier";"Individuel pur";853;833;114130;112160
"2000";"03";"Allier";"Individuel groupé";157;104;15308;10535
"2000";"03";"Allier";"Collectif";205;217;16821;15924
"2000";"03";"Allier";"Résidence";22;0;835;0
"2000";"04";"Alpes-de-Haute-Provence";"Tous Logements";1153;1063;140232;115822
"2000";"04";"Alpes-de-Haute-Provence";"Individuel pur";769;716;89863;82937
"2000";"04";"Alpes-de-Haute-Provence";"Individuel groupé";101;91;9985;10224
"2000";"04";"Alpes-de-Haute-Provence";"Collectif";257;245;22868;19938
"2000";"04";"Alpes-de-Haute-Provence";"Résidence";26;11;1025;607
"2000";"05";"Hautes-Alpes";"Tous Logements";1350;1488;131496;140426
"2000";"05";"Hautes-Alpes";"Individuel pur";646;698;80046;89897
"2000";"05";"Hautes-Alpes";"Individuel groupé";101;134;10881;12600
"2000";"05";"Hautes-Alpes";"Collectif";456;360;24574;20666
"2000";"05";"Hautes-Alpes";"Résidence";147;296;7559;15347
"2000";"06";"Alpes-Maritimes";"Tous Logements";5398;5020;519024;469171
"2000";"06";"Alpes-Maritimes";"Individuel pur";1243;1071;196334;168176
"2000";"06";"Alpes-Maritimes";"Individuel groupé";410;669;54048;71137
"2000";"06";"Alpes-Maritimes";"Collectif";3542;3131;243081;222360
"2000";"06";"Alpes-Maritimes";"Résidence";203;149;11449;5857
"2000";"07";"Ardèche";"Tous Logements";2604;2055;310078;236096
"2000";"07";"Ardèche";"Individuel pur";1662;1506;210975;189965
"2000";"07";"Ardèche";"Individuel groupé";135;86;14704;8795
"2000";"07";"Ardèche";"Collectif";681;435;54244;34497
"2000";"07";"Ardèche";"Résidence";126;28;5354;1696
"2000";"08";"Ardennes";"Tous Logements";937;926;126503;123063
"2000";"08";"Ardennes";"Individuel pur";692;710;92195;96630
"2000";"08";"Ardennes";"Individuel groupé";89;125;9989;16326
"2000";"08";"Ardennes";"Collectif";148;81;12924;9405
"2000";"08";"Ardennes";"Résidence";8;10;465;702
"2000";"09";"Ariège";"Tous Logements";876;759;101067;93745
"2000";"09";"Ariège";"Individuel pur";616;633;78042;81643
"2000";"09";"Ariège";"Individuel groupé";81;50;6844;4677
"2000";"09";"Ariège";"Collectif";45;74;2582;5810
"2000";"09";"Ariège";"Résidence";134;2;6092;367
"2000";"10";"Aube";"Tous Logements";1395;1209;186431;149942
"2000";"10";"Aube";"Individuel pur";811;782;116213;110751
"2000";"10";"Aube";"Individuel groupé";270;221;31082;24436
"2000";"10";"Aube";"Collectif";274;199;22584;14562
"2000";"10";"Aube";"Résidence";40;7;1410;39
"2000";"11";"Aude";"Tous Logements";3120;2743;348224;300077
"2000";"11";"Aude";"Individuel pur";1761;1693;225118;216500
"2000";"11";"Aude";"Individuel groupé";758;647;61294;48225
"2000";"11";"Aude";"Collectif";426;298;30641;21878
"2000";"11";"Aude";"Résidence";175;105;9963;6237
"2000";"12";"Aveyron";"Tous Logements";1661;1616;216939;194402
"2000";"12";"Aveyron";"Individuel pur";1138;1059;159616;147181
"2000";"12";"Aveyron";"Individuel groupé";119;91;10977;8382
"2000";"12";"Aveyron";"Collectif";379;432;28328;32077
"2000";"12";"Aveyron";"Résidence";25;34;729;1215
"2000";"13";"Bouches-du-Rhône";"Tous Logements";8404;7837;883815;782592
"2000";"13";"Bouches-du-Rhône";"Individuel pur";3368;3051;432201;392237
"2000";"13";"Bouches-du-Rhône";"Individuel groupé";899;1038;90056;96695
"2000";"13";"Bouches-du-Rhône";"Collectif";3739;3494;295583;267381
"2000";"13";"Bouches-du-Rhône";"Résidence";398;254;22788;18793
"2000";"14";"Calvados";"Tous Logements";4553;3272;522203;371923
"2000";"14";"Calvados";"Individuel pur";2219;2068;294154;271723
"2000";"14";"Calvados";"Individuel groupé";858;707;78625;62002
"2000";"14";"Calvados";"Collectif";1364;462;103589;32828
"2000";"14";"Calvados";"Résidence";112;35;5187;1828
"2000";"15";"Cantal";"Tous Logements";813;836;92424;89122
"2000";"15";"Cantal";"Individuel pur";537;519;68221;66495
"2000";"15";"Cantal";"Individuel groupé";34;25;3052;2356
"2000";"15";"Cantal";"Collectif";146;195;12222;16017
"2000";"15";"Cantal";"Résidence";96;97;4068;4102
"2000";"16";"Charente";"Tous Logements";1481;1370;201234;170910
"2000";"16";"Charente";"Individuel pur";1029;1029;135331;136525
"2000";"16";"Charente";"Individuel groupé";192;131;17972;12183
"2000";"16";"Charente";"Collectif";227;139;15350;10099
"2000";"16";"Charente";"Résidence";33;71;3548;4830
"2000";"17";"Charente-Maritime";"Tous Logements";4543;4280;563502;489176
"2000";"17";"Charente-Maritime";"Individuel pur";3360;3111;419410;383439
"2000";"17";"Charente-Maritime";"Individuel groupé";423;481;41875;42340
"2000";"17";"Charente-Maritime";"Collectif";435;365;28108;26289
"2000";"17";"Charente-Maritime";"Résidence";325;323;20832;26997
"2000";"18";"Cher";"Tous Logements";1281;1301;158282;148385
"2000";"18";"Cher";"Individuel pur";916;898;119254;116942
"2000";"18";"Cher";"Individuel groupé";98;132;9429;11902
"2000";"18";"Cher";"Collectif";179;196;10066;10981
"2000";"18";"Cher";"Résidence";88;75;3793;3163
"2000";"19";"Corrèze";"Tous Logements";1335;1080;170888;140476
"2000";"19";"Corrèze";"Individuel pur";892;846;124876;119240
"2000";"19";"Corrèze";"Individuel groupé";76;35;7698;3598
"2000";"19";"Corrèze";"Collectif";362;149;26786;12432
"2000";"19";"Corrèze";"Résidence";5;50;184;1810
"2000";"21";"Côte-d'Or";"Tous Logements";2540;2338;305253;350351
"2000";"21";"Côte-d'Or";"Individuel pur";1293;1265;178174;170251
"2000";"21";"Côte-d'Or";"Individuel groupé";111;95;12606;9704
"2000";"21";"Côte-d'Or";"Collectif";1125;898;82383;66631
"2000";"21";"Côte-d'Or";"Résidence";11;80;557;1680
"2000";"22";"Côtes-d'Armor";"Tous Logements";3958;3731;509503;432451
"2000";"22";"Côtes-d'Armor";"Individuel pur";2771;2668;365361;349466
"2000";"22";"Côtes-d'Armor";"Individuel groupé";315;395;28459;33477
"2000";"22";"Côtes-d'Armor";"Collectif";833;564;55627;38089
"2000";"22";"Côtes-d'Armor";"Résidence";39;104;2397;6710
"2000";"23";"Creuse";"Tous Logements";431;372;60647;49672
"2000";"23";"Creuse";"Individuel pur";316;314;39693;41068
"2000";"23";"Creuse";"Individuel groupé";40;18;3903;1597
"2000";"23";"Creuse";"Collectif";75;33;4905;1709
"2000";"23";"Creuse";"Résidence";0;7;0;126
"2000";"24";"Dordogne";"Tous Logements";2457;2495;341270;305879
"2000";"24";"Dordogne";"Individuel pur";1879;1798;253957;239027
"2000";"24";"Dordogne";"Individuel groupé";272;280;24259;26339
"2000";"24";"Dordogne";"Collectif";254;328;17646;23620
"2000";"24";"Dordogne";"Résidence";52;89;2559;3767
"2000";"25";"Doubs";"Tous Logements";2998;2660;410415;335137
"2000";"25";"Doubs";"Individuel pur";1897;1774;271004;251401
"2000";"25";"Doubs";"Individuel groupé";132;95;12476;9826
"2000";"25";"Doubs";"Collectif";967;790;71957;56297
"2000";"25";"Doubs";"Résidence";2;1;2501;28
"2000";"26";"Drôme";"Tous Logements";3011;3079;371813;331733
"2000";"26";"Drôme";"Individuel pur";2033;2049;257033;253439
"2000";"26";"Drôme";"Individuel groupé";257;212;26339;20434
"2000";"26";"Drôme";"Collectif";649;748;48446;53396
"2000";"26";"Drôme";"Résidence";72;70;4697;2357
"2000";"27";"Eure";"Tous Logements";3324;2643;401101;300481
"2000";"27";"Eure";"Individuel pur";1828;1763;237078;227329
"2000";"27";"Eure";"Individuel groupé";786;438;79758;43981
"2000";"27";"Eure";"Collectif";685;418;48224;27899
"2000";"27";"Eure";"Résidence";25;24;703;608
"2000";"28";"Eure-et-Loir";"Tous Logements";1586;1408;205564;172263
"2000";"28";"Eure-et-Loir";"Individuel pur";1044;1013;140585;135609
"2000";"28";"Eure-et-Loir";"Individuel groupé";119;111;12963;12019
"2000";"28";"Eure-et-Loir";"Collectif";397;284;28033;20460
"2000";"28";"Eure-et-Loir";"Résidence";26;0;1849;0
"2000";"29";"Finistère";"Tous Logements";5691;5783;724607;680933
"2000";"29";"Finistère";"Individuel pur";3915;3852;524630;513484
"2000";"29";"Finistère";"Individuel groupé";611;612;60960;59120
"2000";"29";"Finistère";"Collectif";987;1149;76027;87420
"2000";"29";"Finistère";"Résidence";178;170;10868;10565
"2000";"2A";"Corse-du-Sud";"Tous Logements";955;724;116768;81034
"2000";"2A";"Corse-du-Sud";"Individuel pur";647;518;86692;66139
"2000";"2A";"Corse-du-Sud";"Individuel groupé";20;39;1177;3718
"2000";"2A";"Corse-du-Sud";"Collectif";254;164;18674;9942
"2000";"2A";"Corse-du-Sud";"Résidence";34;3;1443;90
"2000";"2B";"Haute-Corse";"Tous Logements";1608;1319;132112;101072
"2000";"2B";"Haute-Corse";"Individuel pur";495;457;63844;57699
"2000";"2B";"Haute-Corse";"Individuel groupé";530;441;30041;22210
"2000";"2B";"Haute-Corse";"Collectif";506;289;31367;16206
"2000";"2B";"Haute-Corse";"Résidence";77;132;2877;4867
"2000";"30";"Gard";"Tous Logements";5121;4570;630841;554577
"2000";"30";"Gard";"Individuel pur";3587;3469;473594;455019
"2000";"30";"Gard";"Individuel groupé";195;190;21422;19506
"2000";"30";"Gard";"Collectif";1274;903;91945;68646
"2000";"30";"Gard";"Résidence";65;8;3757;635
"2000";"31";"Haute-Garonne";"Tous Logements";11872;10233;1262517;1069009
"2000";"31";"Haute-Garonne";"Individuel pur";4900;4883;667824;662139
"2000";"31";"Haute-Garonne";"Individuel groupé";1553;1025;162704;109800
"2000";"31";"Haute-Garonne";"Collectif";4987;4075;355270;272775
"2000";"31";"Haute-Garonne";"Résidence";432;250;27831;16101
"2000";"32";"Gers";"Tous Logements";984;986;136097;119996
"2000";"32";"Gers";"Individuel pur";799;761;106157;102440
"2000";"32";"Gers";"Individuel groupé";89;95;8197;9309
"2000";"32";"Gers";"Collectif";96;130;5263;8247
"2000";"32";"Gers";"Résidence";0;0;0;0
"2000";"33";"Gironde";"Tous Logements";9367;8855;1056371;941400
"2000";"33";"Gironde";"Individuel pur";4737;4759;618870;619963
"2000";"33";"Gironde";"Individuel groupé";1439;1293;142224;115334
"2000";"33";"Gironde";"Collectif";3002;2681;207770;169642
"2000";"33";"Gironde";"Résidence";189;122;6644;3310
"2000";"34";"Hérault";"Tous Logements";8982;8423;926117;843387
"2000";"34";"Hérault";"Individuel pur";3997;3938;534226;520728
"2000";"34";"Hérault";"Individuel groupé";816;698;72174;63395
"2000";"34";"Hérault";"Collectif";3916;3761;262847;244127
"2000";"34";"Hérault";"Résidence";253;26;8249;1431
"2000";"35";"Ille-et-Vilaine";"Tous Logements";6446;5562;810644;662127
"2000";"35";"Ille-et-Vilaine";"Individuel pur";3497;3334;505540;480068
"2000";"35";"Ille-et-Vilaine";"Individuel groupé";527;419;57370;43069
"2000";"35";"Ille-et-Vilaine";"Collectif";2049;1634;159493;124305
"2000";"35";"Ille-et-Vilaine";"Résidence";373;175;15870;10324
"2000";"36";"Indre";"Tous Logements";955;847;116177;98472
"2000";"36";"Indre";"Individuel pur";531;544;68652;70179
"2000";"36";"Indre";"Individuel groupé";307;209;26513;17600
"2000";"36";"Indre";"Collectif";107;71;6916;3717
"2000";"36";"Indre";"Résidence";10;23;677;2041
"2000";"37";"Indre-et-Loire";"Tous Logements";3765;3185;455043;384731
"2000";"37";"Indre-et-Loire";"Individuel pur";1864;1859;258670;261619
"2000";"37";"Indre-et-Loire";"Individuel groupé";493;313;54918;34406
"2000";"37";"Indre-et-Loire";"Collectif";1377;1010;102377;77951
"2000";"37";"Indre-et-Loire";"Résidence";31;3;1252;141
"2000";"38";"Isère";"Tous Logements";6975;6737;811986;735711
"2000";"38";"Isère";"Individuel pur";3851;3936;503428;506749
"2000";"38";"Isère";"Individuel groupé";580;538;66062;59696
"2000";"38";"Isère";"Collectif";2386;2162;178197;156501
"2000";"38";"Isère";"Résidence";158;101;11166;7115
"2000";"39";"Jura";"Tous Logements";1562;1448;191808;179459
"2000";"39";"Jura";"Individuel pur";1079;1015;141752;134243
"2000";"39";"Jura";"Individuel groupé";49;53;4529;4761
"2000";"39";"Jura";"Collectif";394;355;29886;27449
"2000";"39";"Jura";"Résidence";40;25;2009;714
"2000";"40";"Landes";"Tous Logements";3944;3446;419249;360645
"2000";"40";"Landes";"Individuel pur";2050;2049;269263;268731
"2000";"40";"Landes";"Individuel groupé";324;225;31865;21021
"2000";"40";"Landes";"Collectif";1231;680;81677;46710
"2000";"40";"Landes";"Résidence";339;492;12891;15959
"2000";"41";"Loir-et-Cher";"Tous Logements";1888;1651;242998;211372
"2000";"41";"Loir-et-Cher";"Individuel pur";1149;1225;160646;169190
"2000";"41";"Loir-et-Cher";"Individuel groupé";224;199;21102;20348
"2000";"41";"Loir-et-Cher";"Collectif";483;198;31587;10846
"2000";"41";"Loir-et-Cher";"Résidence";32;29;2286;2013
"2000";"42";"Loire";"Tous Logements";3283;3214;425697;388895
"2000";"42";"Loire";"Individuel pur";2109;2155;280400;281586
"2000";"42";"Loire";"Individuel groupé";310;323;34315;34883
"2000";"42";"Loire";"Collectif";757;711;63108;64325
"2000";"42";"Loire";"Résidence";107;25;5485;1067
"2000";"43";"Haute-Loire";"Tous Logements";1563;1479;216998;190886
"2000";"43";"Haute-Loire";"Individuel pur";1221;1224;165079;166834
"2000";"43";"Haute-Loire";"Individuel groupé";67;70;8687;7998
"2000";"43";"Haute-Loire";"Collectif";268;178;21531;13604
"2000";"43";"Haute-Loire";"Résidence";7;7;210;210
"2000";"44";"Loire-Atlantique";"Tous Logements";9837;8812;1132212;966848
"2000";"44";"Loire-Atlantique";"Individuel pur";5178;5011;686568;665272
"2000";"44";"Loire-Atlantique";"Individuel groupé";910;1007;95024;103876
"2000";"44";"Loire-Atlantique";"Collectif";3679;2787;265176;193849
"2000";"44";"Loire-Atlantique";"Résidence";70;7;3293;378
"2000";"45";"Loiret";"Tous Logements";3067;2974;384101;332119
"2000";"45";"Loiret";"Individuel pur";1890;1866;240815;239495
"2000";"45";"Loiret";"Individuel groupé";391;276;42550;27267
"2000";"45";"Loiret";"Collectif";754;797;54335;48061
"2000";"45";"Loiret";"Résidence";32;35;2160;1241
"2000";"46";"Lot";"Tous Logements";1349;1223;172954;140351
"2000";"46";"Lot";"Individuel pur";967;918;125255;121019
"2000";"46";"Lot";"Individuel groupé";86;59;9258;6425
"2000";"46";"Lot";"Collectif";86;120;5808;6653
"2000";"46";"Lot";"Résidence";210;126;10675;5719
"2000";"47";"Lot-et-Garonne";"Tous Logements";2228;1764;251713;205485
"2000";"47";"Lot-et-Garonne";"Individuel pur";1230;1197;157742;154357
"2000";"47";"Lot-et-Garonne";"Individuel groupé";249;241;22755;20768
"2000";"47";"Lot-et-Garonne";"Collectif";529;229;37612;16311
"2000";"47";"Lot-et-Garonne";"Résidence";220;97;13707;6884
"2000";"48";"Lozère";"Tous Logements";511;524;71508;63735
"2000";"48";"Lozère";"Individuel pur";407;413;54846;54543
"2000";"48";"Lozère";"Individuel groupé";29;17;2762;1675
"2000";"48";"Lozère";"Collectif";45;66;3506;4149
"2000";"48";"Lozère";"Résidence";30;28;1162;1210
"2000";"49";"Maine-et-Loire";"Tous Logements";3921;3692;504825;445739
"2000";"49";"Maine-et-Loire";"Individuel pur";2544;2580;346412;351424
"2000";"49";"Maine-et-Loire";"Individuel groupé";654;547;66257;53333
"2000";"49";"Maine-et-Loire";"Collectif";621;437;48298;34506
"2000";"49";"Maine-et-Loire";"Résidence";102;128;6305;6211
"2000";"50";"Manche";"Tous Logements";2540;2594;368152;309132
"2000";"50";"Manche";"Individuel pur";2028;1907;268627;249190
"2000";"50";"Manche";"Individuel groupé";313;405;26807;36474
"2000";"50";"Manche";"Collectif";160;235;12146;17658
"2000";"50";"Manche";"Résidence";39;47;1938;3025
"2000";"51";"Marne";"Tous Logements";2012;2194;407010;396687
"2000";"51";"Marne";"Individuel pur";1135;1108;304456;299462
"2000";"51";"Marne";"Individuel groupé";364;330;40978;36388
"2000";"51";"Marne";"Collectif";495;674;37038;56492
"2000";"51";"Marne";"Résidence";18;82;1911;4345
"2000";"52";"Haute-Marne";"Tous Logements";536;464;78920;60931
"2000";"52";"Haute-Marne";"Individuel pur";358;350;50487;50422
"2000";"52";"Haute-Marne";"Individuel groupé";80;15;8686;1463
"2000";"52";"Haute-Marne";"Collectif";81;88;7081;9012
"2000";"52";"Haute-Marne";"Résidence";17;11;35;34
"2000";"53";"Mayenne";"Tous Logements";1862;1706;249112;209628
"2000";"53";"Mayenne";"Individuel pur";1200;1204;168790;170582
"2000";"53";"Mayenne";"Individuel groupé";267;192;26296;18586
"2000";"53";"Mayenne";"Collectif";272;199;21911;12466
"2000";"53";"Mayenne";"Résidence";123;111;10259;7934
"2000";"54";"Meurthe-et-Moselle";"Tous Logements";3105;2763;404749;370205
"2000";"54";"Meurthe-et-Moselle";"Individuel pur";1606;1630;244353;246349
"2000";"54";"Meurthe-et-Moselle";"Individuel groupé";306;366;36361;44085
"2000";"54";"Meurthe-et-Moselle";"Collectif";1177;762;102796;66981
"2000";"54";"Meurthe-et-Moselle";"Résidence";16;5;857;357
"2000";"55";"Meuse";"Tous Logements";721;740;105080;99473
"2000";"55";"Meuse";"Individuel pur";459;481;70365;71841
"2000";"55";"Meuse";"Individuel groupé";100;72;10473;6380
"2000";"55";"Meuse";"Collectif";162;187;17477;17782
"2000";"55";"Meuse";"Résidence";0;0;0;0
"2000";"56";"Morbihan";"Tous Logements";6112;6007;767229;706213
"2000";"56";"Morbihan";"Individuel pur";4058;4116;549369;555885
"2000";"56";"Morbihan";"Individuel groupé";663;693;68313;64014
"2000";"56";"Morbihan";"Collectif";1233;985;86076;70433
"2000";"56";"Morbihan";"Résidence";158;213;9793;10990
"2000";"57";"Moselle";"Tous Logements";5258;5341;729207;707326
"2000";"57";"Moselle";"Individuel pur";2536;2574;427089;430326
"2000";"57";"Moselle";"Individuel groupé";301;285;39494;37187
"2000";"57";"Moselle";"Collectif";2309;2258;217438;202120
"2000";"57";"Moselle";"Résidence";112;224;5498;12653
"2000";"58";"Nièvre";"Tous Logements";676;719;88099;80912
"2000";"58";"Nièvre";"Individuel pur";522;484;64511;58771
"2000";"58";"Nièvre";"Individuel groupé";98;91;8901;7896
"2000";"58";"Nièvre";"Collectif";56;83;3742;8620
"2000";"58";"Nièvre";"Résidence";0;61;0;3715
"2000";"59";"Nord";"Tous Logements";8504;7813;989319;859570
"2000";"59";"Nord";"Individuel pur";3490;3349;487690;470643
"2000";"59";"Nord";"Individuel groupé";2190;1720;222633;174379
"2000";"59";"Nord";"Collectif";2460;2386;185827;166446
"2000";"59";"Nord";"Résidence";364;358;11857;13090
"2000";"60";"Oise";"Tous Logements";2617;2313;308602;257489
"2000";"60";"Oise";"Individuel pur";1568;1509;199883;193143
"2000";"60";"Oise";"Individuel groupé";305;204;31256;19789
"2000";"60";"Oise";"Collectif";634;600;45361;41929
"2000";"60";"Oise";"Résidence";110;0;4783;0
"2000";"61";"Orne";"Tous Logements";954;893;129198;109924
"2000";"61";"Orne";"Individuel pur";771;739;101929;96688
"2000";"61";"Orne";"Individuel groupé";91;82;8489;6916
"2000";"61";"Orne";"Collectif";84;56;5670;3750
"2000";"61";"Orne";"Résidence";8;16;251;728
"2000";"62";"Pas-de-Calais";"Tous Logements";7212;6546;844897;716724
"2000";"62";"Pas-de-Calais";"Individuel pur";3646;3520;499903;479536
"2000";"62";"Pas-de-Calais";"Individuel groupé";2044;1335;188719;123632
"2000";"62";"Pas-de-Calais";"Collectif";1406;1649;94358;110262
"2000";"62";"Pas-de-Calais";"Résidence";116;42;6675;1234
"2000";"63";"Puy-de-Dôme";"Tous Logements";3183;3021;383171;355405
"2000";"63";"Puy-de-Dôme";"Individuel pur";2223;2195;284120;283979
"2000";"63";"Puy-de-Dôme";"Individuel groupé";245;272;26397;29364
"2000";"63";"Puy-de-Dôme";"Collectif";696;541;50680;40316
"2000";"63";"Puy-de-Dôme";"Résidence";19;13;930;375
"2000";"64";"Pyrénées-Atlantiques";"Tous Logements";4738;4586;562798;517503
"2000";"64";"Pyrénées-Atlantiques";"Individuel pur";2484;2432;370167;356514
"2000";"64";"Pyrénées-Atlantiques";"Individuel groupé";241;264;23313;25656
"2000";"64";"Pyrénées-Atlantiques";"Collectif";1853;1625;136874;114621
"2000";"64";"Pyrénées-Atlantiques";"Résidence";160;265;6488;11373
"2000";"65";"Hautes-Pyrénées";"Tous Logements";1556;1434;169920;149662
"2000";"65";"Hautes-Pyrénées";"Individuel pur";826;798;109299;106788
"2000";"65";"Hautes-Pyrénées";"Individuel groupé";108;99;10517;7657
"2000";"65";"Hautes-Pyrénées";"Collectif";590;507;36047;33658
"2000";"65";"Hautes-Pyrénées";"Résidence";32;30;1146;892
"2000";"66";"Pyrénées-Orientales";"Tous Logements";3470;3086;405554;352462
"2000";"66";"Pyrénées-Orientales";"Individuel pur";2124;2015;275965;261113
"2000";"66";"Pyrénées-Orientales";"Individuel groupé";324;293;36803;30869
"2000";"66";"Pyrénées-Orientales";"Collectif";900;666;67333;50007
"2000";"66";"Pyrénées-Orientales";"Résidence";122;112;7760;6844
"2000";"67";"Bas-Rhin";"Tous Logements";6737;5800;863511;764215
"2000";"67";"Bas-Rhin";"Individuel pur";2471;2446;444965;438613
"2000";"67";"Bas-Rhin";"Individuel groupé";238;204;28347;25337
"2000";"67";"Bas-Rhin";"Collectif";3798;3121;320056;262921
"2000";"67";"Bas-Rhin";"Résidence";230;29;7894;1499
"2000";"68";"Haut-Rhin";"Tous Logements";4316;4077;587651;556071
"2000";"68";"Haut-Rhin";"Individuel pur";2125;2178;360754;369294
"2000";"68";"Haut-Rhin";"Individuel groupé";269;251;34105;30618
"2000";"68";"Haut-Rhin";"Collectif";1892;1568;154852;124017
"2000";"68";"Haut-Rhin";"Résidence";30;80;1432;4031
"2000";"69";"Rhône";"Tous Logements";10255;9569;1035913;941262
"2000";"69";"Rhône";"Individuel pur";2410;2398;329492;324789
"2000";"69";"Rhône";"Individuel groupé";600;576;70876;66480
"2000";"69";"Rhône";"Collectif";7035;6487;578005;531824
"2000";"69";"Rhône";"Résidence";210;108;7715;4591
"2000";"70";"Haute-Saône";"Tous Logements";1242;1151;174863;155450
"2000";"70";"Haute-Saône";"Individuel pur";963;899;136240;126607
"2000";"70";"Haute-Saône";"Individuel groupé";64;50;6506;4689
"2000";"70";"Haute-Saône";"Collectif";212;197;12814;9840
"2000";"70";"Haute-Saône";"Résidence";3;5;397;624
"2000";"71";"Saône-et-Loire";"Tous Logements";2950;2418;344538;287601
"2000";"71";"Saône-et-Loire";"Individuel pur";1816;1740;233402;225514
"2000";"71";"Saône-et-Loire";"Individuel groupé";338;242;34404;24328
"2000";"71";"Saône-et-Loire";"Collectif";765;420;40596;35701
"2000";"71";"Saône-et-Loire";"Résidence";31;16;2288;925
"2000";"72";"Sarthe";"Tous Logements";2841;2750;376264;317250
"2000";"72";"Sarthe";"Individuel pur";2071;1956;270355;255416
"2000";"72";"Sarthe";"Individuel groupé";211;114;19254;10475
"2000";"72";"Sarthe";"Collectif";526;604;42515;45038
"2000";"72";"Sarthe";"Résidence";33;76;1829;5638
"2000";"73";"Savoie";"Tous Logements";4088;4340;394079;380414
"2000";"73";"Savoie";"Individuel pur";1537;1498;200805;192228
"2000";"73";"Savoie";"Individuel groupé";180;180;20163;17624
"2000";"73";"Savoie";"Collectif";1328;1721;100026;120515
"2000";"73";"Savoie";"Résidence";1043;941;53371;47610
"2000";"74";"Haute-Savoie";"Tous Logements";6713;6224;768993;690830
"2000";"74";"Haute-Savoie";"Individuel pur";2905;2832;417447;405674
"2000";"74";"Haute-Savoie";"Individuel groupé";368;421;42899;49434
"2000";"74";"Haute-Savoie";"Collectif";3306;2911;260743;226903
"2000";"74";"Haute-Savoie";"Résidence";134;60;6280;2623
"2000";"75";"Paris";"Tous Logements";5166;6488;371472;394350
"2000";"75";"Paris";"Individuel pur";4;32;243;1298
"2000";"75";"Paris";"Individuel groupé";1;9;334;827
"2000";"75";"Paris";"Collectif";4867;5948;358613;382464
"2000";"75";"Paris";"Résidence";294;499;8582;9720
"2000";"76";"Seine-Maritime";"Tous Logements";4980;4144;596522;489973
"2000";"76";"Seine-Maritime";"Individuel pur";2607;2681;346175;349869
"2000";"76";"Seine-Maritime";"Individuel groupé";399;303;40989;28248
"2000";"76";"Seine-Maritime";"Collectif";1843;1148;145494;89432
"2000";"76";"Seine-Maritime";"Résidence";131;12;6500;791
"2000";"77";"Seine-et-Marne";"Tous Logements";6596;5959;753726;616924
"2000";"77";"Seine-et-Marne";"Individuel pur";2449;2364;329033;316352
"2000";"77";"Seine-et-Marne";"Individuel groupé";1171;1081;149245;129342
"2000";"77";"Seine-et-Marne";"Collectif";2821;2508;202665;169700
"2000";"77";"Seine-et-Marne";"Résidence";155;6;11430;884
"2000";"78";"Yvelines";"Tous Logements";4049;4580;519708;505854
"2000";"78";"Yvelines";"Individuel pur";1501;1558;233129;238126
"2000";"78";"Yvelines";"Individuel groupé";631;787;82274;99271
"2000";"78";"Yvelines";"Collectif";1914;2091;146322;160185
"2000";"78";"Yvelines";"Résidence";3;144;548;7499
"2000";"79";"Deux-Sèvres";"Tous Logements";2007;1955;257472;237610
"2000";"79";"Deux-Sèvres";"Individuel pur";1459;1495;192776;196233
"2000";"79";"Deux-Sèvres";"Individuel groupé";189;267;16220;25248
"2000";"79";"Deux-Sèvres";"Collectif";46;59;3730;3290
"2000";"79";"Deux-Sèvres";"Résidence";313;134;18349;7127
"2000";"80";"Somme";"Tous Logements";1707;1594;207450;184678
"2000";"80";"Somme";"Individuel pur";1125;1107;150837;150096
"2000";"80";"Somme";"Individuel groupé";141;189;8015;16847
"2000";"80";"Somme";"Collectif";413;293;24903;16937
"2000";"80";"Somme";"Résidence";28;5;1167;197
"2000";"81";"Tarn";"Tous Logements";2553;2197;298934;252904
"2000";"81";"Tarn";"Individuel pur";1722;1644;230082;217880
"2000";"81";"Tarn";"Individuel groupé";176;179;14558;13604
"2000";"81";"Tarn";"Collectif";579;363;36659;20527
"2000";"81";"Tarn";"Résidence";76;11;4418;288
"2000";"82";"Tarn-et-Garonne";"Tous Logements";1589;1623;195001;195930
"2000";"82";"Tarn-et-Garonne";"Individuel pur";1130;1184;146258;153303
"2000";"82";"Tarn-et-Garonne";"Individuel groupé";128;159;14157;16374
"2000";"82";"Tarn-et-Garonne";"Collectif";305;262;23060;24080
"2000";"82";"Tarn-et-Garonne";"Résidence";26;18;1658;1372
"2000";"83";"Var";"Tous Logements";8324;8215;965193;866411
"2000";"83";"Var";"Individuel pur";4538;4169;601658;555184
"2000";"83";"Var";"Individuel groupé";977;996;103994;93254
"2000";"83";"Var";"Collectif";2517;2576;194425;188493
"2000";"83";"Var";"Résidence";292;474;18099;26070
"2000";"84";"Vaucluse";"Tous Logements";3709;3155;434503;350109
"2000";"84";"Vaucluse";"Individuel pur";1884;1886;236348;236908
"2000";"84";"Vaucluse";"Individuel groupé";483;394;47561;37053
"2000";"84";"Vaucluse";"Collectif";1172;856;73052;53006
"2000";"84";"Vaucluse";"Résidence";170;19;9457;1537
"2000";"85";"Vendée";"Tous Logements";5934;5697;711678;616629
"2000";"85";"Vendée";"Individuel pur";4522;4371;547189;527452
"2000";"85";"Vendée";"Individuel groupé";462;436;39461;36331
"2000";"85";"Vendée";"Collectif";926;759;64150;47586
"2000";"85";"Vendée";"Résidence";24;131;1219;5181
"2000";"86";"Vienne";"Tous Logements";2055;2242;267838;245572
"2000";"86";"Vienne";"Individuel pur";1406;1385;184423;183853
"2000";"86";"Vienne";"Individuel groupé";227;179;21211;16326
"2000";"86";"Vienne";"Collectif";276;474;18441;30041
"2000";"86";"Vienne";"Résidence";146;204;7117;7079
"2000";"87";"Haute-Vienne";"Tous Logements";2088;1721;219662;186043
"2000";"87";"Haute-Vienne";"Individuel pur";1149;1129;149564;148513
"2000";"87";"Haute-Vienne";"Individuel groupé";186;94;19224;10666
"2000";"87";"Haute-Vienne";"Collectif";726;395;35916;20939
"2000";"87";"Haute-Vienne";"Résidence";27;103;2153;2077
"2000";"88";"Vosges";"Tous Logements";1776;1745;255141;237840
"2000";"88";"Vosges";"Individuel pur";1210;1222;174000;175287
"2000";"88";"Vosges";"Individuel groupé";115;114;12890;11989
"2000";"88";"Vosges";"Collectif";351;338;31470;28514
"2000";"88";"Vosges";"Résidence";100;71;9596;7424
"2000";"89";"Yonne";"Tous Logements";1456;1097;172948;122116
"2000";"89";"Yonne";"Individuel pur";791;775;103707;102114
"2000";"89";"Yonne";"Individuel groupé";160;82;16439;7736
"2000";"89";"Yonne";"Collectif";502;237;30880;11274
"2000";"89";"Yonne";"Résidence";3;3;86;86
"2000";"90";"Territoire de Belfort";"Tous Logements";596;716;73881;82851
"2000";"90";"Territoire de Belfort";"Individuel pur";336;331;48444;46689
"2000";"90";"Territoire de Belfort";"Individuel groupé";59;93;6476;9386
"2000";"90";"Territoire de Belfort";"Collectif";201;292;15554;24100
"2000";"90";"Territoire de Belfort";"Résidence";0;0;0;0
"2000";"91";"Essonne";"Tous Logements";4948;4552;532744;457864
"2000";"91";"Essonne";"Individuel pur";1616;1644;224759;227692
"2000";"91";"Essonne";"Individuel groupé";802;636;92585;66569
"2000";"91";"Essonne";"Collectif";2375;2209;167946;160451
"2000";"91";"Essonne";"Résidence";155;63;4419;2825
"2000";"92";"Hauts-de-Seine";"Tous Logements";6761;6565;595689;549774
"2000";"92";"Hauts-de-Seine";"Individuel pur";262;202;40737;32391
"2000";"92";"Hauts-de-Seine";"Individuel groupé";259;183;32579;23317
"2000";"92";"Hauts-de-Seine";"Collectif";6057;6046;479322;483877
"2000";"92";"Hauts-de-Seine";"Résidence";183;134;10689;10030
"2000";"93";"Seine-Saint-Denis";"Tous Logements";4002;4447;354974;338378
"2000";"93";"Seine-Saint-Denis";"Individuel pur";573;546;78586;72811
"2000";"93";"Seine-Saint-Denis";"Individuel groupé";331;296;34024;31270
"2000";"93";"Seine-Saint-Denis";"Collectif";2685;3136;194571;218729
"2000";"93";"Seine-Saint-Denis";"Résidence";413;469;13144;14900
"2000";"94";"Val-de-Marne";"Tous Logements";3946;4440;368467;348540
"2000";"94";"Val-de-Marne";"Individuel pur";516;505;77756;75203
"2000";"94";"Val-de-Marne";"Individuel groupé";256;287;27111;29909
"2000";"94";"Val-de-Marne";"Collectif";2964;3055;231908;229552
"2000";"94";"Val-de-Marne";"Résidence";210;593;3819;13876
"2000";"95";"Val-d'Oise";"Tous Logements";4302;3579;458613;350133
"2000";"95";"Val-d'Oise";"Individuel pur";1274;1232;176107;170741
"2000";"95";"Val-d'Oise";"Individuel groupé";610;584;76278;63381
"2000";"95";"Val-d'Oise";"Collectif";2254;1707;161332;111386
"2000";"95";"Val-d'Oise";"Résidence";164;56;5021;4174
"2000";"971";"Guadeloupe";"Tous Logements";6408;3490;553052;287808
"2000";"971";"Guadeloupe";"Individuel pur";2676;1340;294412;151123
"2000";"971";"Guadeloupe";"Individuel groupé";662;279;51590;21157
"2000";"971";"Guadeloupe";"Collectif";2709;1768;179813;109417
"2000";"971";"Guadeloupe";"Résidence";361;103;13384;4954
"2000";"972";"Martinique";"Tous Logements";3575;3108;338491;269311
"2000";"972";"Martinique";"Individuel pur";1659;1282;178420;138684
"2000";"972";"Martinique";"Individuel groupé";234;209;17421;14546
"2000";"972";"Martinique";"Collectif";1678;1557;121264;111351
"2000";"972";"Martinique";"Résidence";4;60;240;3233
"2000";"973";"Guyane";"Tous Logements";1419;1177;124484;99794
"2000";"973";"Guyane";"Individuel pur";330;344;37301;37700
"2000";"973";"Guyane";"Individuel groupé";363;354;29105;27755
"2000";"973";"Guyane";"Collectif";726;479;54965;32840
"2000";"973";"Guyane";"Résidence";0;0;0;0
"2000";"974";"La Réunion";"Tous Logements";8553;7067;744157;595288
"2000";"974";"La Réunion";"Individuel pur";4267;3243;421886;325914
"2000";"974";"La Réunion";"Individuel groupé";1151;920;91484;66363
"2000";"974";"La Réunion";"Collectif";2975;2768;192522;176923
"2000";"974";"La Réunion";"Résidence";160;136;9734;7480
"1999";"01";"Ain";"Tous Logements";4010;3865;500571;450632
"1999";"01";"Ain";"Individuel pur";2533;2364;326507;306679
"1999";"01";"Ain";"Individuel groupé";480;455;52242;49947
"1999";"01";"Ain";"Collectif";993;1046;76656;73005
"1999";"01";"Ain";"Résidence";4;0;530;0
"1999";"02";"Aisne";"Tous Logements";1431;1369;198315;164592
"1999";"02";"Aisne";"Individuel pur";977;868;130900;116747
"1999";"02";"Aisne";"Individuel groupé";142;180;13361;15812
"1999";"02";"Aisne";"Collectif";262;317;17309;20897
"1999";"02";"Aisne";"Résidence";50;4;2390;250
"1999";"03";"Allier";"Tous Logements";1398;1202;184438;157627
"1999";"03";"Allier";"Individuel pur";904;832;120554;111340
"1999";"03";"Allier";"Individuel groupé";138;118;13384;11674
"1999";"03";"Allier";"Collectif";346;240;23348;20612
"1999";"03";"Allier";"Résidence";10;12;774;975
"1999";"04";"Alpes-de-Haute-Provence";"Tous Logements";901;761;111315;87592
"1999";"04";"Alpes-de-Haute-Provence";"Individuel pur";705;601;81243;70419
"1999";"04";"Alpes-de-Haute-Provence";"Individuel groupé";45;47;4363;4135
"1999";"04";"Alpes-de-Haute-Provence";"Collectif";148;112;9819;8900
"1999";"04";"Alpes-de-Haute-Provence";"Résidence";3;1;0;33
"1999";"05";"Hautes-Alpes";"Tous Logements";1096;1892;125876;160155
"1999";"05";"Hautes-Alpes";"Individuel pur";696;665;90134;86774
"1999";"05";"Hautes-Alpes";"Individuel groupé";115;91;10733;9280
"1999";"05";"Hautes-Alpes";"Collectif";165;936;10431;53486
"1999";"05";"Hautes-Alpes";"Résidence";120;200;4136;6571
"1999";"06";"Alpes-Maritimes";"Tous Logements";4566;6623;437197;538943
"1999";"06";"Alpes-Maritimes";"Individuel pur";1081;917;163306;140633
"1999";"06";"Alpes-Maritimes";"Individuel groupé";904;1040;73621;89766
"1999";"06";"Alpes-Maritimes";"Collectif";2551;4383;176268;291676
"1999";"06";"Alpes-Maritimes";"Résidence";30;283;2427;10373
"1999";"07";"Ardèche";"Tous Logements";2140;2127;272814;249268
"1999";"07";"Ardèche";"Individuel pur";1551;1467;189174;181402
"1999";"07";"Ardèche";"Individuel groupé";152;230;14644;23189
"1999";"07";"Ardèche";"Collectif";424;417;28553;28561
"1999";"07";"Ardèche";"Résidence";13;13;406;406
"1999";"08";"Ardennes";"Tous Logements";935;790;135251;102370
"1999";"08";"Ardennes";"Individuel pur";675;592;92012;81903
"1999";"08";"Ardennes";"Individuel groupé";155;103;21363;13069
"1999";"08";"Ardennes";"Collectif";98;90;9892;4969
"1999";"08";"Ardennes";"Résidence";7;5;806;569
"1999";"09";"Ariège";"Tous Logements";954;839;125014;96725
"1999";"09";"Ariège";"Individuel pur";682;627;86229;77816
"1999";"09";"Ariège";"Individuel groupé";128;138;11782;12652
"1999";"09";"Ariège";"Collectif";141;71;10178;4087
"1999";"09";"Ariège";"Résidence";3;3;522;522
"1999";"10";"Aube";"Tous Logements";1209;1276;169175;158006
"1999";"10";"Aube";"Individuel pur";826;793;115471;111178
"1999";"10";"Aube";"Individuel groupé";162;154;17527;15765
"1999";"10";"Aube";"Collectif";218;308;16614;21864
"1999";"10";"Aube";"Résidence";3;21;119;978
"1999";"11";"Aude";"Tous Logements";2436;2314;283287;242790
"1999";"11";"Aude";"Individuel pur";1530;1456;194180;182098
"1999";"11";"Aude";"Individuel groupé";506;440;35176;30310
"1999";"11";"Aude";"Collectif";318;413;22248;24383
"1999";"11";"Aude";"Résidence";82;5;5233;257
"1999";"12";"Aveyron";"Tous Logements";1397;1561;199689;185407
"1999";"12";"Aveyron";"Individuel pur";1082;1028;148538;140590
"1999";"12";"Aveyron";"Individuel groupé";43;94;4584;9753
"1999";"12";"Aveyron";"Collectif";204;339;15169;23103
"1999";"12";"Aveyron";"Résidence";68;100;3292;3297
"1999";"13";"Bouches-du-Rhône";"Tous Logements";6524;7552;740915;743795
"1999";"13";"Bouches-du-Rhône";"Individuel pur";3216;2944;420973;382150
"1999";"13";"Bouches-du-Rhône";"Individuel groupé";647;925;64686;87092
"1999";"13";"Bouches-du-Rhône";"Collectif";2578;3680;201634;267192
"1999";"13";"Bouches-du-Rhône";"Résidence";83;3;3761;296
"1999";"14";"Calvados";"Tous Logements";3654;4155;448995;453626
"1999";"14";"Calvados";"Individuel pur";2206;2155;284906;278362
"1999";"14";"Calvados";"Individuel groupé";688;851;62333;79441
"1999";"14";"Calvados";"Collectif";623;1149;47307;80447
"1999";"14";"Calvados";"Résidence";137;0;6400;0
"1999";"15";"Cantal";"Tous Logements";844;700;98290;80994
"1999";"15";"Cantal";"Individuel pur";549;494;68897;60598
"1999";"15";"Cantal";"Individuel groupé";51;47;4629;4473
"1999";"15";"Cantal";"Collectif";226;153;17209;11570
"1999";"15";"Cantal";"Résidence";18;6;936;467
"1999";"16";"Charente";"Tous Logements";1642;1496;213109;184899
"1999";"16";"Charente";"Individuel pur";1088;1021;143312;133374
"1999";"16";"Charente";"Individuel groupé";202;203;19903;18769
"1999";"16";"Charente";"Collectif";285;235;17019;13459
"1999";"16";"Charente";"Résidence";67;37;2674;1168
"1999";"17";"Charente-Maritime";"Tous Logements";4468;4484;554076;509135
"1999";"17";"Charente-Maritime";"Individuel pur";3281;3054;399279;372083
"1999";"17";"Charente-Maritime";"Individuel groupé";471;598;38292;51861
"1999";"17";"Charente-Maritime";"Collectif";532;702;39064;49655
"1999";"17";"Charente-Maritime";"Résidence";184;130;15476;6723
"1999";"18";"Cher";"Tous Logements";1245;1200;161583;146942
"1999";"18";"Cher";"Individuel pur";823;800;108946;104971
"1999";"18";"Cher";"Individuel groupé";138;103;12339;10073
"1999";"18";"Cher";"Collectif";283;296;18895;20910
"1999";"18";"Cher";"Résidence";1;1;50;50
"1999";"19";"Corrèze";"Tous Logements";1202;1391;169246;169780
"1999";"19";"Corrèze";"Individuel pur";888;822;121201;112496
"1999";"19";"Corrèze";"Individuel groupé";93;142;10475;15070
"1999";"19";"Corrèze";"Collectif";159;398;13185;29092
"1999";"19";"Corrèze";"Résidence";62;29;3162;2032
"1999";"21";"Côte-d'Or";"Tous Logements";2207;3121;381621;337415
"1999";"21";"Côte-d'Or";"Individuel pur";1431;1374;192287;184861
"1999";"21";"Côte-d'Or";"Individuel groupé";116;308;11855;33378
"1999";"21";"Côte-d'Or";"Collectif";659;1439;48718;106282
"1999";"21";"Côte-d'Or";"Résidence";1;0;140;0
"1999";"22";"Côtes-d'Armor";"Tous Logements";3978;3609;523074;440107
"1999";"22";"Côtes-d'Armor";"Individuel pur";2698;2413;349050;317313
"1999";"22";"Côtes-d'Armor";"Individuel groupé";400;361;34076;32653
"1999";"22";"Côtes-d'Armor";"Collectif";773;820;54031;58615
"1999";"22";"Côtes-d'Armor";"Résidence";107;15;6610;1195
"1999";"23";"Creuse";"Tous Logements";448;401;69673;63045
"1999";"23";"Creuse";"Individuel pur";369;331;48396;43922
"1999";"23";"Creuse";"Individuel groupé";40;42;4405;4218
"1999";"23";"Creuse";"Collectif";28;24;2605;2473
"1999";"23";"Creuse";"Résidence";11;4;297;171
"1999";"24";"Dordogne";"Tous Logements";2565;2120;348625;292331
"1999";"24";"Dordogne";"Individuel pur";1865;1608;243147;210007
"1999";"24";"Dordogne";"Individuel groupé";272;216;23534;19537
"1999";"24";"Dordogne";"Collectif";373;267;28791;19726
"1999";"24";"Dordogne";"Résidence";55;29;2191;1624
"1999";"25";"Doubs";"Tous Logements";2729;2817;348275;337668
"1999";"25";"Doubs";"Individuel pur";1682;1557;232280;218643
"1999";"25";"Doubs";"Individuel groupé";156;131;15669;12846
"1999";"25";"Doubs";"Collectif";891;1129;64985;89563
"1999";"25";"Doubs";"Résidence";0;0;0;0
"1999";"26";"Drôme";"Tous Logements";3274;3183;382361;331735
"1999";"26";"Drôme";"Individuel pur";2031;1820;244326;221990
"1999";"26";"Drôme";"Individuel groupé";294;341;30656;34689
"1999";"26";"Drôme";"Collectif";881;749;62807;51084
"1999";"26";"Drôme";"Résidence";68;273;421;7548
"1999";"27";"Eure";"Tous Logements";2704;2753;351456;320894
"1999";"27";"Eure";"Individuel pur";1880;1848;239768;232440
"1999";"27";"Eure";"Individuel groupé";487;344;47043;33514
"1999";"27";"Eure";"Collectif";332;520;25163;37315
"1999";"27";"Eure";"Résidence";5;41;186;2522
"1999";"28";"Eure-et-Loir";"Tous Logements";1534;1728;217743;214952
"1999";"28";"Eure-et-Loir";"Individuel pur";1143;1076;152799;144571
"1999";"28";"Eure-et-Loir";"Individuel groupé";183;276;18192;27858
"1999";"28";"Eure-et-Loir";"Collectif";192;376;13969;28655
"1999";"28";"Eure-et-Loir";"Résidence";16;0;383;0
"1999";"29";"Finistère";"Tous Logements";6041;6043;764768;690190
"1999";"29";"Finistère";"Individuel pur";3951;3609;523199;480159
"1999";"29";"Finistère";"Individuel groupé";755;671;71523;63827
"1999";"29";"Finistère";"Collectif";1154;1519;83361;108478
"1999";"29";"Finistère";"Résidence";181;244;10555;13737
"1999";"2A";"Corse-du-Sud";"Tous Logements";929;743;106457;83319
"1999";"2A";"Corse-du-Sud";"Individuel pur";596;505;74971;62368
"1999";"2A";"Corse-du-Sud";"Individuel groupé";76;118;6654;11016
"1999";"2A";"Corse-du-Sud";"Collectif";243;120;17378;7910
"1999";"2A";"Corse-du-Sud";"Résidence";14;0;440;0
"1999";"2B";"Haute-Corse";"Tous Logements";946;732;107168;81863
"1999";"2B";"Haute-Corse";"Individuel pur";519;511;64364;62754
"1999";"2B";"Haute-Corse";"Individuel groupé";19;64;1235;5617
"1999";"2B";"Haute-Corse";"Collectif";312;151;23698;10337
"1999";"2B";"Haute-Corse";"Résidence";96;6;3937;220
"1999";"30";"Gard";"Tous Logements";4489;4150;546661;485674
"1999";"30";"Gard";"Individuel pur";3298;3152;417777;397287
"1999";"30";"Gard";"Individuel groupé";279;395;27236;35362
"1999";"30";"Gard";"Collectif";905;586;68527;42382
"1999";"30";"Gard";"Résidence";7;17;753;1343
"1999";"31";"Haute-Garonne";"Tous Logements";8788;13535;999262;1235443
"1999";"31";"Haute-Garonne";"Individuel pur";5074;4799;671003;638694
"1999";"31";"Haute-Garonne";"Individuel groupé";675;787;68868;73516
"1999";"31";"Haute-Garonne";"Collectif";2944;7800;190452;492775
"1999";"31";"Haute-Garonne";"Résidence";95;149;4815;10001
"1999";"32";"Gers";"Tous Logements";1042;890;149180;115670
"1999";"32";"Gers";"Individuel pur";720;647;95277;84531
"1999";"32";"Gers";"Individuel groupé";88;42;8700;3418
"1999";"32";"Gers";"Collectif";234;201;21625;18831
"1999";"32";"Gers";"Résidence";0;0;0;0
"1999";"33";"Gironde";"Tous Logements";8924;10012;1013817;1016262
"1999";"33";"Gironde";"Individuel pur";5189;4725;657756;600286
"1999";"33";"Gironde";"Individuel groupé";1307;1461;109802;124476
"1999";"33";"Gironde";"Collectif";2198;3610;137313;228382
"1999";"33";"Gironde";"Résidence";230;216;22734;11262
"1999";"34";"Hérault";"Tous Logements";7260;8964;807977;862517
"1999";"34";"Hérault";"Individuel pur";3932;4012;507230;517221
"1999";"34";"Hérault";"Individuel groupé";501;689;46463;60416
"1999";"34";"Hérault";"Collectif";2731;4263;197351;267283
"1999";"34";"Hérault";"Résidence";96;0;3571;0
"1999";"35";"Ille-et-Vilaine";"Tous Logements";5752;6651;760501;773389
"1999";"35";"Ille-et-Vilaine";"Individuel pur";3240;3130;465279;451407
"1999";"35";"Ille-et-Vilaine";"Individuel groupé";464;680;48331;70729
"1999";"35";"Ille-et-Vilaine";"Collectif";1775;2496;138298;192884
"1999";"35";"Ille-et-Vilaine";"Résidence";273;345;12872;13874
"1999";"36";"Indre";"Tous Logements";820;862;111292;106158
"1999";"36";"Indre";"Individuel pur";561;522;70746;67159
"1999";"36";"Indre";"Individuel groupé";146;172;11461;15183
"1999";"36";"Indre";"Collectif";47;150;5255;13685
"1999";"36";"Indre";"Résidence";66;18;2368;1420
"1999";"37";"Indre-et-Loire";"Tous Logements";2611;3085;358916;355883
"1999";"37";"Indre-et-Loire";"Individuel pur";1815;1731;253058;238135
"1999";"37";"Indre-et-Loire";"Individuel groupé";261;253;26341;24942
"1999";"37";"Indre-et-Loire";"Collectif";531;1090;41482;76847
"1999";"37";"Indre-et-Loire";"Résidence";4;11;329;596
"1999";"38";"Isère";"Tous Logements";6359;6341;747688;690180
"1999";"38";"Isère";"Individuel pur";3944;3657;489722;460549
"1999";"38";"Isère";"Individuel groupé";441;398;47545;44084
"1999";"38";"Isère";"Collectif";1948;2157;139447;157596
"1999";"38";"Isère";"Résidence";26;129;0;3319
"1999";"39";"Jura";"Tous Logements";1368;1309;170133;162008
"1999";"39";"Jura";"Individuel pur";955;910;123936;117127
"1999";"39";"Jura";"Individuel groupé";50;63;4962;5733
"1999";"39";"Jura";"Collectif";277;256;18198;20386
"1999";"39";"Jura";"Résidence";86;80;3759;3652
"1999";"40";"Landes";"Tous Logements";3137;3369;364890;361624
"1999";"40";"Landes";"Individuel pur";2031;1845;267444;242518
"1999";"40";"Landes";"Individuel groupé";414;620;29578;51105
"1999";"40";"Landes";"Collectif";483;797;36010;49479
"1999";"40";"Landes";"Résidence";209;107;5600;3553
"1999";"41";"Loir-et-Cher";"Tous Logements";1609;1534;236753;204065
"1999";"41";"Loir-et-Cher";"Individuel pur";1198;1088;163638;151626
"1999";"41";"Loir-et-Cher";"Individuel groupé";245;228;25256;23024
"1999";"41";"Loir-et-Cher";"Collectif";139;217;9947;14857
"1999";"41";"Loir-et-Cher";"Résidence";27;1;1744;33
"1999";"42";"Loire";"Tous Logements";3283;3835;421490;430620
"1999";"42";"Loire";"Individuel pur";2280;2187;287607;280500
"1999";"42";"Loire";"Individuel groupé";225;250;23459;26747
"1999";"42";"Loire";"Collectif";745;1205;65187;94935
"1999";"42";"Loire";"Résidence";33;193;2100;6997
"1999";"43";"Haute-Loire";"Tous Logements";1513;1476;226439;196339
"1999";"43";"Haute-Loire";"Individuel pur";1340;1211;185767;166337
"1999";"43";"Haute-Loire";"Individuel groupé";67;47;7599;5191
"1999";"43";"Haute-Loire";"Collectif";73;185;7471;16711
"1999";"43";"Haute-Loire";"Résidence";33;33;1368;1368
"1999";"44";"Loire-Atlantique";"Tous Logements";8053;8648;1062916;932582
"1999";"44";"Loire-Atlantique";"Individuel pur";5086;4656;675824;610343
"1999";"44";"Loire-Atlantique";"Individuel groupé";880;670;85045;63445
"1999";"44";"Loire-Atlantique";"Collectif";2086;3182;156647;211302
"1999";"44";"Loire-Atlantique";"Résidence";1;140;51;4176
"1999";"45";"Loiret";"Tous Logements";3178;3530;385012;380647
"1999";"45";"Loiret";"Individuel pur";1944;1844;251377;238742
"1999";"45";"Loiret";"Individuel groupé";302;415;29191;42107
"1999";"45";"Loiret";"Collectif";744;1098;48967;73782
"1999";"45";"Loiret";"Résidence";188;173;8131;8416
"1999";"46";"Lot";"Tous Logements";1069;968;154550;122117
"1999";"46";"Lot";"Individuel pur";888;800;117529;102815
"1999";"46";"Lot";"Individuel groupé";46;56;4472;5701
"1999";"46";"Lot";"Collectif";118;78;5320;4216
"1999";"46";"Lot";"Résidence";17;34;1137;1927
"1999";"47";"Lot-et-Garonne";"Tous Logements";1738;1615;218992;186532
"1999";"47";"Lot-et-Garonne";"Individuel pur";1250;1094;160858;141587
"1999";"47";"Lot-et-Garonne";"Individuel groupé";176;131;15973;10959
"1999";"47";"Lot-et-Garonne";"Collectif";238;342;14747;20436
"1999";"47";"Lot-et-Garonne";"Résidence";74;48;4835;2840
"1999";"48";"Lozère";"Tous Logements";584;618;76258;73798
"1999";"48";"Lozère";"Individuel pur";454;439;59513;57869
"1999";"48";"Lozère";"Individuel groupé";14;33;1075;3217
"1999";"48";"Lozère";"Collectif";77;116;4065;8287
"1999";"48";"Lozère";"Résidence";39;30;2236;1789
"1999";"49";"Maine-et-Loire";"Tous Logements";4034;4249;549715;539644
"1999";"49";"Maine-et-Loire";"Individuel pur";2637;2442;362782;337545
"1999";"49";"Maine-et-Loire";"Individuel groupé";729;721;73275;78970
"1999";"49";"Maine-et-Loire";"Collectif";647;1060;62920;101428
"1999";"49";"Maine-et-Loire";"Résidence";21;26;1226;1811
"1999";"50";"Manche";"Tous Logements";2728;2320;376525;298624
"1999";"50";"Manche";"Individuel pur";2002;1874;260046;246010
"1999";"50";"Manche";"Individuel groupé";354;249;33257;22227
"1999";"50";"Manche";"Collectif";343;185;26247;13540
"1999";"50";"Manche";"Résidence";29;12;2772;1572
"1999";"51";"Marne";"Tous Logements";2716;2096;345377;243496
"1999";"51";"Marne";"Individuel pur";1246;1126;185933;169023
"1999";"51";"Marne";"Individuel groupé";345;212;37981;24923
"1999";"51";"Marne";"Collectif";993;758;83433;45065
"1999";"51";"Marne";"Résidence";132;0;6170;0
"1999";"52";"Haute-Marne";"Tous Logements";499;378;77871;55363
"1999";"52";"Haute-Marne";"Individuel pur";307;264;44203;39714
"1999";"52";"Haute-Marne";"Individuel groupé";36;32;2893;2883
"1999";"52";"Haute-Marne";"Collectif";150;76;14790;7125
"1999";"52";"Haute-Marne";"Résidence";6;6;125;125
"1999";"53";"Mayenne";"Tous Logements";1605;1899;241739;237326
"1999";"53";"Mayenne";"Individuel pur";1174;1121;169221;156090
"1999";"53";"Mayenne";"Individuel groupé";188;406;17977;36592
"1999";"53";"Mayenne";"Collectif";220;368;12906;25131
"1999";"53";"Mayenne";"Résidence";23;4;1505;196
"1999";"54";"Meurthe-et-Moselle";"Tous Logements";2485;3121;436359;388816
"1999";"54";"Meurthe-et-Moselle";"Individuel pur";1545;1650;231032;252016
"1999";"54";"Meurthe-et-Moselle";"Individuel groupé";254;151;32504;20200
"1999";"54";"Meurthe-et-Moselle";"Collectif";649;1198;53324;90588
"1999";"54";"Meurthe-et-Moselle";"Résidence";37;122;1564;5583
"1999";"55";"Meuse";"Tous Logements";758;737;103125;100086
"1999";"55";"Meuse";"Individuel pur";513;534;70581;73363
"1999";"55";"Meuse";"Individuel groupé";61;74;6360;7574
"1999";"55";"Meuse";"Collectif";184;129;18069;12244
"1999";"55";"Meuse";"Résidence";0;0;0;0
"1999";"56";"Morbihan";"Tous Logements";6302;6834;801387;759455
"1999";"56";"Morbihan";"Individuel pur";4226;3835;560796;511064
"1999";"56";"Morbihan";"Individuel groupé";789;675;78505;64566
"1999";"56";"Morbihan";"Collectif";1064;2000;81141;143262
"1999";"56";"Morbihan";"Résidence";223;324;12195;13953
"1999";"57";"Moselle";"Tous Logements";5311;5855;738115;817662
"1999";"57";"Moselle";"Individuel pur";2804;3338;463310;566227
"1999";"57";"Moselle";"Individuel groupé";297;217;36667;28460
"1999";"57";"Moselle";"Collectif";2030;2257;183524;182078
"1999";"57";"Moselle";"Résidence";180;43;10185;3140
"1999";"58";"Nièvre";"Tous Logements";690;590;89410;72240
"1999";"58";"Nièvre";"Individuel pur";482;458;59309;58043
"1999";"58";"Nièvre";"Individuel groupé";71;30;6138;2772
"1999";"58";"Nièvre";"Collectif";114;100;10152;5471
"1999";"58";"Nièvre";"Résidence";23;2;1338;89
"1999";"59";"Nord";"Tous Logements";7103;8434;844522;879026
"1999";"59";"Nord";"Individuel pur";3442;3290;481055;462513
"1999";"59";"Nord";"Individuel groupé";1516;1663;139053;158521
"1999";"59";"Nord";"Collectif";1943;3410;124098;218464
"1999";"59";"Nord";"Résidence";202;71;13226;5143
"1999";"60";"Oise";"Tous Logements";2652;2609;342631;306796
"1999";"60";"Oise";"Individuel pur";1722;1581;225175;205134
"1999";"60";"Oise";"Individuel groupé";206;259;20528;24499
"1999";"60";"Oise";"Collectif";724;769;52587;62358
"1999";"60";"Oise";"Résidence";0;0;0;0
"1999";"61";"Orne";"Tous Logements";1033;1113;144080;134340
"1999";"61";"Orne";"Individuel pur";812;768;105730;99783
"1999";"61";"Orne";"Individuel groupé";96;117;8536;11283
"1999";"61";"Orne";"Collectif";115;226;5469;14508
"1999";"61";"Orne";"Résidence";10;2;629;152
"1999";"62";"Pas-de-Calais";"Tous Logements";7323;6909;843031;752279
"1999";"62";"Pas-de-Calais";"Individuel pur";3703;3541;492701;474338
"1999";"62";"Pas-de-Calais";"Individuel groupé";1444;1350;122657;112209
"1999";"62";"Pas-de-Calais";"Collectif";1786;1927;128611;132612
"1999";"62";"Pas-de-Calais";"Résidence";390;91;22007;5876
"1999";"63";"Puy-de-Dôme";"Tous Logements";3085;2984;388517;354212
"1999";"63";"Puy-de-Dôme";"Individuel pur";2153;2094;280003;269657
"1999";"63";"Puy-de-Dôme";"Individuel groupé";361;208;41060;24133
"1999";"63";"Puy-de-Dôme";"Collectif";558;663;40254;47477
"1999";"63";"Puy-de-Dôme";"Résidence";13;19;550;789
"1999";"64";"Pyrénées-Atlantiques";"Tous Logements";3998;4773;509324;517803
"1999";"64";"Pyrénées-Atlantiques";"Individuel pur";2500;2287;363841;334920
"1999";"64";"Pyrénées-Atlantiques";"Individuel groupé";287;289;27907;28219
"1999";"64";"Pyrénées-Atlantiques";"Collectif";1128;1840;78760;126935
"1999";"64";"Pyrénées-Atlantiques";"Résidence";83;357;4247;17728
"1999";"65";"Hautes-Pyrénées";"Tous Logements";1428;1131;171306;134217
"1999";"65";"Hautes-Pyrénées";"Individuel pur";840;780;112615;105210
"1999";"65";"Hautes-Pyrénées";"Individuel groupé";119;82;7152;6104
"1999";"65";"Hautes-Pyrénées";"Collectif";427;205;30495;14100
"1999";"65";"Hautes-Pyrénées";"Résidence";42;64;61;1603
"1999";"66";"Pyrénées-Orientales";"Tous Logements";3158;3505;361531;373582
"1999";"66";"Pyrénées-Orientales";"Individuel pur";2078;1994;265053;254511
"1999";"66";"Pyrénées-Orientales";"Individuel groupé";416;527;39276;49971
"1999";"66";"Pyrénées-Orientales";"Collectif";587;709;43614;51329
"1999";"66";"Pyrénées-Orientales";"Résidence";77;275;4047;14574
"1999";"67";"Bas-Rhin";"Tous Logements";4557;6024;689309;776715
"1999";"67";"Bas-Rhin";"Individuel pur";2349;2329;418144;412697
"1999";"67";"Bas-Rhin";"Individuel groupé";155;185;19796;21410
"1999";"67";"Bas-Rhin";"Collectif";2042;3471;172163;277423
"1999";"67";"Bas-Rhin";"Résidence";11;39;101;3021
"1999";"68";"Haut-Rhin";"Tous Logements";4310;4806;622135;658164
"1999";"68";"Haut-Rhin";"Individuel pur";2192;2175;371422;367027
"1999";"68";"Haut-Rhin";"Individuel groupé";200;202;25323;25930
"1999";"68";"Haut-Rhin";"Collectif";1739;2310;132888;186819
"1999";"68";"Haut-Rhin";"Résidence";179;119;8530;5213
"1999";"69";"Rhône";"Tous Logements";7927;10895;856795;1048431
"1999";"69";"Rhône";"Individuel pur";2668;2665;350960;353961
"1999";"69";"Rhône";"Individuel groupé";700;854;78691;98143
"1999";"69";"Rhône";"Collectif";4533;7132;362675;562838
"1999";"69";"Rhône";"Résidence";26;244;927;7798
"1999";"70";"Haute-Saône";"Tous Logements";1291;1199;182973;168871
"1999";"70";"Haute-Saône";"Individuel pur";983;930;141666;133576
"1999";"70";"Haute-Saône";"Individuel groupé";28;45;2917;5248
"1999";"70";"Haute-Saône";"Collectif";276;224;19025;18658
"1999";"70";"Haute-Saône";"Résidence";4;0;484;0
"1999";"71";"Saône-et-Loire";"Tous Logements";1900;1896;258244;229269
"1999";"71";"Saône-et-Loire";"Individuel pur";1438;1348;185872;173402
"1999";"71";"Saône-et-Loire";"Individuel groupé";183;205;18162;19008
"1999";"71";"Saône-et-Loire";"Collectif";255;323;19995;24567
"1999";"71";"Saône-et-Loire";"Résidence";24;20;980;831
"1999";"72";"Sarthe";"Tous Logements";2967;3084;415793;359906
"1999";"72";"Sarthe";"Individuel pur";2057;1782;266930;238617
"1999";"72";"Sarthe";"Individuel groupé";189;202;17888;20775
"1999";"72";"Sarthe";"Collectif";658;1026;45892;67901
"1999";"72";"Sarthe";"Résidence";63;74;4722;2168
"1999";"73";"Savoie";"Tous Logements";3205;4208;338373;389980
"1999";"73";"Savoie";"Individuel pur";1525;1513;189295;194282
"1999";"73";"Savoie";"Individuel groupé";205;197;20893;23445
"1999";"73";"Savoie";"Collectif";1229;2257;86842;148747
"1999";"73";"Savoie";"Résidence";246;241;13972;10914
"1999";"74";"Haute-Savoie";"Tous Logements";6031;5774;695387;619308
"1999";"74";"Haute-Savoie";"Individuel pur";2721;2496;372969;342140
"1999";"74";"Haute-Savoie";"Individuel groupé";375;412;41327;49874
"1999";"74";"Haute-Savoie";"Collectif";2801;2780;210998;208555
"1999";"74";"Haute-Savoie";"Résidence";134;86;5878;2973
"1999";"75";"Paris";"Tous Logements";4499;4545;252221;261727
"1999";"75";"Paris";"Individuel pur";29;136;1256;1114
"1999";"75";"Paris";"Individuel groupé";0;4;0;196
"1999";"75";"Paris";"Collectif";4359;4128;244191;251667
"1999";"75";"Paris";"Résidence";111;277;3934;8749
"1999";"76";"Seine-Maritime";"Tous Logements";4956;5749;591111;625774
"1999";"76";"Seine-Maritime";"Individuel pur";2890;2791;364535;357819
"1999";"76";"Seine-Maritime";"Individuel groupé";590;668;60681;68993
"1999";"76";"Seine-Maritime";"Collectif";1413;2232;106671;162045
"1999";"76";"Seine-Maritime";"Résidence";63;58;3572;3378
"1999";"77";"Seine-et-Marne";"Tous Logements";6200;6715;730872;705488
"1999";"77";"Seine-et-Marne";"Individuel pur";2697;2555;357400;332445
"1999";"77";"Seine-et-Marne";"Individuel groupé";1139;1371;144525;165164
"1999";"77";"Seine-et-Marne";"Collectif";2331;2672;159704;184438
"1999";"77";"Seine-et-Marne";"Résidence";33;117;3683;3796
"1999";"78";"Yvelines";"Tous Logements";5428;4928;640293;537776
"1999";"78";"Yvelines";"Individuel pur";1883;1772;289398;271797
"1999";"78";"Yvelines";"Individuel groupé";1022;697;118794;82022
"1999";"78";"Yvelines";"Collectif";2379;2313;170364;175475
"1999";"78";"Yvelines";"Résidence";144;146;7499;4748
"1999";"79";"Deux-Sèvres";"Tous Logements";1810;1736;255751;230324
"1999";"79";"Deux-Sèvres";"Individuel pur";1462;1375;193597;182708
"1999";"79";"Deux-Sèvres";"Individuel groupé";214;251;20360;21143
"1999";"79";"Deux-Sèvres";"Collectif";105;93;5960;5463
"1999";"79";"Deux-Sèvres";"Résidence";29;17;3303;1250
"1999";"80";"Somme";"Tous Logements";1711;1798;237335;204677
"1999";"80";"Somme";"Individuel pur";1178;1128;159833;150485
"1999";"80";"Somme";"Individuel groupé";155;228;14301;16432
"1999";"80";"Somme";"Collectif";365;429;23246;21466
"1999";"80";"Somme";"Résidence";13;13;672;672
"1999";"81";"Tarn";"Tous Logements";1963;1973;260295;244303
"1999";"81";"Tarn";"Individuel pur";1642;1592;212808;208655
"1999";"81";"Tarn";"Individuel groupé";70;78;6764;8057
"1999";"81";"Tarn";"Collectif";250;295;18220;18706
"1999";"81";"Tarn";"Résidence";1;8;88;1132
"1999";"82";"Tarn-et-Garonne";"Tous Logements";1703;1431;210600;170533
"1999";"82";"Tarn-et-Garonne";"Individuel pur";1194;1027;151359;129396
"1999";"82";"Tarn-et-Garonne";"Individuel groupé";188;132;18505;13168
"1999";"82";"Tarn-et-Garonne";"Collectif";247;198;19968;19955
"1999";"82";"Tarn-et-Garonne";"Résidence";74;74;3772;3772
"1999";"83";"Var";"Tous Logements";7953;6257;919961;691142
"1999";"83";"Var";"Individuel pur";4303;3792;558266;489106
"1999";"83";"Var";"Individuel groupé";1230;795;114607;71353
"1999";"83";"Var";"Collectif";2160;1458;152419;105378
"1999";"83";"Var";"Résidence";260;212;16541;11784
"1999";"84";"Vaucluse";"Tous Logements";2810;3554;342872;377134
"1999";"84";"Vaucluse";"Individuel pur";2060;1895;255564;236272
"1999";"84";"Vaucluse";"Individuel groupé";271;339;26871;34646
"1999";"84";"Vaucluse";"Collectif";469;1317;32570;99279
"1999";"84";"Vaucluse";"Résidence";10;3;529;105
"1999";"85";"Vendée";"Tous Logements";5692;5571;697542;619241
"1999";"85";"Vendée";"Individuel pur";4475;4163;535031;497607
"1999";"85";"Vendée";"Individuel groupé";486;443;42980;38985
"1999";"85";"Vendée";"Collectif";493;610;30048;34388
"1999";"85";"Vendée";"Résidence";238;355;10665;15165
"1999";"86";"Vienne";"Tous Logements";2154;1953;276642;250560
"1999";"86";"Vienne";"Individuel pur";1376;1332;188564;181773
"1999";"86";"Vienne";"Individuel groupé";265;278;25094;24445
"1999";"86";"Vienne";"Collectif";289;294;18037;19264
"1999";"86";"Vienne";"Résidence";224;49;9028;3147
"1999";"87";"Haute-Vienne";"Tous Logements";1675;2119;215324;229530
"1999";"87";"Haute-Vienne";"Individuel pur";1290;1220;166202;157263
"1999";"87";"Haute-Vienne";"Individuel groupé";123;226;13660;23523
"1999";"87";"Haute-Vienne";"Collectif";258;642;17147;34957
"1999";"87";"Haute-Vienne";"Résidence";4;31;96;2472
"1999";"88";"Vosges";"Tous Logements";1683;1892;238138;258020
"1999";"88";"Vosges";"Individuel pur";1286;1457;181036;204714
"1999";"88";"Vosges";"Individuel groupé";48;69;5347;7947
"1999";"88";"Vosges";"Collectif";347;364;27277;27565
"1999";"88";"Vosges";"Résidence";2;2;135;135
"1999";"89";"Yonne";"Tous Logements";1103;1131;155895;140937
"1999";"89";"Yonne";"Individuel pur";764;731;104868;100521
"1999";"89";"Yonne";"Individuel groupé";59;126;5647;11714
"1999";"89";"Yonne";"Collectif";270;264;15087;16387
"1999";"89";"Yonne";"Résidence";10;10;333;333
"1999";"90";"Territoire de Belfort";"Tous Logements";861;698;95893;83090
"1999";"90";"Territoire de Belfort";"Individuel pur";395;349;54437;49464
"1999";"90";"Territoire de Belfort";"Individuel groupé";56;41;5313;5158
"1999";"90";"Territoire de Belfort";"Collectif";368;308;27374;24048
"1999";"90";"Territoire de Belfort";"Résidence";42;0;1371;0
"1999";"91";"Essonne";"Tous Logements";4741;3849;527271;428477
"1999";"91";"Essonne";"Individuel pur";1896;1605;259685;218152
"1999";"91";"Essonne";"Individuel groupé";706;845;72520;99347
"1999";"91";"Essonne";"Collectif";2073;1396;148610;99285
"1999";"91";"Essonne";"Résidence";66;3;3083;258
"1999";"92";"Hauts-de-Seine";"Tous Logements";6392;10768;578532;795162
"1999";"92";"Hauts-de-Seine";"Individuel pur";235;209;38058;34153
"1999";"92";"Hauts-de-Seine";"Individuel groupé";186;217;23118;25540
"1999";"92";"Hauts-de-Seine";"Collectif";5837;9600;489343;713527
"1999";"92";"Hauts-de-Seine";"Résidence";134;742;2719;21883
"1999";"93";"Seine-Saint-Denis";"Tous Logements";3875;3818;339304;295483
"1999";"93";"Seine-Saint-Denis";"Individuel pur";637;515;80440;65582
"1999";"93";"Seine-Saint-Denis";"Individuel groupé";376;447;42694;45478
"1999";"93";"Seine-Saint-Denis";"Collectif";2736;2378;176368;159150
"1999";"93";"Seine-Saint-Denis";"Résidence";126;478;4931;13919
"1999";"94";"Val-de-Marne";"Tous Logements";4568;5281;412928;426538
"1999";"94";"Val-de-Marne";"Individuel pur";578;488;85891;73255
"1999";"94";"Val-de-Marne";"Individuel groupé";427;494;47329;50774
"1999";"94";"Val-de-Marne";"Collectif";3291;4065;243462;282947
"1999";"94";"Val-de-Marne";"Résidence";272;234;7318;6900
"1999";"95";"Val-d'Oise";"Tous Logements";3527;4507;380466;422975
"1999";"95";"Val-d'Oise";"Individuel pur";1361;1550;183126;203358
"1999";"95";"Val-d'Oise";"Individuel groupé";550;685;55703;73012
"1999";"95";"Val-d'Oise";"Collectif";1534;2242;103193;144929
"1999";"95";"Val-d'Oise";"Résidence";82;30;4747;1048
"1999";"971";"Guadeloupe";"Tous Logements";5720;2342;496512;204782
"1999";"971";"Guadeloupe";"Individuel pur";2799;1059;308309;122610
"1999";"971";"Guadeloupe";"Individuel groupé";323;273;19775;16873
"1999";"971";"Guadeloupe";"Collectif";2367;892;147880;57925
"1999";"971";"Guadeloupe";"Résidence";231;118;11870;6617
"1999";"972";"Martinique";"Tous Logements";5118;2732;441208;230963
"1999";"972";"Martinique";"Individuel pur";1991;812;203563;84175
"1999";"972";"Martinique";"Individuel groupé";319;101;26153;7350
"1999";"972";"Martinique";"Collectif";2782;1818;208065;139163
"1999";"972";"Martinique";"Résidence";26;1;1189;8
"1999";"973";"Guyane";"Tous Logements";1184;1550;99420;130015
"1999";"973";"Guyane";"Individuel pur";434;349;45889;36703
"1999";"973";"Guyane";"Individuel groupé";416;520;29865;37370
"1999";"973";"Guyane";"Collectif";334;681;19753;55013
"1999";"973";"Guyane";"Résidence";0;0;0;0
"1999";"974";"La Réunion";"Tous Logements";9393;7532;777322;614572
"1999";"974";"La Réunion";"Individuel pur";4612;3192;439606;319115
"1999";"974";"La Réunion";"Individuel groupé";1247;1247;87767;84997
"1999";"974";"La Réunion";"Collectif";3404;3080;204821;195008
"1999";"974";"La Réunion";"Résidence";130;13;5788;516
"1998";"01";"Ain";"Tous Logements";4146;3799;504523;453988
"1998";"01";"Ain";"Individuel pur";2356;2272;316621;305125
"1998";"01";"Ain";"Individuel groupé";564;498;59557;52963
"1998";"01";"Ain";"Collectif";1224;1027;95725;87045
"1998";"01";"Ain";"Résidence";2;2;259;259
"1998";"02";"Aisne";"Tous Logements";1426;1135;192286;143445
"1998";"02";"Aisne";"Individuel pur";722;720;107145;107154
"1998";"02";"Aisne";"Individuel groupé";205;153;18738;14863
"1998";"02";"Aisne";"Collectif";486;249;33039;14470
"1998";"02";"Aisne";"Résidence";13;13;1749;1749
"1998";"03";"Allier";"Tous Logements";998;1106;151304;132666
"1998";"03";"Allier";"Individuel pur";714;665;96770;90551
"1998";"03";"Allier";"Individuel groupé";113;182;11095;16699
"1998";"03";"Allier";"Collectif";160;247;15365;18175
"1998";"03";"Allier";"Résidence";11;12;568;481
"1998";"04";"Alpes-de-Haute-Provence";"Tous Logements";733;666;93930;74972
"1998";"04";"Alpes-de-Haute-Provence";"Individuel pur";535;511;65496;61298
"1998";"04";"Alpes-de-Haute-Provence";"Individuel groupé";76;114;7531;9890
"1998";"04";"Alpes-de-Haute-Provence";"Collectif";120;40;9821;2843
"1998";"04";"Alpes-de-Haute-Provence";"Résidence";2;1;195;162
"1998";"05";"Hautes-Alpes";"Tous Logements";1716;1215;162002;117500
"1998";"05";"Hautes-Alpes";"Individuel pur";600;551;79043;71681
"1998";"05";"Hautes-Alpes";"Individuel groupé";225;219;20468;18741
"1998";"05";"Hautes-Alpes";"Collectif";623;445;40943;26856
"1998";"05";"Hautes-Alpes";"Résidence";268;0;12865;0
"1998";"06";"Alpes-Maritimes";"Tous Logements";7134;4643;574143;357563
"1998";"06";"Alpes-Maritimes";"Individuel pur";955;713;142366;104976
"1998";"06";"Alpes-Maritimes";"Individuel groupé";1041;537;112588;59967
"1998";"06";"Alpes-Maritimes";"Collectif";4768;3393;284431;190774
"1998";"06";"Alpes-Maritimes";"Résidence";370;0;11933;0
"1998";"07";"Ardèche";"Tous Logements";1928;1685;250265;199120
"1998";"07";"Ardèche";"Individuel pur";1276;1193;168145;156803
"1998";"07";"Ardèche";"Individuel groupé";233;124;23969;12767
"1998";"07";"Ardèche";"Collectif";419;368;33105;25956
"1998";"07";"Ardèche";"Résidence";0;0;0;0
"1998";"08";"Ardennes";"Tous Logements";861;806;116872;92567
"1998";"08";"Ardennes";"Individuel pur";658;509;89147;68445
"1998";"08";"Ardennes";"Individuel groupé";61;120;7032;13905
"1998";"08";"Ardennes";"Collectif";142;177;10743;10085
"1998";"08";"Ardennes";"Résidence";0;0;0;0
"1998";"09";"Ariège";"Tous Logements";833;721;103342;79287
"1998";"09";"Ariège";"Individuel pur";601;538;72440;66626
"1998";"09";"Ariège";"Individuel groupé";120;59;11145;4646
"1998";"09";"Ariège";"Collectif";112;124;9491;7497
"1998";"09";"Ariège";"Résidence";0;0;0;0
"1998";"10";"Aube";"Tous Logements";1237;1120;160185;120117
"1998";"10";"Aube";"Individuel pur";712;615;99207;84415
"1998";"10";"Aube";"Individuel groupé";163;146;16915;15182
"1998";"10";"Aube";"Collectif";342;359;21125;20118
"1998";"10";"Aube";"Résidence";20;0;898;0
"1998";"11";"Aude";"Tous Logements";2427;2042;260009;217153
"1998";"11";"Aude";"Individuel pur";1468;1379;178581;168207
"1998";"11";"Aude";"Individuel groupé";437;396;31063;28962
"1998";"11";"Aude";"Collectif";514;259;29674;15920
"1998";"11";"Aude";"Résidence";8;8;485;485
"1998";"12";"Aveyron";"Tous Logements";1609;1370;198439;160954
"1998";"12";"Aveyron";"Individuel pur";900;886;124122;121683
"1998";"12";"Aveyron";"Individuel groupé";147;191;14829;16493
"1998";"12";"Aveyron";"Collectif";507;293;35820;21025
"1998";"12";"Aveyron";"Résidence";55;0;1151;0
"1998";"13";"Bouches-du-Rhône";"Tous Logements";10169;7584;938628;725478
"1998";"13";"Bouches-du-Rhône";"Individuel pur";3052;2925;391899;372984
"1998";"13";"Bouches-du-Rhône";"Individuel groupé";1146;974;104778;92262
"1998";"13";"Bouches-du-Rhône";"Collectif";5747;3511;417314;249551
"1998";"13";"Bouches-du-Rhône";"Résidence";224;174;9284;8856
"1998";"14";"Calvados";"Tous Logements";4760;3896;519912;402894
"1998";"14";"Calvados";"Individuel pur";2115;1891;271737;244725
"1998";"14";"Calvados";"Individuel groupé";983;795;86806;71082
"1998";"14";"Calvados";"Collectif";1645;1193;107405;81267
"1998";"14";"Calvados";"Résidence";17;17;454;454
"1998";"15";"Cantal";"Tous Logements";664;696;80229;76881
"1998";"15";"Cantal";"Individuel pur";411;438;50808;54426
"1998";"15";"Cantal";"Individuel groupé";71;97;5684;7569
"1998";"15";"Cantal";"Collectif";182;161;16163;14190
"1998";"15";"Cantal";"Résidence";0;0;0;0
"1998";"16";"Charente";"Tous Logements";1648;1642;207815;180708
"1998";"16";"Charente";"Individuel pur";1031;975;136181;129174
"1998";"16";"Charente";"Individuel groupé";227;214;19893;18884
"1998";"16";"Charente";"Collectif";373;434;24150;27783
"1998";"16";"Charente";"Résidence";17;19;1041;1711
"1998";"17";"Charente-Maritime";"Tous Logements";5447;5278;602693;539944
"1998";"17";"Charente-Maritime";"Individuel pur";3023;2940;366424;356450
"1998";"17";"Charente-Maritime";"Individuel groupé";858;687;76275;60481
"1998";"17";"Charente-Maritime";"Collectif";1566;1624;105113;114342
"1998";"17";"Charente-Maritime";"Résidence";0;27;0;1790
"1998";"18";"Cher";"Tous Logements";1301;1190;167920;141825
"1998";"18";"Cher";"Individuel pur";753;692;99010;93108
"1998";"18";"Cher";"Individuel groupé";178;241;20661;25778
"1998";"18";"Cher";"Collectif";370;257;25162;16414
"1998";"18";"Cher";"Résidence";0;0;0;0
"1998";"19";"Corrèze";"Tous Logements";1458;1314;182716;162002
"1998";"19";"Corrèze";"Individuel pur";784;743;108801;104162
"1998";"19";"Corrèze";"Individuel groupé";185;187;18955;20800
"1998";"19";"Corrèze";"Collectif";469;364;34052;31228
"1998";"19";"Corrèze";"Résidence";20;20;770;770
"1998";"21";"Côte-d'Or";"Tous Logements";3830;3116;386415;309966
"1998";"21";"Côte-d'Or";"Individuel pur";1208;1143;165699;161088
"1998";"21";"Côte-d'Or";"Individuel groupé";439;263;47110;27297
"1998";"21";"Côte-d'Or";"Collectif";2175;1710;149755;120001
"1998";"21";"Côte-d'Or";"Résidence";8;0;318;0
"1998";"22";"Côtes-d'Armor";"Tous Logements";4167;3680;541315;419139
"1998";"22";"Côtes-d'Armor";"Individuel pur";2532;2293;333979;303124
"1998";"22";"Côtes-d'Armor";"Individuel groupé";458;384;40521;33274
"1998";"22";"Côtes-d'Armor";"Collectif";1145;980;83775;66965
"1998";"22";"Côtes-d'Armor";"Résidence";32;23;2329;1822
"1998";"23";"Creuse";"Tous Logements";348;354;57090;53817
"1998";"23";"Creuse";"Individuel pur";285;271;35986;35335
"1998";"23";"Creuse";"Individuel groupé";34;33;3446;3524
"1998";"23";"Creuse";"Collectif";17;40;1391;2976
"1998";"23";"Creuse";"Résidence";12;10;1127;799
"1998";"24";"Dordogne";"Tous Logements";2070;1898;284431;253220
"1998";"24";"Dordogne";"Individuel pur";1521;1424;193251;182639
"1998";"24";"Dordogne";"Individuel groupé";227;223;21628;18406
"1998";"24";"Dordogne";"Collectif";263;201;16455;13727
"1998";"24";"Dordogne";"Résidence";59;50;2446;1660
"1998";"25";"Doubs";"Tous Logements";3153;2914;378558;317412
"1998";"25";"Doubs";"Individuel pur";1523;1423;215662;203774
"1998";"25";"Doubs";"Individuel groupé";215;248;23136;24256
"1998";"25";"Doubs";"Collectif";1410;1238;112977;87945
"1998";"25";"Doubs";"Résidence";5;5;106;106
"1998";"26";"Drôme";"Tous Logements";3291;2709;351551;292496
"1998";"26";"Drôme";"Individuel pur";1635;1545;211623;199423
"1998";"26";"Drôme";"Individuel groupé";368;284;35481;27824
"1998";"26";"Drôme";"Collectif";1026;880;69642;60732
"1998";"26";"Drôme";"Résidence";262;0;7438;0
"1998";"27";"Eure";"Tous Logements";2655;2577;331615;292215
"1998";"27";"Eure";"Individuel pur";1781;1634;227718;212152
"1998";"27";"Eure";"Individuel groupé";301;363;29494;35205
"1998";"27";"Eure";"Collectif";573;573;43102;42976
"1998";"27";"Eure";"Résidence";0;7;0;244
"1998";"28";"Eure-et-Loir";"Tous Logements";2083;1752;257694;196785
"1998";"28";"Eure-et-Loir";"Individuel pur";1057;950;141192;126408
"1998";"28";"Eure-et-Loir";"Individuel groupé";295;185;31736;19557
"1998";"28";"Eure-et-Loir";"Collectif";731;617;56131;46337
"1998";"28";"Eure-et-Loir";"Résidence";0;0;0;0
"1998";"29";"Finistère";"Tous Logements";7142;5929;837157;664706
"1998";"29";"Finistère";"Individuel pur";3816;3549;500259;463679
"1998";"29";"Finistère";"Individuel groupé";776;753;73426;70313
"1998";"29";"Finistère";"Collectif";2203;1557;159644;113428
"1998";"29";"Finistère";"Résidence";347;70;18417;4535
"1998";"2A";"Corse-du-Sud";"Tous Logements";738;754;84076;78361
"1998";"2A";"Corse-du-Sud";"Individuel pur";533;485;65136;62074
"1998";"2A";"Corse-du-Sud";"Individuel groupé";73;105;4049;7016
"1998";"2A";"Corse-du-Sud";"Collectif";132;164;8985;8991
"1998";"2A";"Corse-du-Sud";"Résidence";0;0;0;0
"1998";"2B";"Haute-Corse";"Tous Logements";826;827;95657;83930
"1998";"2B";"Haute-Corse";"Individuel pur";502;459;64749;59363
"1998";"2B";"Haute-Corse";"Individuel groupé";24;84;2330;8860
"1998";"2B";"Haute-Corse";"Collectif";288;278;19803;14582
"1998";"2B";"Haute-Corse";"Résidence";12;6;554;282
"1998";"30";"Gard";"Tous Logements";4299;4517;497652;492275
"1998";"30";"Gard";"Individuel pur";2753;2861;349068;363665
"1998";"30";"Gard";"Individuel groupé";474;438;42542;40431
"1998";"30";"Gard";"Collectif";1059;1218;73604;82860
"1998";"30";"Gard";"Résidence";13;0;742;0
"1998";"31";"Haute-Garonne";"Tous Logements";16859;12201;1527371;1162203
"1998";"31";"Haute-Garonne";"Individuel pur";4480;4387;612200;598446
"1998";"31";"Haute-Garonne";"Individuel groupé";1563;1472;153012;142969
"1998";"31";"Haute-Garonne";"Collectif";10759;6340;697721;413784
"1998";"31";"Haute-Garonne";"Résidence";57;2;5351;80
"1998";"32";"Gers";"Tous Logements";895;764;120450;92033
"1998";"32";"Gers";"Individuel pur";560;518;74839;69976
"1998";"32";"Gers";"Individuel groupé";140;118;13712;12633
"1998";"32";"Gers";"Collectif";195;128;11624;6469
"1998";"32";"Gers";"Résidence";0;0;0;0
"1998";"33";"Gironde";"Tous Logements";11634;10183;1150919;981605
"1998";"33";"Gironde";"Individuel pur";4694;4548;607302;586322
"1998";"33";"Gironde";"Individuel groupé";1918;1686;166757;146101
"1998";"33";"Gironde";"Collectif";4915;3912;289976;240436
"1998";"33";"Gironde";"Résidence";107;37;4289;2577
"1998";"34";"Hérault";"Tous Logements";12274;10553;1113563;994202
"1998";"34";"Hérault";"Individuel pur";4678;4572;597442;585711
"1998";"34";"Hérault";"Individuel groupé";1363;1187;104034;90777
"1998";"34";"Hérault";"Collectif";6152;4753;382499;307407
"1998";"34";"Hérault";"Résidence";81;41;1337;1443
"1998";"35";"Ille-et-Vilaine";"Tous Logements";8298;6373;979549;732802
"1998";"35";"Ille-et-Vilaine";"Individuel pur";3653;3341;519225;473565
"1998";"35";"Ille-et-Vilaine";"Individuel groupé";971;884;99805;86018
"1998";"35";"Ille-et-Vilaine";"Collectif";3389;2067;252015;149114
"1998";"35";"Ille-et-Vilaine";"Résidence";285;81;15383;5860
"1998";"36";"Indre";"Tous Logements";1096;1024;134338;112037
"1998";"36";"Indre";"Individuel pur";505;478;65077;59088
"1998";"36";"Indre";"Individuel groupé";423;347;39909;32687
"1998";"36";"Indre";"Collectif";150;199;11382;14271
"1998";"36";"Indre";"Résidence";18;0;1420;0
"1998";"37";"Indre-et-Loire";"Tous Logements";3994;3044;452324;344925
"1998";"37";"Indre-et-Loire";"Individuel pur";1635;1570;223496;218619
"1998";"37";"Indre-et-Loire";"Individuel groupé";497;375;52827;40663
"1998";"37";"Indre-et-Loire";"Collectif";1855;1099;137566;79116
"1998";"37";"Indre-et-Loire";"Résidence";7;0;267;0
"1998";"38";"Isère";"Tous Logements";7495;6184;836805;638212
"1998";"38";"Isère";"Individuel pur";3436;3095;456822;409909
"1998";"38";"Isère";"Individuel groupé";485;334;54029;36726
"1998";"38";"Isère";"Collectif";3195;2479;242932;176143
"1998";"38";"Isère";"Résidence";379;276;8034;4715
"1998";"39";"Jura";"Tous Logements";1335;1106;170355;129645
"1998";"39";"Jura";"Individuel pur";848;782;112815;105532
"1998";"39";"Jura";"Individuel groupé";85;76;8492;8541
"1998";"39";"Jura";"Collectif";395;248;28501;14403
"1998";"39";"Jura";"Résidence";7;0;365;0
"1998";"40";"Landes";"Tous Logements";3951;3285;411915;334757
"1998";"40";"Landes";"Individuel pur";1864;1792;238765;230856
"1998";"40";"Landes";"Individuel groupé";626;521;52019;40342
"1998";"40";"Landes";"Collectif";974;783;63571;50998
"1998";"40";"Landes";"Résidence";487;189;25431;10765
"1998";"41";"Loir-et-Cher";"Tous Logements";1472;1316;189410;161065
"1998";"41";"Loir-et-Cher";"Individuel pur";960;846;135038;116320
"1998";"41";"Loir-et-Cher";"Individuel groupé";248;211;23700;20279
"1998";"41";"Loir-et-Cher";"Collectif";255;250;13571;18945
"1998";"41";"Loir-et-Cher";"Résidence";9;9;351;351
"1998";"42";"Loire";"Tous Logements";4279;3376;488500;380104
"1998";"42";"Loire";"Individuel pur";2106;1925;277903;253215
"1998";"42";"Loire";"Individuel groupé";259;175;28361;19101
"1998";"42";"Loire";"Collectif";1584;1112;130712;94460
"1998";"42";"Loire";"Résidence";330;164;11223;5913
"1998";"43";"Haute-Loire";"Tous Logements";1474;1327;204464;181718
"1998";"43";"Haute-Loire";"Individuel pur";1086;1089;147784;158970
"1998";"43";"Haute-Loire";"Individuel groupé";76;55;8407;6499
"1998";"43";"Haute-Loire";"Collectif";312;178;25871;14806
"1998";"43";"Haute-Loire";"Résidence";0;5;0;97
"1998";"44";"Loire-Atlantique";"Tous Logements";10967;9276;1166891;940899
"1998";"44";"Loire-Atlantique";"Individuel pur";4997;4587;646286;597075
"1998";"44";"Loire-Atlantique";"Individuel groupé";1040;880;100223;82889
"1998";"44";"Loire-Atlantique";"Collectif";4680;3699;310221;243212
"1998";"44";"Loire-Atlantique";"Résidence";250;110;11147;6971
"1998";"45";"Loiret";"Tous Logements";3473;3302;382732;320747
"1998";"45";"Loiret";"Individuel pur";1665;1545;217651;203522
"1998";"45";"Loiret";"Individuel groupé";541;532;53329;44753
"1998";"45";"Loiret";"Collectif";1262;1225;79425;70132
"1998";"45";"Loiret";"Résidence";5;0;285;0
"1998";"46";"Lot";"Tous Logements";1108;1150;154014;125894
"1998";"46";"Lot";"Individuel pur";825;794;106071;100977
"1998";"46";"Lot";"Individuel groupé";80;119;7227;11096
"1998";"46";"Lot";"Collectif";182;235;10744;12341
"1998";"46";"Lot";"Résidence";21;2;1051;175
"1998";"47";"Lot-et-Garonne";"Tous Logements";1741;1483;205373;158805
"1998";"47";"Lot-et-Garonne";"Individuel pur";1083;985;140264;127305
"1998";"47";"Lot-et-Garonne";"Individuel groupé";144;118;13339;10141
"1998";"47";"Lot-et-Garonne";"Collectif";422;326;23036;17910
"1998";"47";"Lot-et-Garonne";"Résidence";92;54;4430;2037
"1998";"48";"Lozère";"Tous Logements";665;699;86446;79740
"1998";"48";"Lozère";"Individuel pur";450;420;59625;57042
"1998";"48";"Lozère";"Individuel groupé";60;119;6038;8829
"1998";"48";"Lozère";"Collectif";155;160;11633;12671
"1998";"48";"Lozère";"Résidence";0;0;0;0
"1998";"49";"Maine-et-Loire";"Tous Logements";5097;5312;678661;689561
"1998";"49";"Maine-et-Loire";"Individuel pur";2493;2293;344768;318432
"1998";"49";"Maine-et-Loire";"Individuel groupé";1059;974;125432;110924
"1998";"49";"Maine-et-Loire";"Collectif";1509;1980;157948;225194
"1998";"49";"Maine-et-Loire";"Résidence";36;65;2758;1816
"1998";"50";"Manche";"Tous Logements";2484;2479;334913;286693
"1998";"50";"Manche";"Individuel pur";1761;1673;232743;220769
"1998";"50";"Manche";"Individuel groupé";338;372;30462;33614
"1998";"50";"Manche";"Collectif";385;434;24764;28907
"1998";"50";"Manche";"Résidence";0;0;0;0
"1998";"51";"Marne";"Tous Logements";2958;2597;306331;279409
"1998";"51";"Marne";"Individuel pur";1051;941;167168;147624
"1998";"51";"Marne";"Individuel groupé";446;310;51770;35967
"1998";"51";"Marne";"Collectif";1461;1346;76048;95623
"1998";"51";"Marne";"Résidence";0;0;0;0
"1998";"52";"Haute-Marne";"Tous Logements";355;390;60242;49288
"1998";"52";"Haute-Marne";"Individuel pur";261;244;38372;36239
"1998";"52";"Haute-Marne";"Individuel groupé";60;75;5873;7049
"1998";"52";"Haute-Marne";"Collectif";34;71;1911;5809
"1998";"52";"Haute-Marne";"Résidence";0;0;0;0
"1998";"53";"Mayenne";"Tous Logements";2497;1934;289620;219192
"1998";"53";"Mayenne";"Individuel pur";1359;1224;178826;160663
"1998";"53";"Mayenne";"Individuel groupé";600;398;55387;39511
"1998";"53";"Mayenne";"Collectif";526;300;34447;16746
"1998";"53";"Mayenne";"Résidence";12;12;200;200
"1998";"54";"Meurthe-et-Moselle";"Tous Logements";3395;3095;396512;354137
"1998";"54";"Meurthe-et-Moselle";"Individuel pur";1535;1397;229466;216878
"1998";"54";"Meurthe-et-Moselle";"Individuel groupé";285;232;33394;26434
"1998";"54";"Meurthe-et-Moselle";"Collectif";1485;1370;109287;95699
"1998";"54";"Meurthe-et-Moselle";"Résidence";90;96;4376;1945
"1998";"55";"Meuse";"Tous Logements";642;527;86178;72550
"1998";"55";"Meuse";"Individuel pur";442;388;64377;56620
"1998";"55";"Meuse";"Individuel groupé";91;55;9082;6194
"1998";"55";"Meuse";"Collectif";109;84;8834;6445
"1998";"55";"Meuse";"Résidence";0;0;0;0
"1998";"56";"Morbihan";"Tous Logements";7667;6047;875273;679834
"1998";"56";"Morbihan";"Individuel pur";3770;3427;503706;458002
"1998";"56";"Morbihan";"Individuel groupé";1049;719;102506;69718
"1998";"56";"Morbihan";"Collectif";2558;1630;179412;117158
"1998";"56";"Morbihan";"Résidence";290;271;12435;22352
"1998";"57";"Moselle";"Tous Logements";6443;5479;797707;637784
"1998";"57";"Moselle";"Individuel pur";2709;2124;452135;351313
"1998";"57";"Moselle";"Individuel groupé";216;212;27101;26557
"1998";"57";"Moselle";"Collectif";3485;3143;281228;247662
"1998";"57";"Moselle";"Résidence";33;0;2788;0
"1998";"58";"Nièvre";"Tous Logements";657;569;87282;65389
"1998";"58";"Nièvre";"Individuel pur";432;394;55893;50866
"1998";"58";"Nièvre";"Individuel groupé";50;83;4807;8296
"1998";"58";"Nièvre";"Collectif";135;92;8079;5684
"1998";"58";"Nièvre";"Résidence";40;0;2466;0
"1998";"59";"Nord";"Tous Logements";10847;8325;1035262;813544
"1998";"59";"Nord";"Individuel pur";3098;2961;435937;419431
"1998";"59";"Nord";"Individuel groupé";2196;1758;221135;171317
"1998";"59";"Nord";"Collectif";5515;3563;342646;216538
"1998";"59";"Nord";"Résidence";38;43;1707;2503
"1998";"60";"Oise";"Tous Logements";3178;3086;378927;322101
"1998";"60";"Oise";"Individuel pur";1614;1540;207890;200897
"1998";"60";"Oise";"Individuel groupé";287;313;28245;30855
"1998";"60";"Oise";"Collectif";1277;1233;99907;87550
"1998";"60";"Oise";"Résidence";0;0;0;0
"1998";"61";"Orne";"Tous Logements";1061;968;151121;111372
"1998";"61";"Orne";"Individuel pur";669;613;87423;80698
"1998";"61";"Orne";"Individuel groupé";153;206;14312;19011
"1998";"61";"Orne";"Collectif";239;143;17439;8834
"1998";"61";"Orne";"Résidence";0;6;0;595
"1998";"62";"Pas-de-Calais";"Tous Logements";7293;5433;801799;575382
"1998";"62";"Pas-de-Calais";"Individuel pur";3352;2937;459564;410574
"1998";"62";"Pas-de-Calais";"Individuel groupé";1319;855;111693;65725
"1998";"62";"Pas-de-Calais";"Collectif";2581;1641;158978;92931
"1998";"62";"Pas-de-Calais";"Résidence";41;0;2707;0
"1998";"63";"Puy-de-Dôme";"Tous Logements";3821;4048;439187;434224
"1998";"63";"Puy-de-Dôme";"Individuel pur";2073;1972;268523;260020
"1998";"63";"Puy-de-Dôme";"Individuel groupé";339;523;31913;53449
"1998";"63";"Puy-de-Dôme";"Collectif";1402;1553;119853;118349
"1998";"63";"Puy-de-Dôme";"Résidence";7;0;285;0
"1998";"64";"Pyrénées-Atlantiques";"Tous Logements";6056;4364;608728;466424
"1998";"64";"Pyrénées-Atlantiques";"Individuel pur";2254;2055;328489;302180
"1998";"64";"Pyrénées-Atlantiques";"Individuel groupé";451;339;42197;34024
"1998";"64";"Pyrénées-Atlantiques";"Collectif";2822;1763;186953;116209
"1998";"64";"Pyrénées-Atlantiques";"Résidence";529;207;25375;11596
"1998";"65";"Hautes-Pyrénées";"Tous Logements";1497;1426;167799;125090
"1998";"65";"Hautes-Pyrénées";"Individuel pur";735;688;96223;89709
"1998";"65";"Hautes-Pyrénées";"Individuel groupé";280;214;16813;11054
"1998";"65";"Hautes-Pyrénées";"Collectif";460;524;27543;22851
"1998";"65";"Hautes-Pyrénées";"Résidence";22;0;1542;0
"1998";"66";"Pyrénées-Orientales";"Tous Logements";4687;4384;442071;411094
"1998";"66";"Pyrénées-Orientales";"Individuel pur";1937;2056;245358;257220
"1998";"66";"Pyrénées-Orientales";"Individuel groupé";1112;1048;80411;68790
"1998";"66";"Pyrénées-Orientales";"Collectif";1143;937;83161;67638
"1998";"66";"Pyrénées-Orientales";"Résidence";495;343;25287;16125
"1998";"67";"Bas-Rhin";"Tous Logements";8002;6867;937446;790540
"1998";"67";"Bas-Rhin";"Individuel pur";2412;2267;428761;408686
"1998";"67";"Bas-Rhin";"Individuel groupé";279;241;32221;28065
"1998";"67";"Bas-Rhin";"Collectif";5278;4359;426096;349089
"1998";"67";"Bas-Rhin";"Résidence";33;0;2926;0
"1998";"68";"Haut-Rhin";"Tous Logements";5224;4476;642776;529033
"1998";"68";"Haut-Rhin";"Individuel pur";2137;1960;360661;330851
"1998";"68";"Haut-Rhin";"Individuel groupé";311;342;36264;35044
"1998";"68";"Haut-Rhin";"Collectif";2774;2174;212886;159416
"1998";"68";"Haut-Rhin";"Résidence";2;0;52;0
"1998";"69";"Rhône";"Tous Logements";14058;9606;1301569;877244
"1998";"69";"Rhône";"Individuel pur";2654;2502;366738;346713
"1998";"69";"Rhône";"Individuel groupé";1008;578;113486;64462
"1998";"69";"Rhône";"Collectif";9921;5821;778970;440672
"1998";"69";"Rhône";"Résidence";475;705;13513;20264
"1998";"70";"Haute-Saône";"Tous Logements";1192;1075;165171;129615
"1998";"70";"Haute-Saône";"Individuel pur";881;749;125223;107344
"1998";"70";"Haute-Saône";"Individuel groupé";67;63;6917;5361
"1998";"70";"Haute-Saône";"Collectif";212;231;14373;15582
"1998";"70";"Haute-Saône";"Résidence";32;32;39;39
"1998";"71";"Saône-et-Loire";"Tous Logements";2065;2213;275282;243052
"1998";"71";"Saône-et-Loire";"Individuel pur";1414;1364;181115;173070
"1998";"71";"Saône-et-Loire";"Individuel groupé";259;251;26014;26287
"1998";"71";"Saône-et-Loire";"Collectif";392;598;31997;42895
"1998";"71";"Saône-et-Loire";"Résidence";0;0;0;0
"1998";"72";"Sarthe";"Tous Logements";3130;2372;360704;261573
"1998";"72";"Sarthe";"Individuel pur";1668;1519;226423;203198
"1998";"72";"Sarthe";"Individuel groupé";181;143;18182;12718
"1998";"72";"Sarthe";"Collectif";1207;686;76323;41492
"1998";"72";"Sarthe";"Résidence";74;24;2168;480
"1998";"73";"Savoie";"Tous Logements";5842;4062;541924;378807
"1998";"73";"Savoie";"Individuel pur";1352;1185;187995;162862
"1998";"73";"Savoie";"Individuel groupé";341;288;37724;30972
"1998";"73";"Savoie";"Collectif";4063;2589;258712;172442
"1998";"73";"Savoie";"Résidence";86;0;4452;0
"1998";"74";"Haute-Savoie";"Tous Logements";7085;5711;751309;585809
"1998";"74";"Haute-Savoie";"Individuel pur";2433;2275;347715;323723
"1998";"74";"Haute-Savoie";"Individuel groupé";643;480;75576;51326
"1998";"74";"Haute-Savoie";"Collectif";4009;2956;295675;208099
"1998";"74";"Haute-Savoie";"Résidence";0;0;0;0
"1998";"75";"Paris";"Tous Logements";8459;6342;475493;352768
"1998";"75";"Paris";"Individuel pur";286;243;3154;3053
"1998";"75";"Paris";"Individuel groupé";18;14;1054;618
"1998";"75";"Paris";"Collectif";7395;5694;451719;330662
"1998";"75";"Paris";"Résidence";760;391;18659;18435
"1998";"76";"Seine-Maritime";"Tous Logements";5538;5153;606517;519840
"1998";"76";"Seine-Maritime";"Individuel pur";2479;2245;333497;301626
"1998";"76";"Seine-Maritime";"Individuel groupé";671;496;65357;46885
"1998";"76";"Seine-Maritime";"Collectif";2293;2409;158404;167573
"1998";"76";"Seine-Maritime";"Résidence";95;3;2586;167
"1998";"77";"Seine-et-Marne";"Tous Logements";7467;5872;734049;574634
"1998";"77";"Seine-et-Marne";"Individuel pur";2449;2158;313956;279115
"1998";"77";"Seine-et-Marne";"Individuel groupé";1439;1142;157452;124971
"1998";"77";"Seine-et-Marne";"Collectif";3462;2572;224381;166885
"1998";"77";"Seine-et-Marne";"Résidence";117;0;3796;0
"1998";"78";"Yvelines";"Tous Logements";5361;4553;590009;459009
"1998";"78";"Yvelines";"Individuel pur";1581;1386;238418;210210
"1998";"78";"Yvelines";"Individuel groupé";603;395;74717;50155
"1998";"78";"Yvelines";"Collectif";2968;2767;223358;195691
"1998";"78";"Yvelines";"Résidence";209;5;8685;323
"1998";"79";"Deux-Sèvres";"Tous Logements";1925;1899;260397;220728
"1998";"79";"Deux-Sèvres";"Individuel pur";1319;1263;172742;164028
"1998";"79";"Deux-Sèvres";"Individuel groupé";501;403;46758;38267
"1998";"79";"Deux-Sèvres";"Collectif";105;233;6934;15442
"1998";"79";"Deux-Sèvres";"Résidence";0;0;0;0
"1998";"80";"Somme";"Tous Logements";2053;1501;228794;168509
"1998";"80";"Somme";"Individuel pur";1036;908;141017;127322
"1998";"80";"Somme";"Individuel groupé";278;155;22685;17361
"1998";"80";"Somme";"Collectif";739;438;31720;19170
"1998";"80";"Somme";"Résidence";0;0;0;0
"1998";"81";"Tarn";"Tous Logements";1952;1812;248366;212514
"1998";"81";"Tarn";"Individuel pur";1526;1457;195659;186880
"1998";"81";"Tarn";"Individuel groupé";133;129;12802;11921
"1998";"81";"Tarn";"Collectif";293;226;13365;10809
"1998";"81";"Tarn";"Résidence";0;0;0;0
"1998";"82";"Tarn-et-Garonne";"Tous Logements";1375;1146;182295;136128
"1998";"82";"Tarn-et-Garonne";"Individuel pur";921;854;117694;108513
"1998";"82";"Tarn-et-Garonne";"Individuel groupé";116;148;11195;14352
"1998";"82";"Tarn-et-Garonne";"Collectif";338;134;28633;10609
"1998";"82";"Tarn-et-Garonne";"Résidence";0;10;0;300
"1998";"83";"Var";"Tous Logements";7627;5387;829016;595137
"1998";"83";"Var";"Individuel pur";3906;3461;502961;444829
"1998";"83";"Var";"Individuel groupé";1044;636;82906;52181
"1998";"83";"Var";"Collectif";2604;1290;173773;93384
"1998";"83";"Var";"Résidence";73;0;3934;0
"1998";"84";"Vaucluse";"Tous Logements";3833;2395;428463;278893
"1998";"84";"Vaucluse";"Individuel pur";1973;1763;245260;222738
"1998";"84";"Vaucluse";"Individuel groupé";463;225;46344;22910
"1998";"84";"Vaucluse";"Collectif";1393;405;106183;30533
"1998";"84";"Vaucluse";"Résidence";4;2;51;0
"1998";"85";"Vendée";"Tous Logements";6689;5764;739216;614591
"1998";"85";"Vendée";"Individuel pur";4629;4420;535971;506742
"1998";"85";"Vendée";"Individuel groupé";642;594;54511;51125
"1998";"85";"Vendée";"Collectif";1046;725;62557;48245
"1998";"85";"Vendée";"Résidence";372;25;22900;500
"1998";"86";"Vienne";"Tous Logements";2251;2389;279581;243608
"1998";"86";"Vienne";"Individuel pur";1218;1138;161667;153596
"1998";"86";"Vienne";"Individuel groupé";544;588;48361;53205
"1998";"86";"Vienne";"Collectif";470;406;32148;28439
"1998";"86";"Vienne";"Résidence";19;257;618;6534
"1998";"87";"Haute-Vienne";"Tous Logements";2557;2138;251211;216622
"1998";"87";"Haute-Vienne";"Individuel pur";1157;1102;147940;141800
"1998";"87";"Haute-Vienne";"Individuel groupé";295;171;31930;20081
"1998";"87";"Haute-Vienne";"Collectif";838;749;49107;49484
"1998";"87";"Haute-Vienne";"Résidence";267;116;7440;2391
"1998";"88";"Vosges";"Tous Logements";1870;1487;244804;182079
"1998";"88";"Vosges";"Individuel pur";1142;887;158469;125454
"1998";"88";"Vosges";"Individuel groupé";157;148;17158;15951
"1998";"88";"Vosges";"Collectif";571;452;43126;30311
"1998";"88";"Vosges";"Résidence";0;0;0;0
"1998";"89";"Yonne";"Tous Logements";1279;1220;173627;132087
"1998";"89";"Yonne";"Individuel pur";695;640;95298;85952
"1998";"89";"Yonne";"Individuel groupé";180;235;18730;21751
"1998";"89";"Yonne";"Collectif";385;326;25020;21989
"1998";"89";"Yonne";"Résidence";19;19;0;0
"1998";"90";"Territoire de Belfort";"Tous Logements";666;764;72458;82746
"1998";"90";"Territoire de Belfort";"Individuel pur";271;269;37616;37989
"1998";"90";"Territoire de Belfort";"Individuel groupé";39;71;4137;7406
"1998";"90";"Territoire de Belfort";"Collectif";356;424;26105;36959
"1998";"90";"Territoire de Belfort";"Résidence";0;0;0;0
"1998";"91";"Essonne";"Tous Logements";4473;3918;444481;394515
"1998";"91";"Essonne";"Individuel pur";1435;1385;190675;183781
"1998";"91";"Essonne";"Individuel groupé";879;755;107337;88671
"1998";"91";"Essonne";"Collectif";1701;1778;114882;119424
"1998";"91";"Essonne";"Résidence";458;0;11573;0
"1998";"92";"Hauts-de-Seine";"Tous Logements";13959;10292;1046335;748784
"1998";"92";"Hauts-de-Seine";"Individuel pur";217;206;35896;34291
"1998";"92";"Hauts-de-Seine";"Individuel groupé";187;78;21832;9931
"1998";"92";"Hauts-de-Seine";"Collectif";12595;9635;930689;690078
"1998";"92";"Hauts-de-Seine";"Résidence";960;373;31037;14484
"1998";"93";"Seine-Saint-Denis";"Tous Logements";4776;3552;351586;269072
"1998";"93";"Seine-Saint-Denis";"Individuel pur";405;384;53217;50048
"1998";"93";"Seine-Saint-Denis";"Individuel groupé";355;200;33292;19778
"1998";"93";"Seine-Saint-Denis";"Collectif";3363;2828;231969;193290
"1998";"93";"Seine-Saint-Denis";"Résidence";653;140;20146;3949
"1998";"94";"Val-de-Marne";"Tous Logements";7207;4830;563865;365760
"1998";"94";"Val-de-Marne";"Individuel pur";452;433;64168;61359
"1998";"94";"Val-de-Marne";"Individuel groupé";602;367;69891;46831
"1998";"94";"Val-de-Marne";"Collectif";5826;3636;395210;241536
"1998";"94";"Val-de-Marne";"Résidence";327;394;8854;15234
"1998";"95";"Val-d'Oise";"Tous Logements";4102;3989;390626;381729
"1998";"95";"Val-d'Oise";"Individuel pur";1124;1389;146898;185531
"1998";"95";"Val-d'Oise";"Individuel groupé";705;647;73460;69992
"1998";"95";"Val-d'Oise";"Collectif";2269;1952;145912;126148
"1998";"95";"Val-d'Oise";"Résidence";4;1;475;58
"1998";"971";"Guadeloupe";"Tous Logements";4500;517;394518;56572
"1998";"971";"Guadeloupe";"Individuel pur";2126;436;239377;51448
"1998";"971";"Guadeloupe";"Individuel groupé";404;29;29078;2634
"1998";"971";"Guadeloupe";"Collectif";1823;44;114332;2234
"1998";"971";"Guadeloupe";"Résidence";147;8;5586;256
"1998";"972";"Martinique";"Tous Logements";940;334;79214;27817
"1998";"972";"Martinique";"Individuel pur";205;90;21758;9786
"1998";"972";"Martinique";"Individuel groupé";35;13;2875;1472
"1998";"972";"Martinique";"Collectif";640;231;51172;16559
"1998";"972";"Martinique";"Résidence";60;0;3187;0
"1998";"973";"Guyane";"Tous Logements";1397;1247;120492;100989
"1998";"973";"Guyane";"Individuel pur";336;287;34684;29074
"1998";"973";"Guyane";"Individuel groupé";432;491;31597;36761
"1998";"973";"Guyane";"Collectif";629;457;51898;33491
"1998";"973";"Guyane";"Résidence";0;12;0;856
"1998";"974";"La Réunion";"Tous Logements";8636;2689;703225;216973
"1998";"974";"La Réunion";"Individuel pur";4018;1075;388385;104190
"1998";"974";"La Réunion";"Individuel groupé";1723;503;109501;35151
"1998";"974";"La Réunion";"Collectif";2885;1111;182906;71509
"1998";"974";"La Réunion";"Résidence";10;0;240;0
"1997";"01";"Ain";"Tous Logements";2904;2897;382253;343682
"1997";"01";"Ain";"Individuel pur";2058;1996;271862;260308
"1997";"01";"Ain";"Individuel groupé";292;346;32664;34830
"1997";"01";"Ain";"Collectif";554;555;47492;45990
"1997";"01";"Ain";"Résidence";0;0;0;0
"1997";"02";"Aisne";"Tous Logements";1198;1584;160991;173090
"1997";"02";"Aisne";"Individuel pur";575;571;86715;84564
"1997";"02";"Aisne";"Individuel groupé";177;621;14922;55840
"1997";"02";"Aisne";"Collectif";446;392;32836;30764
"1997";"02";"Aisne";"Résidence";0;0;0;0
"1997";"03";"Allier";"Tous Logements";960;917;137668;111253
"1997";"03";"Allier";"Individuel pur";562;565;76166;77539
"1997";"03";"Allier";"Individuel groupé";181;157;16967;16024
"1997";"03";"Allier";"Collectif";212;190;17717;16222
"1997";"03";"Allier";"Résidence";5;5;175;175
"1997";"04";"Alpes-de-Haute-Provence";"Tous Logements";747;684;92188;75851
"1997";"04";"Alpes-de-Haute-Provence";"Individuel pur";459;456;53726;55792
"1997";"04";"Alpes-de-Haute-Provence";"Individuel groupé";116;136;9913;13467
"1997";"04";"Alpes-de-Haute-Provence";"Collectif";172;92;18590;5915
"1997";"04";"Alpes-de-Haute-Provence";"Résidence";0;0;0;0
"1997";"05";"Hautes-Alpes";"Tous Logements";1048;945;105482;99191
"1997";"05";"Hautes-Alpes";"Individuel pur";545;571;69817;72975
"1997";"05";"Hautes-Alpes";"Individuel groupé";67;52;6759;5273
"1997";"05";"Hautes-Alpes";"Collectif";436;322;22102;20925
"1997";"05";"Hautes-Alpes";"Résidence";0;0;0;0
"1997";"06";"Alpes-Maritimes";"Tous Logements";6952;4436;545624;367835
"1997";"06";"Alpes-Maritimes";"Individuel pur";692;672;104883;100589
"1997";"06";"Alpes-Maritimes";"Individuel groupé";723;790;80071;85859
"1997";"06";"Alpes-Maritimes";"Collectif";5537;2974;343719;180652
"1997";"06";"Alpes-Maritimes";"Résidence";0;0;0;0
"1997";"07";"Ardèche";"Tous Logements";1376;1498;184905;168469
"1997";"07";"Ardèche";"Individuel pur";974;1018;128987;134659
"1997";"07";"Ardèche";"Individuel groupé";98;135;8451;10762
"1997";"07";"Ardèche";"Collectif";304;345;18828;20961
"1997";"07";"Ardèche";"Résidence";0;0;0;0
"1997";"08";"Ardennes";"Tous Logements";644;560;77373;67559
"1997";"08";"Ardennes";"Individuel pur";380;367;49858;50057
"1997";"08";"Ardennes";"Individuel groupé";54;61;5249;6776
"1997";"08";"Ardennes";"Collectif";210;132;12161;10690
"1997";"08";"Ardennes";"Résidence";0;0;0;0
"1997";"09";"Ariège";"Tous Logements";559;650;74176;68055
"1997";"09";"Ariège";"Individuel pur";453;461;57946;58865
"1997";"09";"Ariège";"Individuel groupé";27;49;2197;1482
"1997";"09";"Ariège";"Collectif";79;140;3809;7500
"1997";"09";"Ariège";"Résidence";0;0;0;0
"1997";"10";"Aube";"Tous Logements";1062;920;120790;89623
"1997";"10";"Aube";"Individuel pur";518;504;69598;67913
"1997";"10";"Aube";"Individuel groupé";125;113;13044;11216
"1997";"10";"Aube";"Collectif";419;300;15171;10117
"1997";"10";"Aube";"Résidence";0;3;0;0
"1997";"11";"Aude";"Tous Logements";1807;1988;193370;197910
"1997";"11";"Aude";"Individuel pur";1128;1195;140261;148564
"1997";"11";"Aude";"Individuel groupé";318;409;20098;27235
"1997";"11";"Aude";"Collectif";361;384;18224;20972
"1997";"11";"Aude";"Résidence";0;0;0;0
"1997";"12";"Aveyron";"Tous Logements";1259;1191;176650;143674
"1997";"12";"Aveyron";"Individuel pur";861;840;120311;118082
"1997";"12";"Aveyron";"Individuel groupé";155;87;11272;6546
"1997";"12";"Aveyron";"Collectif";243;264;15435;17715
"1997";"12";"Aveyron";"Résidence";0;0;0;0
"1997";"13";"Bouches-du-Rhône";"Tous Logements";7337;6694;708778;654409
"1997";"13";"Bouches-du-Rhône";"Individuel pur";2983;2955;381259;379604
"1997";"13";"Bouches-du-Rhône";"Individuel groupé";1124;611;107330;55516
"1997";"13";"Bouches-du-Rhône";"Collectif";3230;3128;207103;218212
"1997";"13";"Bouches-du-Rhône";"Résidence";0;0;0;0
"1997";"14";"Calvados";"Tous Logements";3032;3544;372105;382896
"1997";"14";"Calvados";"Individuel pur";1596;1742;215014;237717
"1997";"14";"Calvados";"Individuel groupé";645;754;62561;73844
"1997";"14";"Calvados";"Collectif";791;1048;59456;70849
"1997";"14";"Calvados";"Résidence";0;0;0;0
"1997";"15";"Cantal";"Tous Logements";736;739;85518;80761
"1997";"15";"Cantal";"Individuel pur";445;452;55969;57380
"1997";"15";"Cantal";"Individuel groupé";76;49;6649;4491
"1997";"15";"Cantal";"Collectif";215;238;17196;18798
"1997";"15";"Cantal";"Résidence";0;0;0;0
"1997";"16";"Charente";"Tous Logements";1214;1177;156473;133003
"1997";"16";"Charente";"Individuel pur";787;750;109699;105958
"1997";"16";"Charente";"Individuel groupé";175;157;14459;12300
"1997";"16";"Charente";"Collectif";238;270;11401;13230
"1997";"16";"Charente";"Résidence";14;0;932;0
"1997";"17";"Charente-Maritime";"Tous Logements";4367;4552;531563;475600
"1997";"17";"Charente-Maritime";"Individuel pur";2740;2723;331146;329335
"1997";"17";"Charente-Maritime";"Individuel groupé";475;478;39313;36148
"1997";"17";"Charente-Maritime";"Collectif";1147;1351;109490;108382
"1997";"17";"Charente-Maritime";"Résidence";5;0;266;0
"1997";"18";"Cher";"Tous Logements";947;916;125845;104210
"1997";"18";"Cher";"Individuel pur";603;593;80086;78569
"1997";"18";"Cher";"Individuel groupé";192;92;17213;8124
"1997";"18";"Cher";"Collectif";99;178;6825;11335
"1997";"18";"Cher";"Résidence";53;53;2291;2291
"1997";"19";"Corrèze";"Tous Logements";1041;1004;138364;123852
"1997";"19";"Corrèze";"Individuel pur";655;686;90853;93608
"1997";"19";"Corrèze";"Individuel groupé";78;91;9037;10133
"1997";"19";"Corrèze";"Collectif";296;196;26759;14473
"1997";"19";"Corrèze";"Résidence";12;31;496;3500
"1997";"21";"Côte-d'Or";"Tous Logements";3074;2675;305237;251912
"1997";"21";"Côte-d'Or";"Individuel pur";1105;1096;155496;152955
"1997";"21";"Côte-d'Or";"Individuel groupé";176;136;17240;12833
"1997";"21";"Côte-d'Or";"Collectif";1589;1266;110233;84466
"1997";"21";"Côte-d'Or";"Résidence";204;177;1715;1377
"1997";"22";"Côtes-d'Armor";"Tous Logements";3030;2917;431208;322320
"1997";"22";"Côtes-d'Armor";"Individuel pur";1769;1761;238299;235193
"1997";"22";"Côtes-d'Armor";"Individuel groupé";372;382;33075;33725
"1997";"22";"Côtes-d'Armor";"Collectif";882;721;54713;46831
"1997";"22";"Côtes-d'Armor";"Résidence";7;53;662;2788
"1997";"23";"Creuse";"Tous Logements";299;367;50357;44759
"1997";"23";"Creuse";"Individuel pur";239;264;32408;34607
"1997";"23";"Creuse";"Individuel groupé";19;24;1957;2269
"1997";"23";"Creuse";"Collectif";41;74;1695;5199
"1997";"23";"Creuse";"Résidence";0;5;0;313
"1997";"24";"Dordogne";"Tous Logements";1744;1808;255705;221314
"1997";"24";"Dordogne";"Individuel pur";1270;1248;167773;160767
"1997";"24";"Dordogne";"Individuel groupé";208;216;16479;18774
"1997";"24";"Dordogne";"Collectif";261;226;17668;14411
"1997";"24";"Dordogne";"Résidence";5;118;284;10622
"1997";"25";"Doubs";"Tous Logements";2884;2554;332684;289485
"1997";"25";"Doubs";"Individuel pur";1466;1496;207841;212520
"1997";"25";"Doubs";"Individuel groupé";266;195;22674;17189
"1997";"25";"Doubs";"Collectif";1152;863;82077;59689
"1997";"25";"Doubs";"Résidence";0;0;0;0
"1997";"26";"Drôme";"Tous Logements";2210;2102;268764;232529
"1997";"26";"Drôme";"Individuel pur";1459;1462;186206;188310
"1997";"26";"Drôme";"Individuel groupé";182;145;17187;12552
"1997";"26";"Drôme";"Collectif";569;495;40754;29921
"1997";"26";"Drôme";"Résidence";0;0;0;0
"1997";"27";"Eure";"Tous Logements";2391;2185;298516;247799
"1997";"27";"Eure";"Individuel pur";1465;1453;192483;189377
"1997";"27";"Eure";"Individuel groupé";299;237;29561;23726
"1997";"27";"Eure";"Collectif";618;471;44346;34010
"1997";"27";"Eure";"Résidence";9;24;345;531
"1997";"28";"Eure-et-Loir";"Tous Logements";1349;1324;180875;142605
"1997";"28";"Eure-et-Loir";"Individuel pur";791;782;104401;101948
"1997";"28";"Eure-et-Loir";"Individuel groupé";183;144;18600;16357
"1997";"28";"Eure-et-Loir";"Collectif";375;398;25025;21444
"1997";"28";"Eure-et-Loir";"Résidence";0;0;0;0
"1997";"29";"Finistère";"Tous Logements";4935;4813;648333;530075
"1997";"29";"Finistère";"Individuel pur";2884;2845;387546;383087
"1997";"29";"Finistère";"Individuel groupé";661;579;60223;53044
"1997";"29";"Finistère";"Collectif";1296;1257;92386;82181
"1997";"29";"Finistère";"Résidence";94;132;8236;7178
"1997";"2A";"Corse-du-Sud";"Tous Logements";936;820;101440;88068
"1997";"2A";"Corse-du-Sud";"Individuel pur";483;454;59920;59385
"1997";"2A";"Corse-du-Sud";"Individuel groupé";175;86;13540;4294
"1997";"2A";"Corse-du-Sud";"Collectif";278;280;23743;24087
"1997";"2A";"Corse-du-Sud";"Résidence";0;0;0;0
"1997";"2B";"Haute-Corse";"Tous Logements";783;816;96076;82823
"1997";"2B";"Haute-Corse";"Individuel pur";438;439;54558;52847
"1997";"2B";"Haute-Corse";"Individuel groupé";131;14;15416;2006
"1997";"2B";"Haute-Corse";"Collectif";214;351;18427;27381
"1997";"2B";"Haute-Corse";"Résidence";0;12;0;403
"1997";"30";"Gard";"Tous Logements";3867;4024;458217;460400
"1997";"30";"Gard";"Individuel pur";2551;2663;330572;349222
"1997";"30";"Gard";"Individuel groupé";449;447;40007;37607
"1997";"30";"Gard";"Collectif";867;914;62358;70348
"1997";"30";"Gard";"Résidence";0;0;0;0
"1997";"31";"Haute-Garonne";"Tous Logements";10093;8917;961700;862706
"1997";"31";"Haute-Garonne";"Individuel pur";3850;3846;524343;527941
"1997";"31";"Haute-Garonne";"Individuel groupé";1053;928;98013;87567
"1997";"31";"Haute-Garonne";"Collectif";5190;4143;292136;243871
"1997";"31";"Haute-Garonne";"Résidence";0;0;0;0
"1997";"32";"Gers";"Tous Logements";622;631;95407;78869
"1997";"32";"Gers";"Individuel pur";507;540;67111;72278
"1997";"32";"Gers";"Individuel groupé";76;42;6005;3260
"1997";"32";"Gers";"Collectif";39;49;833;1855
"1997";"32";"Gers";"Résidence";0;0;0;0
"1997";"33";"Gironde";"Tous Logements";8620;7587;930336;754692
"1997";"33";"Gironde";"Individuel pur";4170;4052;532513;515475
"1997";"33";"Gironde";"Individuel groupé";1376;936;116243;82931
"1997";"33";"Gironde";"Collectif";2906;2527;180649;150436
"1997";"33";"Gironde";"Résidence";168;72;9788;2795
"1997";"34";"Hérault";"Tous Logements";8719;8243;829576;767119
"1997";"34";"Hérault";"Individuel pur";3882;3870;497719;492487
"1997";"34";"Hérault";"Individuel groupé";899;960;68575;71578
"1997";"34";"Hérault";"Collectif";3932;3413;237737;200393
"1997";"34";"Hérault";"Résidence";6;0;158;0
"1997";"35";"Ille-et-Vilaine";"Tous Logements";5502;6394;714909;657166
"1997";"35";"Ille-et-Vilaine";"Individuel pur";2621;2643;372563;376330
"1997";"35";"Ille-et-Vilaine";"Individuel groupé";744;762;67817;71584
"1997";"35";"Ille-et-Vilaine";"Collectif";2136;2988;158128;202333
"1997";"35";"Ille-et-Vilaine";"Résidence";1;1;38;38
"1997";"36";"Indre";"Tous Logements";845;834;88826;85921
"1997";"36";"Indre";"Individuel pur";387;357;47421;44558
"1997";"36";"Indre";"Individuel groupé";151;165;12585;15562
"1997";"36";"Indre";"Collectif";307;312;20233;23416
"1997";"36";"Indre";"Résidence";0;0;0;0
"1997";"37";"Indre-et-Loire";"Tous Logements";2608;2837;334950;318219
"1997";"37";"Indre-et-Loire";"Individuel pur";1524;1523;218711;215839
"1997";"37";"Indre-et-Loire";"Individuel groupé";310;464;35086;45127
"1997";"37";"Indre-et-Loire";"Collectif";774;850;51390;55804
"1997";"37";"Indre-et-Loire";"Résidence";0;0;0;0
"1997";"38";"Isère";"Tous Logements";5284;5261;588936;538256
"1997";"38";"Isère";"Individuel pur";2768;2897;350316;365170
"1997";"38";"Isère";"Individuel groupé";380;255;40882;24817
"1997";"38";"Isère";"Collectif";2136;2109;151526;146506
"1997";"38";"Isère";"Résidence";0;0;0;0
"1997";"39";"Jura";"Tous Logements";1037;1123;134716;123194
"1997";"39";"Jura";"Individuel pur";734;739;95333;96854
"1997";"39";"Jura";"Individuel groupé";96;91;9269;7225
"1997";"39";"Jura";"Collectif";207;293;10089;18845
"1997";"39";"Jura";"Résidence";0;0;0;0
"1997";"40";"Landes";"Tous Logements";2649;2607;324807;278509
"1997";"40";"Landes";"Individuel pur";1605;1553;209850;204138
"1997";"40";"Landes";"Individuel groupé";465;459;38346;35099
"1997";"40";"Landes";"Collectif";576;592;34463;37860
"1997";"40";"Landes";"Résidence";3;3;236;236
"1997";"41";"Loir-et-Cher";"Tous Logements";1413;1369;174450;164616
"1997";"41";"Loir-et-Cher";"Individuel pur";821;816;120567;120568
"1997";"41";"Loir-et-Cher";"Individuel groupé";225;220;22081;20961
"1997";"41";"Loir-et-Cher";"Collectif";367;333;23714;21184
"1997";"41";"Loir-et-Cher";"Résidence";0;0;0;0
"1997";"42";"Loire";"Tous Logements";2299;2486;320079;267060
"1997";"42";"Loire";"Individuel pur";1569;1583;206636;208268
"1997";"42";"Loire";"Individuel groupé";129;122;13470;12719
"1997";"42";"Loire";"Collectif";601;781;46306;43247
"1997";"42";"Loire";"Résidence";0;0;0;0
"1997";"43";"Haute-Loire";"Tous Logements";1285;1190;204213;180638
"1997";"43";"Haute-Loire";"Individuel pur";1050;1014;172531;163489
"1997";"43";"Haute-Loire";"Individuel groupé";32;29;3140;2181
"1997";"43";"Haute-Loire";"Collectif";198;147;19240;14759
"1997";"43";"Haute-Loire";"Résidence";5;0;97;0
"1997";"44";"Loire-Atlantique";"Tous Logements";8533;7987;877958;781074
"1997";"44";"Loire-Atlantique";"Individuel pur";4084;3958;536419;518063
"1997";"44";"Loire-Atlantique";"Individuel groupé";625;754;61286;73766
"1997";"44";"Loire-Atlantique";"Collectif";3808;3259;210313;179543
"1997";"44";"Loire-Atlantique";"Résidence";16;16;1000;1000
"1997";"45";"Loiret";"Tous Logements";3345;3189;330574;303296
"1997";"45";"Loiret";"Individuel pur";1537;1509;196887;192239
"1997";"45";"Loiret";"Individuel groupé";458;263;41077;26051
"1997";"45";"Loiret";"Collectif";1350;1417;80236;83726
"1997";"45";"Loiret";"Résidence";0;0;0;0
"1997";"46";"Lot";"Tous Logements";1000;902;137654;104237
"1997";"46";"Lot";"Individuel pur";687;691;84748;86646
"1997";"46";"Lot";"Individuel groupé";125;77;11934;7255
"1997";"46";"Lot";"Collectif";188;134;11059;9753
"1997";"46";"Lot";"Résidence";0;0;0;0
"1997";"47";"Lot-et-Garonne";"Tous Logements";1105;1230;141086;132065
"1997";"47";"Lot-et-Garonne";"Individuel pur";785;822;100459;106481
"1997";"47";"Lot-et-Garonne";"Individuel groupé";117;137;6893;9461
"1997";"47";"Lot-et-Garonne";"Collectif";203;252;11781;14604
"1997";"47";"Lot-et-Garonne";"Résidence";0;19;0;814
"1997";"48";"Lozère";"Tous Logements";717;733;82023;69521
"1997";"48";"Lozère";"Individuel pur";344;376;46044;48734
"1997";"48";"Lozère";"Individuel groupé";184;160;10447;9169
"1997";"48";"Lozère";"Collectif";162;170;13568;11081
"1997";"48";"Lozère";"Résidence";27;27;0;0
"1997";"49";"Maine-et-Loire";"Tous Logements";4639;4348;591207;504032
"1997";"49";"Maine-et-Loire";"Individuel pur";1990;2005;286745;288944
"1997";"49";"Maine-et-Loire";"Individuel groupé";626;577;67116;58325
"1997";"49";"Maine-et-Loire";"Collectif";1874;1709;184493;122310
"1997";"49";"Maine-et-Loire";"Résidence";149;57;3906;1878
"1997";"50";"Manche";"Tous Logements";1893;1688;252607;203433
"1997";"50";"Manche";"Individuel pur";1354;1307;177142;171082
"1997";"50";"Manche";"Individuel groupé";333;231;30663;21094
"1997";"50";"Manche";"Collectif";206;150;15354;9932
"1997";"50";"Manche";"Résidence";0;0;0;0
"1997";"51";"Marne";"Tous Logements";2303;2309;255565;237109
"1997";"51";"Marne";"Individuel pur";883;871;130228;130263
"1997";"51";"Marne";"Individuel groupé";282;247;31916;27139
"1997";"51";"Marne";"Collectif";1138;1191;80899;79583
"1997";"51";"Marne";"Résidence";0;0;0;0
"1997";"52";"Haute-Marne";"Tous Logements";342;294;55164;37562
"1997";"52";"Haute-Marne";"Individuel pur";225;218;31882;30590
"1997";"52";"Haute-Marne";"Individuel groupé";56;50;5536;5393
"1997";"52";"Haute-Marne";"Collectif";61;26;4989;1403
"1997";"52";"Haute-Marne";"Résidence";0;0;0;0
"1997";"53";"Mayenne";"Tous Logements";1470;1435;195776;166435
"1997";"53";"Mayenne";"Individuel pur";929;903;122839;121052
"1997";"53";"Mayenne";"Individuel groupé";220;243;21600;21791
"1997";"53";"Mayenne";"Collectif";321;289;21045;18850
"1997";"53";"Mayenne";"Résidence";0;0;0;0
"1997";"54";"Meurthe-et-Moselle";"Tous Logements";2841;3058;345679;331377
"1997";"54";"Meurthe-et-Moselle";"Individuel pur";1216;1136;208422;189360
"1997";"54";"Meurthe-et-Moselle";"Individuel groupé";218;243;30459;32156
"1997";"54";"Meurthe-et-Moselle";"Collectif";1316;1679;85638;97238
"1997";"54";"Meurthe-et-Moselle";"Résidence";91;0;1820;0
"1997";"55";"Meuse";"Tous Logements";516;489;68979;62548
"1997";"55";"Meuse";"Individuel pur";366;319;55012;48733
"1997";"55";"Meuse";"Individuel groupé";34;53;2615;4020
"1997";"55";"Meuse";"Collectif";116;117;7772;8639
"1997";"55";"Meuse";"Résidence";0;0;0;0
"1997";"56";"Morbihan";"Tous Logements";5277;4995;658206;544394
"1997";"56";"Morbihan";"Individuel pur";2835;2801;386796;382783
"1997";"56";"Morbihan";"Individuel groupé";575;559;52843;50355
"1997";"56";"Morbihan";"Collectif";1656;1537;111664;98773
"1997";"56";"Morbihan";"Résidence";211;98;12106;6632
"1997";"57";"Moselle";"Tous Logements";4500;4589;610498;538641
"1997";"57";"Moselle";"Individuel pur";2346;2227;402065;378604
"1997";"57";"Moselle";"Individuel groupé";207;180;26720;21119
"1997";"57";"Moselle";"Collectif";1947;2090;144228;131204
"1997";"57";"Moselle";"Résidence";0;92;0;2469
"1997";"58";"Nièvre";"Tous Logements";532;486;72444;57280
"1997";"58";"Nièvre";"Individuel pur";339;341;45206;46268
"1997";"58";"Nièvre";"Individuel groupé";79;80;7074;6655
"1997";"58";"Nièvre";"Collectif";114;65;6667;4150
"1997";"58";"Nièvre";"Résidence";0;0;0;0
"1997";"59";"Nord";"Tous Logements";7660;8249;729106;738349
"1997";"59";"Nord";"Individuel pur";2724;2675;387688;381363
"1997";"59";"Nord";"Individuel groupé";1309;1537;118778;146173
"1997";"59";"Nord";"Collectif";3606;3946;200720;207700
"1997";"59";"Nord";"Résidence";21;91;889;2320
"1997";"60";"Oise";"Tous Logements";2566;2396;352557;318942
"1997";"60";"Oise";"Individuel pur";1336;1411;173095;181172
"1997";"60";"Oise";"Individuel groupé";348;315;34693;30786
"1997";"60";"Oise";"Collectif";882;670;59173;45071
"1997";"60";"Oise";"Résidence";0;0;0;0
"1997";"61";"Orne";"Tous Logements";860;959;112264;101771
"1997";"61";"Orne";"Individuel pur";538;572;67226;72818
"1997";"61";"Orne";"Individuel groupé";161;129;14394;11390
"1997";"61";"Orne";"Collectif";155;258;12209;17286
"1997";"61";"Orne";"Résidence";6;0;595;0
"1997";"62";"Pas-de-Calais";"Tous Logements";4688;4956;576461;530863
"1997";"62";"Pas-de-Calais";"Individuel pur";2396;2481;353189;367315
"1997";"62";"Pas-de-Calais";"Individuel groupé";731;702;58336;58918
"1997";"62";"Pas-de-Calais";"Collectif";1561;1773;101661;102132
"1997";"62";"Pas-de-Calais";"Résidence";0;0;0;0
"1997";"63";"Puy-de-Dôme";"Tous Logements";3158;2845;374324;329955
"1997";"63";"Puy-de-Dôme";"Individuel pur";1704;1666;228828;226482
"1997";"63";"Puy-de-Dôme";"Individuel groupé";375;195;41538;18996
"1997";"63";"Puy-de-Dôme";"Collectif";1078;952;84291;79580
"1997";"63";"Puy-de-Dôme";"Résidence";1;32;2361;4386
"1997";"64";"Pyrénées-Atlantiques";"Tous Logements";3584;4195;424527;426159
"1997";"64";"Pyrénées-Atlantiques";"Individuel pur";1854;1809;273467;268452
"1997";"64";"Pyrénées-Atlantiques";"Individuel groupé";190;273;19941;27649
"1997";"64";"Pyrénées-Atlantiques";"Collectif";1368;1816;86344;117522
"1997";"64";"Pyrénées-Atlantiques";"Résidence";172;297;10687;11521
"1997";"65";"Hautes-Pyrénées";"Tous Logements";1039;831;117948;85890
"1997";"65";"Hautes-Pyrénées";"Individuel pur";523;553;70135;71810
"1997";"65";"Hautes-Pyrénées";"Individuel groupé";93;83;6574;6000
"1997";"65";"Hautes-Pyrénées";"Collectif";423;195;16330;7270
"1997";"65";"Hautes-Pyrénées";"Résidence";0;0;0;0
"1997";"66";"Pyrénées-Orientales";"Tous Logements";2894;3128;287314;304218
"1997";"66";"Pyrénées-Orientales";"Individuel pur";1609;1668;198520;206099
"1997";"66";"Pyrénées-Orientales";"Individuel groupé";479;528;34545;46089
"1997";"66";"Pyrénées-Orientales";"Collectif";731;932;42348;51428
"1997";"66";"Pyrénées-Orientales";"Résidence";75;0;3313;0
"1997";"67";"Bas-Rhin";"Tous Logements";6721;7479;786171;803640
"1997";"67";"Bas-Rhin";"Individuel pur";2407;2432;428771;439397
"1997";"67";"Bas-Rhin";"Individuel groupé";202;183;22859;19607
"1997";"67";"Bas-Rhin";"Collectif";4112;4864;300013;342567
"1997";"67";"Bas-Rhin";"Résidence";0;0;0;0
"1997";"68";"Haut-Rhin";"Tous Logements";4309;4174;556984;532524
"1997";"68";"Haut-Rhin";"Individuel pur";2052;2088;357413;361483
"1997";"68";"Haut-Rhin";"Individuel groupé";250;229;24910;23935
"1997";"68";"Haut-Rhin";"Collectif";2007;1857;151031;146802
"1997";"68";"Haut-Rhin";"Résidence";0;0;0;0
"1997";"69";"Rhône";"Tous Logements";9886;8985;892545;797304
"1997";"69";"Rhône";"Individuel pur";2313;2327;320588;326688
"1997";"69";"Rhône";"Individuel groupé";526;611;58389;66388
"1997";"69";"Rhône";"Collectif";6058;5402;460025;383830
"1997";"69";"Rhône";"Résidence";989;645;31391;18335
"1997";"70";"Haute-Saône";"Tous Logements";1120;1076;146578;130046
"1997";"70";"Haute-Saône";"Individuel pur";631;629;93447;94621
"1997";"70";"Haute-Saône";"Individuel groupé";179;210;18031;19853
"1997";"70";"Haute-Saône";"Collectif";310;237;19157;14830
"1997";"70";"Haute-Saône";"Résidence";0;0;0;0
"1997";"71";"Saône-et-Loire";"Tous Logements";2074;1882;259184;209937
"1997";"71";"Saône-et-Loire";"Individuel pur";1314;1337;163345;165671
"1997";"71";"Saône-et-Loire";"Individuel groupé";175;198;16802;19114
"1997";"71";"Saône-et-Loire";"Collectif";585;347;39908;24993
"1997";"71";"Saône-et-Loire";"Résidence";0;0;0;0
"1997";"72";"Sarthe";"Tous Logements";2734;2472;301052;269453
"1997";"72";"Sarthe";"Individuel pur";1479;1436;200039;195120
"1997";"72";"Sarthe";"Individuel groupé";265;272;24282;25476
"1997";"72";"Sarthe";"Collectif";966;764;51858;43973
"1997";"72";"Sarthe";"Résidence";24;0;480;0
"1997";"73";"Savoie";"Tous Logements";3336;3378;319200;310986
"1997";"73";"Savoie";"Individuel pur";1186;1146;159017;154192
"1997";"73";"Savoie";"Individuel groupé";287;303;26778;28129
"1997";"73";"Savoie";"Collectif";1752;1929;110625;124308
"1997";"73";"Savoie";"Résidence";111;0;2737;0
"1997";"74";"Haute-Savoie";"Tous Logements";5020;5101;544887;510459
"1997";"74";"Haute-Savoie";"Individuel pur";2188;2122;305714;295749
"1997";"74";"Haute-Savoie";"Individuel groupé";386;391;37981;39392
"1997";"74";"Haute-Savoie";"Collectif";2446;2588;173402;173908
"1997";"74";"Haute-Savoie";"Résidence";0;0;0;0
"1997";"75";"Paris";"Tous Logements";5411;5342;290824;291592
"1997";"75";"Paris";"Individuel pur";247;172;2059;1319
"1997";"75";"Paris";"Individuel groupé";18;21;1666;2688
"1997";"75";"Paris";"Collectif";4746;4917;279357;283992
"1997";"75";"Paris";"Résidence";400;232;7390;3593
"1997";"76";"Seine-Maritime";"Tous Logements";4557;4729;522121;440721
"1997";"76";"Seine-Maritime";"Individuel pur";2045;2121;273052;285106
"1997";"76";"Seine-Maritime";"Individuel groupé";429;569;41004;56078
"1997";"76";"Seine-Maritime";"Collectif";2071;1603;149951;86202
"1997";"76";"Seine-Maritime";"Résidence";12;436;1469;11839
"1997";"77";"Seine-et-Marne";"Tous Logements";6395;6139;660903;611916
"1997";"77";"Seine-et-Marne";"Individuel pur";2286;2157;302358;283318
"1997";"77";"Seine-et-Marne";"Individuel groupé";1584;1293;178966;149027
"1997";"77";"Seine-et-Marne";"Collectif";2525;2689;165308;178390
"1997";"77";"Seine-et-Marne";"Résidence";0;0;0;0
"1997";"78";"Yvelines";"Tous Logements";5000;4439;531493;420719
"1997";"78";"Yvelines";"Individuel pur";1495;1406;224127;206840
"1997";"78";"Yvelines";"Individuel groupé";544;450;62783;48068
"1997";"78";"Yvelines";"Collectif";2946;2431;207922;160682
"1997";"78";"Yvelines";"Résidence";15;152;977;4418
"1997";"79";"Deux-Sèvres";"Tous Logements";1650;1562;214042;168978
"1997";"79";"Deux-Sèvres";"Individuel pur";1063;1020;141659;133596
"1997";"79";"Deux-Sèvres";"Individuel groupé";302;378;24484;29336
"1997";"79";"Deux-Sèvres";"Collectif";273;154;14958;4677
"1997";"79";"Deux-Sèvres";"Résidence";12;10;842;674
"1997";"80";"Somme";"Tous Logements";1458;2036;184278;195309
"1997";"80";"Somme";"Individuel pur";871;925;121473;128103
"1997";"80";"Somme";"Individuel groupé";187;206;16132;15775
"1997";"80";"Somme";"Collectif";400;895;19969;48907
"1997";"80";"Somme";"Résidence";0;10;0;1179
"1997";"81";"Tarn";"Tous Logements";1571;1535;200691;175677
"1997";"81";"Tarn";"Individuel pur";1225;1223;157045;154724
"1997";"81";"Tarn";"Individuel groupé";106;105;8244;7860
"1997";"81";"Tarn";"Collectif";233;207;13022;12118
"1997";"81";"Tarn";"Résidence";7;0;1044;0
"1997";"82";"Tarn-et-Garonne";"Tous Logements";996;937;143977;109903
"1997";"82";"Tarn-et-Garonne";"Individuel pur";790;764;100492;96715
"1997";"82";"Tarn-et-Garonne";"Individuel groupé";68;44;6703;3683
"1997";"82";"Tarn-et-Garonne";"Collectif";128;129;9040;8337
"1997";"82";"Tarn-et-Garonne";"Résidence";10;0;300;0
"1997";"83";"Var";"Tous Logements";5758;6116;609694;614785
"1997";"83";"Var";"Individuel pur";2931;3068;383273;396453
"1997";"83";"Var";"Individuel groupé";1453;1349;95110;80836
"1997";"83";"Var";"Collectif";1374;1699;95899;130149
"1997";"83";"Var";"Résidence";0;0;0;0
"1997";"84";"Vaucluse";"Tous Logements";2390;2355;292076;257091
"1997";"84";"Vaucluse";"Individuel pur";1657;1576;219634;212629
"1997";"84";"Vaucluse";"Individuel groupé";217;143;19536;12962
"1997";"84";"Vaucluse";"Collectif";516;636;28954;31256
"1997";"84";"Vaucluse";"Résidence";0;0;0;0
"1997";"85";"Vendée";"Tous Logements";4047;4297;511085;474070
"1997";"85";"Vendée";"Individuel pur";3282;3216;386609;382507
"1997";"85";"Vendée";"Individuel groupé";382;454;31557;35531
"1997";"85";"Vendée";"Collectif";351;627;21156;35515
"1997";"85";"Vendée";"Résidence";32;0;1317;0
"1997";"86";"Vienne";"Tous Logements";2292;2237;258898;229771
"1997";"86";"Vienne";"Individuel pur";995;1027;139057;141948
"1997";"86";"Vienne";"Individuel groupé";457;729;39807;63437
"1997";"86";"Vienne";"Collectif";550;445;33206;21325
"1997";"86";"Vienne";"Résidence";290;36;7952;1588
"1997";"87";"Haute-Vienne";"Tous Logements";1692;1578;190455;175074
"1997";"87";"Haute-Vienne";"Individuel pur";968;995;127010;131441
"1997";"87";"Haute-Vienne";"Individuel groupé";105;162;9493;17897
"1997";"87";"Haute-Vienne";"Collectif";619;413;36684;25074
"1997";"87";"Haute-Vienne";"Résidence";0;8;0;332
"1997";"88";"Vosges";"Tous Logements";1474;1491;182474;164927
"1997";"88";"Vosges";"Individuel pur";909;864;132930;127850
"1997";"88";"Vosges";"Individuel groupé";139;160;10566;11495
"1997";"88";"Vosges";"Collectif";426;467;20286;18650
"1997";"88";"Vosges";"Résidence";0;0;0;0
"1997";"89";"Yonne";"Tous Logements";1079;947;154295;105316
"1997";"89";"Yonne";"Individuel pur";598;580;84507;82179
"1997";"89";"Yonne";"Individuel groupé";205;153;15969;12282
"1997";"89";"Yonne";"Collectif";276;214;14468;10462
"1997";"89";"Yonne";"Résidence";0;0;0;0
"1997";"90";"Territoire de Belfort";"Tous Logements";876;626;97945;70231
"1997";"90";"Territoire de Belfort";"Individuel pur";325;317;51732;51788
"1997";"90";"Territoire de Belfort";"Individuel groupé";93;26;10114;1745
"1997";"90";"Territoire de Belfort";"Collectif";458;283;33221;16692
"1997";"90";"Territoire de Belfort";"Résidence";0;0;0;0
"1997";"91";"Essonne";"Tous Logements";4364;3975;445477;387415
"1997";"91";"Essonne";"Individuel pur";1401;1358;187240;182365
"1997";"91";"Essonne";"Individuel groupé";843;694;97665;77476
"1997";"91";"Essonne";"Collectif";2119;1922;141497;126490
"1997";"91";"Essonne";"Résidence";1;1;223;223
"1997";"92";"Hauts-de-Seine";"Tous Logements";7304;7178;561710;542540
"1997";"92";"Hauts-de-Seine";"Individuel pur";171;156;28900;26620
"1997";"92";"Hauts-de-Seine";"Individuel groupé";72;82;9469;10884
"1997";"92";"Hauts-de-Seine";"Collectif";7032;6940;493398;505036
"1997";"92";"Hauts-de-Seine";"Résidence";29;0;2284;0
"1997";"93";"Seine-Saint-Denis";"Tous Logements";3090;3518;248136;279198
"1997";"93";"Seine-Saint-Denis";"Individuel pur";442;418;55955;53540
"1997";"93";"Seine-Saint-Denis";"Individuel groupé";311;231;29882;22612
"1997";"93";"Seine-Saint-Denis";"Collectif";2200;2869;150060;202761
"1997";"93";"Seine-Saint-Denis";"Résidence";137;0;3775;0
"1997";"94";"Val-de-Marne";"Tous Logements";5148;5330;372411;386849
"1997";"94";"Val-de-Marne";"Individuel pur";430;404;57883;57048
"1997";"94";"Val-de-Marne";"Individuel groupé";181;146;18532;16856
"1997";"94";"Val-de-Marne";"Collectif";3808;4349;248010;296924
"1997";"94";"Val-de-Marne";"Résidence";729;431;28902;15782
"1997";"95";"Val-d'Oise";"Tous Logements";3267;3070;323843;234179
"1997";"95";"Val-d'Oise";"Individuel pur";1033;289;137989;39603
"1997";"95";"Val-d'Oise";"Individuel groupé";386;548;40749;54583
"1997";"95";"Val-d'Oise";"Collectif";1848;2233;120509;139993
"1997";"95";"Val-d'Oise";"Résidence";0;0;0;0
"1997";"971";"Guadeloupe";"Tous Logements";250;120;47735;8217
"1997";"971";"Guadeloupe";"Individuel pur";46;13;5110;1526
"1997";"971";"Guadeloupe";"Individuel groupé";21;5;1426;251
"1997";"971";"Guadeloupe";"Collectif";183;102;12202;6440
"1997";"971";"Guadeloupe";"Résidence";0;0;0;0
"1997";"972";"Martinique";"Tous Logements";188;93;17562;8764
"1997";"972";"Martinique";"Individuel pur";85;68;9599;7011
"1997";"972";"Martinique";"Individuel groupé";16;10;1807;1165
"1997";"972";"Martinique";"Collectif";76;5;5705;360
"1997";"972";"Martinique";"Résidence";11;10;236;228
"1997";"973";"Guyane";"Tous Logements";1001;890;87684;80695
"1997";"973";"Guyane";"Individuel pur";283;253;27029;24315
"1997";"973";"Guyane";"Individuel groupé";472;250;36164;20161
"1997";"973";"Guyane";"Collectif";234;387;21242;35258
"1997";"973";"Guyane";"Résidence";12;0;856;0
"1997";"974";"La Réunion";"Tous Logements";10039;6158;830572;465876
"1997";"974";"La Réunion";"Individuel pur";3875;2271;375093;222385
"1997";"974";"La Réunion";"Individuel groupé";1957;1170;157310;82192
"1997";"974";"La Réunion";"Collectif";4186;2634;265036;155785
"1997";"974";"La Réunion";"Résidence";21;83;421;4160
"1996";"01";"Ain";"Tous Logements";2914;2914;379106;327540
"1996";"01";"Ain";"Individuel pur";2044;1975;264761;256902
"1996";"01";"Ain";"Individuel groupé";323;298;31089;29312
"1996";"01";"Ain";"Collectif";547;641;42950;40389
"1996";"01";"Ain";"Résidence";0;0;0;0
"1996";"02";"Aisne";"Tous Logements";945;981;143223;120338
"1996";"02";"Aisne";"Individuel pur";549;506;83617;79685
"1996";"02";"Aisne";"Individuel groupé";102;120;10637;13576
"1996";"02";"Aisne";"Collectif";294;353;15598;26341
"1996";"02";"Aisne";"Résidence";0;2;0;160
"1996";"03";"Allier";"Tous Logements";952;781;144656;98873
"1996";"03";"Allier";"Individuel pur";625;578;90577;84201
"1996";"03";"Allier";"Individuel groupé";131;56;12820;5200
"1996";"03";"Allier";"Collectif";196;147;14146;8993
"1996";"03";"Allier";"Résidence";0;0;0;0
"1996";"04";"Alpes-de-Haute-Provence";"Tous Logements";774;898;91061;91529
"1996";"04";"Alpes-de-Haute-Provence";"Individuel pur";510;525;61691;62921
"1996";"04";"Alpes-de-Haute-Provence";"Individuel groupé";132;98;13073;9408
"1996";"04";"Alpes-de-Haute-Provence";"Collectif";132;275;8017;18928
"1996";"04";"Alpes-de-Haute-Provence";"Résidence";0;0;0;0
"1996";"05";"Hautes-Alpes";"Tous Logements";900;1073;97391;102864
"1996";"05";"Hautes-Alpes";"Individuel pur";548;603;70226;75865
"1996";"05";"Hautes-Alpes";"Individuel groupé";75;54;5472;3911
"1996";"05";"Hautes-Alpes";"Collectif";277;416;16189;23088
"1996";"05";"Hautes-Alpes";"Résidence";0;0;0;0
"1996";"06";"Alpes-Maritimes";"Tous Logements";5288;4115;458998;343581
"1996";"06";"Alpes-Maritimes";"Individuel pur";689;626;105683;95314
"1996";"06";"Alpes-Maritimes";"Individuel groupé";850;545;88013;52928
"1996";"06";"Alpes-Maritimes";"Collectif";3749;2944;244699;194282
"1996";"06";"Alpes-Maritimes";"Résidence";0;0;0;0
"1996";"07";"Ardèche";"Tous Logements";1469;1354;190482;155616
"1996";"07";"Ardèche";"Individuel pur";1139;1066;148496;137534
"1996";"07";"Ardèche";"Individuel groupé";82;42;7369;3501
"1996";"07";"Ardèche";"Collectif";248;246;18001;14439
"1996";"07";"Ardèche";"Résidence";0;0;0;0
"1996";"08";"Ardennes";"Tous Logements";675;599;99039;71443
"1996";"08";"Ardennes";"Individuel pur";401;357;59044;53710
"1996";"08";"Ardennes";"Individuel groupé";143;76;17404;7370
"1996";"08";"Ardennes";"Collectif";131;166;7850;10318
"1996";"08";"Ardennes";"Résidence";0;0;0;0
"1996";"09";"Ariège";"Tous Logements";619;572;81187;65722
"1996";"09";"Ariège";"Individuel pur";493;479;61818;58753
"1996";"09";"Ariège";"Individuel groupé";37;40;2447;2944
"1996";"09";"Ariège";"Collectif";89;53;5106;3949
"1996";"09";"Ariège";"Résidence";0;0;0;0
"1996";"10";"Aube";"Tous Logements";826;970;108686;101394
"1996";"10";"Aube";"Individuel pur";461;444;64722;63884
"1996";"10";"Aube";"Individuel groupé";95;119;8730;12578
"1996";"10";"Aube";"Collectif";267;407;11547;24809
"1996";"10";"Aube";"Résidence";3;0;0;0
"1996";"11";"Aude";"Tous Logements";2017;2376;212480;206898
"1996";"11";"Aude";"Individuel pur";1175;1167;142763;142325
"1996";"11";"Aude";"Individuel groupé";567;661;35234;36127
"1996";"11";"Aude";"Collectif";275;548;17967;27738
"1996";"11";"Aude";"Résidence";0;0;0;0
"1996";"12";"Aveyron";"Tous Logements";1205;1232;168945;139626
"1996";"12";"Aveyron";"Individuel pur";790;784;110096;107857
"1996";"12";"Aveyron";"Individuel groupé";100;107;7256;8253
"1996";"12";"Aveyron";"Collectif";315;341;20045;22810
"1996";"12";"Aveyron";"Résidence";0;0;0;0
"1996";"13";"Bouches-du-Rhône";"Tous Logements";6992;6938;704212;665367
"1996";"13";"Bouches-du-Rhône";"Individuel pur";3168;3165;407258;406704
"1996";"13";"Bouches-du-Rhône";"Individuel groupé";786;608;72499;56786
"1996";"13";"Bouches-du-Rhône";"Collectif";3038;3165;210801;201350
"1996";"13";"Bouches-du-Rhône";"Résidence";0;0;0;0
"1996";"14";"Calvados";"Tous Logements";3263;3259;361949;326926
"1996";"14";"Calvados";"Individuel pur";1442;1432;196233;191934
"1996";"14";"Calvados";"Individuel groupé";749;684;75794;66431
"1996";"14";"Calvados";"Collectif";1072;1141;69523;67779
"1996";"14";"Calvados";"Résidence";0;2;0;203
"1996";"15";"Cantal";"Tous Logements";615;607;75012;66843
"1996";"15";"Cantal";"Individuel pur";411;402;53712;52358
"1996";"15";"Cantal";"Individuel groupé";47;71;3923;6007
"1996";"15";"Cantal";"Collectif";147;124;9782;7927
"1996";"15";"Cantal";"Résidence";10;10;432;432
"1996";"16";"Charente";"Tous Logements";1203;1050;155776;117332
"1996";"16";"Charente";"Individuel pur";724;674;100217;92319
"1996";"16";"Charente";"Individuel groupé";140;123;10260;7749
"1996";"16";"Charente";"Collectif";339;253;23387;15744
"1996";"16";"Charente";"Résidence";0;0;0;0
"1996";"17";"Charente-Maritime";"Tous Logements";4497;4223;474340;411390
"1996";"17";"Charente-Maritime";"Individuel pur";2521;2349;304278;283319
"1996";"17";"Charente-Maritime";"Individuel groupé";435;470;34078;41287
"1996";"17";"Charente-Maritime";"Collectif";1357;1237;72584;72918
"1996";"17";"Charente-Maritime";"Résidence";184;167;14003;12786
"1996";"18";"Cher";"Tous Logements";855;743;108753;81176
"1996";"18";"Cher";"Individuel pur";527;488;72255;67084
"1996";"18";"Cher";"Individuel groupé";68;53;5690;4020
"1996";"18";"Cher";"Collectif";260;202;13613;9531
"1996";"18";"Cher";"Résidence";0;0;0;0
"1996";"19";"Corrèze";"Tous Logements";1084;1007;143526;121694
"1996";"19";"Corrèze";"Individuel pur";687;614;97310;87033
"1996";"19";"Corrèze";"Individuel groupé";100;31;10957;3261
"1996";"19";"Corrèze";"Collectif";297;362;23789;30377
"1996";"19";"Corrèze";"Résidence";0;0;0;0
"1996";"21";"Côte-d'Or";"Tous Logements";2574;2508;259858;221936
"1996";"21";"Côte-d'Or";"Individuel pur";1030;960;136832;128048
"1996";"21";"Côte-d'Or";"Individuel groupé";95;126;10444;14740
"1996";"21";"Côte-d'Or";"Collectif";1397;1365;88072;78820
"1996";"21";"Côte-d'Or";"Résidence";52;57;1202;290
"1996";"22";"Côtes-d'Armor";"Tous Logements";2867;2642;438029;306536
"1996";"22";"Côtes-d'Armor";"Individuel pur";1799;1751;241949;235300
"1996";"22";"Côtes-d'Armor";"Individuel groupé";398;376;32954;32493
"1996";"22";"Côtes-d'Armor";"Collectif";593;508;42505;37627
"1996";"22";"Côtes-d'Armor";"Résidence";77;7;4014;711
"1996";"23";"Creuse";"Tous Logements";546;482;72160;46261
"1996";"23";"Creuse";"Individuel pur";304;255;40621;34838
"1996";"23";"Creuse";"Individuel groupé";30;35;2668;3459
"1996";"23";"Creuse";"Collectif";207;192;12173;7730
"1996";"23";"Creuse";"Résidence";5;0;313;0
"1996";"24";"Dordogne";"Tous Logements";1517;1394;231313;170432
"1996";"24";"Dordogne";"Individuel pur";1154;1110;150634;145035
"1996";"24";"Dordogne";"Individuel groupé";223;128;18874;10768
"1996";"24";"Dordogne";"Collectif";132;152;8051;9889
"1996";"24";"Dordogne";"Résidence";8;4;180;0
"1996";"25";"Doubs";"Tous Logements";2698;2926;307675;292626
"1996";"25";"Doubs";"Individuel pur";1481;1414;213747;205519
"1996";"25";"Doubs";"Individuel groupé";158;216;13009;18478
"1996";"25";"Doubs";"Collectif";1044;1281;62460;68408
"1996";"25";"Doubs";"Résidence";15;15;221;221
"1996";"26";"Drôme";"Tous Logements";2249;2242;260556;239073
"1996";"26";"Drôme";"Individuel pur";1433;1345;184232;176182
"1996";"26";"Drôme";"Individuel groupé";214;208;20791;19831
"1996";"26";"Drôme";"Collectif";602;689;32390;42287
"1996";"26";"Drôme";"Résidence";0;0;0;0
"1996";"27";"Eure";"Tous Logements";2350;2432;282630;254471
"1996";"27";"Eure";"Individuel pur";1403;1346;181165;175492
"1996";"27";"Eure";"Individuel groupé";267;213;25465;18898
"1996";"27";"Eure";"Collectif";622;873;41006;59990
"1996";"27";"Eure";"Résidence";58;0;2766;0
"1996";"28";"Eure-et-Loir";"Tous Logements";1152;1232;152227;140467
"1996";"28";"Eure-et-Loir";"Individuel pur";732;744;94828;97609
"1996";"28";"Eure-et-Loir";"Individuel groupé";109;171;12340;17415
"1996";"28";"Eure-et-Loir";"Collectif";311;317;23627;25009
"1996";"28";"Eure-et-Loir";"Résidence";0;0;0;0
"1996";"29";"Finistère";"Tous Logements";4533;3922;612952;449409
"1996";"29";"Finistère";"Individuel pur";2798;2576;378100;351447
"1996";"29";"Finistère";"Individuel groupé";536;361;50669;32461
"1996";"29";"Finistère";"Collectif";1108;934;75184;60010
"1996";"29";"Finistère";"Résidence";91;51;4728;3496
"1996";"2A";"Corse-du-Sud";"Tous Logements";1430;675;145129;76420
"1996";"2A";"Corse-du-Sud";"Individuel pur";508;414;67186;54484
"1996";"2A";"Corse-du-Sud";"Individuel groupé";188;75;13610;4580
"1996";"2A";"Corse-du-Sud";"Collectif";734;186;58106;17284
"1996";"2A";"Corse-du-Sud";"Résidence";0;0;0;0
"1996";"2B";"Haute-Corse";"Tous Logements";1131;778;106599;80251
"1996";"2B";"Haute-Corse";"Individuel pur";493;389;61534;50058
"1996";"2B";"Haute-Corse";"Individuel groupé";44;59;5162;5052
"1996";"2B";"Haute-Corse";"Collectif";594;316;34021;23966
"1996";"2B";"Haute-Corse";"Résidence";0;14;0;730
"1996";"30";"Gard";"Tous Logements";3823;3804;457773;405920
"1996";"30";"Gard";"Individuel pur";2504;2319;326614;300519
"1996";"30";"Gard";"Individuel groupé";424;310;31683;21172
"1996";"30";"Gard";"Collectif";895;1175;67187;81890
"1996";"30";"Gard";"Résidence";0;0;0;0
"1996";"31";"Haute-Garonne";"Tous Logements";7902;7639;853351;769913
"1996";"31";"Haute-Garonne";"Individuel pur";3846;3572;531042;488804
"1996";"31";"Haute-Garonne";"Individuel groupé";588;437;56351;40695
"1996";"31";"Haute-Garonne";"Collectif";3468;3630;214336;239631
"1996";"31";"Haute-Garonne";"Résidence";0;0;0;0
"1996";"32";"Gers";"Tous Logements";684;653;103843;74420
"1996";"32";"Gers";"Individuel pur";507;466;66983;59988
"1996";"32";"Gers";"Individuel groupé";60;72;4798;5333
"1996";"32";"Gers";"Collectif";117;115;7603;8487
"1996";"32";"Gers";"Résidence";0;0;0;0
"1996";"33";"Gironde";"Tous Logements";7435;6538;837454;657903
"1996";"33";"Gironde";"Individuel pur";3964;3666;498913;458494
"1996";"33";"Gironde";"Individuel groupé";830;756;74224;68701
"1996";"33";"Gironde";"Collectif";2618;2036;164109;126342
"1996";"33";"Gironde";"Résidence";23;80;1322;3256
"1996";"34";"Hérault";"Tous Logements";7056;6983;661734;637953
"1996";"34";"Hérault";"Individuel pur";3187;3208;403832;412764
"1996";"34";"Hérault";"Individuel groupé";806;458;67204;39016
"1996";"34";"Hérault";"Collectif";3058;3317;167043;185086
"1996";"34";"Hérault";"Résidence";5;0;141;0
"1996";"35";"Ille-et-Vilaine";"Tous Logements";6670;7255;815481;696678
"1996";"35";"Ille-et-Vilaine";"Individuel pur";2737;2652;396482;384462
"1996";"35";"Ille-et-Vilaine";"Individuel groupé";651;555;61334;55405
"1996";"35";"Ille-et-Vilaine";"Collectif";3282;4011;216381;249864
"1996";"35";"Ille-et-Vilaine";"Résidence";0;37;0;3949
"1996";"36";"Indre";"Tous Logements";556;707;70185;72919
"1996";"36";"Indre";"Individuel pur";357;355;47290;47190
"1996";"36";"Indre";"Individuel groupé";128;174;12349;14880
"1996";"36";"Indre";"Collectif";71;178;4042;9472
"1996";"36";"Indre";"Résidence";0;0;0;0
"1996";"37";"Indre-et-Loire";"Tous Logements";2608;3321;308630;316772
"1996";"37";"Indre-et-Loire";"Individuel pur";1320;1260;189231;182732
"1996";"37";"Indre-et-Loire";"Individuel groupé";353;350;30561;40239
"1996";"37";"Indre-et-Loire";"Collectif";935;1619;57212;87686
"1996";"37";"Indre-et-Loire";"Résidence";0;92;0;3489
"1996";"38";"Isère";"Tous Logements";5000;4474;543528;465118
"1996";"38";"Isère";"Individuel pur";2857;2698;356567;336491
"1996";"38";"Isère";"Individuel groupé";314;362;31317;36938
"1996";"38";"Isère";"Collectif";1829;1414;118807;90535
"1996";"38";"Isère";"Résidence";0;0;0;0
"1996";"39";"Jura";"Tous Logements";1156;1055;144563;112130
"1996";"39";"Jura";"Individuel pur";750;696;97049;89828
"1996";"39";"Jura";"Individuel groupé";99;111;6245;8271
"1996";"39";"Jura";"Collectif";307;248;17780;13535
"1996";"39";"Jura";"Résidence";0;0;0;0
"1996";"40";"Landes";"Tous Logements";2334;2074;278272;215508
"1996";"40";"Landes";"Individuel pur";1336;1306;175488;167024
"1996";"40";"Landes";"Individuel groupé";363;278;27013;17549
"1996";"40";"Landes";"Collectif";575;435;36480;26166
"1996";"40";"Landes";"Résidence";60;55;3481;4191
"1996";"41";"Loir-et-Cher";"Tous Logements";1219;1168;157022;143560
"1996";"41";"Loir-et-Cher";"Individuel pur";751;755;107513;107917
"1996";"41";"Loir-et-Cher";"Individuel groupé";188;148;17190;13736
"1996";"41";"Loir-et-Cher";"Collectif";280;253;24194;20164
"1996";"41";"Loir-et-Cher";"Résidence";0;12;0;68
"1996";"42";"Loire";"Tous Logements";2907;2932;344986;313854
"1996";"42";"Loire";"Individuel pur";1568;1509;209235;202029
"1996";"42";"Loire";"Individuel groupé";213;187;22164;19446
"1996";"42";"Loire";"Collectif";1122;1222;73715;89825
"1996";"42";"Loire";"Résidence";4;14;0;1604
"1996";"43";"Haute-Loire";"Tous Logements";982;989;151280;140871
"1996";"43";"Haute-Loire";"Individuel pur";862;847;134354;128857
"1996";"43";"Haute-Loire";"Individuel groupé";29;37;2932;4425
"1996";"43";"Haute-Loire";"Collectif";91;102;6288;7191
"1996";"43";"Haute-Loire";"Résidence";0;3;0;296
"1996";"44";"Loire-Atlantique";"Tous Logements";7658;7686;865013;773505
"1996";"44";"Loire-Atlantique";"Individuel pur";3976;4010;530408;539206
"1996";"44";"Loire-Atlantique";"Individuel groupé";665;468;68708;46565
"1996";"44";"Loire-Atlantique";"Collectif";2997;3188;182216;179133
"1996";"44";"Loire-Atlantique";"Résidence";20;20;500;500
"1996";"45";"Loiret";"Tous Logements";3594;3238;335194;322570
"1996";"45";"Loiret";"Individuel pur";1503;1440;194824;189714
"1996";"45";"Loiret";"Individuel groupé";264;432;22984;43927
"1996";"45";"Loiret";"Collectif";1827;1366;106526;88269
"1996";"45";"Loiret";"Résidence";0;0;0;0
"1996";"46";"Lot";"Tous Logements";1050;1048;145338;108940
"1996";"46";"Lot";"Individuel pur";764;731;92934;85612
"1996";"46";"Lot";"Individuel groupé";165;180;14575;15094
"1996";"46";"Lot";"Collectif";121;137;7373;7947
"1996";"46";"Lot";"Résidence";0;0;0;0
"1996";"47";"Lot-et-Garonne";"Tous Logements";1255;955;155042;102413
"1996";"47";"Lot-et-Garonne";"Individuel pur";774;661;100302;83692
"1996";"47";"Lot-et-Garonne";"Individuel groupé";240;176;16920;10759
"1996";"47";"Lot-et-Garonne";"Collectif";222;118;13854;7338
"1996";"47";"Lot-et-Garonne";"Résidence";19;0;814;0
"1996";"48";"Lozère";"Tous Logements";718;610;75518;61997
"1996";"48";"Lozère";"Individuel pur";428;385;54202;49075
"1996";"48";"Lozère";"Individuel groupé";113;112;6854;7745
"1996";"48";"Lozère";"Collectif";151;87;7421;4682
"1996";"48";"Lozère";"Résidence";26;26;490;490
"1996";"49";"Maine-et-Loire";"Tous Logements";3889;4203;495268;463300
"1996";"49";"Maine-et-Loire";"Individuel pur";1862;1833;272148;270511
"1996";"49";"Maine-et-Loire";"Individuel groupé";620;738;62841;74561
"1996";"49";"Maine-et-Loire";"Collectif";1407;1632;102833;114255
"1996";"49";"Maine-et-Loire";"Résidence";0;0;0;0
"1996";"50";"Manche";"Tous Logements";1666;2023;239567;235328
"1996";"50";"Manche";"Individuel pur";1329;1351;180072;181930
"1996";"50";"Manche";"Individuel groupé";173;283;16086;26421
"1996";"50";"Manche";"Collectif";164;389;10640;26755
"1996";"50";"Manche";"Résidence";0;0;0;0
"1996";"51";"Marne";"Tous Logements";2414;2020;241013;196600
"1996";"51";"Marne";"Individuel pur";874;813;134611;126698
"1996";"51";"Marne";"Individuel groupé";233;216;27145;23752
"1996";"51";"Marne";"Collectif";1307;991;67697;46026
"1996";"51";"Marne";"Résidence";0;0;0;0
"1996";"52";"Haute-Marne";"Tous Logements";305;362;52018;43778
"1996";"52";"Haute-Marne";"Individuel pur";199;183;30262;28288
"1996";"52";"Haute-Marne";"Individuel groupé";60;77;5014;7816
"1996";"52";"Haute-Marne";"Collectif";46;102;2696;7636
"1996";"52";"Haute-Marne";"Résidence";0;0;0;0
"1996";"53";"Mayenne";"Tous Logements";1449;1403;189073;160419
"1996";"53";"Mayenne";"Individuel pur";892;870;121055;117115
"1996";"53";"Mayenne";"Individuel groupé";284;272;24186;24716
"1996";"53";"Mayenne";"Collectif";273;261;18671;17885
"1996";"53";"Mayenne";"Résidence";0;0;0;0
"1996";"54";"Meurthe-et-Moselle";"Tous Logements";2972;2027;337392;246670
"1996";"54";"Meurthe-et-Moselle";"Individuel pur";1181;1127;192505;183445
"1996";"54";"Meurthe-et-Moselle";"Individuel groupé";113;98;12725;12149
"1996";"54";"Meurthe-et-Moselle";"Collectif";1678;802;109058;44891
"1996";"54";"Meurthe-et-Moselle";"Résidence";0;0;0;0
"1996";"55";"Meuse";"Tous Logements";448;361;56621;44814
"1996";"55";"Meuse";"Individuel pur";272;245;40287;35650
"1996";"55";"Meuse";"Individuel groupé";51;16;4668;1844
"1996";"55";"Meuse";"Collectif";125;100;9988;7132
"1996";"55";"Meuse";"Résidence";0;0;0;0
"1996";"56";"Morbihan";"Tous Logements";4764;4239;634222;489674
"1996";"56";"Morbihan";"Individuel pur";2776;2676;379108;366923
"1996";"56";"Morbihan";"Individuel groupé";538;420;52880;40661
"1996";"56";"Morbihan";"Collectif";1169;1101;76034;77788
"1996";"56";"Morbihan";"Résidence";281;42;23547;2446
"1996";"57";"Moselle";"Tous Logements";5024;4857;610627;555140
"1996";"57";"Moselle";"Individuel pur";2209;2136;375792;367291
"1996";"57";"Moselle";"Individuel groupé";470;441;27063;23623
"1996";"57";"Moselle";"Collectif";2313;2248;172345;160191
"1996";"57";"Moselle";"Résidence";32;32;640;640
"1996";"58";"Nièvre";"Tous Logements";488;507;79344;60644
"1996";"58";"Nièvre";"Individuel pur";365;339;49017;44379
"1996";"58";"Nièvre";"Individuel groupé";64;48;5767;4786
"1996";"58";"Nièvre";"Collectif";59;120;7462;11365
"1996";"58";"Nièvre";"Résidence";0;0;0;0
"1996";"59";"Nord";"Tous Logements";7363;6959;708616;659488
"1996";"59";"Nord";"Individuel pur";2519;2387;360155;343014
"1996";"59";"Nord";"Individuel groupé";1525;1500;151697;144781
"1996";"59";"Nord";"Collectif";3235;3072;172286;171356
"1996";"59";"Nord";"Résidence";84;0;2320;0
"1996";"60";"Oise";"Tous Logements";2897;3559;322217;348758
"1996";"60";"Oise";"Individuel pur";1544;1484;207205;202961
"1996";"60";"Oise";"Individuel groupé";194;381;16159;34823
"1996";"60";"Oise";"Collectif";1050;1585;72462;105571
"1996";"60";"Oise";"Résidence";109;109;4563;4563
"1996";"61";"Orne";"Tous Logements";950;850;120607;95796
"1996";"61";"Orne";"Individuel pur";596;538;77971;69855
"1996";"61";"Orne";"Individuel groupé";146;152;13504;14905
"1996";"61";"Orne";"Collectif";208;160;11328;10986
"1996";"61";"Orne";"Résidence";0;0;0;0
"1996";"62";"Pas-de-Calais";"Tous Logements";5770;5579;637786;563816
"1996";"62";"Pas-de-Calais";"Individuel pur";2470;2259;359505;325162
"1996";"62";"Pas-de-Calais";"Individuel groupé";1006;1257;74794;101463
"1996";"62";"Pas-de-Calais";"Collectif";2294;2063;137283;136635
"1996";"62";"Pas-de-Calais";"Résidence";0;0;0;0
"1996";"63";"Puy-de-Dôme";"Tous Logements";3027;3226;340558;329326
"1996";"63";"Puy-de-Dôme";"Individuel pur";1697;1613;224846;210898
"1996";"63";"Puy-de-Dôme";"Individuel groupé";145;294;11519;26923
"1996";"63";"Puy-de-Dôme";"Collectif";1157;1245;81032;88192
"1996";"63";"Puy-de-Dôme";"Résidence";28;74;2060;2931
"1996";"64";"Pyrénées-Atlantiques";"Tous Logements";3597;3696;403535;378986
"1996";"64";"Pyrénées-Atlantiques";"Individuel pur";1747;1676;260965;251053
"1996";"64";"Pyrénées-Atlantiques";"Individuel groupé";203;134;21493;13395
"1996";"64";"Pyrénées-Atlantiques";"Collectif";1450;1803;85318;110613
"1996";"64";"Pyrénées-Atlantiques";"Résidence";197;83;5245;3153
"1996";"65";"Hautes-Pyrénées";"Tous Logements";1197;1047;139001;106347
"1996";"65";"Hautes-Pyrénées";"Individuel pur";641;594;82424;78526
"1996";"65";"Hautes-Pyrénées";"Individuel groupé";69;68;5555;5348
"1996";"65";"Hautes-Pyrénées";"Collectif";487;385;23565;22208
"1996";"65";"Hautes-Pyrénées";"Résidence";0;0;0;0
"1996";"66";"Pyrénées-Orientales";"Tous Logements";3252;2822;315892;274181
"1996";"66";"Pyrénées-Orientales";"Individuel pur";1736;1656;214093;204111
"1996";"66";"Pyrénées-Orientales";"Individuel groupé";517;558;39272;35157
"1996";"66";"Pyrénées-Orientales";"Collectif";999;608;54675;34879
"1996";"66";"Pyrénées-Orientales";"Résidence";0;0;0;0
"1996";"67";"Bas-Rhin";"Tous Logements";6921;7449;781694;793324
"1996";"67";"Bas-Rhin";"Individuel pur";2318;2341;433435;435061
"1996";"67";"Bas-Rhin";"Individuel groupé";209;235;20544;23715
"1996";"67";"Bas-Rhin";"Collectif";4394;4860;296989;333735
"1996";"67";"Bas-Rhin";"Résidence";0;13;0;248
"1996";"68";"Haut-Rhin";"Tous Logements";4423;4517;559203;549835
"1996";"68";"Haut-Rhin";"Individuel pur";2137;2091;370550;362704
"1996";"68";"Haut-Rhin";"Individuel groupé";217;206;19412;16774
"1996";"68";"Haut-Rhin";"Collectif";2069;2138;152188;167829
"1996";"68";"Haut-Rhin";"Résidence";0;82;0;2435
"1996";"69";"Rhône";"Tous Logements";9142;7788;799411;675656
"1996";"69";"Rhône";"Individuel pur";2125;2048;290843;278623
"1996";"69";"Rhône";"Individuel groupé";490;368;50220;36444
"1996";"69";"Rhône";"Collectif";5455;4611;381923;337727
"1996";"69";"Rhône";"Résidence";1072;761;48248;21547
"1996";"70";"Haute-Saône";"Tous Logements";869;786;117926;91158
"1996";"70";"Haute-Saône";"Individuel pur";528;483;80058;71844
"1996";"70";"Haute-Saône";"Individuel groupé";138;89;8865;5459
"1996";"70";"Haute-Saône";"Collectif";203;214;14792;13682
"1996";"70";"Haute-Saône";"Résidence";0;0;0;0
"1996";"71";"Saône-et-Loire";"Tous Logements";1976;1769;248379;195224
"1996";"71";"Saône-et-Loire";"Individuel pur";1330;1197;164758;148662
"1996";"71";"Saône-et-Loire";"Individuel groupé";213;138;19353;12788
"1996";"71";"Saône-et-Loire";"Collectif";433;434;30714;33774
"1996";"71";"Saône-et-Loire";"Résidence";0;0;0;0
"1996";"72";"Sarthe";"Tous Logements";2028;2224;251455;246482
"1996";"72";"Sarthe";"Individuel pur";1388;1340;187576;180436
"1996";"72";"Sarthe";"Individuel groupé";165;139;13730;11449
"1996";"72";"Sarthe";"Collectif";475;745;22961;50407
"1996";"72";"Sarthe";"Résidence";0;0;0;0
"1996";"73";"Savoie";"Tous Logements";3038;2396;294809;236070
"1996";"73";"Savoie";"Individuel pur";1116;1063;146616;139787
"1996";"73";"Savoie";"Individuel groupé";240;284;19391;27555
"1996";"73";"Savoie";"Collectif";1682;1049;110677;66352
"1996";"73";"Savoie";"Résidence";0;0;0;0
"1996";"74";"Haute-Savoie";"Tous Logements";5256;4593;560793;480076
"1996";"74";"Haute-Savoie";"Individuel pur";2044;1984;290958;281862
"1996";"74";"Haute-Savoie";"Individuel groupé";620;509;61194;48921
"1996";"74";"Haute-Savoie";"Collectif";2592;2100;181331;148788
"1996";"74";"Haute-Savoie";"Résidence";0;0;0;0
"1996";"75";"Paris";"Tous Logements";7133;5812;434906;371831
"1996";"75";"Paris";"Individuel pur";175;136;2196;1988
"1996";"75";"Paris";"Individuel groupé";18;35;2251;3978
"1996";"75";"Paris";"Collectif";6644;5454;417742;355233
"1996";"75";"Paris";"Résidence";296;187;12479;10632
"1996";"76";"Seine-Maritime";"Tous Logements";4845;4146;499749;403645
"1996";"76";"Seine-Maritime";"Individuel pur";2163;1930;282997;254261
"1996";"76";"Seine-Maritime";"Individuel groupé";543;492;52804;55869
"1996";"76";"Seine-Maritime";"Collectif";1609;1554;84900;86916
"1996";"76";"Seine-Maritime";"Résidence";530;170;13492;5363
"1996";"77";"Seine-et-Marne";"Tous Logements";5919;5787;569971;533084
"1996";"77";"Seine-et-Marne";"Individuel pur";2264;2131;291883;275878
"1996";"77";"Seine-et-Marne";"Individuel groupé";840;721;87077;77919
"1996";"77";"Seine-et-Marne";"Collectif";2815;2935;179268;178405
"1996";"77";"Seine-et-Marne";"Résidence";0;0;0;0
"1996";"78";"Yvelines";"Tous Logements";4485;5026;440599;456495
"1996";"78";"Yvelines";"Individuel pur";1192;1160;171683;168158
"1996";"78";"Yvelines";"Individuel groupé";567;634;57938;67875
"1996";"78";"Yvelines";"Collectif";2574;3151;171024;215532
"1996";"78";"Yvelines";"Résidence";152;81;4418;4594
"1996";"79";"Deux-Sèvres";"Tous Logements";1458;1479;189454;160740
"1996";"79";"Deux-Sèvres";"Individuel pur";980;921;127804;122604
"1996";"79";"Deux-Sèvres";"Individuel groupé";336;325;25205;24665
"1996";"79";"Deux-Sèvres";"Collectif";142;233;6879;13222
"1996";"79";"Deux-Sèvres";"Résidence";0;0;0;0
"1996";"80";"Somme";"Tous Logements";2040;2178;226753;196689
"1996";"80";"Somme";"Individuel pur";843;772;120526;110529
"1996";"80";"Somme";"Individuel groupé";363;312;26697;23615
"1996";"80";"Somme";"Collectif";824;1094;47960;60574
"1996";"80";"Somme";"Résidence";10;0;1179;0
"1996";"81";"Tarn";"Tous Logements";1653;1615;200204;167572
"1996";"81";"Tarn";"Individuel pur";1210;1121;156149;145427
"1996";"81";"Tarn";"Individuel groupé";85;60;6996;4995
"1996";"81";"Tarn";"Collectif";358;434;12249;16912
"1996";"81";"Tarn";"Résidence";0;0;0;0
"1996";"82";"Tarn-et-Garonne";"Tous Logements";964;954;140469;104318
"1996";"82";"Tarn-et-Garonne";"Individuel pur";673;635;87852;82669
"1996";"82";"Tarn-et-Garonne";"Individuel groupé";70;75;4138;6449
"1996";"82";"Tarn-et-Garonne";"Collectif";221;244;14000;14525
"1996";"82";"Tarn-et-Garonne";"Résidence";0;0;0;0
"1996";"83";"Var";"Tous Logements";5463;6280;596592;627442
"1996";"83";"Var";"Individuel pur";2989;3030;377925;386549
"1996";"83";"Var";"Individuel groupé";684;862;62362;78706
"1996";"83";"Var";"Collectif";1783;2250;134379;154464
"1996";"83";"Var";"Résidence";7;138;1581;7045
"1996";"84";"Vaucluse";"Tous Logements";2108;2290;250858;248315
"1996";"84";"Vaucluse";"Individuel pur";1418;1418;182908;183406
"1996";"84";"Vaucluse";"Individuel groupé";220;206;19288;18254
"1996";"84";"Vaucluse";"Collectif";470;666;32178;46440
"1996";"84";"Vaucluse";"Résidence";0;0;0;0
"1996";"85";"Vendée";"Tous Logements";4450;4354;529798;450209
"1996";"85";"Vendée";"Individuel pur";3227;3062;381742;361601
"1996";"85";"Vendée";"Individuel groupé";608;553;48578;43405
"1996";"85";"Vendée";"Collectif";615;739;31913;42284
"1996";"85";"Vendée";"Résidence";0;0;0;0
"1996";"86";"Vienne";"Tous Logements";2529;2922;290056;270099
"1996";"86";"Vienne";"Individuel pur";1006;921;137093;125399
"1996";"86";"Vienne";"Individuel groupé";914;796;78564;71173
"1996";"86";"Vienne";"Collectif";606;1142;32462;69522
"1996";"86";"Vienne";"Résidence";3;63;170;2726
"1996";"87";"Haute-Vienne";"Tous Logements";1469;1303;170963;144197
"1996";"87";"Haute-Vienne";"Individuel pur";895;822;117722;108462
"1996";"87";"Haute-Vienne";"Individuel groupé";127;41;14830;5070
"1996";"87";"Haute-Vienne";"Collectif";317;418;20869;30060
"1996";"87";"Haute-Vienne";"Résidence";130;22;3328;605
"1996";"88";"Vosges";"Tous Logements";1635;1423;194488;165332
"1996";"88";"Vosges";"Individuel pur";909;854;131061;121533
"1996";"88";"Vosges";"Individuel groupé";189;152;13701;10411
"1996";"88";"Vosges";"Collectif";537;417;32461;28995
"1996";"88";"Vosges";"Résidence";0;0;0;0
"1996";"89";"Yonne";"Tous Logements";962;934;138766;103338
"1996";"89";"Yonne";"Individuel pur";560;534;77065;73890
"1996";"89";"Yonne";"Individuel groupé";179;154;15294;12486
"1996";"89";"Yonne";"Collectif";223;246;12498;16962
"1996";"89";"Yonne";"Résidence";0;0;0;0
"1996";"90";"Territoire de Belfort";"Tous Logements";825;810;83274;77046
"1996";"90";"Territoire de Belfort";"Individuel pur";313;296;52493;47945
"1996";"90";"Territoire de Belfort";"Individuel groupé";10;24;357;1636
"1996";"90";"Territoire de Belfort";"Collectif";502;490;28752;27399
"1996";"90";"Territoire de Belfort";"Résidence";0;0;0;0
"1996";"91";"Essonne";"Tous Logements";3245;4261;339064;381603
"1996";"91";"Essonne";"Individuel pur";1325;1369;179732;186651
"1996";"91";"Essonne";"Individuel groupé";619;459;66916;51240
"1996";"91";"Essonne";"Collectif";1301;2433;78224;143481
"1996";"91";"Essonne";"Résidence";0;0;0;0
"1996";"92";"Hauts-de-Seine";"Tous Logements";5633;7320;456859;569339
"1996";"92";"Hauts-de-Seine";"Individuel pur";148;123;24623;21349
"1996";"92";"Hauts-de-Seine";"Individuel groupé";89;79;11410;10016
"1996";"92";"Hauts-de-Seine";"Collectif";5378;7101;390230;536332
"1996";"92";"Hauts-de-Seine";"Résidence";18;17;1637;1592
"1996";"93";"Seine-Saint-Denis";"Tous Logements";3871;3562;296524;286377
"1996";"93";"Seine-Saint-Denis";"Individuel pur";411;453;55117;61391
"1996";"93";"Seine-Saint-Denis";"Individuel groupé";101;165;10471;16414
"1996";"93";"Seine-Saint-Denis";"Collectif";3359;2931;224971;208092
"1996";"93";"Seine-Saint-Denis";"Résidence";0;13;0;398
"1996";"94";"Val-de-Marne";"Tous Logements";3972;4079;304447;316446
"1996";"94";"Val-de-Marne";"Individuel pur";381;389;53268;53379
"1996";"94";"Val-de-Marne";"Individuel groupé";137;239;15036;26076
"1996";"94";"Val-de-Marne";"Collectif";3321;3451;211263;236912
"1996";"94";"Val-de-Marne";"Résidence";133;0;3644;0
"1996";"95";"Val-d'Oise";"Tous Logements";3647;4140;362356;335683
"1996";"95";"Val-d'Oise";"Individuel pur";1035;845;140183;113391
"1996";"95";"Val-d'Oise";"Individuel groupé";728;598;74359;62812
"1996";"95";"Val-d'Oise";"Collectif";1884;2697;116793;159480
"1996";"95";"Val-d'Oise";"Résidence";0;0;0;0
"1996";"971";"Guadeloupe";"Tous Logements";235;34;18057;2694
"1996";"971";"Guadeloupe";"Individuel pur";38;8;4538;791
"1996";"971";"Guadeloupe";"Individuel groupé";140;2;7531;54
"1996";"971";"Guadeloupe";"Collectif";57;24;4392;1849
"1996";"971";"Guadeloupe";"Résidence";0;0;0;0
"1996";"972";"Martinique";"Tous Logements";103;49;9511;5122
"1996";"972";"Martinique";"Individuel pur";65;14;6379;1422
"1996";"972";"Martinique";"Individuel groupé";0;0;0;0
"1996";"972";"Martinique";"Collectif";38;35;3132;3700
"1996";"972";"Martinique";"Résidence";0;0;0;0
"1996";"973";"Guyane";"Tous Logements";1391;996;113960;75163
"1996";"973";"Guyane";"Individuel pur";478;317;39030;23116
"1996";"973";"Guyane";"Individuel groupé";332;193;26648;15434
"1996";"973";"Guyane";"Collectif";581;486;46519;36062
"1996";"973";"Guyane";"Résidence";0;0;0;0
"1996";"974";"La Réunion";"Tous Logements";9026;6775;743436;534100
"1996";"974";"La Réunion";"Individuel pur";3474;2622;341773;258900
"1996";"974";"La Réunion";"Individuel groupé";1617;1398;119418;95638
"1996";"974";"La Réunion";"Collectif";3810;2752;247864;178560
"1996";"974";"La Réunion";"Résidence";125;3;6122;231
