﻿dep;dep_l;newreg;newreg_l;sexe;trage;annee;Pop
01;01 - Ain;84;84 - Auvergne-Rhône-Alpes;H;0 à 4 ans;2024;19583
01;01 - Ain;84;84 - Auvergne-Rhône-Alpes;H;20 à 24 ans;2024;16773
01;01 - Ain;84;84 - Auvergne-Rhône-Alpes;H;55 à 59 ans;2024;22733
01;01 - Ain;84;84 - Auvergne-Rhône-Alpes;H;70 à 74 ans;2024;15626
01;01 - Ain;84;84 - Auvergne-Rhône-Alpes;F;0 à 4 ans;2024;18600
01;01 - Ain;84;84 - Auvergne-Rhône-Alpes;F;25 à 29 ans;2024;17662
01;01 - Ain;84;84 - Auvergne-Rhône-Alpes;F;75 à 79 ans;2024;14130
02;02 - Aisne;32;32 - Hauts-de-France;H;10 à 14 ans;2024;18050
02;02 - Aisne;32;32 - Hauts-de-France;H;20 à 24 ans;2024;14262
02;02 - Aisne;32;32 - Hauts-de-France;F;0 à 4 ans;2024;12885
02;02 - Aisne;32;32 - Hauts-de-France;F;5 à 9 ans;2024;15173
02;02 - Aisne;32;32 - Hauts-de-France;F;20 à 24 ans;2024;12717
02;02 - Aisne;32;32 - Hauts-de-France;F;25 à 29 ans;2024;12596
02;02 - Aisne;32;32 - Hauts-de-France;F;45 à 49 ans;2024;15463
02;02 - Aisne;32;32 - Hauts-de-France;F;55 à 59 ans;2024;17499
02;02 - Aisne;32;32 - Hauts-de-France;F;75 à 79 ans;2024;12888
03;03 - Allier;84;84 - Auvergne-Rhône-Alpes;H;5 à 9 ans;2024;8495
03;03 - Allier;84;84 - Auvergne-Rhône-Alpes;H;10 à 14 ans;2024;9418
03;03 - Allier;84;84 - Auvergne-Rhône-Alpes;H;40 à 44 ans;2024;9001
03;03 - Allier;84;84 - Auvergne-Rhône-Alpes;H;50 à 54 ans;2024;11195
03;03 - Allier;84;84 - Auvergne-Rhône-Alpes;H;75 à 79 ans;2024;8764
03;03 - Allier;84;84 - Auvergne-Rhône-Alpes;F;5 à 9 ans;2024;7949
03;03 - Allier;84;84 - Auvergne-Rhône-Alpes;F;10 à 14 ans;2024;9024
03;03 - Allier;84;84 - Auvergne-Rhône-Alpes;F;20 à 24 ans;2024;7189
03;03 - Allier;84;84 - Auvergne-Rhône-Alpes;F;35 à 39 ans;2024;8595
03;03 - Allier;84;84 - Auvergne-Rhône-Alpes;F;50 à 54 ans;2024;11415
03;03 - Allier;84;84 - Auvergne-Rhône-Alpes;F;55 à 59 ans;2024;11764
03;03 - Allier;84;84 - Auvergne-Rhône-Alpes;F;65 à 69 ans;2024;12649
03;03 - Allier;84;84 - Auvergne-Rhône-Alpes;F;70 à 74 ans;2024;13048
03;03 - Allier;84;84 - Auvergne-Rhône-Alpes;F;75 à 79 ans;2024;10900
04;04 - Alpes-de-Haute-Provence;93;93 - Provence-Alpes-Côte d'Azur;H;0 à 4 ans;2024;3689
04;04 - Alpes-de-Haute-Provence;93;93 - Provence-Alpes-Côte d'Azur;H;45 à 49 ans;2024;4708
04;04 - Alpes-de-Haute-Provence;93;93 - Provence-Alpes-Côte d'Azur;H;55 à 59 ans;2024;6025
04;04 - Alpes-de-Haute-Provence;93;93 - Provence-Alpes-Côte d'Azur;H;60 à 64 ans;2024;6024
04;04 - Alpes-de-Haute-Provence;93;93 - Provence-Alpes-Côte d'Azur;H;65 à 69 ans;2024;6007
04;04 - Alpes-de-Haute-Provence;93;93 - Provence-Alpes-Côte d'Azur;H;70 à 74 ans;2024;5484
04;04 - Alpes-de-Haute-Provence;93;93 - Provence-Alpes-Côte d'Azur;H;75 à 79 ans;2024;4583
04;04 - Alpes-de-Haute-Provence;93;93 - Provence-Alpes-Côte d'Azur;F;0 à 4 ans;2024;3625
04;04 - Alpes-de-Haute-Provence;93;93 - Provence-Alpes-Côte d'Azur;F;5 à 9 ans;2024;4312
04;04 - Alpes-de-Haute-Provence;93;93 - Provence-Alpes-Côte d'Azur;F;10 à 14 ans;2024;4641
04;04 - Alpes-de-Haute-Provence;93;93 - Provence-Alpes-Côte d'Azur;F;40 à 44 ans;2024;4854
04;04 - Alpes-de-Haute-Provence;93;93 - Provence-Alpes-Côte d'Azur;F;60 à 64 ans;2024;6639
04;04 - Alpes-de-Haute-Provence;93;93 - Provence-Alpes-Côte d'Azur;F;65 à 69 ans;2024;6359
05;05 - Hautes-Alpes;93;93 - Provence-Alpes-Côte d'Azur;H;0 à 4 ans;2024;3022
05;05 - Hautes-Alpes;93;93 - Provence-Alpes-Côte d'Azur;H;10 à 14 ans;2024;3945
05;05 - Hautes-Alpes;93;93 - Provence-Alpes-Côte d'Azur;H;40 à 44 ans;2024;4186
05;05 - Hautes-Alpes;93;93 - Provence-Alpes-Côte d'Azur;H;45 à 49 ans;2024;4093
05;05 - Hautes-Alpes;93;93 - Provence-Alpes-Côte d'Azur;F;15 à 19 ans;2024;3224
05;05 - Hautes-Alpes;93;93 - Provence-Alpes-Côte d'Azur;F;40 à 44 ans;2024;4345
05;05 - Hautes-Alpes;93;93 - Provence-Alpes-Côte d'Azur;F;60 à 64 ans;2024;5642
05;05 - Hautes-Alpes;93;93 - Provence-Alpes-Côte d'Azur;F;70 à 74 ans;2024;5045
06;06 - Alpes-Maritimes;93;93 - Provence-Alpes-Côte d'Azur;H;5 à 9 ans;2024;28598
06;06 - Alpes-Maritimes;93;93 - Provence-Alpes-Côte d'Azur;H;20 à 24 ans;2024;29135
06;06 - Alpes-Maritimes;93;93 - Provence-Alpes-Côte d'Azur;H;25 à 29 ans;2024;27974
06;06 - Alpes-Maritimes;93;93 - Provence-Alpes-Côte d'Azur;H;35 à 39 ans;2024;32029
06;06 - Alpes-Maritimes;93;93 - Provence-Alpes-Côte d'Azur;H;45 à 49 ans;2024;33368
06;06 - Alpes-Maritimes;93;93 - Provence-Alpes-Côte d'Azur;H;50 à 54 ans;2024;36415
06;06 - Alpes-Maritimes;93;93 - Provence-Alpes-Côte d'Azur;H;60 à 64 ans;2024;34400
06;06 - Alpes-Maritimes;93;93 - Provence-Alpes-Côte d'Azur;H;75 à 79 ans;2024;25362
06;06 - Alpes-Maritimes;93;93 - Provence-Alpes-Côte d'Azur;H;80 ans et plus;2024;34696
06;06 - Alpes-Maritimes;93;93 - Provence-Alpes-Côte d'Azur;F;15 à 19 ans;2024;29749
06;06 - Alpes-Maritimes;93;93 - Provence-Alpes-Côte d'Azur;F;25 à 29 ans;2024;29022
06;06 - Alpes-Maritimes;93;93 - Provence-Alpes-Côte d'Azur;F;30 à 34 ans;2024;32339
06;06 - Alpes-Maritimes;93;93 - Provence-Alpes-Côte d'Azur;F;35 à 39 ans;2024;34931
06;06 - Alpes-Maritimes;93;93 - Provence-Alpes-Côte d'Azur;F;50 à 54 ans;2024;38952
06;06 - Alpes-Maritimes;93;93 - Provence-Alpes-Côte d'Azur;F;60 à 64 ans;2024;38713
07;07 - Ardèche;84;84 - Auvergne-Rhône-Alpes;H;30 à 34 ans;2024;8143
07;07 - Ardèche;84;84 - Auvergne-Rhône-Alpes;H;45 à 49 ans;2024;9753
07;07 - Ardèche;84;84 - Auvergne-Rhône-Alpes;H;55 à 59 ans;2024;12037
07;07 - Ardèche;84;84 - Auvergne-Rhône-Alpes;H;60 à 64 ans;2024;11910
07;07 - Ardèche;84;84 - Auvergne-Rhône-Alpes;H;65 à 69 ans;2024;11419
07;07 - Ardèche;84;84 - Auvergne-Rhône-Alpes;F;35 à 39 ans;2024;9657
07;07 - Ardèche;84;84 - Auvergne-Rhône-Alpes;F;40 à 44 ans;2024;10227
07;07 - Ardèche;84;84 - Auvergne-Rhône-Alpes;F;50 à 54 ans;2024;11840
07;07 - Ardèche;84;84 - Auvergne-Rhône-Alpes;F;55 à 59 ans;2024;12215
07;07 - Ardèche;84;84 - Auvergne-Rhône-Alpes;F;65 à 69 ans;2024;12400
08;08 - Ardennes;44;44 - Grand Est;H;0 à 4 ans;2024;6533
08;08 - Ardennes;44;44 - Grand Est;H;5 à 9 ans;2024;7795
08;08 - Ardennes;44;44 - Grand Est;H;10 à 14 ans;2024;8391
08;08 - Ardennes;44;44 - Grand Est;H;15 à 19 ans;2024;8397
08;08 - Ardennes;44;44 - Grand Est;H;25 à 29 ans;2024;6538
08;08 - Ardennes;44;44 - Grand Est;H;30 à 34 ans;2024;6994
08;08 - Ardennes;44;44 - Grand Est;H;40 à 44 ans;2024;7767
08;08 - Ardennes;44;44 - Grand Est;H;65 à 69 ans;2024;8326
08;08 - Ardennes;44;44 - Grand Est;H;70 à 74 ans;2024;7596
08;08 - Ardennes;44;44 - Grand Est;F;5 à 9 ans;2024;7138
08;08 - Ardennes;44;44 - Grand Est;F;10 à 14 ans;2024;8296
08;08 - Ardennes;44;44 - Grand Est;F;30 à 34 ans;2024;7124
08;08 - Ardennes;44;44 - Grand Est;F;35 à 39 ans;2024;8099
08;08 - Ardennes;44;44 - Grand Est;F;45 à 49 ans;2024;7843
08;08 - Ardennes;44;44 - Grand Est;F;50 à 54 ans;2024;8895
09;09 - Ariège;76;76 - Occitanie;H;0 à 4 ans;2024;3141
09;09 - Ariège;76;76 - Occitanie;H;10 à 14 ans;2024;4549
09;09 - Ariège;76;76 - Occitanie;H;40 à 44 ans;2024;4571
09;09 - Ariège;76;76 - Occitanie;H;55 à 59 ans;2024;5326
09;09 - Ariège;76;76 - Occitanie;H;60 à 64 ans;2024;5774
09;09 - Ariège;76;76 - Occitanie;H;75 à 79 ans;2024;4087
09;09 - Ariège;76;76 - Occitanie;F;0 à 4 ans;2024;3173
09;09 - Ariège;76;76 - Occitanie;F;35 à 39 ans;2024;4479
09;09 - Ariège;76;76 - Occitanie;F;40 à 44 ans;2024;5014
10;10 - Aube;44;44 - Grand Est;H;0 à 4 ans;2024;7935
10;10 - Aube;44;44 - Grand Est;H;10 à 14 ans;2024;10273
10;10 - Aube;44;44 - Grand Est;H;35 à 39 ans;2024;8995
10;10 - Aube;44;44 - Grand Est;H;70 à 74 ans;2024;8440
10;10 - Aube;44;44 - Grand Est;F;0 à 4 ans;2024;7526
10;10 - Aube;44;44 - Grand Est;F;5 à 9 ans;2024;8528
10;10 - Aube;44;44 - Grand Est;F;20 à 24 ans;2024;7831
10;10 - Aube;44;44 - Grand Est;F;25 à 29 ans;2024;7927
10;10 - Aube;44;44 - Grand Est;F;65 à 69 ans;2024;9933
10;10 - Aube;44;44 - Grand Est;F;70 à 74 ans;2024;9959
11;11 - Aude;76;76 - Occitanie;H;5 à 9 ans;2024;9714
11;11 - Aude;76;76 - Occitanie;H;20 à 24 ans;2024;8453
11;11 - Aude;76;76 - Occitanie;H;40 à 44 ans;2024;10707
11;11 - Aude;76;76 - Occitanie;H;50 à 54 ans;2024;12611
11;11 - Aude;76;76 - Occitanie;H;55 à 59 ans;2024;13175
11;11 - Aude;76;76 - Occitanie;H;65 à 69 ans;2024;13006
11;11 - Aude;76;76 - Occitanie;F;10 à 14 ans;2024;10327
11;11 - Aude;76;76 - Occitanie;F;45 à 49 ans;2024;11023
11;11 - Aude;76;76 - Occitanie;F;65 à 69 ans;2024;14244
12;12 - Aveyron;76;76 - Occitanie;H;30 à 34 ans;2024;7088
12;12 - Aveyron;76;76 - Occitanie;H;40 à 44 ans;2024;8183
12;12 - Aveyron;76;76 - Occitanie;H;55 à 59 ans;2024;10057
12;12 - Aveyron;76;76 - Occitanie;H;60 à 64 ans;2024;10257
12;12 - Aveyron;76;76 - Occitanie;H;75 à 79 ans;2024;7348
12;12 - Aveyron;76;76 - Occitanie;F;0 à 4 ans;2024;5578
12;12 - Aveyron;76;76 - Occitanie;F;25 à 29 ans;2024;5669
12;12 - Aveyron;76;76 - Occitanie;F;35 à 39 ans;2024;7549
13;13 - Bouches-du-Rhône;93;93 - Provence-Alpes-Côte d'Azur;H;0 à 4 ans;2024;54613
13;13 - Bouches-du-Rhône;93;93 - Provence-Alpes-Côte d'Azur;H;25 à 29 ans;2024;59159
13;13 - Bouches-du-Rhône;93;93 - Provence-Alpes-Côte d'Azur;H;30 à 34 ans;2024;61688
13;13 - Bouches-du-Rhône;93;93 - Provence-Alpes-Côte d'Azur;H;35 à 39 ans;2024;62910
13;13 - Bouches-du-Rhône;93;93 - Provence-Alpes-Côte d'Azur;H;45 à 49 ans;2024;61479
13;13 - Bouches-du-Rhône;93;93 - Provence-Alpes-Côte d'Azur;H;50 à 54 ans;2024;66932
13;13 - Bouches-du-Rhône;93;93 - Provence-Alpes-Côte d'Azur;H;70 à 74 ans;2024;48912
13;13 - Bouches-du-Rhône;93;93 - Provence-Alpes-Côte d'Azur;H;80 ans et plus;2024;51599
13;13 - Bouches-du-Rhône;93;93 - Provence-Alpes-Côte d'Azur;F;15 à 19 ans;2024;61300
13;13 - Bouches-du-Rhône;93;93 - Provence-Alpes-Côte d'Azur;F;35 à 39 ans;2024;67789
14;14 - Calvados;28;28 - Normandie;H;15 à 19 ans;2024;23845
14;14 - Calvados;28;28 - Normandie;H;20 à 24 ans;2024;22129
14;14 - Calvados;28;28 - Normandie;H;30 à 34 ans;2024;19425
14;14 - Calvados;28;28 - Normandie;H;35 à 39 ans;2024;20392
14;14 - Calvados;28;28 - Normandie;H;45 à 49 ans;2024;20368
14;14 - Calvados;28;28 - Normandie;H;50 à 54 ans;2024;22342
14;14 - Calvados;28;28 - Normandie;H;60 à 64 ans;2024;21609
14;14 - Calvados;28;28 - Normandie;H;75 à 79 ans;2024;15005
14;14 - Calvados;28;28 - Normandie;H;80 ans et plus;2024;15904
14;14 - Calvados;28;28 - Normandie;F;0 à 4 ans;2024;16080
14;14 - Calvados;28;28 - Normandie;F;25 à 29 ans;2024;19311
14;14 - Calvados;28;28 - Normandie;F;30 à 34 ans;2024;19535
14;14 - Calvados;28;28 - Normandie;F;45 à 49 ans;2024;20797
14;14 - Calvados;28;28 - Normandie;F;55 à 59 ans;2024;22752
14;14 - Calvados;28;28 - Normandie;F;65 à 69 ans;2024;24151
15;15 - Cantal;84;84 - Auvergne-Rhône-Alpes;H;5 à 9 ans;2024;3383
15;15 - Cantal;84;84 - Auvergne-Rhône-Alpes;H;30 à 34 ans;2024;3408
15;15 - Cantal;84;84 - Auvergne-Rhône-Alpes;H;35 à 39 ans;2024;3724
15;15 - Cantal;84;84 - Auvergne-Rhône-Alpes;H;60 à 64 ans;2024;5759
15;15 - Cantal;84;84 - Auvergne-Rhône-Alpes;H;75 à 79 ans;2024;3963
15;15 - Cantal;84;84 - Auvergne-Rhône-Alpes;F;0 à 4 ans;2024;2624
15;15 - Cantal;84;84 - Auvergne-Rhône-Alpes;F;10 à 14 ans;2024;3583
15;15 - Cantal;84;84 - Auvergne-Rhône-Alpes;F;20 à 24 ans;2024;2766
15;15 - Cantal;84;84 - Auvergne-Rhône-Alpes;F;45 à 49 ans;2024;4084
16;16 - Charente;75;75 - Nouvelle-Aquitaine;H;0 à 4 ans;2024;7711
16;16 - Charente;75;75 - Nouvelle-Aquitaine;H;5 à 9 ans;2024;8640
16;16 - Charente;75;75 - Nouvelle-Aquitaine;H;25 à 29 ans;2024;8373
16;16 - Charente;75;75 - Nouvelle-Aquitaine;H;40 à 44 ans;2024;10192
16;16 - Charente;75;75 - Nouvelle-Aquitaine;H;75 à 79 ans;2024;8488
16;16 - Charente;75;75 - Nouvelle-Aquitaine;F;10 à 14 ans;2024;9257
16;16 - Charente;75;75 - Nouvelle-Aquitaine;F;20 à 24 ans;2024;7505
16;16 - Charente;75;75 - Nouvelle-Aquitaine;F;25 à 29 ans;2024;7990
16;16 - Charente;75;75 - Nouvelle-Aquitaine;F;45 à 49 ans;2024;10232
16;16 - Charente;75;75 - Nouvelle-Aquitaine;F;60 à 64 ans;2024;13043
16;16 - Charente;75;75 - Nouvelle-Aquitaine;F;70 à 74 ans;2024;12721
16;16 - Charente;75;75 - Nouvelle-Aquitaine;F;75 à 79 ans;2024;10178
16;16 - Charente;75;75 - Nouvelle-Aquitaine;F;80 ans et plus;2024;16888
17;17 - Charente-Maritime;75;75 - Nouvelle-Aquitaine;H;5 à 9 ans;2024;16077
17;17 - Charente-Maritime;75;75 - Nouvelle-Aquitaine;H;20 à 24 ans;2024;16903
17;17 - Charente-Maritime;75;75 - Nouvelle-Aquitaine;H;30 à 34 ans;2024;15596
17;17 - Charente-Maritime;75;75 - Nouvelle-Aquitaine;H;50 à 54 ans;2024;22610
17;17 - Charente-Maritime;75;75 - Nouvelle-Aquitaine;H;65 à 69 ans;2024;24144
17;17 - Charente-Maritime;75;75 - Nouvelle-Aquitaine;H;80 ans et plus;2024;21108
17;17 - Charente-Maritime;75;75 - Nouvelle-Aquitaine;F;5 à 9 ans;2024;15525
17;17 - Charente-Maritime;75;75 - Nouvelle-Aquitaine;F;10 à 14 ans;2024;17579
17;17 - Charente-Maritime;75;75 - Nouvelle-Aquitaine;F;65 à 69 ans;2024;27996
18;18 - Cher;24;24 - Centre-Val de Loire;H;0 à 4 ans;2024;6814
18;18 - Cher;24;24 - Centre-Val de Loire;H;10 à 14 ans;2024;9015
18;18 - Cher;24;24 - Centre-Val de Loire;H;20 à 24 ans;2024;7227
18;18 - Cher;24;24 - Centre-Val de Loire;H;35 à 39 ans;2024;8114
18;18 - Cher;24;24 - Centre-Val de Loire;H;50 à 54 ans;2024;10011
18;18 - Cher;24;24 - Centre-Val de Loire;H;55 à 59 ans;2024;9967
18;18 - Cher;24;24 - Centre-Val de Loire;H;65 à 69 ans;2024;9941
18;18 - Cher;24;24 - Centre-Val de Loire;H;70 à 74 ans;2024;9200
18;18 - Cher;24;24 - Centre-Val de Loire;F;5 à 9 ans;2024;7548
18;18 - Cher;24;24 - Centre-Val de Loire;F;35 à 39 ans;2024;8357
19;19 - Corrèze;75;75 - Nouvelle-Aquitaine;H;15 à 19 ans;2024;6693
19;19 - Corrèze;75;75 - Nouvelle-Aquitaine;H;35 à 39 ans;2024;6475
19;19 - Corrèze;75;75 - Nouvelle-Aquitaine;H;50 à 54 ans;2024;8116
19;19 - Corrèze;75;75 - Nouvelle-Aquitaine;H;60 à 64 ans;2024;8370
19;19 - Corrèze;75;75 - Nouvelle-Aquitaine;H;65 à 69 ans;2024;8512
19;19 - Corrèze;75;75 - Nouvelle-Aquitaine;H;70 à 74 ans;2024;8157
19;19 - Corrèze;75;75 - Nouvelle-Aquitaine;H;75 à 79 ans;2024;6323
19;19 - Corrèze;75;75 - Nouvelle-Aquitaine;F;0 à 4 ans;2024;4609
19;19 - Corrèze;75;75 - Nouvelle-Aquitaine;F;5 à 9 ans;2024;5387
19;19 - Corrèze;75;75 - Nouvelle-Aquitaine;F;10 à 14 ans;2024;6031
19;19 - Corrèze;75;75 - Nouvelle-Aquitaine;F;20 à 24 ans;2024;4681
19;19 - Corrèze;75;75 - Nouvelle-Aquitaine;F;25 à 29 ans;2024;5125
19;19 - Corrèze;75;75 - Nouvelle-Aquitaine;F;30 à 34 ans;2024;5710
19;19 - Corrèze;75;75 - Nouvelle-Aquitaine;F;60 à 64 ans;2024;9018
2A;2A - Corse-du-Sud;94;94 - Corse;H;15 à 19 ans;2024;4153
2A;2A - Corse-du-Sud;94;94 - Corse;H;30 à 34 ans;2024;4885
2A;2A - Corse-du-Sud;94;94 - Corse;H;40 à 44 ans;2024;5882
2A;2A - Corse-du-Sud;94;94 - Corse;H;45 à 49 ans;2024;5286
2A;2A - Corse-du-Sud;94;94 - Corse;H;60 à 64 ans;2024;5409
2A;2A - Corse-du-Sud;94;94 - Corse;H;80 ans et plus;2024;4924
2A;2A - Corse-du-Sud;94;94 - Corse;F;5 à 9 ans;2024;4701
2A;2A - Corse-du-Sud;94;94 - Corse;F;30 à 34 ans;2024;5292
2A;2A - Corse-du-Sud;94;94 - Corse;F;35 à 39 ans;2024;5854
2A;2A - Corse-du-Sud;94;94 - Corse;F;50 à 54 ans;2024;5689
2A;2A - Corse-du-Sud;94;94 - Corse;F;75 à 79 ans;2024;4540
2B;2B - Haute-Corse;94;94 - Corse;H;0 à 4 ans;2024;3786
2B;2B - Haute-Corse;94;94 - Corse;H;5 à 9 ans;2024;4301
2B;2B - Haute-Corse;94;94 - Corse;H;15 à 19 ans;2024;5183
2B;2B - Haute-Corse;94;94 - Corse;H;25 à 29 ans;2024;4728
2B;2B - Haute-Corse;94;94 - Corse;H;35 à 39 ans;2024;5453
2B;2B - Haute-Corse;94;94 - Corse;H;55 à 59 ans;2024;6316
2B;2B - Haute-Corse;94;94 - Corse;F;10 à 14 ans;2024;4573
2B;2B - Haute-Corse;94;94 - Corse;F;35 à 39 ans;2024;5768
2B;2B - Haute-Corse;94;94 - Corse;F;65 à 69 ans;2024;6137
21;21 - Côte-d'Or;27;27 - Bourgogne-Franche-Comté;H;10 à 14 ans;2024;15459
21;21 - Côte-d'Or;27;27 - Bourgogne-Franche-Comté;H;40 à 44 ans;2024;16039
21;21 - Côte-d'Or;27;27 - Bourgogne-Franche-Comté;H;45 à 49 ans;2024;15141
21;21 - Côte-d'Or;27;27 - Bourgogne-Franche-Comté;F;5 à 9 ans;2024;13747
21;21 - Côte-d'Or;27;27 - Bourgogne-Franche-Comté;F;40 à 44 ans;2024;16386
21;21 - Côte-d'Or;27;27 - Bourgogne-Franche-Comté;F;50 à 54 ans;2024;17832
21;21 - Côte-d'Or;27;27 - Bourgogne-Franche-Comté;F;55 à 59 ans;2024;17493
21;21 - Côte-d'Or;27;27 - Bourgogne-Franche-Comté;F;60 à 64 ans;2024;17597
21;21 - Côte-d'Or;27;27 - Bourgogne-Franche-Comté;F;70 à 74 ans;2024;16560
22;22 - Côtes-d'Armor;53;53 - Bretagne;H;0 à 4 ans;2024;13768
22;22 - Côtes-d'Armor;53;53 - Bretagne;H;5 à 9 ans;2024;16301
22;22 - Côtes-d'Armor;53;53 - Bretagne;H;15 à 19 ans;2024;18912
22;22 - Côtes-d'Armor;53;53 - Bretagne;H;25 à 29 ans;2024;13018
22;22 - Côtes-d'Armor;53;53 - Bretagne;H;40 à 44 ans;2024;17346
22;22 - Côtes-d'Armor;53;53 - Bretagne;H;45 à 49 ans;2024;17358
22;22 - Côtes-d'Armor;53;53 - Bretagne;H;70 à 74 ans;2024;20047
22;22 - Côtes-d'Armor;53;53 - Bretagne;H;80 ans et plus;2024;16952
22;22 - Côtes-d'Armor;53;53 - Bretagne;F;5 à 9 ans;2024;15934
22;22 - Côtes-d'Armor;53;53 - Bretagne;F;25 à 29 ans;2024;12488
22;22 - Côtes-d'Armor;53;53 - Bretagne;F;35 à 39 ans;2024;16504
22;22 - Côtes-d'Armor;53;53 - Bretagne;F;55 à 59 ans;2024;21056
22;22 - Côtes-d'Armor;53;53 - Bretagne;F;60 à 64 ans;2024;22659
22;22 - Côtes-d'Armor;53;53 - Bretagne;F;80 ans et plus;2024;29639
23;23 - Creuse;75;75 - Nouvelle-Aquitaine;H;0 à 4 ans;2024;2088
23;23 - Creuse;75;75 - Nouvelle-Aquitaine;H;10 à 14 ans;2024;2925
23;23 - Creuse;75;75 - Nouvelle-Aquitaine;H;15 à 19 ans;2024;2904
23;23 - Creuse;75;75 - Nouvelle-Aquitaine;H;25 à 29 ans;2024;2315
23;23 - Creuse;75;75 - Nouvelle-Aquitaine;H;30 à 34 ans;2024;2599
23;23 - Creuse;75;75 - Nouvelle-Aquitaine;H;45 à 49 ans;2024;3116
23;23 - Creuse;75;75 - Nouvelle-Aquitaine;H;55 à 59 ans;2024;4308
23;23 - Creuse;75;75 - Nouvelle-Aquitaine;H;65 à 69 ans;2024;4799
23;23 - Creuse;75;75 - Nouvelle-Aquitaine;F;0 à 4 ans;2024;2119
23;23 - Creuse;75;75 - Nouvelle-Aquitaine;F;25 à 29 ans;2024;2158
23;23 - Creuse;75;75 - Nouvelle-Aquitaine;F;35 à 39 ans;2024;2673
23;23 - Creuse;75;75 - Nouvelle-Aquitaine;F;55 à 59 ans;2024;4295
23;23 - Creuse;75;75 - Nouvelle-Aquitaine;F;65 à 69 ans;2024;4864
23;23 - Creuse;75;75 - Nouvelle-Aquitaine;F;80 ans et plus;2024;6840
24;24 - Dordogne;75;75 - Nouvelle-Aquitaine;H;0 à 4 ans;2024;8092
24;24 - Dordogne;75;75 - Nouvelle-Aquitaine;H;25 à 29 ans;2024;8382
24;24 - Dordogne;75;75 - Nouvelle-Aquitaine;H;40 à 44 ans;2024;11261
24;24 - Dordogne;75;75 - Nouvelle-Aquitaine;H;45 à 49 ans;2024;11449
24;24 - Dordogne;75;75 - Nouvelle-Aquitaine;H;55 à 59 ans;2024;14740
24;24 - Dordogne;75;75 - Nouvelle-Aquitaine;H;80 ans et plus;2024;13488
24;24 - Dordogne;75;75 - Nouvelle-Aquitaine;F;0 à 4 ans;2024;7607
24;24 - Dordogne;75;75 - Nouvelle-Aquitaine;F;5 à 9 ans;2024;9174
24;24 - Dordogne;75;75 - Nouvelle-Aquitaine;F;15 à 19 ans;2024;9956
24;24 - Dordogne;75;75 - Nouvelle-Aquitaine;F;25 à 29 ans;2024;7916
24;24 - Dordogne;75;75 - Nouvelle-Aquitaine;F;45 à 49 ans;2024;12142
24;24 - Dordogne;75;75 - Nouvelle-Aquitaine;F;55 à 59 ans;2024;15985
24;24 - Dordogne;75;75 - Nouvelle-Aquitaine;F;65 à 69 ans;2024;17488
25;25 - Doubs;27;27 - Bourgogne-Franche-Comté;H;0 à 4 ans;2024;13789
25;25 - Doubs;27;27 - Bourgogne-Franche-Comté;H;5 à 9 ans;2024;16750
25;25 - Doubs;27;27 - Bourgogne-Franche-Comté;H;15 à 19 ans;2024;19340
25;25 - Doubs;27;27 - Bourgogne-Franche-Comté;H;25 à 29 ans;2024;16262
25;25 - Doubs;27;27 - Bourgogne-Franche-Comté;H;30 à 34 ans;2024;16403
25;25 - Doubs;27;27 - Bourgogne-Franche-Comté;H;80 ans et plus;2024;12497
25;25 - Doubs;27;27 - Bourgogne-Franche-Comté;F;25 à 29 ans;2024;15692
25;25 - Doubs;27;27 - Bourgogne-Franche-Comté;F;40 à 44 ans;2024;17571
25;25 - Doubs;27;27 - Bourgogne-Franche-Comté;F;65 à 69 ans;2024;16217
26;26 - Drôme;84;84 - Auvergne-Rhône-Alpes;H;20 à 24 ans;2024;13105
26;26 - Drôme;84;84 - Auvergne-Rhône-Alpes;H;60 à 64 ans;2024;16399
26;26 - Drôme;84;84 - Auvergne-Rhône-Alpes;F;10 à 14 ans;2024;16451
26;26 - Drôme;84;84 - Auvergne-Rhône-Alpes;F;35 à 39 ans;2024;17021
26;26 - Drôme;84;84 - Auvergne-Rhône-Alpes;F;40 à 44 ans;2024;16942
26;26 - Drôme;84;84 - Auvergne-Rhône-Alpes;F;65 à 69 ans;2024;16918
26;26 - Drôme;84;84 - Auvergne-Rhône-Alpes;F;70 à 74 ans;2024;16303
27;27 - Eure;28;28 - Normandie;H;5 à 9 ans;2024;19345
27;27 - Eure;28;28 - Normandie;H;15 à 19 ans;2024;19340
27;27 - Eure;28;28 - Normandie;H;35 à 39 ans;2024;18819
27;27 - Eure;28;28 - Normandie;H;40 à 44 ans;2024;18938
27;27 - Eure;28;28 - Normandie;H;55 à 59 ans;2024;19935
27;27 - Eure;28;28 - Normandie;H;60 à 64 ans;2024;18929
27;27 - Eure;28;28 - Normandie;H;75 à 79 ans;2024;11572
27;27 - Eure;28;28 - Normandie;H;80 ans et plus;2024;11536
27;27 - Eure;28;28 - Normandie;F;0 à 4 ans;2024;15279
27;27 - Eure;28;28 - Normandie;F;15 à 19 ans;2024;17696
27;27 - Eure;28;28 - Normandie;F;35 à 39 ans;2024;19681
27;27 - Eure;28;28 - Normandie;F;40 à 44 ans;2024;19904
27;27 - Eure;28;28 - Normandie;F;45 à 49 ans;2024;18921
27;27 - Eure;28;28 - Normandie;F;50 à 54 ans;2024;20849
27;27 - Eure;28;28 - Normandie;F;60 à 64 ans;2024;20084
28;28 - Eure-et-Loir;24;24 - Centre-Val de Loire;H;10 à 14 ans;2024;14956
28;28 - Eure-et-Loir;24;24 - Centre-Val de Loire;H;20 à 24 ans;2024;10990
28;28 - Eure-et-Loir;24;24 - Centre-Val de Loire;H;45 à 49 ans;2024;13526
28;28 - Eure-et-Loir;24;24 - Centre-Val de Loire;H;55 à 59 ans;2024;14442
28;28 - Eure-et-Loir;24;24 - Centre-Val de Loire;H;60 à 64 ans;2024;13291
28;28 - Eure-et-Loir;24;24 - Centre-Val de Loire;H;70 à 74 ans;2024;11509
28;28 - Eure-et-Loir;24;24 - Centre-Val de Loire;H;80 ans et plus;2024;9624
28;28 - Eure-et-Loir;24;24 - Centre-Val de Loire;F;20 à 24 ans;2024;9497
28;28 - Eure-et-Loir;24;24 - Centre-Val de Loire;F;30 à 34 ans;2024;11831
28;28 - Eure-et-Loir;24;24 - Centre-Val de Loire;F;35 à 39 ans;2024;13665
28;28 - Eure-et-Loir;24;24 - Centre-Val de Loire;F;40 à 44 ans;2024;14125
28;28 - Eure-et-Loir;24;24 - Centre-Val de Loire;F;65 à 69 ans;2024;13558
29;29 - Finistère;53;53 - Bretagne;H;10 à 14 ans;2024;27619
29;29 - Finistère;53;53 - Bretagne;H;25 à 29 ans;2024;23367
29;29 - Finistère;53;53 - Bretagne;H;30 à 34 ans;2024;25111
29;29 - Finistère;53;53 - Bretagne;H;40 à 44 ans;2024;28291
29;29 - Finistère;53;53 - Bretagne;F;10 à 14 ans;2024;26603
29;29 - Finistère;53;53 - Bretagne;F;65 à 69 ans;2024;33270
29;29 - Finistère;53;53 - Bretagne;F;80 ans et plus;2024;42362
30;30 - Gard;76;76 - Occitanie;H;15 à 19 ans;2024;23996
30;30 - Gard;76;76 - Occitanie;H;25 à 29 ans;2024;18367
30;30 - Gard;76;76 - Occitanie;H;30 à 34 ans;2024;18791
30;30 - Gard;76;76 - Occitanie;H;35 à 39 ans;2024;20712
30;30 - Gard;76;76 - Occitanie;H;55 à 59 ans;2024;26015
30;30 - Gard;76;76 - Occitanie;H;60 à 64 ans;2024;25398
30;30 - Gard;76;76 - Occitanie;H;65 à 69 ans;2024;24141
30;30 - Gard;76;76 - Occitanie;H;80 ans et plus;2024;19932
30;30 - Gard;76;76 - Occitanie;F;25 à 29 ans;2024;17440
31;31 - Haute-Garonne;76;76 - Occitanie;H;30 à 34 ans;2024;53045
31;31 - Haute-Garonne;76;76 - Occitanie;H;40 à 44 ans;2024;50266
31;31 - Haute-Garonne;76;76 - Occitanie;H;50 à 54 ans;2024;46912
31;31 - Haute-Garonne;76;76 - Occitanie;H;65 à 69 ans;2024;32587
31;31 - Haute-Garonne;76;76 - Occitanie;H;70 à 74 ans;2024;28262
31;31 - Haute-Garonne;76;76 - Occitanie;H;80 ans et plus;2024;28654
31;31 - Haute-Garonne;76;76 - Occitanie;F;0 à 4 ans;2024;36292
31;31 - Haute-Garonne;76;76 - Occitanie;F;5 à 9 ans;2024;41238
31;31 - Haute-Garonne;76;76 - Occitanie;F;30 à 34 ans;2024;52562
31;31 - Haute-Garonne;76;76 - Occitanie;F;35 à 39 ans;2024;51715
31;31 - Haute-Garonne;76;76 - Occitanie;F;40 à 44 ans;2024;51294
31;31 - Haute-Garonne;76;76 - Occitanie;F;55 à 59 ans;2024;46020
31;31 - Haute-Garonne;76;76 - Occitanie;F;65 à 69 ans;2024;36605
31;31 - Haute-Garonne;76;76 - Occitanie;F;75 à 79 ans;2024;29563
32;32 - Gers;76;76 - Occitanie;H;0 à 4 ans;2024;3706
32;32 - Gers;76;76 - Occitanie;H;60 à 64 ans;2024;7384
32;32 - Gers;76;76 - Occitanie;H;65 à 69 ans;2024;7155
32;32 - Gers;76;76 - Occitanie;H;70 à 74 ans;2024;6738
32;32 - Gers;76;76 - Occitanie;F;35 à 39 ans;2024;5143
32;32 - Gers;76;76 - Occitanie;F;40 à 44 ans;2024;5494
32;32 - Gers;76;76 - Occitanie;F;50 à 54 ans;2024;7238
32;32 - Gers;76;76 - Occitanie;F;55 à 59 ans;2024;7317
32;32 - Gers;76;76 - Occitanie;F;75 à 79 ans;2024;6010
33;33 - Gironde;75;75 - Nouvelle-Aquitaine;H;20 à 24 ans;2024;53860
33;33 - Gironde;75;75 - Nouvelle-Aquitaine;H;45 à 49 ans;2024;53543
33;33 - Gironde;75;75 - Nouvelle-Aquitaine;F;5 à 9 ans;2024;45720
33;33 - Gironde;75;75 - Nouvelle-Aquitaine;F;35 à 39 ans;2024;58430
33;33 - Gironde;75;75 - Nouvelle-Aquitaine;F;50 à 54 ans;2024;59542
33;33 - Gironde;75;75 - Nouvelle-Aquitaine;F;65 à 69 ans;2024;49051
34;34 - Hérault;76;76 - Occitanie;H;10 à 14 ans;2024;36604
34;34 - Hérault;76;76 - Occitanie;H;15 à 19 ans;2024;39006
34;34 - Hérault;76;76 - Occitanie;H;40 à 44 ans;2024;36805
34;34 - Hérault;76;76 - Occitanie;H;50 à 54 ans;2024;38734
34;34 - Hérault;76;76 - Occitanie;H;80 ans et plus;2024;31182
34;34 - Hérault;76;76 - Occitanie;F;0 à 4 ans;2024;27942
34;34 - Hérault;76;76 - Occitanie;F;10 à 14 ans;2024;35086
34;34 - Hérault;76;76 - Occitanie;F;15 à 19 ans;2024;39246
34;34 - Hérault;76;76 - Occitanie;F;50 à 54 ans;2024;40984
34;34 - Hérault;76;76 - Occitanie;F;55 à 59 ans;2024;40354
34;34 - Hérault;76;76 - Occitanie;F;65 à 69 ans;2024;39199
34;34 - Hérault;76;76 - Occitanie;F;70 à 74 ans;2024;39143
34;34 - Hérault;76;76 - Occitanie;F;80 ans et plus;2024;49476
35;35 - Ille-et-Vilaine;53;53 - Bretagne;H;10 à 14 ans;2024;37473
35;35 - Ille-et-Vilaine;53;53 - Bretagne;H;20 à 24 ans;2024;38300
35;35 - Ille-et-Vilaine;53;53 - Bretagne;H;35 à 39 ans;2024;35341
35;35 - Ille-et-Vilaine;53;53 - Bretagne;H;45 à 49 ans;2024;35038
35;35 - Ille-et-Vilaine;53;53 - Bretagne;H;50 à 54 ans;2024;37275
35;35 - Ille-et-Vilaine;53;53 - Bretagne;H;65 à 69 ans;2024;26685
35;35 - Ille-et-Vilaine;53;53 - Bretagne;F;0 à 4 ans;2024;28309
35;35 - Ille-et-Vilaine;53;53 - Bretagne;F;25 à 29 ans;2024;34597
35;35 - Ille-et-Vilaine;53;53 - Bretagne;F;35 à 39 ans;2024;36488
35;35 - Ille-et-Vilaine;53;53 - Bretagne;F;45 à 49 ans;2024;34645
36;36 - Indre;24;24 - Centre-Val de Loire;H;10 à 14 ans;2024;5954
36;36 - Indre;24;24 - Centre-Val de Loire;H;25 à 29 ans;2024;4717
36;36 - Indre;24;24 - Centre-Val de Loire;H;40 à 44 ans;2024;5693
36;36 - Indre;24;24 - Centre-Val de Loire;H;45 à 49 ans;2024;5908
36;36 - Indre;24;24 - Centre-Val de Loire;H;55 à 59 ans;2024;7716
36;36 - Indre;24;24 - Centre-Val de Loire;H;75 à 79 ans;2024;5750
36;36 - Indre;24;24 - Centre-Val de Loire;H;80 ans et plus;2024;7067
36;36 - Indre;24;24 - Centre-Val de Loire;F;5 à 9 ans;2024;5065
36;36 - Indre;24;24 - Centre-Val de Loire;F;10 à 14 ans;2024;5637
36;36 - Indre;24;24 - Centre-Val de Loire;F;15 à 19 ans;2024;5310
36;36 - Indre;24;24 - Centre-Val de Loire;F;30 à 34 ans;2024;4973
36;36 - Indre;24;24 - Centre-Val de Loire;F;45 à 49 ans;2024;5928
36;36 - Indre;24;24 - Centre-Val de Loire;F;50 à 54 ans;2024;7595
36;36 - Indre;24;24 - Centre-Val de Loire;F;55 à 59 ans;2024;8032
36;36 - Indre;24;24 - Centre-Val de Loire;F;60 à 64 ans;2024;8348
36;36 - Indre;24;24 - Centre-Val de Loire;F;65 à 69 ans;2024;8260
36;36 - Indre;24;24 - Centre-Val de Loire;F;70 à 74 ans;2024;8220
36;36 - Indre;24;24 - Centre-Val de Loire;F;75 à 79 ans;2024;6966
37;37 - Indre-et-Loire;24;24 - Centre-Val de Loire;H;0 à 4 ans;2024;15026
37;37 - Indre-et-Loire;24;24 - Centre-Val de Loire;H;5 à 9 ans;2024;16949
37;37 - Indre-et-Loire;24;24 - Centre-Val de Loire;H;30 à 34 ans;2024;17174
37;37 - Indre-et-Loire;24;24 - Centre-Val de Loire;H;40 à 44 ans;2024;18267
37;37 - Indre-et-Loire;24;24 - Centre-Val de Loire;H;50 à 54 ans;2024;20092
37;37 - Indre-et-Loire;24;24 - Centre-Val de Loire;H;60 à 64 ans;2024;18015
37;37 - Indre-et-Loire;24;24 - Centre-Val de Loire;H;65 à 69 ans;2024;17309
37;37 - Indre-et-Loire;24;24 - Centre-Val de Loire;H;80 ans et plus;2024;15971
37;37 - Indre-et-Loire;24;24 - Centre-Val de Loire;F;5 à 9 ans;2024;16494
37;37 - Indre-et-Loire;24;24 - Centre-Val de Loire;F;15 à 19 ans;2024;19729
37;37 - Indre-et-Loire;24;24 - Centre-Val de Loire;F;20 à 24 ans;2024;18990
37;37 - Indre-et-Loire;24;24 - Centre-Val de Loire;F;25 à 29 ans;2024;17840
37;37 - Indre-et-Loire;24;24 - Centre-Val de Loire;F;30 à 34 ans;2024;17655
37;37 - Indre-et-Loire;24;24 - Centre-Val de Loire;F;35 à 39 ans;2024;19142
37;37 - Indre-et-Loire;24;24 - Centre-Val de Loire;F;75 à 79 ans;2024;15983
37;37 - Indre-et-Loire;24;24 - Centre-Val de Loire;F;80 ans et plus;2024;26537
38;38 - Isère;84;84 - Auvergne-Rhône-Alpes;H;30 à 34 ans;2024;38937
38;38 - Isère;84;84 - Auvergne-Rhône-Alpes;H;45 à 49 ans;2024;40284
38;38 - Isère;84;84 - Auvergne-Rhône-Alpes;H;70 à 74 ans;2024;29197
38;38 - Isère;84;84 - Auvergne-Rhône-Alpes;F;0 à 4 ans;2024;32465
38;38 - Isère;84;84 - Auvergne-Rhône-Alpes;F;5 à 9 ans;2024;38448
38;38 - Isère;84;84 - Auvergne-Rhône-Alpes;F;25 à 29 ans;2024;35645
38;38 - Isère;84;84 - Auvergne-Rhône-Alpes;F;40 à 44 ans;2024;43655
38;38 - Isère;84;84 - Auvergne-Rhône-Alpes;F;65 à 69 ans;2024;36936
38;38 - Isère;84;84 - Auvergne-Rhône-Alpes;F;80 ans et plus;2024;44217
39;39 - Jura;27;27 - Bourgogne-Franche-Comté;H;5 à 9 ans;2024;7298
39;39 - Jura;27;27 - Bourgogne-Franche-Comté;H;35 à 39 ans;2024;7361
39;39 - Jura;27;27 - Bourgogne-Franche-Comté;H;40 à 44 ans;2024;7868
39;39 - Jura;27;27 - Bourgogne-Franche-Comté;H;50 à 54 ans;2024;8883
39;39 - Jura;27;27 - Bourgogne-Franche-Comté;F;10 à 14 ans;2024;7552
39;39 - Jura;27;27 - Bourgogne-Franche-Comté;F;15 à 19 ans;2024;6741
39;39 - Jura;27;27 - Bourgogne-Franche-Comté;F;40 à 44 ans;2024;7845
39;39 - Jura;27;27 - Bourgogne-Franche-Comté;F;55 à 59 ans;2024;9307
39;39 - Jura;27;27 - Bourgogne-Franche-Comté;F;70 à 74 ans;2024;8458
40;40 - Landes;75;75 - Nouvelle-Aquitaine;H;0 à 4 ans;2024;9081
40;40 - Landes;75;75 - Nouvelle-Aquitaine;H;35 à 39 ans;2024;12189
40;40 - Landes;75;75 - Nouvelle-Aquitaine;H;50 à 54 ans;2024;15481
40;40 - Landes;75;75 - Nouvelle-Aquitaine;H;60 à 64 ans;2024;15308
40;40 - Landes;75;75 - Nouvelle-Aquitaine;H;65 à 69 ans;2024;14861
40;40 - Landes;75;75 - Nouvelle-Aquitaine;F;45 à 49 ans;2024;13785
40;40 - Landes;75;75 - Nouvelle-Aquitaine;F;50 à 54 ans;2024;15824
40;40 - Landes;75;75 - Nouvelle-Aquitaine;F;60 à 64 ans;2024;16311
40;40 - Landes;75;75 - Nouvelle-Aquitaine;F;75 à 79 ans;2024;13261
41;41 - Loir-et-Cher;24;24 - Centre-Val de Loire;H;5 à 9 ans;2024;9087
41;41 - Loir-et-Cher;24;24 - Centre-Val de Loire;H;10 à 14 ans;2024;10199
41;41 - Loir-et-Cher;24;24 - Centre-Val de Loire;H;20 à 24 ans;2024;7652
41;41 - Loir-et-Cher;24;24 - Centre-Val de Loire;H;25 à 29 ans;2024;7360
41;41 - Loir-et-Cher;24;24 - Centre-Val de Loire;H;30 à 34 ans;2024;8212
41;41 - Loir-et-Cher;24;24 - Centre-Val de Loire;H;35 à 39 ans;2024;8819
41;41 - Loir-et-Cher;24;24 - Centre-Val de Loire;H;50 à 54 ans;2024;11122
41;41 - Loir-et-Cher;24;24 - Centre-Val de Loire;H;70 à 74 ans;2024;10100
41;41 - Loir-et-Cher;24;24 - Centre-Val de Loire;H;75 à 79 ans;2024;8002
41;41 - Loir-et-Cher;24;24 - Centre-Val de Loire;F;10 à 14 ans;2024;9673
41;41 - Loir-et-Cher;24;24 - Centre-Val de Loire;F;20 à 24 ans;2024;6801
41;41 - Loir-et-Cher;24;24 - Centre-Val de Loire;F;25 à 29 ans;2024;7262
41;41 - Loir-et-Cher;24;24 - Centre-Val de Loire;F;40 à 44 ans;2024;9580
41;41 - Loir-et-Cher;24;24 - Centre-Val de Loire;F;50 à 54 ans;2024;11639
41;41 - Loir-et-Cher;24;24 - Centre-Val de Loire;F;70 à 74 ans;2024;11700
42;42 - Loire;84;84 - Auvergne-Rhône-Alpes;H;5 à 9 ans;2024;23432
42;42 - Loire;84;84 - Auvergne-Rhône-Alpes;H;10 à 14 ans;2024;25422
42;42 - Loire;84;84 - Auvergne-Rhône-Alpes;H;15 à 19 ans;2024;26097
42;42 - Loire;84;84 - Auvergne-Rhône-Alpes;H;20 à 24 ans;2024;22990
42;42 - Loire;84;84 - Auvergne-Rhône-Alpes;H;70 à 74 ans;2024;20369
42;42 - Loire;84;84 - Auvergne-Rhône-Alpes;F;0 à 4 ans;2024;19145
42;42 - Loire;84;84 - Auvergne-Rhône-Alpes;F;5 à 9 ans;2024;22102
42;42 - Loire;84;84 - Auvergne-Rhône-Alpes;F;20 à 24 ans;2024;21292
42;42 - Loire;84;84 - Auvergne-Rhône-Alpes;F;35 à 39 ans;2024;22871
42;42 - Loire;84;84 - Auvergne-Rhône-Alpes;F;40 à 44 ans;2024;23988
42;42 - Loire;84;84 - Auvergne-Rhône-Alpes;F;65 à 69 ans;2024;23762
43;43 - Haute-Loire;84;84 - Auvergne-Rhône-Alpes;H;10 à 14 ans;2024;7170
43;43 - Haute-Loire;84;84 - Auvergne-Rhône-Alpes;H;35 à 39 ans;2024;6265
43;43 - Haute-Loire;84;84 - Auvergne-Rhône-Alpes;H;45 à 49 ans;2024;6827
43;43 - Haute-Loire;84;84 - Auvergne-Rhône-Alpes;H;65 à 69 ans;2024;7880
43;43 - Haute-Loire;84;84 - Auvergne-Rhône-Alpes;F;20 à 24 ans;2024;4726
43;43 - Haute-Loire;84;84 - Auvergne-Rhône-Alpes;F;50 à 54 ans;2024;8072
43;43 - Haute-Loire;84;84 - Auvergne-Rhône-Alpes;F;70 à 74 ans;2024;7683
44;44 - Loire-Atlantique;52;52 - Pays de la Loire;H;10 à 14 ans;2024;48822
44;44 - Loire-Atlantique;52;52 - Pays de la Loire;H;35 à 39 ans;2024;49819
44;44 - Loire-Atlantique;52;52 - Pays de la Loire;H;40 à 44 ans;2024;50597
44;44 - Loire-Atlantique;52;52 - Pays de la Loire;H;60 à 64 ans;2024;40123
44;44 - Loire-Atlantique;52;52 - Pays de la Loire;H;65 à 69 ans;2024;36405
44;44 - Loire-Atlantique;52;52 - Pays de la Loire;F;30 à 34 ans;2024;47703
45;45 - Loiret;24;24 - Centre-Val de Loire;H;0 à 4 ans;2024;18843
45;45 - Loiret;24;24 - Centre-Val de Loire;F;0 à 4 ans;2024;17710
45;45 - Loiret;24;24 - Centre-Val de Loire;F;15 à 19 ans;2024;21147
45;45 - Loiret;24;24 - Centre-Val de Loire;F;20 à 24 ans;2024;18003
45;45 - Loiret;24;24 - Centre-Val de Loire;F;40 à 44 ans;2024;22293
45;45 - Loiret;24;24 - Centre-Val de Loire;F;50 à 54 ans;2024;23415
45;45 - Loiret;24;24 - Centre-Val de Loire;F;60 à 64 ans;2024;21403
45;45 - Loiret;24;24 - Centre-Val de Loire;F;65 à 69 ans;2024;20718
45;45 - Loiret;24;24 - Centre-Val de Loire;F;70 à 74 ans;2024;20329
46;46 - Lot;76;76 - Occitanie;H;15 à 19 ans;2024;4507
46;46 - Lot;76;76 - Occitanie;H;25 à 29 ans;2024;3191
46;46 - Lot;76;76 - Occitanie;H;55 à 59 ans;2024;6287
46;46 - Lot;76;76 - Occitanie;H;80 ans et plus;2024;6355
46;46 - Lot;76;76 - Occitanie;F;0 à 4 ans;2024;3098
46;46 - Lot;76;76 - Occitanie;F;10 à 14 ans;2024;4205
46;46 - Lot;76;76 - Occitanie;F;15 à 19 ans;2024;4040
46;46 - Lot;76;76 - Occitanie;F;40 à 44 ans;2024;4853
46;46 - Lot;76;76 - Occitanie;F;45 à 49 ans;2024;4928
46;46 - Lot;76;76 - Occitanie;F;55 à 59 ans;2024;6677
46;46 - Lot;76;76 - Occitanie;F;65 à 69 ans;2024;7776
46;46 - Lot;76;76 - Occitanie;F;80 ans et plus;2024;9900
47;47 - Lot-et-Garonne;75;75 - Nouvelle-Aquitaine;H;0 à 4 ans;2024;7667
47;47 - Lot-et-Garonne;75;75 - Nouvelle-Aquitaine;H;30 à 34 ans;2024;8082
47;47 - Lot-et-Garonne;75;75 - Nouvelle-Aquitaine;H;60 à 64 ans;2024;11339
47;47 - Lot-et-Garonne;75;75 - Nouvelle-Aquitaine;F;15 à 19 ans;2024;8856
47;47 - Lot-et-Garonne;75;75 - Nouvelle-Aquitaine;F;40 à 44 ans;2024;9685
47;47 - Lot-et-Garonne;75;75 - Nouvelle-Aquitaine;F;65 à 69 ans;2024;12221
47;47 - Lot-et-Garonne;75;75 - Nouvelle-Aquitaine;F;70 à 74 ans;2024;12095
48;48 - Lozère;76;76 - Occitanie;H;5 à 9 ans;2024;1876
48;48 - Lozère;76;76 - Occitanie;H;25 à 29 ans;2024;1723
48;48 - Lozère;76;76 - Occitanie;H;30 à 34 ans;2024;1766
48;48 - Lozère;76;76 - Occitanie;H;35 à 39 ans;2024;2138
48;48 - Lozère;76;76 - Occitanie;H;45 à 49 ans;2024;2297
48;48 - Lozère;76;76 - Occitanie;H;55 à 59 ans;2024;2767
48;48 - Lozère;76;76 - Occitanie;H;75 à 79 ans;2024;2005
48;48 - Lozère;76;76 - Occitanie;F;20 à 24 ans;2024;1464
48;48 - Lozère;76;76 - Occitanie;F;30 à 34 ans;2024;1813
48;48 - Lozère;76;76 - Occitanie;F;35 à 39 ans;2024;2005
48;48 - Lozère;76;76 - Occitanie;F;40 à 44 ans;2024;2233
48;48 - Lozère;76;76 - Occitanie;F;45 à 49 ans;2024;2211
48;48 - Lozère;76;76 - Occitanie;F;50 à 54 ans;2024;2608
48;48 - Lozère;76;76 - Occitanie;F;60 à 64 ans;2024;2768
49;49 - Maine-et-Loire;52;52 - Pays de la Loire;H;55 à 59 ans;2024;25388
49;49 - Maine-et-Loire;52;52 - Pays de la Loire;H;65 à 69 ans;2024;22088
49;49 - Maine-et-Loire;52;52 - Pays de la Loire;H;70 à 74 ans;2024;20216
49;49 - Maine-et-Loire;52;52 - Pays de la Loire;F;20 à 24 ans;2024;25954
49;49 - Maine-et-Loire;52;52 - Pays de la Loire;F;40 à 44 ans;2024;26772
49;49 - Maine-et-Loire;52;52 - Pays de la Loire;F;50 à 54 ans;2024;27223
49;49 - Maine-et-Loire;52;52 - Pays de la Loire;F;60 à 64 ans;2024;25653
49;49 - Maine-et-Loire;52;52 - Pays de la Loire;F;75 à 79 ans;2024;19307
49;49 - Maine-et-Loire;52;52 - Pays de la Loire;F;80 ans et plus;2024;33008
50;50 - Manche;28;28 - Normandie;H;5 à 9 ans;2024;13202
50;50 - Manche;28;28 - Normandie;H;10 à 14 ans;2024;14801
50;50 - Manche;28;28 - Normandie;H;35 à 39 ans;2024;13861
50;50 - Manche;28;28 - Normandie;H;60 à 64 ans;2024;18040
50;50 - Manche;28;28 - Normandie;H;70 à 74 ans;2024;15660
50;50 - Manche;28;28 - Normandie;F;40 à 44 ans;2024;14108
50;50 - Manche;28;28 - Normandie;F;50 à 54 ans;2024;16542
50;50 - Manche;28;28 - Normandie;F;60 à 64 ans;2024;18486
50;50 - Manche;28;28 - Normandie;F;75 à 79 ans;2024;14695
50;50 - Manche;28;28 - Normandie;F;80 ans et plus;2024;24152
51;51 - Marne;44;44 - Grand Est;H;0 à 4 ans;2024;13508
51;51 - Marne;44;44 - Grand Est;H;5 à 9 ans;2024;15804
51;51 - Marne;44;44 - Grand Est;H;10 à 14 ans;2024;17344
51;51 - Marne;44;44 - Grand Est;H;40 à 44 ans;2024;16868
51;51 - Marne;44;44 - Grand Est;H;60 à 64 ans;2024;16276
51;51 - Marne;44;44 - Grand Est;H;70 à 74 ans;2024;14056
51;51 - Marne;44;44 - Grand Est;F;5 à 9 ans;2024;15341
51;51 - Marne;44;44 - Grand Est;F;60 à 64 ans;2024;17577
51;51 - Marne;44;44 - Grand Est;F;70 à 74 ans;2024;17656
52;52 - Haute-Marne;44;44 - Grand Est;H;0 à 4 ans;2024;3661
52;52 - Haute-Marne;44;44 - Grand Est;H;30 à 34 ans;2024;4757
52;52 - Haute-Marne;44;44 - Grand Est;H;40 à 44 ans;2024;4736
52;52 - Haute-Marne;44;44 - Grand Est;H;50 à 54 ans;2024;5569
52;52 - Haute-Marne;44;44 - Grand Est;F;15 à 19 ans;2024;4444
52;52 - Haute-Marne;44;44 - Grand Est;F;30 à 34 ans;2024;4080
52;52 - Haute-Marne;44;44 - Grand Est;F;50 à 54 ans;2024;5451
52;52 - Haute-Marne;44;44 - Grand Est;F;70 à 74 ans;2024;6115
52;52 - Haute-Marne;44;44 - Grand Est;F;80 ans et plus;2024;8291
53;53 - Mayenne;52;52 - Pays de la Loire;H;0 à 4 ans;2024;7509
53;53 - Mayenne;52;52 - Pays de la Loire;H;15 à 19 ans;2024;10456
53;53 - Mayenne;52;52 - Pays de la Loire;H;20 à 24 ans;2024;8454
53;53 - Mayenne;52;52 - Pays de la Loire;H;40 à 44 ans;2024;8995
53;53 - Mayenne;52;52 - Pays de la Loire;H;70 à 74 ans;2024;8322
53;53 - Mayenne;52;52 - Pays de la Loire;F;20 à 24 ans;2024;7117
53;53 - Mayenne;52;52 - Pays de la Loire;F;50 à 54 ans;2024;9888
53;53 - Mayenne;52;52 - Pays de la Loire;F;70 à 74 ans;2024;9349
53;53 - Mayenne;52;52 - Pays de la Loire;F;80 ans et plus;2024;13355
54;54 - Meurthe-et-Moselle;44;44 - Grand Est;H;15 à 19 ans;2024;25234
54;54 - Meurthe-et-Moselle;44;44 - Grand Est;H;30 à 34 ans;2024;22499
54;54 - Meurthe-et-Moselle;44;44 - Grand Est;H;35 à 39 ans;2024;22771
54;54 - Meurthe-et-Moselle;44;44 - Grand Est;H;50 à 54 ans;2024;23407
54;54 - Meurthe-et-Moselle;44;44 - Grand Est;H;70 à 74 ans;2024;17586
54;54 - Meurthe-et-Moselle;44;44 - Grand Est;F;5 à 9 ans;2024;19246
54;54 - Meurthe-et-Moselle;44;44 - Grand Est;F;40 à 44 ans;2024;23623
54;54 - Meurthe-et-Moselle;44;44 - Grand Est;F;45 à 49 ans;2024;21572
54;54 - Meurthe-et-Moselle;44;44 - Grand Est;F;65 à 69 ans;2024;22367
55;55 - Meuse;44;44 - Grand Est;H;10 à 14 ans;2024;5514
55;55 - Meuse;44;44 - Grand Est;H;65 à 69 ans;2024;6275
55;55 - Meuse;44;44 - Grand Est;H;75 à 79 ans;2024;4168
55;55 - Meuse;44;44 - Grand Est;F;5 à 9 ans;2024;4698
55;55 - Meuse;44;44 - Grand Est;F;30 à 34 ans;2024;4398
55;55 - Meuse;44;44 - Grand Est;F;50 à 54 ans;2024;6123
55;55 - Meuse;44;44 - Grand Est;F;60 à 64 ans;2024;6438
56;56 - Morbihan;53;53 - Bretagne;H;5 à 9 ans;2024;20755
56;56 - Morbihan;53;53 - Bretagne;H;15 à 19 ans;2024;23547
56;56 - Morbihan;53;53 - Bretagne;H;20 à 24 ans;2024;19518
56;56 - Morbihan;53;53 - Bretagne;H;65 à 69 ans;2024;27054
56;56 - Morbihan;53;53 - Bretagne;H;75 à 79 ans;2024;19367
56;56 - Morbihan;53;53 - Bretagne;F;10 à 14 ans;2024;22350
56;56 - Morbihan;53;53 - Bretagne;F;40 à 44 ans;2024;24001
56;56 - Morbihan;53;53 - Bretagne;F;50 à 54 ans;2024;27264
56;56 - Morbihan;53;53 - Bretagne;F;65 à 69 ans;2024;30033
56;56 - Morbihan;53;53 - Bretagne;F;75 à 79 ans;2024;23858
56;56 - Morbihan;53;53 - Bretagne;F;80 ans et plus;2024;35800
57;57 - Moselle;44;44 - Grand Est;H;10 à 14 ans;2024;31907
57;57 - Moselle;44;44 - Grand Est;H;25 à 29 ans;2024;30394
57;57 - Moselle;44;44 - Grand Est;H;50 à 54 ans;2024;34803
57;57 - Moselle;44;44 - Grand Est;H;60 à 64 ans;2024;34740
57;57 - Moselle;44;44 - Grand Est;H;65 à 69 ans;2024;31112
57;57 - Moselle;44;44 - Grand Est;H;70 à 74 ans;2024;27031
57;57 - Moselle;44;44 - Grand Est;H;75 à 79 ans;2024;18325
57;57 - Moselle;44;44 - Grand Est;F;35 à 39 ans;2024;34501
57;57 - Moselle;44;44 - Grand Est;F;40 à 44 ans;2024;34848
57;57 - Moselle;44;44 - Grand Est;F;50 à 54 ans;2024;35927
57;57 - Moselle;44;44 - Grand Est;F;60 à 64 ans;2024;37506
57;57 - Moselle;44;44 - Grand Est;F;75 à 79 ans;2024;22348
57;57 - Moselle;44;44 - Grand Est;F;80 ans et plus;2024;38495
58;58 - Nièvre;27;27 - Bourgogne-Franche-Comté;H;20 à 24 ans;2024;4734
58;58 - Nièvre;27;27 - Bourgogne-Franche-Comté;H;30 à 34 ans;2024;4561
58;58 - Nièvre;27;27 - Bourgogne-Franche-Comté;H;70 à 74 ans;2024;7495
58;58 - Nièvre;27;27 - Bourgogne-Franche-Comté;F;15 à 19 ans;2024;4907
58;58 - Nièvre;27;27 - Bourgogne-Franche-Comté;F;65 à 69 ans;2024;8260
58;58 - Nièvre;27;27 - Bourgogne-Franche-Comté;F;70 à 74 ans;2024;8467
59;59 - Nord;32;32 - Hauts-de-France;H;15 à 19 ans;2024;93123
59;59 - Nord;32;32 - Hauts-de-France;H;25 à 29 ans;2024;79056
59;59 - Nord;32;32 - Hauts-de-France;H;30 à 34 ans;2024;80077
59;59 - Nord;32;32 - Hauts-de-France;H;50 à 54 ans;2024;82235
59;59 - Nord;32;32 - Hauts-de-France;H;60 à 64 ans;2024;72120
59;59 - Nord;32;32 - Hauts-de-France;H;80 ans et plus;2024;41648
59;59 - Nord;32;32 - Hauts-de-France;F;10 à 14 ans;2024;85285
59;59 - Nord;32;32 - Hauts-de-France;F;80 ans et plus;2024;82846
60;60 - Oise;32;32 - Hauts-de-France;H;0 à 4 ans;2024;23260
60;60 - Oise;32;32 - Hauts-de-France;H;15 à 19 ans;2024;28041
60;60 - Oise;32;32 - Hauts-de-France;H;65 à 69 ans;2024;20709
60;60 - Oise;32;32 - Hauts-de-France;H;80 ans et plus;2024;13987
60;60 - Oise;32;32 - Hauts-de-France;F;0 à 4 ans;2024;22891
60;60 - Oise;32;32 - Hauts-de-France;F;15 à 19 ans;2024;26175
60;60 - Oise;32;32 - Hauts-de-France;F;50 à 54 ans;2024;28348
60;60 - Oise;32;32 - Hauts-de-France;F;60 à 64 ans;2024;25403
60;60 - Oise;32;32 - Hauts-de-France;F;80 ans et plus;2024;24250
61;61 - Orne;28;28 - Normandie;H;0 à 4 ans;2024;6222
61;61 - Orne;28;28 - Normandie;H;30 à 34 ans;2024;6540
61;61 - Orne;28;28 - Normandie;H;35 à 39 ans;2024;7075
61;61 - Orne;28;28 - Normandie;H;50 à 54 ans;2024;9036
61;61 - Orne;28;28 - Normandie;H;65 à 69 ans;2024;9544
61;61 - Orne;28;28 - Normandie;H;75 à 79 ans;2024;6851
61;61 - Orne;28;28 - Normandie;H;80 ans et plus;2024;8077
61;61 - Orne;28;28 - Normandie;F;15 à 19 ans;2024;7255
61;61 - Orne;28;28 - Normandie;F;20 à 24 ans;2024;5881
61;61 - Orne;28;28 - Normandie;F;25 à 29 ans;2024;5829
61;61 - Orne;28;28 - Normandie;F;40 à 44 ans;2024;7712
61;61 - Orne;28;28 - Normandie;F;45 à 49 ans;2024;7443
62;62 - Pas-de-Calais;32;32 - Hauts-de-France;H;0 à 4 ans;2024;37573
62;62 - Pas-de-Calais;32;32 - Hauts-de-France;H;30 à 34 ans;2024;40355
62;62 - Pas-de-Calais;32;32 - Hauts-de-France;H;45 à 49 ans;2024;43605
62;62 - Pas-de-Calais;32;32 - Hauts-de-France;H;65 à 69 ans;2024;40922
62;62 - Pas-de-Calais;32;32 - Hauts-de-France;F;50 à 54 ans;2024;48470
62;62 - Pas-de-Calais;32;32 - Hauts-de-France;F;55 à 59 ans;2024;46846
62;62 - Pas-de-Calais;32;32 - Hauts-de-France;F;65 à 69 ans;2024;47184
62;62 - Pas-de-Calais;32;32 - Hauts-de-France;F;75 à 79 ans;2024;34561
62;62 - Pas-de-Calais;32;32 - Hauts-de-France;F;80 ans et plus;2024;49605
63;63 - Puy-de-Dôme;84;84 - Auvergne-Rhône-Alpes;H;15 à 19 ans;2024;21090
63;63 - Puy-de-Dôme;84;84 - Auvergne-Rhône-Alpes;H;25 à 29 ans;2024;18605
63;63 - Puy-de-Dôme;84;84 - Auvergne-Rhône-Alpes;H;30 à 34 ans;2024;18646
63;63 - Puy-de-Dôme;84;84 - Auvergne-Rhône-Alpes;H;45 à 49 ans;2024;19878
63;63 - Puy-de-Dôme;84;84 - Auvergne-Rhône-Alpes;H;70 à 74 ans;2024;18025
63;63 - Puy-de-Dôme;84;84 - Auvergne-Rhône-Alpes;F;0 à 4 ans;2024;14460
63;63 - Puy-de-Dôme;84;84 - Auvergne-Rhône-Alpes;F;5 à 9 ans;2024;17098
63;63 - Puy-de-Dôme;84;84 - Auvergne-Rhône-Alpes;F;20 à 24 ans;2024;20283
63;63 - Puy-de-Dôme;84;84 - Auvergne-Rhône-Alpes;F;35 à 39 ans;2024;20125
63;63 - Puy-de-Dôme;84;84 - Auvergne-Rhône-Alpes;F;45 à 49 ans;2024;19915
63;63 - Puy-de-Dôme;84;84 - Auvergne-Rhône-Alpes;F;55 à 59 ans;2024;21462
64;64 - Pyrénées-Atlantiques;75;75 - Nouvelle-Aquitaine;H;10 à 14 ans;2024;20211
64;64 - Pyrénées-Atlantiques;75;75 - Nouvelle-Aquitaine;H;15 à 19 ans;2024;20117
64;64 - Pyrénées-Atlantiques;75;75 - Nouvelle-Aquitaine;H;30 à 34 ans;2024;18823
64;64 - Pyrénées-Atlantiques;75;75 - Nouvelle-Aquitaine;H;40 à 44 ans;2024;21384
64;64 - Pyrénées-Atlantiques;75;75 - Nouvelle-Aquitaine;H;80 ans et plus;2024;19851
64;64 - Pyrénées-Atlantiques;75;75 - Nouvelle-Aquitaine;F;10 à 14 ans;2024;18760
64;64 - Pyrénées-Atlantiques;75;75 - Nouvelle-Aquitaine;F;20 à 24 ans;2024;16393
64;64 - Pyrénées-Atlantiques;75;75 - Nouvelle-Aquitaine;F;30 à 34 ans;2024;19765
64;64 - Pyrénées-Atlantiques;75;75 - Nouvelle-Aquitaine;F;35 à 39 ans;2024;21560
64;64 - Pyrénées-Atlantiques;75;75 - Nouvelle-Aquitaine;F;40 à 44 ans;2024;23042
64;64 - Pyrénées-Atlantiques;75;75 - Nouvelle-Aquitaine;F;70 à 74 ans;2024;23996
64;64 - Pyrénées-Atlantiques;75;75 - Nouvelle-Aquitaine;F;80 ans et plus;2024;35092
65;65 - Hautes-Pyrénées;76;76 - Occitanie;H;0 à 4 ans;2024;4803
65;65 - Hautes-Pyrénées;76;76 - Occitanie;H;5 à 9 ans;2024;5645
65;65 - Hautes-Pyrénées;76;76 - Occitanie;H;25 à 29 ans;2024;5754
65;65 - Hautes-Pyrénées;76;76 - Occitanie;H;30 à 34 ans;2024;5527
65;65 - Hautes-Pyrénées;76;76 - Occitanie;H;35 à 39 ans;2024;6301
65;65 - Hautes-Pyrénées;76;76 - Occitanie;H;40 à 44 ans;2024;6620
65;65 - Hautes-Pyrénées;76;76 - Occitanie;H;60 à 64 ans;2024;8073
65;65 - Hautes-Pyrénées;76;76 - Occitanie;H;65 à 69 ans;2024;7809
65;65 - Hautes-Pyrénées;76;76 - Occitanie;H;75 à 79 ans;2024;5855
65;65 - Hautes-Pyrénées;76;76 - Occitanie;H;80 ans et plus;2024;7205
65;65 - Hautes-Pyrénées;76;76 - Occitanie;F;0 à 4 ans;2024;4468
65;65 - Hautes-Pyrénées;76;76 - Occitanie;F;10 à 14 ans;2024;5885
65;65 - Hautes-Pyrénées;76;76 - Occitanie;F;15 à 19 ans;2024;5786
65;65 - Hautes-Pyrénées;76;76 - Occitanie;F;40 à 44 ans;2024;6818
65;65 - Hautes-Pyrénées;76;76 - Occitanie;F;45 à 49 ans;2024;6651
65;65 - Hautes-Pyrénées;76;76 - Occitanie;F;70 à 74 ans;2024;8525
66;66 - Pyrénées-Orientales;76;76 - Occitanie;H;0 à 4 ans;2024;11544
66;66 - Pyrénées-Orientales;76;76 - Occitanie;H;5 à 9 ans;2024;13283
66;66 - Pyrénées-Orientales;76;76 - Occitanie;H;15 à 19 ans;2024;14853
66;66 - Pyrénées-Orientales;76;76 - Occitanie;H;20 à 24 ans;2024;12002
66;66 - Pyrénées-Orientales;76;76 - Occitanie;H;35 à 39 ans;2024;12761
66;66 - Pyrénées-Orientales;76;76 - Occitanie;H;65 à 69 ans;2024;16111
66;66 - Pyrénées-Orientales;76;76 - Occitanie;F;25 à 29 ans;2024;11133
66;66 - Pyrénées-Orientales;76;76 - Occitanie;F;30 à 34 ans;2024;12642
66;66 - Pyrénées-Orientales;76;76 - Occitanie;F;50 à 54 ans;2024;17294
66;66 - Pyrénées-Orientales;76;76 - Occitanie;F;80 ans et plus;2024;23921
67;67 - Bas-Rhin;44;44 - Grand Est;H;0 à 4 ans;2024;27919
67;67 - Bas-Rhin;44;44 - Grand Est;H;15 à 19 ans;2024;36998
67;67 - Bas-Rhin;44;44 - Grand Est;H;20 à 24 ans;2024;36681
67;67 - Bas-Rhin;44;44 - Grand Est;H;25 à 29 ans;2024;36137
67;67 - Bas-Rhin;44;44 - Grand Est;H;50 à 54 ans;2024;38975
67;67 - Bas-Rhin;44;44 - Grand Est;F;30 à 34 ans;2024;37490
67;67 - Bas-Rhin;44;44 - Grand Est;F;35 à 39 ans;2024;38654
67;67 - Bas-Rhin;44;44 - Grand Est;F;40 à 44 ans;2024;39065
67;67 - Bas-Rhin;44;44 - Grand Est;F;50 à 54 ans;2024;39694
67;67 - Bas-Rhin;44;44 - Grand Est;F;65 à 69 ans;2024;35432
68;68 - Haut-Rhin;44;44 - Grand Est;H;0 à 4 ans;2024;17987
68;68 - Haut-Rhin;44;44 - Grand Est;H;10 à 14 ans;2024;24119
68;68 - Haut-Rhin;44;44 - Grand Est;H;20 à 24 ans;2024;20815
68;68 - Haut-Rhin;44;44 - Grand Est;H;40 à 44 ans;2024;24225
68;68 - Haut-Rhin;44;44 - Grand Est;H;45 à 49 ans;2024;23751
68;68 - Haut-Rhin;44;44 - Grand Est;H;70 à 74 ans;2024;20515
68;68 - Haut-Rhin;44;44 - Grand Est;H;75 à 79 ans;2024;14216
68;68 - Haut-Rhin;44;44 - Grand Est;H;80 ans et plus;2024;17799
68;68 - Haut-Rhin;44;44 - Grand Est;F;15 à 19 ans;2024;20688
68;68 - Haut-Rhin;44;44 - Grand Est;F;20 à 24 ans;2024;18008
68;68 - Haut-Rhin;44;44 - Grand Est;F;35 à 39 ans;2024;24459
68;68 - Haut-Rhin;44;44 - Grand Est;F;55 à 59 ans;2024;27595
68;68 - Haut-Rhin;44;44 - Grand Est;F;60 à 64 ans;2024;26398
69;69 - Rhône;84;84 - Auvergne-Rhône-Alpes;H;0 à 4 ans;2024;51739
69;69 - Rhône;84;84 - Auvergne-Rhône-Alpes;H;10 à 14 ans;2024;62592
69;69 - Rhône;84;84 - Auvergne-Rhône-Alpes;H;25 à 29 ans;2024;66295
69;69 - Rhône;84;84 - Auvergne-Rhône-Alpes;H;40 à 44 ans;2024;61090
69;69 - Rhône;84;84 - Auvergne-Rhône-Alpes;H;60 à 64 ans;2024;47972
69;69 - Rhône;84;84 - Auvergne-Rhône-Alpes;H;65 à 69 ans;2024;38713
69;69 - Rhône;84;84 - Auvergne-Rhône-Alpes;H;75 à 79 ans;2024;30876
69;69 - Rhône;84;84 - Auvergne-Rhône-Alpes;H;80 ans et plus;2024;39939
69;69 - Rhône;84;84 - Auvergne-Rhône-Alpes;F;5 à 9 ans;2024;55376
69;69 - Rhône;84;84 - Auvergne-Rhône-Alpes;F;20 à 24 ans;2024;73644
69;69 - Rhône;84;84 - Auvergne-Rhône-Alpes;F;40 à 44 ans;2024;65357
69;69 - Rhône;84;84 - Auvergne-Rhône-Alpes;F;55 à 59 ans;2024;57318
69;69 - Rhône;84;84 - Auvergne-Rhône-Alpes;F;65 à 69 ans;2024;46250
69;69 - Rhône;84;84 - Auvergne-Rhône-Alpes;F;80 ans et plus;2024;66692
70;70 - Haute-Saône;27;27 - Bourgogne-Franche-Comté;H;25 à 29 ans;2024;5109
70;70 - Haute-Saône;27;27 - Bourgogne-Franche-Comté;H;75 à 79 ans;2024;5601
70;70 - Haute-Saône;27;27 - Bourgogne-Franche-Comté;F;60 à 64 ans;2024;8526
70;70 - Haute-Saône;27;27 - Bourgogne-Franche-Comté;F;65 à 69 ans;2024;8340
70;70 - Haute-Saône;27;27 - Bourgogne-Franche-Comté;F;70 à 74 ans;2024;8017
70;70 - Haute-Saône;27;27 - Bourgogne-Franche-Comté;F;80 ans et plus;2024;9439
71;71 - Saône-et-Loire;27;27 - Bourgogne-Franche-Comté;H;30 à 34 ans;2024;13356
71;71 - Saône-et-Loire;27;27 - Bourgogne-Franche-Comté;H;35 à 39 ans;2024;14732
71;71 - Saône-et-Loire;27;27 - Bourgogne-Franche-Comté;H;40 à 44 ans;2024;15816
71;71 - Saône-et-Loire;27;27 - Bourgogne-Franche-Comté;H;70 à 74 ans;2024;17730
71;71 - Saône-et-Loire;27;27 - Bourgogne-Franche-Comté;H;75 à 79 ans;2024;14028
71;71 - Saône-et-Loire;27;27 - Bourgogne-Franche-Comté;H;80 ans et plus;2024;16044
71;71 - Saône-et-Loire;27;27 - Bourgogne-Franche-Comté;F;0 à 4 ans;2024;11589
71;71 - Saône-et-Loire;27;27 - Bourgogne-Franche-Comté;F;5 à 9 ans;2024;13878
71;71 - Saône-et-Loire;27;27 - Bourgogne-Franche-Comté;F;30 à 34 ans;2024;13308
71;71 - Saône-et-Loire;27;27 - Bourgogne-Franche-Comté;F;35 à 39 ans;2024;15111
72;72 - Sarthe;52;52 - Pays de la Loire;H;10 à 14 ans;2024;18318
72;72 - Sarthe;52;52 - Pays de la Loire;H;15 à 19 ans;2024;18961
72;72 - Sarthe;52;52 - Pays de la Loire;H;20 à 24 ans;2024;16217
72;72 - Sarthe;52;52 - Pays de la Loire;H;50 à 54 ans;2024;19243
72;72 - Sarthe;52;52 - Pays de la Loire;H;70 à 74 ans;2024;15498
72;72 - Sarthe;52;52 - Pays de la Loire;H;75 à 79 ans;2024;11829
72;72 - Sarthe;52;52 - Pays de la Loire;F;5 à 9 ans;2024;15829
72;72 - Sarthe;52;52 - Pays de la Loire;F;10 à 14 ans;2024;17637
72;72 - Sarthe;52;52 - Pays de la Loire;F;20 à 24 ans;2024;14681
72;72 - Sarthe;52;52 - Pays de la Loire;F;40 à 44 ans;2024;16918
72;72 - Sarthe;52;52 - Pays de la Loire;F;55 à 59 ans;2024;18720
72;72 - Sarthe;52;52 - Pays de la Loire;F;75 à 79 ans;2024;13912
72;72 - Sarthe;52;52 - Pays de la Loire;F;80 ans et plus;2024;24257
73;73 - Savoie;84;84 - Auvergne-Rhône-Alpes;H;20 à 24 ans;2024;12209
73;73 - Savoie;84;84 - Auvergne-Rhône-Alpes;H;45 à 49 ans;2024;13844
73;73 - Savoie;84;84 - Auvergne-Rhône-Alpes;H;65 à 69 ans;2024;12784
73;73 - Savoie;84;84 - Auvergne-Rhône-Alpes;H;75 à 79 ans;2024;9179
73;73 - Savoie;84;84 - Auvergne-Rhône-Alpes;F;5 à 9 ans;2024;12257
73;73 - Savoie;84;84 - Auvergne-Rhône-Alpes;F;20 à 24 ans;2024;10554
73;73 - Savoie;84;84 - Auvergne-Rhône-Alpes;F;30 à 34 ans;2024;13178
73;73 - Savoie;84;84 - Auvergne-Rhône-Alpes;F;35 à 39 ans;2024;14887
73;73 - Savoie;84;84 - Auvergne-Rhône-Alpes;F;45 à 49 ans;2024;13685
73;73 - Savoie;84;84 - Auvergne-Rhône-Alpes;F;60 à 64 ans;2024;14962
73;73 - Savoie;84;84 - Auvergne-Rhône-Alpes;F;70 à 74 ans;2024;13596
73;73 - Savoie;84;84 - Auvergne-Rhône-Alpes;F;80 ans et plus;2024;17691
74;74 - Haute-Savoie;84;84 - Auvergne-Rhône-Alpes;H;0 à 4 ans;2024;24624
74;74 - Haute-Savoie;84;84 - Auvergne-Rhône-Alpes;H;5 à 9 ans;2024;27711
74;74 - Haute-Savoie;84;84 - Auvergne-Rhône-Alpes;H;25 à 29 ans;2024;25105
74;74 - Haute-Savoie;84;84 - Auvergne-Rhône-Alpes;H;30 à 34 ans;2024;30543
74;74 - Haute-Savoie;84;84 - Auvergne-Rhône-Alpes;H;35 à 39 ans;2024;31672
74;74 - Haute-Savoie;84;84 - Auvergne-Rhône-Alpes;H;40 à 44 ans;2024;31310
74;74 - Haute-Savoie;84;84 - Auvergne-Rhône-Alpes;H;55 à 59 ans;2024;28085
74;74 - Haute-Savoie;84;84 - Auvergne-Rhône-Alpes;H;75 à 79 ans;2024;14258
74;74 - Haute-Savoie;84;84 - Auvergne-Rhône-Alpes;H;80 ans et plus;2024;16024
74;74 - Haute-Savoie;84;84 - Auvergne-Rhône-Alpes;F;20 à 24 ans;2024;19148
74;74 - Haute-Savoie;84;84 - Auvergne-Rhône-Alpes;F;25 à 29 ans;2024;24459
74;74 - Haute-Savoie;84;84 - Auvergne-Rhône-Alpes;F;60 à 64 ans;2024;25510
74;74 - Haute-Savoie;84;84 - Auvergne-Rhône-Alpes;F;65 à 69 ans;2024;22083
74;74 - Haute-Savoie;84;84 - Auvergne-Rhône-Alpes;F;70 à 74 ans;2024;21108
74;74 - Haute-Savoie;84;84 - Auvergne-Rhône-Alpes;F;75 à 79 ans;2024;17264
75;75 - Paris;11;11 - Île-de-France;H;0 à 4 ans;2024;42476
75;75 - Paris;11;11 - Île-de-France;H;10 à 14 ans;2024;46534
75;75 - Paris;11;11 - Île-de-France;H;20 à 24 ans;2024;75946
75;75 - Paris;11;11 - Île-de-France;H;70 à 74 ans;2024;39624
75;75 - Paris;11;11 - Île-de-France;F;15 à 19 ans;2024;57286
75;75 - Paris;11;11 - Île-de-France;F;65 à 69 ans;2024;51885
75;75 - Paris;11;11 - Île-de-France;F;70 à 74 ans;2024;52432
76;76 - Seine-Maritime;28;28 - Normandie;H;0 à 4 ans;2024;32653
76;76 - Seine-Maritime;28;28 - Normandie;H;10 à 14 ans;2024;40199
76;76 - Seine-Maritime;28;28 - Normandie;H;15 à 19 ans;2024;42022
76;76 - Seine-Maritime;28;28 - Normandie;H;20 à 24 ans;2024;39702
76;76 - Seine-Maritime;28;28 - Normandie;H;25 à 29 ans;2024;35327
76;76 - Seine-Maritime;28;28 - Normandie;H;40 à 44 ans;2024;38064
76;76 - Seine-Maritime;28;28 - Normandie;H;45 à 49 ans;2024;35362
76;76 - Seine-Maritime;28;28 - Normandie;H;55 à 59 ans;2024;37864
76;76 - Seine-Maritime;28;28 - Normandie;F;10 à 14 ans;2024;38420
76;76 - Seine-Maritime;28;28 - Normandie;F;15 à 19 ans;2024;39017
76;76 - Seine-Maritime;28;28 - Normandie;F;25 à 29 ans;2024;35817
76;76 - Seine-Maritime;28;28 - Normandie;F;45 à 49 ans;2024;36342
76;76 - Seine-Maritime;28;28 - Normandie;F;60 à 64 ans;2024;41390
77;77 - Seine-et-Marne;11;11 - Île-de-France;H;0 à 4 ans;2024;45685
77;77 - Seine-et-Marne;11;11 - Île-de-France;H;10 à 14 ans;2024;53483
77;77 - Seine-et-Marne;11;11 - Île-de-France;H;15 à 19 ans;2024;51438
77;77 - Seine-et-Marne;11;11 - Île-de-France;H;20 à 24 ans;2024;45669
77;77 - Seine-et-Marne;11;11 - Île-de-France;H;40 à 44 ans;2024;49402
77;77 - Seine-et-Marne;11;11 - Île-de-France;H;45 à 49 ans;2024;46842
77;77 - Seine-et-Marne;11;11 - Île-de-France;H;65 à 69 ans;2024;31617
77;77 - Seine-et-Marne;11;11 - Île-de-France;H;70 à 74 ans;2024;27931
77;77 - Seine-et-Marne;11;11 - Île-de-France;F;5 à 9 ans;2024;47916
77;77 - Seine-et-Marne;11;11 - Île-de-France;F;35 à 39 ans;2024;53781
77;77 - Seine-et-Marne;11;11 - Île-de-France;F;40 à 44 ans;2024;53132
77;77 - Seine-et-Marne;11;11 - Île-de-France;F;45 à 49 ans;2024;47616
77;77 - Seine-et-Marne;11;11 - Île-de-France;F;65 à 69 ans;2024;35987
77;77 - Seine-et-Marne;11;11 - Île-de-France;F;75 à 79 ans;2024;25528
77;77 - Seine-et-Marne;11;11 - Île-de-France;F;80 ans et plus;2024;37562
78;78 - Yvelines;11;11 - Île-de-France;H;30 à 34 ans;2024;44219
78;78 - Yvelines;11;11 - Île-de-France;H;35 à 39 ans;2024;47126
78;78 - Yvelines;11;11 - Île-de-France;H;50 à 54 ans;2024;50935
78;78 - Yvelines;11;11 - Île-de-France;H;65 à 69 ans;2024;30866
78;78 - Yvelines;11;11 - Île-de-France;F;5 à 9 ans;2024;46657
78;78 - Yvelines;11;11 - Île-de-France;F;35 à 39 ans;2024;50991
78;78 - Yvelines;11;11 - Île-de-France;F;40 à 44 ans;2024;52912
78;78 - Yvelines;11;11 - Île-de-France;F;65 à 69 ans;2024;36971
78;78 - Yvelines;11;11 - Île-de-France;F;75 à 79 ans;2024;28541
78;78 - Yvelines;11;11 - Île-de-France;F;80 ans et plus;2024;46398
79;79 - Deux-Sèvres;75;75 - Nouvelle-Aquitaine;H;0 à 4 ans;2024;8415
79;79 - Deux-Sèvres;75;75 - Nouvelle-Aquitaine;H;30 à 34 ans;2024;9453
79;79 - Deux-Sèvres;75;75 - Nouvelle-Aquitaine;H;35 à 39 ans;2024;10589
79;79 - Deux-Sèvres;75;75 - Nouvelle-Aquitaine;H;50 à 54 ans;2024;13209
79;79 - Deux-Sèvres;75;75 - Nouvelle-Aquitaine;H;80 ans et plus;2024;10688
79;79 - Deux-Sèvres;75;75 - Nouvelle-Aquitaine;F;15 à 19 ans;2024;10303
79;79 - Deux-Sèvres;75;75 - Nouvelle-Aquitaine;F;35 à 39 ans;2024;10796
79;79 - Deux-Sèvres;75;75 - Nouvelle-Aquitaine;F;40 à 44 ans;2024;11652
79;79 - Deux-Sèvres;75;75 - Nouvelle-Aquitaine;F;50 à 54 ans;2024;13032
80;80 - Somme;32;32 - Hauts-de-France;H;20 à 24 ans;2024;18336
80;80 - Somme;32;32 - Hauts-de-France;H;25 à 29 ans;2024;15737
80;80 - Somme;32;32 - Hauts-de-France;H;60 à 64 ans;2024;17174
80;80 - Somme;32;32 - Hauts-de-France;F;0 à 4 ans;2024;13246
80;80 - Somme;32;32 - Hauts-de-France;F;10 à 14 ans;2024;16792
80;80 - Somme;32;32 - Hauts-de-France;F;15 à 19 ans;2024;18050
80;80 - Somme;32;32 - Hauts-de-France;F;30 à 34 ans;2024;16273
80;80 - Somme;32;32 - Hauts-de-France;F;40 à 44 ans;2024;17247
80;80 - Somme;32;32 - Hauts-de-France;F;45 à 49 ans;2024;16754
80;80 - Somme;32;32 - Hauts-de-France;F;65 à 69 ans;2024;18054
80;80 - Somme;32;32 - Hauts-de-France;F;70 à 74 ans;2024;17557
81;81 - Tarn;76;76 - Occitanie;H;15 à 19 ans;2024;12044
81;81 - Tarn;76;76 - Occitanie;H;30 à 34 ans;2024;9620
81;81 - Tarn;76;76 - Occitanie;H;40 à 44 ans;2024;11503
81;81 - Tarn;76;76 - Occitanie;H;45 à 49 ans;2024;11752
81;81 - Tarn;76;76 - Occitanie;H;50 à 54 ans;2024;13443
81;81 - Tarn;76;76 - Occitanie;H;65 à 69 ans;2024;12610
81;81 - Tarn;76;76 - Occitanie;H;75 à 79 ans;2024;9614
81;81 - Tarn;76;76 - Occitanie;F;10 à 14 ans;2024;11594
81;81 - Tarn;76;76 - Occitanie;F;15 à 19 ans;2024;10645
81;81 - Tarn;76;76 - Occitanie;F;40 à 44 ans;2024;12418
81;81 - Tarn;76;76 - Occitanie;F;45 à 49 ans;2024;12230
81;81 - Tarn;76;76 - Occitanie;F;50 à 54 ans;2024;13932
81;81 - Tarn;76;76 - Occitanie;F;60 à 64 ans;2024;14393
81;81 - Tarn;76;76 - Occitanie;F;75 à 79 ans;2024;11713
82;82 - Tarn-et-Garonne;76;76 - Occitanie;H;15 à 19 ans;2024;8654
82;82 - Tarn-et-Garonne;76;76 - Occitanie;H;35 à 39 ans;2024;7640
82;82 - Tarn-et-Garonne;76;76 - Occitanie;H;50 à 54 ans;2024;9325
82;82 - Tarn-et-Garonne;76;76 - Occitanie;H;60 à 64 ans;2024;8561
82;82 - Tarn-et-Garonne;76;76 - Occitanie;H;70 à 74 ans;2024;7605
82;82 - Tarn-et-Garonne;76;76 - Occitanie;F;5 à 9 ans;2024;7689
82;82 - Tarn-et-Garonne;76;76 - Occitanie;F;20 à 24 ans;2024;5469
82;82 - Tarn-et-Garonne;76;76 - Occitanie;F;70 à 74 ans;2024;8443
83;83 - Var;93;93 - Provence-Alpes-Côte d'Azur;H;55 à 59 ans;2024;36905
83;83 - Var;93;93 - Provence-Alpes-Côte d'Azur;H;75 à 79 ans;2024;30096
83;83 - Var;93;93 - Provence-Alpes-Côte d'Azur;H;80 ans et plus;2024;36273
83;83 - Var;93;93 - Provence-Alpes-Côte d'Azur;F;20 à 24 ans;2024;24242
83;83 - Var;93;93 - Provence-Alpes-Côte d'Azur;F;30 à 34 ans;2024;29826
83;83 - Var;93;93 - Provence-Alpes-Côte d'Azur;F;70 à 74 ans;2024;40877
84;84 - Vaucluse;93;93 - Provence-Alpes-Côte d'Azur;H;25 à 29 ans;2024;13524
84;84 - Vaucluse;93;93 - Provence-Alpes-Côte d'Azur;H;45 à 49 ans;2024;16747
84;84 - Vaucluse;93;93 - Provence-Alpes-Côte d'Azur;H;55 à 59 ans;2024;18815
84;84 - Vaucluse;93;93 - Provence-Alpes-Côte d'Azur;H;60 à 64 ans;2024;18154
84;84 - Vaucluse;93;93 - Provence-Alpes-Côte d'Azur;H;65 à 69 ans;2024;16360
84;84 - Vaucluse;93;93 - Provence-Alpes-Côte d'Azur;H;75 à 79 ans;2024;13160
84;84 - Vaucluse;93;93 - Provence-Alpes-Côte d'Azur;F;5 à 9 ans;2024;15836
84;84 - Vaucluse;93;93 - Provence-Alpes-Côte d'Azur;F;20 à 24 ans;2024;12999
84;84 - Vaucluse;93;93 - Provence-Alpes-Côte d'Azur;F;45 à 49 ans;2024;17231
84;84 - Vaucluse;93;93 - Provence-Alpes-Côte d'Azur;F;70 à 74 ans;2024;18599
85;85 - Vendée;52;52 - Pays de la Loire;H;35 à 39 ans;2024;19345
85;85 - Vendée;52;52 - Pays de la Loire;H;45 à 49 ans;2024;22221
85;85 - Vendée;52;52 - Pays de la Loire;H;50 à 54 ans;2024;23742
85;85 - Vendée;52;52 - Pays de la Loire;H;60 à 64 ans;2024;23792
85;85 - Vendée;52;52 - Pays de la Loire;F;10 à 14 ans;2024;21564
85;85 - Vendée;52;52 - Pays de la Loire;F;20 à 24 ans;2024;14777
85;85 - Vendée;52;52 - Pays de la Loire;F;30 à 34 ans;2024;17131
85;85 - Vendée;52;52 - Pays de la Loire;F;35 à 39 ans;2024;19876
85;85 - Vendée;52;52 - Pays de la Loire;F;40 à 44 ans;2024;22437
85;85 - Vendée;52;52 - Pays de la Loire;F;45 à 49 ans;2024;21754
85;85 - Vendée;52;52 - Pays de la Loire;F;50 à 54 ans;2024;24058
85;85 - Vendée;52;52 - Pays de la Loire;F;70 à 74 ans;2024;26538
85;85 - Vendée;52;52 - Pays de la Loire;F;75 à 79 ans;2024;21064
85;85 - Vendée;52;52 - Pays de la Loire;F;80 ans et plus;2024;31649
86;86 - Vienne;75;75 - Nouvelle-Aquitaine;H;0 à 4 ans;2024;9962
86;86 - Vienne;75;75 - Nouvelle-Aquitaine;H;15 à 19 ans;2024;15416
86;86 - Vienne;75;75 - Nouvelle-Aquitaine;H;20 à 24 ans;2024;14891
86;86 - Vienne;75;75 - Nouvelle-Aquitaine;H;25 à 29 ans;2024;11492
86;86 - Vienne;75;75 - Nouvelle-Aquitaine;H;65 à 69 ans;2024;12905
86;86 - Vienne;75;75 - Nouvelle-Aquitaine;H;70 à 74 ans;2024;12041
86;86 - Vienne;75;75 - Nouvelle-Aquitaine;F;10 à 14 ans;2024;12948
86;86 - Vienne;75;75 - Nouvelle-Aquitaine;F;75 à 79 ans;2024;10896
86;86 - Vienne;75;75 - Nouvelle-Aquitaine;F;80 ans et plus;2024;18579
87;87 - Haute-Vienne;75;75 - Nouvelle-Aquitaine;H;25 à 29 ans;2024;9091
87;87 - Haute-Vienne;75;75 - Nouvelle-Aquitaine;H;35 à 39 ans;2024;10249
87;87 - Haute-Vienne;75;75 - Nouvelle-Aquitaine;H;40 à 44 ans;2024;10601
87;87 - Haute-Vienne;75;75 - Nouvelle-Aquitaine;H;45 à 49 ans;2024;10549
87;87 - Haute-Vienne;75;75 - Nouvelle-Aquitaine;H;50 à 54 ans;2024;12268
87;87 - Haute-Vienne;75;75 - Nouvelle-Aquitaine;H;70 à 74 ans;2024;11372
87;87 - Haute-Vienne;75;75 - Nouvelle-Aquitaine;H;80 ans et plus;2024;10400
87;87 - Haute-Vienne;75;75 - Nouvelle-Aquitaine;F;5 à 9 ans;2024;8641
87;87 - Haute-Vienne;75;75 - Nouvelle-Aquitaine;F;25 à 29 ans;2024;9576
87;87 - Haute-Vienne;75;75 - Nouvelle-Aquitaine;F;40 à 44 ans;2024;10923
87;87 - Haute-Vienne;75;75 - Nouvelle-Aquitaine;F;45 à 49 ans;2024;10892
87;87 - Haute-Vienne;75;75 - Nouvelle-Aquitaine;F;50 à 54 ans;2024;12570
87;87 - Haute-Vienne;75;75 - Nouvelle-Aquitaine;F;60 à 64 ans;2024;12727
88;88 - Vosges;44;44 - Grand Est;H;5 à 9 ans;2024;9379
88;88 - Vosges;44;44 - Grand Est;H;35 à 39 ans;2024;9828
88;88 - Vosges;44;44 - Grand Est;H;50 à 54 ans;2024;12152
88;88 - Vosges;44;44 - Grand Est;H;55 à 59 ans;2024;12765
88;88 - Vosges;44;44 - Grand Est;F;0 à 4 ans;2024;7334
88;88 - Vosges;44;44 - Grand Est;F;30 à 34 ans;2024;8940
88;88 - Vosges;44;44 - Grand Est;F;45 à 49 ans;2024;10098
88;88 - Vosges;44;44 - Grand Est;F;55 à 59 ans;2024;12844
88;88 - Vosges;44;44 - Grand Est;F;60 à 64 ans;2024;13476
88;88 - Vosges;44;44 - Grand Est;F;65 à 69 ans;2024;13137
88;88 - Vosges;44;44 - Grand Est;F;80 ans et plus;2024;16058
89;89 - Yonne;27;27 - Bourgogne-Franche-Comté;H;10 à 14 ans;2024;10413
89;89 - Yonne;27;27 - Bourgogne-Franche-Comté;H;25 à 29 ans;2024;7273
89;89 - Yonne;27;27 - Bourgogne-Franche-Comté;H;35 à 39 ans;2024;9303
89;89 - Yonne;27;27 - Bourgogne-Franche-Comté;H;55 à 59 ans;2024;11708
89;89 - Yonne;27;27 - Bourgogne-Franche-Comté;H;60 à 64 ans;2024;11234
89;89 - Yonne;27;27 - Bourgogne-Franche-Comté;H;75 à 79 ans;2024;7990
89;89 - Yonne;27;27 - Bourgogne-Franche-Comté;F;0 à 4 ans;2024;7497
89;89 - Yonne;27;27 - Bourgogne-Franche-Comté;F;10 à 14 ans;2024;10087
89;89 - Yonne;27;27 - Bourgogne-Franche-Comté;F;15 à 19 ans;2024;8838
89;89 - Yonne;27;27 - Bourgogne-Franche-Comté;F;35 à 39 ans;2024;9487
89;89 - Yonne;27;27 - Bourgogne-Franche-Comté;F;40 à 44 ans;2024;10078
89;89 - Yonne;27;27 - Bourgogne-Franche-Comté;F;45 à 49 ans;2024;9794
89;89 - Yonne;27;27 - Bourgogne-Franche-Comté;F;70 à 74 ans;2024;12115
90;90 - Territoire de Belfort;27;27 - Bourgogne-Franche-Comté;H;10 à 14 ans;2024;4587
90;90 - Territoire de Belfort;27;27 - Bourgogne-Franche-Comté;H;20 à 24 ans;2024;4990
90;90 - Territoire de Belfort;27;27 - Bourgogne-Franche-Comté;H;35 à 39 ans;2024;4115
90;90 - Territoire de Belfort;27;27 - Bourgogne-Franche-Comté;H;50 à 54 ans;2024;4731
90;90 - Territoire de Belfort;27;27 - Bourgogne-Franche-Comté;H;65 à 69 ans;2024;3703
90;90 - Territoire de Belfort;27;27 - Bourgogne-Franche-Comté;H;80 ans et plus;2024;2936
90;90 - Territoire de Belfort;27;27 - Bourgogne-Franche-Comté;F;10 à 14 ans;2024;4416
90;90 - Territoire de Belfort;27;27 - Bourgogne-Franche-Comté;F;25 à 29 ans;2024;3566
90;90 - Territoire de Belfort;27;27 - Bourgogne-Franche-Comté;F;70 à 74 ans;2024;4070
91;91 - Essonne;11;11 - Île-de-France;H;5 à 9 ans;2024;45556
91;91 - Essonne;11;11 - Île-de-France;H;20 à 24 ans;2024;44947
91;91 - Essonne;11;11 - Île-de-France;H;30 à 34 ans;2024;43103
91;91 - Essonne;11;11 - Île-de-France;H;35 à 39 ans;2024;43905
91;91 - Essonne;11;11 - Île-de-France;H;55 à 59 ans;2024;41364
91;91 - Essonne;11;11 - Île-de-France;H;65 à 69 ans;2024;27802
91;91 - Essonne;11;11 - Île-de-France;H;75 à 79 ans;2024;19278
91;91 - Essonne;11;11 - Île-de-France;F;40 à 44 ans;2024;45623
91;91 - Essonne;11;11 - Île-de-France;F;45 à 49 ans;2024;43267
91;91 - Essonne;11;11 - Île-de-France;F;80 ans et plus;2024;38237
92;92 - Hauts-de-Seine;11;11 - Île-de-France;H;45 à 49 ans;2024;54972
92;92 - Hauts-de-Seine;11;11 - Île-de-France;H;50 à 54 ans;2024;53481
92;92 - Hauts-de-Seine;11;11 - Île-de-France;H;55 à 59 ans;2024;48281
92;92 - Hauts-de-Seine;11;11 - Île-de-France;H;65 à 69 ans;2024;30995
92;92 - Hauts-de-Seine;11;11 - Île-de-France;H;70 à 74 ans;2024;26712
92;92 - Hauts-de-Seine;11;11 - Île-de-France;F;5 à 9 ans;2024;45612
92;92 - Hauts-de-Seine;11;11 - Île-de-France;F;10 à 14 ans;2024;49735
92;92 - Hauts-de-Seine;11;11 - Île-de-France;F;20 à 24 ans;2024;55541
92;92 - Hauts-de-Seine;11;11 - Île-de-France;F;30 à 34 ans;2024;62947
92;92 - Hauts-de-Seine;11;11 - Île-de-France;F;40 à 44 ans;2024;62207
92;92 - Hauts-de-Seine;11;11 - Île-de-France;F;65 à 69 ans;2024;39398
92;92 - Hauts-de-Seine;11;11 - Île-de-France;F;75 à 79 ans;2024;29849
93;93 - Seine-Saint-Denis;11;11 - Île-de-France;H;25 à 29 ans;2024;57961
93;93 - Seine-Saint-Denis;11;11 - Île-de-France;H;60 à 64 ans;2024;41182
93;93 - Seine-Saint-Denis;11;11 - Île-de-France;H;65 à 69 ans;2024;33445
93;93 - Seine-Saint-Denis;11;11 - Île-de-France;F;10 à 14 ans;2024;59538
93;93 - Seine-Saint-Denis;11;11 - Île-de-France;F;20 à 24 ans;2024;58660
93;93 - Seine-Saint-Denis;11;11 - Île-de-France;F;25 à 29 ans;2024;58438
93;93 - Seine-Saint-Denis;11;11 - Île-de-France;F;30 à 34 ans;2024;64243
93;93 - Seine-Saint-Denis;11;11 - Île-de-France;F;35 à 39 ans;2024;64410
93;93 - Seine-Saint-Denis;11;11 - Île-de-France;F;45 à 49 ans;2024;54851
93;93 - Seine-Saint-Denis;11;11 - Île-de-France;F;50 à 54 ans;2024;51324
93;93 - Seine-Saint-Denis;11;11 - Île-de-France;F;70 à 74 ans;2024;31056
93;93 - Seine-Saint-Denis;11;11 - Île-de-France;F;75 à 79 ans;2024;21525
93;93 - Seine-Saint-Denis;11;11 - Île-de-France;F;80 ans et plus;2024;33862
94;94 - Val-de-Marne;11;11 - Île-de-France;H;10 à 14 ans;2024;46143
94;94 - Val-de-Marne;11;11 - Île-de-France;H;20 à 24 ans;2024;48450
94;94 - Val-de-Marne;11;11 - Île-de-France;H;30 à 34 ans;2024;49955
94;94 - Val-de-Marne;11;11 - Île-de-France;H;65 à 69 ans;2024;29911
94;94 - Val-de-Marne;11;11 - Île-de-France;H;75 à 79 ans;2024;19180
94;94 - Val-de-Marne;11;11 - Île-de-France;F;30 à 34 ans;2024;53882
94;94 - Val-de-Marne;11;11 - Île-de-France;F;65 à 69 ans;2024;33447
94;94 - Val-de-Marne;11;11 - Île-de-France;F;75 à 79 ans;2024;25240
95;95 - Val-d'Oise;11;11 - Île-de-France;H;0 à 4 ans;2024;42873
95;95 - Val-d'Oise;11;11 - Île-de-France;H;35 à 39 ans;2024;42747
95;95 - Val-d'Oise;11;11 - Île-de-France;H;40 à 44 ans;2024;43622
95;95 - Val-d'Oise;11;11 - Île-de-France;H;50 à 54 ans;2024;40501
95;95 - Val-d'Oise;11;11 - Île-de-France;H;55 à 59 ans;2024;37223
95;95 - Val-d'Oise;11;11 - Île-de-France;H;60 à 64 ans;2024;32293
95;95 - Val-d'Oise;11;11 - Île-de-France;F;5 à 9 ans;2024;42731
95;95 - Val-d'Oise;11;11 - Île-de-France;F;35 à 39 ans;2024;47203
95;95 - Val-d'Oise;11;11 - Île-de-France;F;40 à 44 ans;2024;46285
95;95 - Val-d'Oise;11;11 - Île-de-France;F;45 à 49 ans;2024;42028
95;95 - Val-d'Oise;11;11 - Île-de-France;F;55 à 59 ans;2024;39473
95;95 - Val-d'Oise;11;11 - Île-de-France;F;80 ans et plus;2024;30293
971;971 - Guadeloupe;01;01 - Guadeloupe;H;0 à 4 ans;2024;9528
971;971 - Guadeloupe;01;01 - Guadeloupe;H;10 à 14 ans;2024;11857
971;971 - Guadeloupe;01;01 - Guadeloupe;H;20 à 24 ans;2024;9250
971;971 - Guadeloupe;01;01 - Guadeloupe;H;30 à 34 ans;2024;7647
971;971 - Guadeloupe;01;01 - Guadeloupe;H;55 à 59 ans;2024;14117
971;971 - Guadeloupe;01;01 - Guadeloupe;H;70 à 74 ans;2024;10329
971;971 - Guadeloupe;01;01 - Guadeloupe;F;0 à 4 ans;2024;9045
971;971 - Guadeloupe;01;01 - Guadeloupe;F;5 à 9 ans;2024;9788
971;971 - Guadeloupe;01;01 - Guadeloupe;F;10 à 14 ans;2024;11251
971;971 - Guadeloupe;01;01 - Guadeloupe;F;20 à 24 ans;2024;9115
971;971 - Guadeloupe;01;01 - Guadeloupe;F;30 à 34 ans;2024;10583
971;971 - Guadeloupe;01;01 - Guadeloupe;F;50 à 54 ans;2024;16327
971;971 - Guadeloupe;01;01 - Guadeloupe;F;55 à 59 ans;2024;17535
971;971 - Guadeloupe;01;01 - Guadeloupe;F;65 à 69 ans;2024;14326
971;971 - Guadeloupe;01;01 - Guadeloupe;F;70 à 74 ans;2024;12546
972;972 - Martinique;02;02 - Martinique;H;10 à 14 ans;2024;10230
972;972 - Martinique;02;02 - Martinique;H;15 à 19 ans;2024;10590
972;972 - Martinique;02;02 - Martinique;H;20 à 24 ans;2024;7674
972;972 - Martinique;02;02 - Martinique;H;30 à 34 ans;2024;7452
972;972 - Martinique;02;02 - Martinique;H;40 à 44 ans;2024;7783
972;972 - Martinique;02;02 - Martinique;H;50 à 54 ans;2024;12110
972;972 - Martinique;02;02 - Martinique;F;0 à 4 ans;2024;7698
972;972 - Martinique;02;02 - Martinique;F;10 à 14 ans;2024;9690
972;972 - Martinique;02;02 - Martinique;F;15 à 19 ans;2024;9881
972;972 - Martinique;02;02 - Martinique;F;25 à 29 ans;2024;8041
972;972 - Martinique;02;02 - Martinique;F;30 à 34 ans;2024;10455
972;972 - Martinique;02;02 - Martinique;F;35 à 39 ans;2024;10994
972;972 - Martinique;02;02 - Martinique;F;40 à 44 ans;2024;10714
972;972 - Martinique;02;02 - Martinique;F;55 à 59 ans;2024;16972
972;972 - Martinique;02;02 - Martinique;F;70 à 74 ans;2024;12305
972;972 - Martinique;02;02 - Martinique;F;75 à 79 ans;2024;9064
972;972 - Martinique;02;02 - Martinique;F;80 ans et plus;2024;14217
973;973 - Guyane;03;03 - Guyane;H;0 à 4 ans;2024;15035
973;973 - Guyane;03;03 - Guyane;H;10 à 14 ans;2024;14948
973;973 - Guyane;03;03 - Guyane;H;15 à 19 ans;2024;14014
973;973 - Guyane;03;03 - Guyane;H;25 à 29 ans;2024;8355
973;973 - Guyane;03;03 - Guyane;H;45 à 49 ans;2024;7920
973;973 - Guyane;03;03 - Guyane;H;55 à 59 ans;2024;6520
973;973 - Guyane;03;03 - Guyane;H;70 à 74 ans;2024;2835
973;973 - Guyane;03;03 - Guyane;F;25 à 29 ans;2024;10105
973;973 - Guyane;03;03 - Guyane;F;45 à 49 ans;2024;8420
973;973 - Guyane;03;03 - Guyane;F;60 à 64 ans;2024;5335
974;974 - La Réunion;04;04 - La Réunion;H;15 à 19 ans;2024;33898
974;974 - La Réunion;04;04 - La Réunion;H;30 à 34 ans;2024;24019
974;974 - La Réunion;04;04 - La Réunion;H;50 à 54 ans;2024;29641
974;974 - La Réunion;04;04 - La Réunion;H;60 à 64 ans;2024;28161
974;974 - La Réunion;04;04 - La Réunion;H;65 à 69 ans;2024;22472
974;974 - La Réunion;04;04 - La Réunion;F;0 à 4 ans;2024;28224
974;974 - La Réunion;04;04 - La Réunion;F;5 à 9 ans;2024;30821
974;974 - La Réunion;04;04 - La Réunion;F;30 à 34 ans;2024;29626
974;974 - La Réunion;04;04 - La Réunion;F;50 à 54 ans;2024;31728
974;974 - La Réunion;04;04 - La Réunion;F;55 à 59 ans;2024;33600
976;976 - Mayotte;06;06 - Mayotte;H;0 à 4 ans;2024;25422
976;976 - Mayotte;06;06 - Mayotte;H;15 à 19 ans;2024;15473
976;976 - Mayotte;06;06 - Mayotte;H;20 à 24 ans;2024;8693
976;976 - Mayotte;06;06 - Mayotte;H;30 à 34 ans;2024;9056
976;976 - Mayotte;06;06 - Mayotte;H;35 à 39 ans;2024;9442
976;976 - Mayotte;06;06 - Mayotte;H;70 à 74 ans;2024;981
976;976 - Mayotte;06;06 - Mayotte;F;25 à 29 ans;2024;12747
976;976 - Mayotte;06;06 - Mayotte;F;40 à 44 ans;2024;9456
976;976 - Mayotte;06;06 - Mayotte;F;45 à 49 ans;2024;6798
976;976 - Mayotte;06;06 - Mayotte;F;60 à 64 ans;2024;2479
976;976 - Mayotte;06;06 - Mayotte;F;65 à 69 ans;2024;1676
01;01 - Ain;84;84 - Auvergne-Rhône-Alpes;H;5 à 9 ans;2024;23367
01;01 - Ain;84;84 - Auvergne-Rhône-Alpes;H;10 à 14 ans;2024;24280
01;01 - Ain;84;84 - Auvergne-Rhône-Alpes;H;25 à 29 ans;2024;17691
01;01 - Ain;84;84 - Auvergne-Rhône-Alpes;H;40 à 44 ans;2024;23320
01;01 - Ain;84;84 - Auvergne-Rhône-Alpes;H;50 à 54 ans;2024;23685
01;01 - Ain;84;84 - Auvergne-Rhône-Alpes;H;75 à 79 ans;2024;12312
01;01 - Ain;84;84 - Auvergne-Rhône-Alpes;H;80 ans et plus;2024;13493
01;01 - Ain;84;84 - Auvergne-Rhône-Alpes;F;5 à 9 ans;2024;22406
01;01 - Ain;84;84 - Auvergne-Rhône-Alpes;F;10 à 14 ans;2024;22955
01;01 - Ain;84;84 - Auvergne-Rhône-Alpes;F;20 à 24 ans;2024;14997
01;01 - Ain;84;84 - Auvergne-Rhône-Alpes;F;30 à 34 ans;2024;21136
01;01 - Ain;84;84 - Auvergne-Rhône-Alpes;F;45 à 49 ans;2024;21720
01;01 - Ain;84;84 - Auvergne-Rhône-Alpes;F;55 à 59 ans;2024;22679
01;01 - Ain;84;84 - Auvergne-Rhône-Alpes;F;60 à 64 ans;2024;20680
02;02 - Aisne;32;32 - Hauts-de-France;H;5 à 9 ans;2024;15813
02;02 - Aisne;32;32 - Hauts-de-France;H;15 à 19 ans;2024;17132
02;02 - Aisne;32;32 - Hauts-de-France;H;35 à 39 ans;2024;15661
02;02 - Aisne;32;32 - Hauts-de-France;H;45 à 49 ans;2024;15190
02;02 - Aisne;32;32 - Hauts-de-France;H;60 à 64 ans;2024;16842
02;02 - Aisne;32;32 - Hauts-de-France;H;65 à 69 ans;2024;15319
02;02 - Aisne;32;32 - Hauts-de-France;F;35 à 39 ans;2024;16160
02;02 - Aisne;32;32 - Hauts-de-France;F;40 à 44 ans;2024;16143
02;02 - Aisne;32;32 - Hauts-de-France;F;50 à 54 ans;2024;17293
02;02 - Aisne;32;32 - Hauts-de-France;F;60 à 64 ans;2024;17851
02;02 - Aisne;32;32 - Hauts-de-France;F;65 à 69 ans;2024;16974
02;02 - Aisne;32;32 - Hauts-de-France;F;80 ans et plus;2024;19067
03;03 - Allier;84;84 - Auvergne-Rhône-Alpes;H;15 à 19 ans;2024;9476
03;03 - Allier;84;84 - Auvergne-Rhône-Alpes;H;25 à 29 ans;2024;7713
03;03 - Allier;84;84 - Auvergne-Rhône-Alpes;H;60 à 64 ans;2024;11440
03;03 - Allier;84;84 - Auvergne-Rhône-Alpes;H;65 à 69 ans;2024;11450
03;03 - Allier;84;84 - Auvergne-Rhône-Alpes;H;70 à 74 ans;2024;11037
03;03 - Allier;84;84 - Auvergne-Rhône-Alpes;F;15 à 19 ans;2024;8593
03;03 - Allier;84;84 - Auvergne-Rhône-Alpes;F;25 à 29 ans;2024;7218
03;03 - Allier;84;84 - Auvergne-Rhône-Alpes;F;30 à 34 ans;2024;7639
03;03 - Allier;84;84 - Auvergne-Rhône-Alpes;F;45 à 49 ans;2024;9558
04;04 - Alpes-de-Haute-Provence;93;93 - Provence-Alpes-Côte d'Azur;H;15 à 19 ans;2024;4631
04;04 - Alpes-de-Haute-Provence;93;93 - Provence-Alpes-Côte d'Azur;H;20 à 24 ans;2024;3725
04;04 - Alpes-de-Haute-Provence;93;93 - Provence-Alpes-Côte d'Azur;H;25 à 29 ans;2024;3539
04;04 - Alpes-de-Haute-Provence;93;93 - Provence-Alpes-Côte d'Azur;H;30 à 34 ans;2024;4122
04;04 - Alpes-de-Haute-Provence;93;93 - Provence-Alpes-Côte d'Azur;H;35 à 39 ans;2024;4441
04;04 - Alpes-de-Haute-Provence;93;93 - Provence-Alpes-Côte d'Azur;H;40 à 44 ans;2024;4720
04;04 - Alpes-de-Haute-Provence;93;93 - Provence-Alpes-Côte d'Azur;F;35 à 39 ans;2024;4693
04;04 - Alpes-de-Haute-Provence;93;93 - Provence-Alpes-Côte d'Azur;F;45 à 49 ans;2024;5199
04;04 - Alpes-de-Haute-Provence;93;93 - Provence-Alpes-Côte d'Azur;F;55 à 59 ans;2024;6456
04;04 - Alpes-de-Haute-Provence;93;93 - Provence-Alpes-Côte d'Azur;F;75 à 79 ans;2024;5314
05;05 - Hautes-Alpes;93;93 - Provence-Alpes-Côte d'Azur;H;5 à 9 ans;2024;3574
05;05 - Hautes-Alpes;93;93 - Provence-Alpes-Côte d'Azur;H;20 à 24 ans;2024;3209
05;05 - Hautes-Alpes;93;93 - Provence-Alpes-Côte d'Azur;H;25 à 29 ans;2024;3088
05;05 - Hautes-Alpes;93;93 - Provence-Alpes-Côte d'Azur;H;50 à 54 ans;2024;4899
05;05 - Hautes-Alpes;93;93 - Provence-Alpes-Côte d'Azur;H;55 à 59 ans;2024;5150
05;05 - Hautes-Alpes;93;93 - Provence-Alpes-Côte d'Azur;H;65 à 69 ans;2024;4998
05;05 - Hautes-Alpes;93;93 - Provence-Alpes-Côte d'Azur;H;70 à 74 ans;2024;4696
05;05 - Hautes-Alpes;93;93 - Provence-Alpes-Côte d'Azur;H;75 à 79 ans;2024;3660
05;05 - Hautes-Alpes;93;93 - Provence-Alpes-Côte d'Azur;H;80 ans et plus;2024;4223
05;05 - Hautes-Alpes;93;93 - Provence-Alpes-Côte d'Azur;F;20 à 24 ans;2024;2409
05;05 - Hautes-Alpes;93;93 - Provence-Alpes-Côte d'Azur;F;30 à 34 ans;2024;3798
05;05 - Hautes-Alpes;93;93 - Provence-Alpes-Côte d'Azur;F;45 à 49 ans;2024;4150
05;05 - Hautes-Alpes;93;93 - Provence-Alpes-Côte d'Azur;F;80 ans et plus;2024;6781
06;06 - Alpes-Maritimes;93;93 - Provence-Alpes-Côte d'Azur;H;65 à 69 ans;2024;30673
06;06 - Alpes-Maritimes;93;93 - Provence-Alpes-Côte d'Azur;H;70 à 74 ans;2024;29351
06;06 - Alpes-Maritimes;93;93 - Provence-Alpes-Côte d'Azur;F;0 à 4 ans;2024;25190
06;06 - Alpes-Maritimes;93;93 - Provence-Alpes-Côte d'Azur;F;20 à 24 ans;2024;28565
06;06 - Alpes-Maritimes;93;93 - Provence-Alpes-Côte d'Azur;F;70 à 74 ans;2024;36585
06;06 - Alpes-Maritimes;93;93 - Provence-Alpes-Côte d'Azur;F;80 ans et plus;2024;58761
07;07 - Ardèche;84;84 - Auvergne-Rhône-Alpes;H;0 à 4 ans;2024;7724
07;07 - Ardèche;84;84 - Auvergne-Rhône-Alpes;H;10 à 14 ans;2024;10287
07;07 - Ardèche;84;84 - Auvergne-Rhône-Alpes;H;25 à 29 ans;2024;7117
07;07 - Ardèche;84;84 - Auvergne-Rhône-Alpes;H;35 à 39 ans;2024;9425
07;07 - Ardèche;84;84 - Auvergne-Rhône-Alpes;H;70 à 74 ans;2024;10765
07;07 - Ardèche;84;84 - Auvergne-Rhône-Alpes;H;75 à 79 ans;2024;8577
07;07 - Ardèche;84;84 - Auvergne-Rhône-Alpes;H;80 ans et plus;2024;9515
07;07 - Ardèche;84;84 - Auvergne-Rhône-Alpes;F;0 à 4 ans;2024;7354
07;07 - Ardèche;84;84 - Auvergne-Rhône-Alpes;F;5 à 9 ans;2024;9048
07;07 - Ardèche;84;84 - Auvergne-Rhône-Alpes;F;10 à 14 ans;2024;9841
07;07 - Ardèche;84;84 - Auvergne-Rhône-Alpes;F;30 à 34 ans;2024;8320
07;07 - Ardèche;84;84 - Auvergne-Rhône-Alpes;F;45 à 49 ans;2024;9883
07;07 - Ardèche;84;84 - Auvergne-Rhône-Alpes;F;70 à 74 ans;2024;11782
07;07 - Ardèche;84;84 - Auvergne-Rhône-Alpes;F;75 à 79 ans;2024;9666
08;08 - Ardennes;44;44 - Grand Est;H;35 à 39 ans;2024;7948
08;08 - Ardennes;44;44 - Grand Est;H;45 à 49 ans;2024;7697
08;08 - Ardennes;44;44 - Grand Est;H;55 à 59 ans;2024;9020
08;08 - Ardennes;44;44 - Grand Est;H;60 à 64 ans;2024;9419
08;08 - Ardennes;44;44 - Grand Est;H;80 ans et plus;2024;5875
08;08 - Ardennes;44;44 - Grand Est;F;0 à 4 ans;2024;6207
08;08 - Ardennes;44;44 - Grand Est;F;15 à 19 ans;2024;7384
08;08 - Ardennes;44;44 - Grand Est;F;20 à 24 ans;2024;5732
08;08 - Ardennes;44;44 - Grand Est;F;60 à 64 ans;2024;9468
08;08 - Ardennes;44;44 - Grand Est;F;80 ans et plus;2024;10282
09;09 - Ariège;76;76 - Occitanie;H;5 à 9 ans;2024;3945
09;09 - Ariège;76;76 - Occitanie;H;50 à 54 ans;2024;5124
09;09 - Ariège;76;76 - Occitanie;H;70 à 74 ans;2024;5167
09;09 - Ariège;76;76 - Occitanie;F;25 à 29 ans;2024;3136
09;09 - Ariège;76;76 - Occitanie;F;55 à 59 ans;2024;5417
09;09 - Ariège;76;76 - Occitanie;F;60 à 64 ans;2024;5956
10;10 - Aube;44;44 - Grand Est;H;15 à 19 ans;2024;11028
10;10 - Aube;44;44 - Grand Est;H;20 à 24 ans;2024;9261
10;10 - Aube;44;44 - Grand Est;H;25 à 29 ans;2024;8513
10;10 - Aube;44;44 - Grand Est;H;50 à 54 ans;2024;9858
10;10 - Aube;44;44 - Grand Est;H;60 à 64 ans;2024;9277
10;10 - Aube;44;44 - Grand Est;H;75 à 79 ans;2024;6647
10;10 - Aube;44;44 - Grand Est;H;80 ans et plus;2024;7251
10;10 - Aube;44;44 - Grand Est;F;30 à 34 ans;2024;8576
10;10 - Aube;44;44 - Grand Est;F;50 à 54 ans;2024;10316
10;10 - Aube;44;44 - Grand Est;F;75 à 79 ans;2024;7914
11;11 - Aude;76;76 - Occitanie;H;30 à 34 ans;2024;9023
11;11 - Aude;76;76 - Occitanie;H;45 à 49 ans;2024;10639
11;11 - Aude;76;76 - Occitanie;H;70 à 74 ans;2024;12651
11;11 - Aude;76;76 - Occitanie;H;75 à 79 ans;2024;10294
11;11 - Aude;76;76 - Occitanie;F;15 à 19 ans;2024;9908
11;11 - Aude;76;76 - Occitanie;F;20 à 24 ans;2024;8150
11;11 - Aude;76;76 - Occitanie;F;25 à 29 ans;2024;8027
11;11 - Aude;76;76 - Occitanie;F;35 à 39 ans;2024;10396
11;11 - Aude;76;76 - Occitanie;F;40 à 44 ans;2024;11424
11;11 - Aude;76;76 - Occitanie;F;50 à 54 ans;2024;13719
11;11 - Aude;76;76 - Occitanie;F;55 à 59 ans;2024;14072
12;12 - Aveyron;76;76 - Occitanie;H;50 à 54 ans;2024;9621
12;12 - Aveyron;76;76 - Occitanie;H;70 à 74 ans;2024;9479
12;12 - Aveyron;76;76 - Occitanie;F;15 à 19 ans;2024;6866
12;12 - Aveyron;76;76 - Occitanie;F;20 à 24 ans;2024;4951
12;12 - Aveyron;76;76 - Occitanie;F;45 à 49 ans;2024;8048
12;12 - Aveyron;76;76 - Occitanie;F;50 à 54 ans;2024;9521
12;12 - Aveyron;76;76 - Occitanie;F;55 à 59 ans;2024;9866
12;12 - Aveyron;76;76 - Occitanie;F;60 à 64 ans;2024;10246
12;12 - Aveyron;76;76 - Occitanie;F;70 à 74 ans;2024;10138
12;12 - Aveyron;76;76 - Occitanie;F;75 à 79 ans;2024;8504
12;12 - Aveyron;76;76 - Occitanie;F;80 ans et plus;2024;14715
13;13 - Bouches-du-Rhône;93;93 - Provence-Alpes-Côte d'Azur;H;10 à 14 ans;2024;63948
13;13 - Bouches-du-Rhône;93;93 - Provence-Alpes-Côte d'Azur;H;15 à 19 ans;2024;63881
13;13 - Bouches-du-Rhône;93;93 - Provence-Alpes-Côte d'Azur;H;40 à 44 ans;2024;64451
13;13 - Bouches-du-Rhône;93;93 - Provence-Alpes-Côte d'Azur;H;55 à 59 ans;2024;64828
13;13 - Bouches-du-Rhône;93;93 - Provence-Alpes-Côte d'Azur;H;65 à 69 ans;2024;53124
13;13 - Bouches-du-Rhône;93;93 - Provence-Alpes-Côte d'Azur;H;75 à 79 ans;2024;40783
13;13 - Bouches-du-Rhône;93;93 - Provence-Alpes-Côte d'Azur;F;10 à 14 ans;2024;60106
13;13 - Bouches-du-Rhône;93;93 - Provence-Alpes-Côte d'Azur;F;25 à 29 ans;2024;60902
13;13 - Bouches-du-Rhône;93;93 - Provence-Alpes-Côte d'Azur;F;30 à 34 ans;2024;66366
13;13 - Bouches-du-Rhône;93;93 - Provence-Alpes-Côte d'Azur;F;40 à 44 ans;2024;69768
13;13 - Bouches-du-Rhône;93;93 - Provence-Alpes-Côte d'Azur;F;60 à 64 ans;2024;66370
13;13 - Bouches-du-Rhône;93;93 - Provence-Alpes-Côte d'Azur;F;65 à 69 ans;2024;61927
13;13 - Bouches-du-Rhône;93;93 - Provence-Alpes-Côte d'Azur;F;80 ans et plus;2024;85305
14;14 - Calvados;28;28 - Normandie;H;5 à 9 ans;2024;19154
14;14 - Calvados;28;28 - Normandie;H;10 à 14 ans;2024;21861
14;14 - Calvados;28;28 - Normandie;H;25 à 29 ans;2024;19506
14;14 - Calvados;28;28 - Normandie;H;40 à 44 ans;2024;21245
14;14 - Calvados;28;28 - Normandie;H;70 à 74 ans;2024;19609
14;14 - Calvados;28;28 - Normandie;F;10 à 14 ans;2024;20491
14;14 - Calvados;28;28 - Normandie;F;35 à 39 ans;2024;21051
14;14 - Calvados;28;28 - Normandie;F;40 à 44 ans;2024;22358
14;14 - Calvados;28;28 - Normandie;F;80 ans et plus;2024;29112
15;15 - Cantal;84;84 - Auvergne-Rhône-Alpes;H;0 à 4 ans;2024;2755
15;15 - Cantal;84;84 - Auvergne-Rhône-Alpes;H;10 à 14 ans;2024;3752
15;15 - Cantal;84;84 - Auvergne-Rhône-Alpes;H;20 à 24 ans;2024;3186
15;15 - Cantal;84;84 - Auvergne-Rhône-Alpes;H;25 à 29 ans;2024;3130
15;15 - Cantal;84;84 - Auvergne-Rhône-Alpes;H;40 à 44 ans;2024;4105
15;15 - Cantal;84;84 - Auvergne-Rhône-Alpes;F;5 à 9 ans;2024;3164
15;15 - Cantal;84;84 - Auvergne-Rhône-Alpes;F;25 à 29 ans;2024;2802
15;15 - Cantal;84;84 - Auvergne-Rhône-Alpes;F;30 à 34 ans;2024;3254
15;15 - Cantal;84;84 - Auvergne-Rhône-Alpes;F;35 à 39 ans;2024;3600
15;15 - Cantal;84;84 - Auvergne-Rhône-Alpes;F;40 à 44 ans;2024;4122
15;15 - Cantal;84;84 - Auvergne-Rhône-Alpes;F;60 à 64 ans;2024;5656
15;15 - Cantal;84;84 - Auvergne-Rhône-Alpes;F;65 à 69 ans;2024;5742
15;15 - Cantal;84;84 - Auvergne-Rhône-Alpes;F;75 à 79 ans;2024;4477
15;15 - Cantal;84;84 - Auvergne-Rhône-Alpes;F;80 ans et plus;2024;7875
16;16 - Charente;75;75 - Nouvelle-Aquitaine;H;10 à 14 ans;2024;10290
16;16 - Charente;75;75 - Nouvelle-Aquitaine;H;15 à 19 ans;2024;10300
16;16 - Charente;75;75 - Nouvelle-Aquitaine;H;30 à 34 ans;2024;8995
16;16 - Charente;75;75 - Nouvelle-Aquitaine;H;35 à 39 ans;2024;9632
16;16 - Charente;75;75 - Nouvelle-Aquitaine;H;50 à 54 ans;2024;11793
16;16 - Charente;75;75 - Nouvelle-Aquitaine;H;55 à 59 ans;2024;12311
16;16 - Charente;75;75 - Nouvelle-Aquitaine;H;65 à 69 ans;2024;12118
16;16 - Charente;75;75 - Nouvelle-Aquitaine;H;80 ans et plus;2024;9999
16;16 - Charente;75;75 - Nouvelle-Aquitaine;F;0 à 4 ans;2024;7384
16;16 - Charente;75;75 - Nouvelle-Aquitaine;F;15 à 19 ans;2024;8753
16;16 - Charente;75;75 - Nouvelle-Aquitaine;F;30 à 34 ans;2024;8978
16;16 - Charente;75;75 - Nouvelle-Aquitaine;F;35 à 39 ans;2024;9631
16;16 - Charente;75;75 - Nouvelle-Aquitaine;F;50 à 54 ans;2024;11967
16;16 - Charente;75;75 - Nouvelle-Aquitaine;F;65 à 69 ans;2024;13399
17;17 - Charente-Maritime;75;75 - Nouvelle-Aquitaine;H;0 à 4 ans;2024;13244
17;17 - Charente-Maritime;75;75 - Nouvelle-Aquitaine;H;40 à 44 ans;2024;18823
17;17 - Charente-Maritime;75;75 - Nouvelle-Aquitaine;F;0 à 4 ans;2024;12911
17;17 - Charente-Maritime;75;75 - Nouvelle-Aquitaine;F;15 à 19 ans;2024;16966
17;17 - Charente-Maritime;75;75 - Nouvelle-Aquitaine;F;25 à 29 ans;2024;13998
17;17 - Charente-Maritime;75;75 - Nouvelle-Aquitaine;F;35 à 39 ans;2024;18162
17;17 - Charente-Maritime;75;75 - Nouvelle-Aquitaine;F;40 à 44 ans;2024;20240
17;17 - Charente-Maritime;75;75 - Nouvelle-Aquitaine;F;45 à 49 ans;2024;19787
17;17 - Charente-Maritime;75;75 - Nouvelle-Aquitaine;F;70 à 74 ans;2024;28456
18;18 - Cher;24;24 - Centre-Val de Loire;H;5 à 9 ans;2024;7843
18;18 - Cher;24;24 - Centre-Val de Loire;H;40 à 44 ans;2024;8391
18;18 - Cher;24;24 - Centre-Val de Loire;H;80 ans et plus;2024;8520
18;18 - Cher;24;24 - Centre-Val de Loire;F;0 à 4 ans;2024;6418
18;18 - Cher;24;24 - Centre-Val de Loire;F;15 à 19 ans;2024;7683
18;18 - Cher;24;24 - Centre-Val de Loire;F;25 à 29 ans;2024;6474
18;18 - Cher;24;24 - Centre-Val de Loire;F;30 à 34 ans;2024;7571
18;18 - Cher;24;24 - Centre-Val de Loire;F;50 à 54 ans;2024;10251
18;18 - Cher;24;24 - Centre-Val de Loire;F;55 à 59 ans;2024;10435
18;18 - Cher;24;24 - Centre-Val de Loire;F;65 à 69 ans;2024;10911
19;19 - Corrèze;75;75 - Nouvelle-Aquitaine;H;0 à 4 ans;2024;4782
19;19 - Corrèze;75;75 - Nouvelle-Aquitaine;H;55 à 59 ans;2024;8442
19;19 - Corrèze;75;75 - Nouvelle-Aquitaine;H;80 ans et plus;2024;7612
19;19 - Corrèze;75;75 - Nouvelle-Aquitaine;F;15 à 19 ans;2024;5791
19;19 - Corrèze;75;75 - Nouvelle-Aquitaine;F;40 à 44 ans;2024;6728
19;19 - Corrèze;75;75 - Nouvelle-Aquitaine;F;45 à 49 ans;2024;6806
19;19 - Corrèze;75;75 - Nouvelle-Aquitaine;F;50 à 54 ans;2024;8108
19;19 - Corrèze;75;75 - Nouvelle-Aquitaine;F;55 à 59 ans;2024;8500
2A;2A - Corse-du-Sud;94;94 - Corse;H;0 à 4 ans;2024;4038
2A;2A - Corse-du-Sud;94;94 - Corse;H;5 à 9 ans;2024;4892
2A;2A - Corse-du-Sud;94;94 - Corse;H;10 à 14 ans;2024;4891
2A;2A - Corse-du-Sud;94;94 - Corse;H;35 à 39 ans;2024;5170
2A;2A - Corse-du-Sud;94;94 - Corse;H;70 à 74 ans;2024;5147
2A;2A - Corse-du-Sud;94;94 - Corse;F;0 à 4 ans;2024;4088
2A;2A - Corse-du-Sud;94;94 - Corse;F;25 à 29 ans;2024;4301
2A;2A - Corse-du-Sud;94;94 - Corse;F;40 à 44 ans;2024;6364
2A;2A - Corse-du-Sud;94;94 - Corse;F;45 à 49 ans;2024;5545
2A;2A - Corse-du-Sud;94;94 - Corse;F;55 à 59 ans;2024;5681
2A;2A - Corse-du-Sud;94;94 - Corse;F;60 à 64 ans;2024;5738
2B;2B - Haute-Corse;94;94 - Corse;H;30 à 34 ans;2024;5474
2B;2B - Haute-Corse;94;94 - Corse;H;40 à 44 ans;2024;5913
2B;2B - Haute-Corse;94;94 - Corse;H;50 à 54 ans;2024;6441
2B;2B - Haute-Corse;94;94 - Corse;H;60 à 64 ans;2024;6262
2B;2B - Haute-Corse;94;94 - Corse;H;75 à 79 ans;2024;4449
2B;2B - Haute-Corse;94;94 - Corse;F;0 à 4 ans;2024;3628
2B;2B - Haute-Corse;94;94 - Corse;F;15 à 19 ans;2024;4856
2B;2B - Haute-Corse;94;94 - Corse;F;25 à 29 ans;2024;4610
2B;2B - Haute-Corse;94;94 - Corse;F;40 à 44 ans;2024;6074
2B;2B - Haute-Corse;94;94 - Corse;F;45 à 49 ans;2024;6104
2B;2B - Haute-Corse;94;94 - Corse;F;55 à 59 ans;2024;6710
2B;2B - Haute-Corse;94;94 - Corse;F;60 à 64 ans;2024;6543
2B;2B - Haute-Corse;94;94 - Corse;F;70 à 74 ans;2024;6248
2B;2B - Haute-Corse;94;94 - Corse;F;80 ans et plus;2024;7934
21;21 - Côte-d'Or;27;27 - Bourgogne-Franche-Comté;H;0 à 4 ans;2024;12902
21;21 - Côte-d'Or;27;27 - Bourgogne-Franche-Comté;H;5 à 9 ans;2024;14231
21;21 - Côte-d'Or;27;27 - Bourgogne-Franche-Comté;H;20 à 24 ans;2024;18522
21;21 - Côte-d'Or;27;27 - Bourgogne-Franche-Comté;H;30 à 34 ans;2024;15907
21;21 - Côte-d'Or;27;27 - Bourgogne-Franche-Comté;H;60 à 64 ans;2024;15942
21;21 - Côte-d'Or;27;27 - Bourgogne-Franche-Comté;H;75 à 79 ans;2024;11204
21;21 - Côte-d'Or;27;27 - Bourgogne-Franche-Comté;F;0 à 4 ans;2024;11919
21;21 - Côte-d'Or;27;27 - Bourgogne-Franche-Comté;F;10 à 14 ans;2024;14245
21;21 - Côte-d'Or;27;27 - Bourgogne-Franche-Comté;F;25 à 29 ans;2024;16301
21;21 - Côte-d'Or;27;27 - Bourgogne-Franche-Comté;F;35 à 39 ans;2024;16346
21;21 - Côte-d'Or;27;27 - Bourgogne-Franche-Comté;F;45 à 49 ans;2024;15563
21;21 - Côte-d'Or;27;27 - Bourgogne-Franche-Comté;F;65 à 69 ans;2024;16568
21;21 - Côte-d'Or;27;27 - Bourgogne-Franche-Comté;F;75 à 79 ans;2024;13545
22;22 - Côtes-d'Armor;53;53 - Bretagne;H;10 à 14 ans;2024;18785
22;22 - Côtes-d'Armor;53;53 - Bretagne;H;30 à 34 ans;2024;14270
22;22 - Côtes-d'Armor;53;53 - Bretagne;H;35 à 39 ans;2024;16142
22;22 - Côtes-d'Armor;53;53 - Bretagne;H;50 à 54 ans;2024;20951
22;22 - Côtes-d'Armor;53;53 - Bretagne;H;55 à 59 ans;2024;20596
22;22 - Côtes-d'Armor;53;53 - Bretagne;H;75 à 79 ans;2024;15606
22;22 - Côtes-d'Armor;53;53 - Bretagne;F;10 à 14 ans;2024;18012
22;22 - Côtes-d'Armor;53;53 - Bretagne;F;20 à 24 ans;2024;12308
22;22 - Côtes-d'Armor;53;53 - Bretagne;F;30 à 34 ans;2024;14372
22;22 - Côtes-d'Armor;53;53 - Bretagne;F;50 à 54 ans;2024;21296
22;22 - Côtes-d'Armor;53;53 - Bretagne;F;70 à 74 ans;2024;23341
22;22 - Côtes-d'Armor;53;53 - Bretagne;F;75 à 79 ans;2024;19152
23;23 - Creuse;75;75 - Nouvelle-Aquitaine;H;40 à 44 ans;2024;3082
23;23 - Creuse;75;75 - Nouvelle-Aquitaine;H;60 à 64 ans;2024;4481
23;23 - Creuse;75;75 - Nouvelle-Aquitaine;H;70 à 74 ans;2024;4477
23;23 - Creuse;75;75 - Nouvelle-Aquitaine;H;80 ans et plus;2024;3801
23;23 - Creuse;75;75 - Nouvelle-Aquitaine;F;5 à 9 ans;2024;2399
23;23 - Creuse;75;75 - Nouvelle-Aquitaine;F;10 à 14 ans;2024;2856
23;23 - Creuse;75;75 - Nouvelle-Aquitaine;F;15 à 19 ans;2024;2580
23;23 - Creuse;75;75 - Nouvelle-Aquitaine;F;40 à 44 ans;2024;2928
23;23 - Creuse;75;75 - Nouvelle-Aquitaine;F;45 à 49 ans;2024;3112
23;23 - Creuse;75;75 - Nouvelle-Aquitaine;F;50 à 54 ans;2024;3886
23;23 - Creuse;75;75 - Nouvelle-Aquitaine;F;60 à 64 ans;2024;4797
24;24 - Dordogne;75;75 - Nouvelle-Aquitaine;H;5 à 9 ans;2024;9784
24;24 - Dordogne;75;75 - Nouvelle-Aquitaine;H;10 à 14 ans;2024;10914
24;24 - Dordogne;75;75 - Nouvelle-Aquitaine;H;35 à 39 ans;2024;10448
24;24 - Dordogne;75;75 - Nouvelle-Aquitaine;F;20 à 24 ans;2024;7583
24;24 - Dordogne;75;75 - Nouvelle-Aquitaine;F;35 à 39 ans;2024;10883
24;24 - Dordogne;75;75 - Nouvelle-Aquitaine;F;50 à 54 ans;2024;14933
24;24 - Dordogne;75;75 - Nouvelle-Aquitaine;F;60 à 64 ans;2024;17124
24;24 - Dordogne;75;75 - Nouvelle-Aquitaine;F;75 à 79 ans;2024;13922
25;25 - Doubs;27;27 - Bourgogne-Franche-Comté;H;20 à 24 ans;2024;17538
25;25 - Doubs;27;27 - Bourgogne-Franche-Comté;H;35 à 39 ans;2024;16855
25;25 - Doubs;27;27 - Bourgogne-Franche-Comté;H;45 à 49 ans;2024;16235
25;25 - Doubs;27;27 - Bourgogne-Franche-Comté;H;50 à 54 ans;2024;17811
25;25 - Doubs;27;27 - Bourgogne-Franche-Comté;H;55 à 59 ans;2024;17476
25;25 - Doubs;27;27 - Bourgogne-Franche-Comté;H;65 à 69 ans;2024;13948
25;25 - Doubs;27;27 - Bourgogne-Franche-Comté;H;70 à 74 ans;2024;12871
25;25 - Doubs;27;27 - Bourgogne-Franche-Comté;H;75 à 79 ans;2024;10828
25;25 - Doubs;27;27 - Bourgogne-Franche-Comté;F;15 à 19 ans;2024;17952
25;25 - Doubs;27;27 - Bourgogne-Franche-Comté;F;20 à 24 ans;2024;16280
25;25 - Doubs;27;27 - Bourgogne-Franche-Comté;F;30 à 34 ans;2024;16218
25;25 - Doubs;27;27 - Bourgogne-Franche-Comté;F;35 à 39 ans;2024;17448
25;25 - Doubs;27;27 - Bourgogne-Franche-Comté;F;45 à 49 ans;2024;16335
25;25 - Doubs;27;27 - Bourgogne-Franche-Comté;F;50 à 54 ans;2024;17928
25;25 - Doubs;27;27 - Bourgogne-Franche-Comté;F;55 à 59 ans;2024;17192
25;25 - Doubs;27;27 - Bourgogne-Franche-Comté;F;75 à 79 ans;2024;12744
25;25 - Doubs;27;27 - Bourgogne-Franche-Comté;F;80 ans et plus;2024;20030
26;26 - Drôme;84;84 - Auvergne-Rhône-Alpes;H;10 à 14 ans;2024;17200
26;26 - Drôme;84;84 - Auvergne-Rhône-Alpes;H;25 à 29 ans;2024;12575
26;26 - Drôme;84;84 - Auvergne-Rhône-Alpes;H;40 à 44 ans;2024;16150
26;26 - Drôme;84;84 - Auvergne-Rhône-Alpes;H;45 à 49 ans;2024;15026
26;26 - Drôme;84;84 - Auvergne-Rhône-Alpes;H;55 à 59 ans;2024;17425
26;26 - Drôme;84;84 - Auvergne-Rhône-Alpes;H;75 à 79 ans;2024;11243
26;26 - Drôme;84;84 - Auvergne-Rhône-Alpes;F;0 à 4 ans;2024;12787
26;26 - Drôme;84;84 - Auvergne-Rhône-Alpes;F;5 à 9 ans;2024;14741
26;26 - Drôme;84;84 - Auvergne-Rhône-Alpes;F;15 à 19 ans;2024;14458
26;26 - Drôme;84;84 - Auvergne-Rhône-Alpes;F;25 à 29 ans;2024;12360
26;26 - Drôme;84;84 - Auvergne-Rhône-Alpes;F;30 à 34 ans;2024;14936
26;26 - Drôme;84;84 - Auvergne-Rhône-Alpes;F;45 à 49 ans;2024;15882
26;26 - Drôme;84;84 - Auvergne-Rhône-Alpes;F;55 à 59 ans;2024;17852
26;26 - Drôme;84;84 - Auvergne-Rhône-Alpes;F;60 à 64 ans;2024;17892
26;26 - Drôme;84;84 - Auvergne-Rhône-Alpes;F;75 à 79 ans;2024;13820
27;27 - Eure;28;28 - Normandie;H;20 à 24 ans;2024;15205
27;27 - Eure;28;28 - Normandie;H;30 à 34 ans;2024;16709
27;27 - Eure;28;28 - Normandie;H;50 à 54 ans;2024;20899
27;27 - Eure;28;28 - Normandie;H;65 à 69 ans;2024;17121
27;27 - Eure;28;28 - Normandie;F;10 à 14 ans;2024;20476
27;27 - Eure;28;28 - Normandie;F;65 à 69 ans;2024;19141
27;27 - Eure;28;28 - Normandie;F;75 à 79 ans;2024;13890
28;28 - Eure-et-Loir;24;24 - Centre-Val de Loire;H;0 à 4 ans;2024;11884
28;28 - Eure-et-Loir;24;24 - Centre-Val de Loire;H;5 à 9 ans;2024;14116
28;28 - Eure-et-Loir;24;24 - Centre-Val de Loire;H;25 à 29 ans;2024;10217
28;28 - Eure-et-Loir;24;24 - Centre-Val de Loire;H;30 à 34 ans;2024;11480
28;28 - Eure-et-Loir;24;24 - Centre-Val de Loire;H;35 à 39 ans;2024;12675
28;28 - Eure-et-Loir;24;24 - Centre-Val de Loire;H;65 à 69 ans;2024;12124
28;28 - Eure-et-Loir;24;24 - Centre-Val de Loire;F;0 à 4 ans;2024;10790
28;28 - Eure-et-Loir;24;24 - Centre-Val de Loire;F;5 à 9 ans;2024;13080
28;28 - Eure-et-Loir;24;24 - Centre-Val de Loire;F;10 à 14 ans;2024;14537
28;28 - Eure-et-Loir;24;24 - Centre-Val de Loire;F;15 à 19 ans;2024;12657
28;28 - Eure-et-Loir;24;24 - Centre-Val de Loire;F;25 à 29 ans;2024;10198
28;28 - Eure-et-Loir;24;24 - Centre-Val de Loire;F;45 à 49 ans;2024;13547
28;28 - Eure-et-Loir;24;24 - Centre-Val de Loire;F;50 à 54 ans;2024;15131
28;28 - Eure-et-Loir;24;24 - Centre-Val de Loire;F;75 à 79 ans;2024;10439
29;29 - Finistère;53;53 - Bretagne;H;5 à 9 ans;2024;24319
29;29 - Finistère;53;53 - Bretagne;H;45 à 49 ans;2024;28083
29;29 - Finistère;53;53 - Bretagne;H;50 à 54 ans;2024;32614
29;29 - Finistère;53;53 - Bretagne;H;65 à 69 ans;2024;30682
29;29 - Finistère;53;53 - Bretagne;H;70 à 74 ans;2024;27482
29;29 - Finistère;53;53 - Bretagne;H;75 à 79 ans;2024;20757
29;29 - Finistère;53;53 - Bretagne;H;80 ans et plus;2024;22166
29;29 - Finistère;53;53 - Bretagne;F;0 à 4 ans;2024;19601
29;29 - Finistère;53;53 - Bretagne;F;5 à 9 ans;2024;23171
29;29 - Finistère;53;53 - Bretagne;F;15 à 19 ans;2024;26370
29;29 - Finistère;53;53 - Bretagne;F;20 à 24 ans;2024;22866
29;29 - Finistère;53;53 - Bretagne;F;50 à 54 ans;2024;32057
29;29 - Finistère;53;53 - Bretagne;F;70 à 74 ans;2024;32044
29;29 - Finistère;53;53 - Bretagne;F;75 à 79 ans;2024;26310
30;30 - Gard;76;76 - Occitanie;H;5 à 9 ans;2024;21952
30;30 - Gard;76;76 - Occitanie;H;10 à 14 ans;2024;23972
30;30 - Gard;76;76 - Occitanie;H;40 à 44 ans;2024;22435
30;30 - Gard;76;76 - Occitanie;H;45 à 49 ans;2024;21986
30;30 - Gard;76;76 - Occitanie;H;70 à 74 ans;2024;23346
30;30 - Gard;76;76 - Occitanie;H;75 à 79 ans;2024;17700
30;30 - Gard;76;76 - Occitanie;F;15 à 19 ans;2024;21732
30;30 - Gard;76;76 - Occitanie;F;20 à 24 ans;2024;18413
30;30 - Gard;76;76 - Occitanie;F;30 à 34 ans;2024;19993
30;30 - Gard;76;76 - Occitanie;F;50 à 54 ans;2024;26848
30;30 - Gard;76;76 - Occitanie;F;55 à 59 ans;2024;27690
30;30 - Gard;76;76 - Occitanie;F;60 à 64 ans;2024;27747
30;30 - Gard;76;76 - Occitanie;F;65 à 69 ans;2024;27089
30;30 - Gard;76;76 - Occitanie;F;75 à 79 ans;2024;21689
31;31 - Haute-Garonne;76;76 - Occitanie;H;0 à 4 ans;2024;37756
31;31 - Haute-Garonne;76;76 - Occitanie;H;5 à 9 ans;2024;42924
31;31 - Haute-Garonne;76;76 - Occitanie;H;10 à 14 ans;2024;45161
31;31 - Haute-Garonne;76;76 - Occitanie;H;15 à 19 ans;2024;50429
31;31 - Haute-Garonne;76;76 - Occitanie;H;35 à 39 ans;2024;50506
31;31 - Haute-Garonne;76;76 - Occitanie;F;15 à 19 ans;2024;49135
31;31 - Haute-Garonne;76;76 - Occitanie;F;25 à 29 ans;2024;52260
31;31 - Haute-Garonne;76;76 - Occitanie;F;70 à 74 ans;2024;34749
31;31 - Haute-Garonne;76;76 - Occitanie;F;80 ans et plus;2024;47264
32;32 - Gers;76;76 - Occitanie;H;10 à 14 ans;2024;5580
32;32 - Gers;76;76 - Occitanie;H;15 à 19 ans;2024;5510
32;32 - Gers;76;76 - Occitanie;H;20 à 24 ans;2024;4108
32;32 - Gers;76;76 - Occitanie;H;25 à 29 ans;2024;3652
32;32 - Gers;76;76 - Occitanie;H;40 à 44 ans;2024;5302
32;32 - Gers;76;76 - Occitanie;H;55 à 59 ans;2024;7020
32;32 - Gers;76;76 - Occitanie;F;0 à 4 ans;2024;3673
32;32 - Gers;76;76 - Occitanie;F;15 à 19 ans;2024;4746
32;32 - Gers;76;76 - Occitanie;F;30 à 34 ans;2024;4322
32;32 - Gers;76;76 - Occitanie;F;60 à 64 ans;2024;7764
32;32 - Gers;76;76 - Occitanie;F;65 à 69 ans;2024;7429
32;32 - Gers;76;76 - Occitanie;F;70 à 74 ans;2024;7096
32;32 - Gers;76;76 - Occitanie;F;80 ans et plus;2024;10049
33;33 - Gironde;75;75 - Nouvelle-Aquitaine;H;0 à 4 ans;2024;41412
33;33 - Gironde;75;75 - Nouvelle-Aquitaine;H;5 à 9 ans;2024;46665
33;33 - Gironde;75;75 - Nouvelle-Aquitaine;H;10 à 14 ans;2024;50994
33;33 - Gironde;75;75 - Nouvelle-Aquitaine;H;15 à 19 ans;2024;53432
33;33 - Gironde;75;75 - Nouvelle-Aquitaine;H;25 à 29 ans;2024;51025
33;33 - Gironde;75;75 - Nouvelle-Aquitaine;H;30 à 34 ans;2024;53816
33;33 - Gironde;75;75 - Nouvelle-Aquitaine;H;50 à 54 ans;2024;56727
33;33 - Gironde;75;75 - Nouvelle-Aquitaine;H;60 à 64 ans;2024;46259
33;33 - Gironde;75;75 - Nouvelle-Aquitaine;H;75 à 79 ans;2024;31569
33;33 - Gironde;75;75 - Nouvelle-Aquitaine;F;0 à 4 ans;2024;39897
33;33 - Gironde;75;75 - Nouvelle-Aquitaine;F;20 à 24 ans;2024;54034
33;33 - Gironde;75;75 - Nouvelle-Aquitaine;F;25 à 29 ans;2024;52125
33;33 - Gironde;75;75 - Nouvelle-Aquitaine;F;40 à 44 ans;2024;59344
33;33 - Gironde;75;75 - Nouvelle-Aquitaine;F;60 à 64 ans;2024;51412
33;33 - Gironde;75;75 - Nouvelle-Aquitaine;F;70 à 74 ans;2024;48672
33;33 - Gironde;75;75 - Nouvelle-Aquitaine;F;80 ans et plus;2024;60706
34;34 - Hérault;76;76 - Occitanie;H;5 à 9 ans;2024;33765
34;34 - Hérault;76;76 - Occitanie;H;25 à 29 ans;2024;35296
34;34 - Hérault;76;76 - Occitanie;H;30 à 34 ans;2024;36075
34;34 - Hérault;76;76 - Occitanie;H;35 à 39 ans;2024;36737
34;34 - Hérault;76;76 - Occitanie;H;45 à 49 ans;2024;35116
34;34 - Hérault;76;76 - Occitanie;H;55 à 59 ans;2024;36867
34;34 - Hérault;76;76 - Occitanie;H;60 à 64 ans;2024;35179
34;34 - Hérault;76;76 - Occitanie;H;65 à 69 ans;2024;32836
34;34 - Hérault;76;76 - Occitanie;H;70 à 74 ans;2024;31997
34;34 - Hérault;76;76 - Occitanie;H;75 à 79 ans;2024;27012
34;34 - Hérault;76;76 - Occitanie;F;20 à 24 ans;2024;41514
34;34 - Hérault;76;76 - Occitanie;F;25 à 29 ans;2024;37294
34;34 - Hérault;76;76 - Occitanie;F;35 à 39 ans;2024;38574
34;34 - Hérault;76;76 - Occitanie;F;40 à 44 ans;2024;39233
34;34 - Hérault;76;76 - Occitanie;F;45 à 49 ans;2024;37920
34;34 - Hérault;76;76 - Occitanie;F;75 à 79 ans;2024;34051
35;35 - Ille-et-Vilaine;53;53 - Bretagne;H;0 à 4 ans;2024;29370
35;35 - Ille-et-Vilaine;53;53 - Bretagne;H;5 à 9 ans;2024;34473
35;35 - Ille-et-Vilaine;53;53 - Bretagne;H;30 à 34 ans;2024;35212
35;35 - Ille-et-Vilaine;53;53 - Bretagne;H;55 à 59 ans;2024;34093
35;35 - Ille-et-Vilaine;53;53 - Bretagne;H;70 à 74 ans;2024;24097
35;35 - Ille-et-Vilaine;53;53 - Bretagne;H;75 à 79 ans;2024;18873
35;35 - Ille-et-Vilaine;53;53 - Bretagne;H;80 ans et plus;2024;22699
35;35 - Ille-et-Vilaine;53;53 - Bretagne;F;5 à 9 ans;2024;32228
35;35 - Ille-et-Vilaine;53;53 - Bretagne;F;10 à 14 ans;2024;35543
35;35 - Ille-et-Vilaine;53;53 - Bretagne;F;15 à 19 ans;2024;38071
35;35 - Ille-et-Vilaine;53;53 - Bretagne;F;20 à 24 ans;2024;37984
35;35 - Ille-et-Vilaine;53;53 - Bretagne;F;30 à 34 ans;2024;35240
35;35 - Ille-et-Vilaine;53;53 - Bretagne;F;50 à 54 ans;2024;36703
35;35 - Ille-et-Vilaine;53;53 - Bretagne;F;55 à 59 ans;2024;34540
35;35 - Ille-et-Vilaine;53;53 - Bretagne;F;70 à 74 ans;2024;29287
35;35 - Ille-et-Vilaine;53;53 - Bretagne;F;80 ans et plus;2024;38979
36;36 - Indre;24;24 - Centre-Val de Loire;H;20 à 24 ans;2024;4802
36;36 - Indre;24;24 - Centre-Val de Loire;H;35 à 39 ans;2024;5278
36;36 - Indre;24;24 - Centre-Val de Loire;H;65 à 69 ans;2024;7789
36;36 - Indre;24;24 - Centre-Val de Loire;F;0 à 4 ans;2024;4254
36;36 - Indre;24;24 - Centre-Val de Loire;F;25 à 29 ans;2024;4665
36;36 - Indre;24;24 - Centre-Val de Loire;F;80 ans et plus;2024;11992
37;37 - Indre-et-Loire;24;24 - Centre-Val de Loire;H;15 à 19 ans;2024;20353
37;37 - Indre-et-Loire;24;24 - Centre-Val de Loire;H;20 à 24 ans;2024;18348
37;37 - Indre-et-Loire;24;24 - Centre-Val de Loire;H;25 à 29 ans;2024;17494
37;37 - Indre-et-Loire;24;24 - Centre-Val de Loire;H;35 à 39 ans;2024;18131
37;37 - Indre-et-Loire;24;24 - Centre-Val de Loire;H;45 à 49 ans;2024;17767
37;37 - Indre-et-Loire;24;24 - Centre-Val de Loire;H;75 à 79 ans;2024;12902
37;37 - Indre-et-Loire;24;24 - Centre-Val de Loire;F;0 à 4 ans;2024;14106
37;37 - Indre-et-Loire;24;24 - Centre-Val de Loire;F;50 à 54 ans;2024;20697
37;37 - Indre-et-Loire;24;24 - Centre-Val de Loire;F;60 à 64 ans;2024;19560
37;37 - Indre-et-Loire;24;24 - Centre-Val de Loire;F;65 à 69 ans;2024;19613
37;37 - Indre-et-Loire;24;24 - Centre-Val de Loire;F;70 à 74 ans;2024;19327
38;38 - Isère;84;84 - Auvergne-Rhône-Alpes;H;5 à 9 ans;2024;40425
38;38 - Isère;84;84 - Auvergne-Rhône-Alpes;H;10 à 14 ans;2024;43824
38;38 - Isère;84;84 - Auvergne-Rhône-Alpes;H;25 à 29 ans;2024;37867
38;38 - Isère;84;84 - Auvergne-Rhône-Alpes;H;50 à 54 ans;2024;43727
38;38 - Isère;84;84 - Auvergne-Rhône-Alpes;H;55 à 59 ans;2024;41812
38;38 - Isère;84;84 - Auvergne-Rhône-Alpes;H;60 à 64 ans;2024;38339
38;38 - Isère;84;84 - Auvergne-Rhône-Alpes;H;65 à 69 ans;2024;33208
38;38 - Isère;84;84 - Auvergne-Rhône-Alpes;H;75 à 79 ans;2024;23896
38;38 - Isère;84;84 - Auvergne-Rhône-Alpes;F;20 à 24 ans;2024;37133
38;38 - Isère;84;84 - Auvergne-Rhône-Alpes;F;30 à 34 ans;2024;38916
38;38 - Isère;84;84 - Auvergne-Rhône-Alpes;F;35 à 39 ans;2024;42553
38;38 - Isère;84;84 - Auvergne-Rhône-Alpes;F;45 à 49 ans;2024;40355
38;38 - Isère;84;84 - Auvergne-Rhône-Alpes;F;50 à 54 ans;2024;43698
38;38 - Isère;84;84 - Auvergne-Rhône-Alpes;F;55 à 59 ans;2024;42398
38;38 - Isère;84;84 - Auvergne-Rhône-Alpes;F;60 à 64 ans;2024;39750
38;38 - Isère;84;84 - Auvergne-Rhône-Alpes;F;70 à 74 ans;2024;34422
38;38 - Isère;84;84 - Auvergne-Rhône-Alpes;F;75 à 79 ans;2024;28828
39;39 - Jura;27;27 - Bourgogne-Franche-Comté;H;0 à 4 ans;2024;5840
39;39 - Jura;27;27 - Bourgogne-Franche-Comté;H;10 à 14 ans;2024;8097
39;39 - Jura;27;27 - Bourgogne-Franche-Comté;H;20 à 24 ans;2024;6347
39;39 - Jura;27;27 - Bourgogne-Franche-Comté;H;25 à 29 ans;2024;6241
39;39 - Jura;27;27 - Bourgogne-Franche-Comté;H;60 à 64 ans;2024;8661
39;39 - Jura;27;27 - Bourgogne-Franche-Comté;H;65 à 69 ans;2024;8274
39;39 - Jura;27;27 - Bourgogne-Franche-Comté;H;70 à 74 ans;2024;7590
39;39 - Jura;27;27 - Bourgogne-Franche-Comté;H;75 à 79 ans;2024;6075
39;39 - Jura;27;27 - Bourgogne-Franche-Comté;H;80 ans et plus;2024;7011
39;39 - Jura;27;27 - Bourgogne-Franche-Comté;F;0 à 4 ans;2024;5799
39;39 - Jura;27;27 - Bourgogne-Franche-Comté;F;25 à 29 ans;2024;5799
39;39 - Jura;27;27 - Bourgogne-Franche-Comté;F;65 à 69 ans;2024;8676
39;39 - Jura;27;27 - Bourgogne-Franche-Comté;F;75 à 79 ans;2024;7183
39;39 - Jura;27;27 - Bourgogne-Franche-Comté;F;80 ans et plus;2024;11556
40;40 - Landes;75;75 - Nouvelle-Aquitaine;H;40 à 44 ans;2024;13274
40;40 - Landes;75;75 - Nouvelle-Aquitaine;H;45 à 49 ans;2024;13506
40;40 - Landes;75;75 - Nouvelle-Aquitaine;H;55 à 59 ans;2024;15384
40;40 - Landes;75;75 - Nouvelle-Aquitaine;H;70 à 74 ans;2024;14224
40;40 - Landes;75;75 - Nouvelle-Aquitaine;H;80 ans et plus;2024;12267
40;40 - Landes;75;75 - Nouvelle-Aquitaine;F;10 à 14 ans;2024;12075
40;40 - Landes;75;75 - Nouvelle-Aquitaine;F;15 à 19 ans;2024;10904
40;40 - Landes;75;75 - Nouvelle-Aquitaine;F;20 à 24 ans;2024;8188
40;40 - Landes;75;75 - Nouvelle-Aquitaine;F;25 à 29 ans;2024;8864
40;40 - Landes;75;75 - Nouvelle-Aquitaine;F;30 à 34 ans;2024;10874
40;40 - Landes;75;75 - Nouvelle-Aquitaine;F;35 à 39 ans;2024;12693
40;40 - Landes;75;75 - Nouvelle-Aquitaine;F;40 à 44 ans;2024;14098
40;40 - Landes;75;75 - Nouvelle-Aquitaine;F;65 à 69 ans;2024;16283
40;40 - Landes;75;75 - Nouvelle-Aquitaine;F;80 ans et plus;2024;20048
41;41 - Loir-et-Cher;24;24 - Centre-Val de Loire;H;40 à 44 ans;2024;9383
41;41 - Loir-et-Cher;24;24 - Centre-Val de Loire;H;60 à 64 ans;2024;10891
41;41 - Loir-et-Cher;24;24 - Centre-Val de Loire;F;5 à 9 ans;2024;8367
41;41 - Loir-et-Cher;24;24 - Centre-Val de Loire;F;45 à 49 ans;2024;9577
41;41 - Loir-et-Cher;24;24 - Centre-Val de Loire;F;55 à 59 ans;2024;11509
41;41 - Loir-et-Cher;24;24 - Centre-Val de Loire;F;60 à 64 ans;2024;11723
42;42 - Loire;84;84 - Auvergne-Rhône-Alpes;H;0 à 4 ans;2024;20323
42;42 - Loire;84;84 - Auvergne-Rhône-Alpes;H;25 à 29 ans;2024;20539
42;42 - Loire;84;84 - Auvergne-Rhône-Alpes;H;35 à 39 ans;2024;21697
42;42 - Loire;84;84 - Auvergne-Rhône-Alpes;H;40 à 44 ans;2024;23451
42;42 - Loire;84;84 - Auvergne-Rhône-Alpes;H;50 à 54 ans;2024;25131
42;42 - Loire;84;84 - Auvergne-Rhône-Alpes;H;60 à 64 ans;2024;22714
42;42 - Loire;84;84 - Auvergne-Rhône-Alpes;H;65 à 69 ans;2024;20625
42;42 - Loire;84;84 - Auvergne-Rhône-Alpes;H;75 à 79 ans;2024;16807
42;42 - Loire;84;84 - Auvergne-Rhône-Alpes;H;80 ans et plus;2024;20310
42;42 - Loire;84;84 - Auvergne-Rhône-Alpes;F;15 à 19 ans;2024;23835
42;42 - Loire;84;84 - Auvergne-Rhône-Alpes;F;25 à 29 ans;2024;20169
42;42 - Loire;84;84 - Auvergne-Rhône-Alpes;F;30 à 34 ans;2024;20853
42;42 - Loire;84;84 - Auvergne-Rhône-Alpes;F;45 à 49 ans;2024;22357
42;42 - Loire;84;84 - Auvergne-Rhône-Alpes;F;55 à 59 ans;2024;24953
42;42 - Loire;84;84 - Auvergne-Rhône-Alpes;F;70 à 74 ans;2024;24241
42;42 - Loire;84;84 - Auvergne-Rhône-Alpes;F;80 ans et plus;2024;34750
43;43 - Haute-Loire;84;84 - Auvergne-Rhône-Alpes;H;0 à 4 ans;2024;5033
43;43 - Haute-Loire;84;84 - Auvergne-Rhône-Alpes;H;30 à 34 ans;2024;5629
43;43 - Haute-Loire;84;84 - Auvergne-Rhône-Alpes;H;40 à 44 ans;2024;6629
43;43 - Haute-Loire;84;84 - Auvergne-Rhône-Alpes;H;55 à 59 ans;2024;8210
43;43 - Haute-Loire;84;84 - Auvergne-Rhône-Alpes;H;70 à 74 ans;2024;7270
43;43 - Haute-Loire;84;84 - Auvergne-Rhône-Alpes;H;75 à 79 ans;2024;5557
43;43 - Haute-Loire;84;84 - Auvergne-Rhône-Alpes;F;10 à 14 ans;2024;6488
43;43 - Haute-Loire;84;84 - Auvergne-Rhône-Alpes;F;15 à 19 ans;2024;6011
43;43 - Haute-Loire;84;84 - Auvergne-Rhône-Alpes;F;35 à 39 ans;2024;6197
43;43 - Haute-Loire;84;84 - Auvergne-Rhône-Alpes;F;40 à 44 ans;2024;6775
43;43 - Haute-Loire;84;84 - Auvergne-Rhône-Alpes;F;55 à 59 ans;2024;8013
43;43 - Haute-Loire;84;84 - Auvergne-Rhône-Alpes;F;60 à 64 ans;2024;8147
43;43 - Haute-Loire;84;84 - Auvergne-Rhône-Alpes;F;80 ans et plus;2024;10536
44;44 - Loire-Atlantique;52;52 - Pays de la Loire;H;0 à 4 ans;2024;40761
44;44 - Loire-Atlantique;52;52 - Pays de la Loire;H;15 à 19 ans;2024;50470
44;44 - Loire-Atlantique;52;52 - Pays de la Loire;H;45 à 49 ans;2024;47328
44;44 - Loire-Atlantique;52;52 - Pays de la Loire;H;50 à 54 ans;2024;49547
44;44 - Loire-Atlantique;52;52 - Pays de la Loire;H;55 à 59 ans;2024;43798
44;44 - Loire-Atlantique;52;52 - Pays de la Loire;H;70 à 74 ans;2024;33597
44;44 - Loire-Atlantique;52;52 - Pays de la Loire;H;75 à 79 ans;2024;26217
44;44 - Loire-Atlantique;52;52 - Pays de la Loire;F;5 à 9 ans;2024;42686
44;44 - Loire-Atlantique;52;52 - Pays de la Loire;F;20 à 24 ans;2024;44554
44;44 - Loire-Atlantique;52;52 - Pays de la Loire;F;40 à 44 ans;2024;51122
44;44 - Loire-Atlantique;52;52 - Pays de la Loire;F;55 à 59 ans;2024;45576
44;44 - Loire-Atlantique;52;52 - Pays de la Loire;F;65 à 69 ans;2024;40872
44;44 - Loire-Atlantique;52;52 - Pays de la Loire;F;80 ans et plus;2024;52071
45;45 - Loiret;24;24 - Centre-Val de Loire;H;5 à 9 ans;2024;21193
45;45 - Loiret;24;24 - Centre-Val de Loire;H;10 à 14 ans;2024;23330
45;45 - Loiret;24;24 - Centre-Val de Loire;H;15 à 19 ans;2024;24190
45;45 - Loiret;24;24 - Centre-Val de Loire;H;30 à 34 ans;2024;19401
45;45 - Loiret;24;24 - Centre-Val de Loire;H;45 à 49 ans;2024;20471
45;45 - Loiret;24;24 - Centre-Val de Loire;H;55 à 59 ans;2024;21662
45;45 - Loiret;24;24 - Centre-Val de Loire;H;60 à 64 ans;2024;20065
45;45 - Loiret;24;24 - Centre-Val de Loire;H;75 à 79 ans;2024;13768
45;45 - Loiret;24;24 - Centre-Val de Loire;H;80 ans et plus;2024;15597
45;45 - Loiret;24;24 - Centre-Val de Loire;F;10 à 14 ans;2024;22713
46;46 - Lot;76;76 - Occitanie;H;0 à 4 ans;2024;3257
46;46 - Lot;76;76 - Occitanie;H;10 à 14 ans;2024;4449
46;46 - Lot;76;76 - Occitanie;H;60 à 64 ans;2024;6907
46;46 - Lot;76;76 - Occitanie;H;65 à 69 ans;2024;7126
46;46 - Lot;76;76 - Occitanie;F;25 à 29 ans;2024;3181
46;46 - Lot;76;76 - Occitanie;F;30 à 34 ans;2024;3948
46;46 - Lot;76;76 - Occitanie;F;35 à 39 ans;2024;4436
46;46 - Lot;76;76 - Occitanie;F;50 à 54 ans;2024;6101
46;46 - Lot;76;76 - Occitanie;F;75 à 79 ans;2024;6117
47;47 - Lot-et-Garonne;75;75 - Nouvelle-Aquitaine;H;10 à 14 ans;2024;9700
47;47 - Lot-et-Garonne;75;75 - Nouvelle-Aquitaine;H;15 à 19 ans;2024;9374
47;47 - Lot-et-Garonne;75;75 - Nouvelle-Aquitaine;H;35 à 39 ans;2024;8945
47;47 - Lot-et-Garonne;75;75 - Nouvelle-Aquitaine;H;40 à 44 ans;2024;9342
47;47 - Lot-et-Garonne;75;75 - Nouvelle-Aquitaine;H;45 à 49 ans;2024;9081
47;47 - Lot-et-Garonne;75;75 - Nouvelle-Aquitaine;H;50 à 54 ans;2024;10766
47;47 - Lot-et-Garonne;75;75 - Nouvelle-Aquitaine;H;55 à 59 ans;2024;11388
47;47 - Lot-et-Garonne;75;75 - Nouvelle-Aquitaine;H;75 à 79 ans;2024;8572
47;47 - Lot-et-Garonne;75;75 - Nouvelle-Aquitaine;H;80 ans et plus;2024;10890
47;47 - Lot-et-Garonne;75;75 - Nouvelle-Aquitaine;F;0 à 4 ans;2024;7200
47;47 - Lot-et-Garonne;75;75 - Nouvelle-Aquitaine;F;10 à 14 ans;2024;9348
47;47 - Lot-et-Garonne;75;75 - Nouvelle-Aquitaine;F;25 à 29 ans;2024;7403
47;47 - Lot-et-Garonne;75;75 - Nouvelle-Aquitaine;F;30 à 34 ans;2024;8425
47;47 - Lot-et-Garonne;75;75 - Nouvelle-Aquitaine;F;50 à 54 ans;2024;11331
47;47 - Lot-et-Garonne;75;75 - Nouvelle-Aquitaine;F;55 à 59 ans;2024;11790
47;47 - Lot-et-Garonne;75;75 - Nouvelle-Aquitaine;F;80 ans et plus;2024;16784
48;48 - Lozère;76;76 - Occitanie;H;20 à 24 ans;2024;1935
48;48 - Lozère;76;76 - Occitanie;H;40 à 44 ans;2024;2206
48;48 - Lozère;76;76 - Occitanie;H;50 à 54 ans;2024;2801
48;48 - Lozère;76;76 - Occitanie;H;65 à 69 ans;2024;2767
48;48 - Lozère;76;76 - Occitanie;H;80 ans et plus;2024;2288
48;48 - Lozère;76;76 - Occitanie;F;15 à 19 ans;2024;2121
48;48 - Lozère;76;76 - Occitanie;F;25 à 29 ans;2024;1655
48;48 - Lozère;76;76 - Occitanie;F;55 à 59 ans;2024;2683
48;48 - Lozère;76;76 - Occitanie;F;75 à 79 ans;2024;2198
49;49 - Maine-et-Loire;52;52 - Pays de la Loire;H;5 à 9 ans;2024;24847
49;49 - Maine-et-Loire;52;52 - Pays de la Loire;H;20 à 24 ans;2024;26356
49;49 - Maine-et-Loire;52;52 - Pays de la Loire;H;35 à 39 ans;2024;24166
49;49 - Maine-et-Loire;52;52 - Pays de la Loire;H;60 à 64 ans;2024;24063
49;49 - Maine-et-Loire;52;52 - Pays de la Loire;H;80 ans et plus;2024;19298
49;49 - Maine-et-Loire;52;52 - Pays de la Loire;F;0 à 4 ans;2024;20573
49;49 - Maine-et-Loire;52;52 - Pays de la Loire;F;5 à 9 ans;2024;23423
49;49 - Maine-et-Loire;52;52 - Pays de la Loire;F;10 à 14 ans;2024;26885
49;49 - Maine-et-Loire;52;52 - Pays de la Loire;F;15 à 19 ans;2024;29123
49;49 - Maine-et-Loire;52;52 - Pays de la Loire;F;35 à 39 ans;2024;25142
49;49 - Maine-et-Loire;52;52 - Pays de la Loire;F;55 à 59 ans;2024;25846
50;50 - Manche;28;28 - Normandie;H;0 à 4 ans;2024;11518
50;50 - Manche;28;28 - Normandie;H;15 à 19 ans;2024;14416
50;50 - Manche;28;28 - Normandie;H;20 à 24 ans;2024;11763
50;50 - Manche;28;28 - Normandie;H;25 à 29 ans;2024;11974
50;50 - Manche;28;28 - Normandie;H;30 à 34 ans;2024;13103
50;50 - Manche;28;28 - Normandie;H;40 à 44 ans;2024;14602
50;50 - Manche;28;28 - Normandie;H;50 à 54 ans;2024;16474
50;50 - Manche;28;28 - Normandie;H;55 à 59 ans;2024;17244
50;50 - Manche;28;28 - Normandie;H;65 à 69 ans;2024;16892
50;50 - Manche;28;28 - Normandie;H;75 à 79 ans;2024;11991
50;50 - Manche;28;28 - Normandie;H;80 ans et plus;2024;13650
50;50 - Manche;28;28 - Normandie;F;10 à 14 ans;2024;13952
50;50 - Manche;28;28 - Normandie;F;20 à 24 ans;2024;9996
50;50 - Manche;28;28 - Normandie;F;25 à 29 ans;2024;11463
50;50 - Manche;28;28 - Normandie;F;45 à 49 ans;2024;14015
50;50 - Manche;28;28 - Normandie;F;55 à 59 ans;2024;17625
50;50 - Manche;28;28 - Normandie;F;65 à 69 ans;2024;17930
50;50 - Manche;28;28 - Normandie;F;70 à 74 ans;2024;17639
51;51 - Marne;44;44 - Grand Est;H;20 à 24 ans;2024;18403
51;51 - Marne;44;44 - Grand Est;H;35 à 39 ans;2024;17063
51;51 - Marne;44;44 - Grand Est;H;45 à 49 ans;2024;16680
51;51 - Marne;44;44 - Grand Est;H;55 à 59 ans;2024;17297
51;51 - Marne;44;44 - Grand Est;H;80 ans et plus;2024;11415
51;51 - Marne;44;44 - Grand Est;F;10 à 14 ans;2024;16938
51;51 - Marne;44;44 - Grand Est;F;20 à 24 ans;2024;17904
51;51 - Marne;44;44 - Grand Est;F;35 à 39 ans;2024;17521
51;51 - Marne;44;44 - Grand Est;F;40 à 44 ans;2024;17285
51;51 - Marne;44;44 - Grand Est;F;45 à 49 ans;2024;16610
51;51 - Marne;44;44 - Grand Est;F;80 ans et plus;2024;20983
52;52 - Haute-Marne;44;44 - Grand Est;H;5 à 9 ans;2024;4421
52;52 - Haute-Marne;44;44 - Grand Est;H;15 à 19 ans;2024;4708
52;52 - Haute-Marne;44;44 - Grand Est;H;25 à 29 ans;2024;4276
52;52 - Haute-Marne;44;44 - Grand Est;H;55 à 59 ans;2024;5742
52;52 - Haute-Marne;44;44 - Grand Est;H;65 à 69 ans;2024;5807
52;52 - Haute-Marne;44;44 - Grand Est;H;70 à 74 ans;2024;5476
52;52 - Haute-Marne;44;44 - Grand Est;H;80 ans et plus;2024;4705
52;52 - Haute-Marne;44;44 - Grand Est;F;0 à 4 ans;2024;3542
52;52 - Haute-Marne;44;44 - Grand Est;F;5 à 9 ans;2024;4147
52;52 - Haute-Marne;44;44 - Grand Est;F;20 à 24 ans;2024;3682
52;52 - Haute-Marne;44;44 - Grand Est;F;35 à 39 ans;2024;4816
52;52 - Haute-Marne;44;44 - Grand Est;F;45 à 49 ans;2024;4608
52;52 - Haute-Marne;44;44 - Grand Est;F;60 à 64 ans;2024;6279
53;53 - Mayenne;52;52 - Pays de la Loire;H;5 à 9 ans;2024;8888
53;53 - Mayenne;52;52 - Pays de la Loire;H;10 à 14 ans;2024;10237
53;53 - Mayenne;52;52 - Pays de la Loire;H;25 à 29 ans;2024;7771
53;53 - Mayenne;52;52 - Pays de la Loire;H;30 à 34 ans;2024;7864
53;53 - Mayenne;52;52 - Pays de la Loire;H;45 à 49 ans;2024;9071
53;53 - Mayenne;52;52 - Pays de la Loire;H;65 à 69 ans;2024;9218
53;53 - Mayenne;52;52 - Pays de la Loire;H;80 ans et plus;2024;8091
53;53 - Mayenne;52;52 - Pays de la Loire;F;10 à 14 ans;2024;9988
53;53 - Mayenne;52;52 - Pays de la Loire;F;30 à 34 ans;2024;7615
53;53 - Mayenne;52;52 - Pays de la Loire;F;35 à 39 ans;2024;8526
53;53 - Mayenne;52;52 - Pays de la Loire;F;45 à 49 ans;2024;9117
53;53 - Mayenne;52;52 - Pays de la Loire;F;75 à 79 ans;2024;7691
54;54 - Meurthe-et-Moselle;44;44 - Grand Est;H;0 à 4 ans;2024;17048
54;54 - Meurthe-et-Moselle;44;44 - Grand Est;H;10 à 14 ans;2024;22684
54;54 - Meurthe-et-Moselle;44;44 - Grand Est;H;25 à 29 ans;2024;21915
54;54 - Meurthe-et-Moselle;44;44 - Grand Est;H;45 à 49 ans;2024;21815
54;54 - Meurthe-et-Moselle;44;44 - Grand Est;H;80 ans et plus;2024;14593
54;54 - Meurthe-et-Moselle;44;44 - Grand Est;F;0 à 4 ans;2024;16144
54;54 - Meurthe-et-Moselle;44;44 - Grand Est;F;15 à 19 ans;2024;24553
54;54 - Meurthe-et-Moselle;44;44 - Grand Est;F;50 à 54 ans;2024;23748
54;54 - Meurthe-et-Moselle;44;44 - Grand Est;F;60 à 64 ans;2024;23522
54;54 - Meurthe-et-Moselle;44;44 - Grand Est;F;70 à 74 ans;2024;21134
54;54 - Meurthe-et-Moselle;44;44 - Grand Est;F;75 à 79 ans;2024;16939
55;55 - Meuse;44;44 - Grand Est;H;5 à 9 ans;2024;4955
55;55 - Meuse;44;44 - Grand Est;H;25 à 29 ans;2024;4389
55;55 - Meuse;44;44 - Grand Est;H;30 à 34 ans;2024;4714
55;55 - Meuse;44;44 - Grand Est;H;50 à 54 ans;2024;5848
55;55 - Meuse;44;44 - Grand Est;H;80 ans et plus;2024;4248
55;55 - Meuse;44;44 - Grand Est;F;0 à 4 ans;2024;3734
55;55 - Meuse;44;44 - Grand Est;F;15 à 19 ans;2024;4792
55;55 - Meuse;44;44 - Grand Est;F;25 à 29 ans;2024;3908
55;55 - Meuse;44;44 - Grand Est;F;35 à 39 ans;2024;5113
55;55 - Meuse;44;44 - Grand Est;F;55 à 59 ans;2024;6247
55;55 - Meuse;44;44 - Grand Est;F;65 à 69 ans;2024;6438
55;55 - Meuse;44;44 - Grand Est;F;70 à 74 ans;2024;6313
56;56 - Morbihan;53;53 - Bretagne;H;10 à 14 ans;2024;23476
56;56 - Morbihan;53;53 - Bretagne;H;25 à 29 ans;2024;17884
56;56 - Morbihan;53;53 - Bretagne;H;40 à 44 ans;2024;23316
56;56 - Morbihan;53;53 - Bretagne;H;55 à 59 ans;2024;26402
56;56 - Morbihan;53;53 - Bretagne;H;60 à 64 ans;2024;27122
56;56 - Morbihan;53;53 - Bretagne;H;70 à 74 ans;2024;25373
56;56 - Morbihan;53;53 - Bretagne;H;80 ans et plus;2024;20576
56;56 - Morbihan;53;53 - Bretagne;F;0 à 4 ans;2024;16443
56;56 - Morbihan;53;53 - Bretagne;F;20 à 24 ans;2024;16344
56;56 - Morbihan;53;53 - Bretagne;F;30 à 34 ans;2024;18564
56;56 - Morbihan;53;53 - Bretagne;F;60 à 64 ans;2024;29708
56;56 - Morbihan;53;53 - Bretagne;F;70 à 74 ans;2024;29574
57;57 - Moselle;44;44 - Grand Est;H;0 à 4 ans;2024;24962
57;57 - Moselle;44;44 - Grand Est;H;5 à 9 ans;2024;29861
57;57 - Moselle;44;44 - Grand Est;H;20 à 24 ans;2024;29179
57;57 - Moselle;44;44 - Grand Est;H;45 à 49 ans;2024;32213
57;57 - Moselle;44;44 - Grand Est;F;10 à 14 ans;2024;30294
57;57 - Moselle;44;44 - Grand Est;F;20 à 24 ans;2024;26115
57;57 - Moselle;44;44 - Grand Est;F;25 à 29 ans;2024;28531
57;57 - Moselle;44;44 - Grand Est;F;45 à 49 ans;2024;31238
57;57 - Moselle;44;44 - Grand Est;F;65 à 69 ans;2024;35523
58;58 - Nièvre;27;27 - Bourgogne-Franche-Comté;H;0 à 4 ans;2024;3844
58;58 - Nièvre;27;27 - Bourgogne-Franche-Comté;H;10 à 14 ans;2024;5304
58;58 - Nièvre;27;27 - Bourgogne-Franche-Comté;H;15 à 19 ans;2024;5622
58;58 - Nièvre;27;27 - Bourgogne-Franche-Comté;H;35 à 39 ans;2024;4933
58;58 - Nièvre;27;27 - Bourgogne-Franche-Comté;H;45 à 49 ans;2024;5398
58;58 - Nièvre;27;27 - Bourgogne-Franche-Comté;H;50 à 54 ans;2024;6355
58;58 - Nièvre;27;27 - Bourgogne-Franche-Comté;H;60 à 64 ans;2024;7444
58;58 - Nièvre;27;27 - Bourgogne-Franche-Comté;H;65 à 69 ans;2024;7489
58;58 - Nièvre;27;27 - Bourgogne-Franche-Comté;H;75 à 79 ans;2024;5688
58;58 - Nièvre;27;27 - Bourgogne-Franche-Comté;H;80 ans et plus;2024;6395
58;58 - Nièvre;27;27 - Bourgogne-Franche-Comté;F;0 à 4 ans;2024;3867
58;58 - Nièvre;27;27 - Bourgogne-Franche-Comté;F;5 à 9 ans;2024;4854
58;58 - Nièvre;27;27 - Bourgogne-Franche-Comté;F;20 à 24 ans;2024;3897
58;58 - Nièvre;27;27 - Bourgogne-Franche-Comté;F;25 à 29 ans;2024;4153
58;58 - Nièvre;27;27 - Bourgogne-Franche-Comté;F;35 à 39 ans;2024;5158
58;58 - Nièvre;27;27 - Bourgogne-Franche-Comté;F;40 à 44 ans;2024;5372
58;58 - Nièvre;27;27 - Bourgogne-Franche-Comté;F;55 à 59 ans;2024;7259
58;58 - Nièvre;27;27 - Bourgogne-Franche-Comté;F;60 à 64 ans;2024;7837
58;58 - Nièvre;27;27 - Bourgogne-Franche-Comté;F;75 à 79 ans;2024;6863
58;58 - Nièvre;27;27 - Bourgogne-Franche-Comté;F;80 ans et plus;2024;11510
59;59 - Nord;32;32 - Hauts-de-France;H;5 à 9 ans;2024;81404
59;59 - Nord;32;32 - Hauts-de-France;H;10 à 14 ans;2024;88901
59;59 - Nord;32;32 - Hauts-de-France;H;20 à 24 ans;2024;89398
59;59 - Nord;32;32 - Hauts-de-France;H;35 à 39 ans;2024;83214
59;59 - Nord;32;32 - Hauts-de-France;H;45 à 49 ans;2024;78502
59;59 - Nord;32;32 - Hauts-de-France;H;55 à 59 ans;2024;76615
59;59 - Nord;32;32 - Hauts-de-France;F;20 à 24 ans;2024;89414
59;59 - Nord;32;32 - Hauts-de-France;F;35 à 39 ans;2024;86911
59;59 - Nord;32;32 - Hauts-de-France;F;45 à 49 ans;2024;79544
59;59 - Nord;32;32 - Hauts-de-France;F;55 à 59 ans;2024;80440
59;59 - Nord;32;32 - Hauts-de-France;F;60 à 64 ans;2024;78092
60;60 - Oise;32;32 - Hauts-de-France;H;5 à 9 ans;2024;27815
60;60 - Oise;32;32 - Hauts-de-France;H;10 à 14 ans;2024;29848
60;60 - Oise;32;32 - Hauts-de-France;H;20 à 24 ans;2024;23696
60;60 - Oise;32;32 - Hauts-de-France;H;25 à 29 ans;2024;21409
60;60 - Oise;32;32 - Hauts-de-France;H;30 à 34 ans;2024;24094
60;60 - Oise;32;32 - Hauts-de-France;H;35 à 39 ans;2024;26442
60;60 - Oise;32;32 - Hauts-de-France;H;40 à 44 ans;2024;27029
60;60 - Oise;32;32 - Hauts-de-France;H;45 à 49 ans;2024;26563
60;60 - Oise;32;32 - Hauts-de-France;H;50 à 54 ans;2024;28827
60;60 - Oise;32;32 - Hauts-de-France;H;70 à 74 ans;2024;19102
60;60 - Oise;32;32 - Hauts-de-France;H;75 à 79 ans;2024;14230
60;60 - Oise;32;32 - Hauts-de-France;F;5 à 9 ans;2024;26729
60;60 - Oise;32;32 - Hauts-de-France;F;10 à 14 ans;2024;28345
60;60 - Oise;32;32 - Hauts-de-France;F;20 à 24 ans;2024;21964
60;60 - Oise;32;32 - Hauts-de-France;F;25 à 29 ans;2024;21469
60;60 - Oise;32;32 - Hauts-de-France;F;35 à 39 ans;2024;28200
60;60 - Oise;32;32 - Hauts-de-France;F;45 à 49 ans;2024;26739
60;60 - Oise;32;32 - Hauts-de-France;F;65 à 69 ans;2024;23332
61;61 - Orne;28;28 - Normandie;H;5 à 9 ans;2024;7315
61;61 - Orne;28;28 - Normandie;H;10 à 14 ans;2024;8252
61;61 - Orne;28;28 - Normandie;H;60 à 64 ans;2024;9822
61;61 - Orne;28;28 - Normandie;F;0 à 4 ans;2024;5581
61;61 - Orne;28;28 - Normandie;F;30 à 34 ans;2024;6274
61;61 - Orne;28;28 - Normandie;F;70 à 74 ans;2024;10000
62;62 - Pas-de-Calais;32;32 - Hauts-de-France;H;5 à 9 ans;2024;45044
62;62 - Pas-de-Calais;32;32 - Hauts-de-France;H;15 à 19 ans;2024;49451
62;62 - Pas-de-Calais;32;32 - Hauts-de-France;H;55 à 59 ans;2024;46150
62;62 - Pas-de-Calais;32;32 - Hauts-de-France;H;60 à 64 ans;2024;45071
62;62 - Pas-de-Calais;32;32 - Hauts-de-France;H;75 à 79 ans;2024;25907
62;62 - Pas-de-Calais;32;32 - Hauts-de-France;H;80 ans et plus;2024;24072
62;62 - Pas-de-Calais;32;32 - Hauts-de-France;F;0 à 4 ans;2024;36386
62;62 - Pas-de-Calais;32;32 - Hauts-de-France;F;5 à 9 ans;2024;43118
62;62 - Pas-de-Calais;32;32 - Hauts-de-France;F;20 à 24 ans;2024;38921
62;62 - Pas-de-Calais;32;32 - Hauts-de-France;F;25 à 29 ans;2024;38589
62;62 - Pas-de-Calais;32;32 - Hauts-de-France;F;30 à 34 ans;2024;40997
62;62 - Pas-de-Calais;32;32 - Hauts-de-France;F;60 à 64 ans;2024;48094
63;63 - Puy-de-Dôme;84;84 - Auvergne-Rhône-Alpes;H;0 à 4 ans;2024;15395
63;63 - Puy-de-Dôme;84;84 - Auvergne-Rhône-Alpes;H;40 à 44 ans;2024;20380
63;63 - Puy-de-Dôme;84;84 - Auvergne-Rhône-Alpes;H;50 à 54 ans;2024;22375
63;63 - Puy-de-Dôme;84;84 - Auvergne-Rhône-Alpes;H;80 ans et plus;2024;15604
63;63 - Puy-de-Dôme;84;84 - Auvergne-Rhône-Alpes;F;30 à 34 ans;2024;19122
63;63 - Puy-de-Dôme;84;84 - Auvergne-Rhône-Alpes;F;40 à 44 ans;2024;20842
63;63 - Puy-de-Dôme;84;84 - Auvergne-Rhône-Alpes;F;65 à 69 ans;2024;21100
63;63 - Puy-de-Dôme;84;84 - Auvergne-Rhône-Alpes;F;70 à 74 ans;2024;21016
63;63 - Puy-de-Dôme;84;84 - Auvergne-Rhône-Alpes;F;80 ans et plus;2024;27562
64;64 - Pyrénées-Atlantiques;75;75 - Nouvelle-Aquitaine;H;5 à 9 ans;2024;18202
64;64 - Pyrénées-Atlantiques;75;75 - Nouvelle-Aquitaine;H;25 à 29 ans;2024;17099
64;64 - Pyrénées-Atlantiques;75;75 - Nouvelle-Aquitaine;H;50 à 54 ans;2024;24074
64;64 - Pyrénées-Atlantiques;75;75 - Nouvelle-Aquitaine;H;55 à 59 ans;2024;24037
64;64 - Pyrénées-Atlantiques;75;75 - Nouvelle-Aquitaine;H;70 à 74 ans;2024;20404
64;64 - Pyrénées-Atlantiques;75;75 - Nouvelle-Aquitaine;H;75 à 79 ans;2024;16138
64;64 - Pyrénées-Atlantiques;75;75 - Nouvelle-Aquitaine;F;45 à 49 ans;2024;21970
64;64 - Pyrénées-Atlantiques;75;75 - Nouvelle-Aquitaine;F;60 à 64 ans;2024;25922
64;64 - Pyrénées-Atlantiques;75;75 - Nouvelle-Aquitaine;F;75 à 79 ans;2024;20419
65;65 - Hautes-Pyrénées;76;76 - Occitanie;H;10 à 14 ans;2024;6365
65;65 - Hautes-Pyrénées;76;76 - Occitanie;H;20 à 24 ans;2024;6073
65;65 - Hautes-Pyrénées;76;76 - Occitanie;H;45 à 49 ans;2024;6397
65;65 - Hautes-Pyrénées;76;76 - Occitanie;H;50 à 54 ans;2024;7785
65;65 - Hautes-Pyrénées;76;76 - Occitanie;F;5 à 9 ans;2024;5226
65;65 - Hautes-Pyrénées;76;76 - Occitanie;F;20 à 24 ans;2024;5102
65;65 - Hautes-Pyrénées;76;76 - Occitanie;F;30 à 34 ans;2024;5795
65;65 - Hautes-Pyrénées;76;76 - Occitanie;F;50 à 54 ans;2024;8310
65;65 - Hautes-Pyrénées;76;76 - Occitanie;F;60 à 64 ans;2024;8829
65;65 - Hautes-Pyrénées;76;76 - Occitanie;F;80 ans et plus;2024;12358
66;66 - Pyrénées-Orientales;76;76 - Occitanie;H;10 à 14 ans;2024;14922
66;66 - Pyrénées-Orientales;76;76 - Occitanie;H;25 à 29 ans;2024;10641
66;66 - Pyrénées-Orientales;76;76 - Occitanie;H;30 à 34 ans;2024;11921
66;66 - Pyrénées-Orientales;76;76 - Occitanie;H;45 à 49 ans;2024;13919
66;66 - Pyrénées-Orientales;76;76 - Occitanie;H;60 à 64 ans;2024;16569
66;66 - Pyrénées-Orientales;76;76 - Occitanie;H;75 à 79 ans;2024;12948
66;66 - Pyrénées-Orientales;76;76 - Occitanie;H;80 ans et plus;2024;14709
66;66 - Pyrénées-Orientales;76;76 - Occitanie;F;15 à 19 ans;2024;13248
66;66 - Pyrénées-Orientales;76;76 - Occitanie;F;20 à 24 ans;2024;11238
66;66 - Pyrénées-Orientales;76;76 - Occitanie;F;35 à 39 ans;2024;14440
66;66 - Pyrénées-Orientales;76;76 - Occitanie;F;40 à 44 ans;2024;15383
66;66 - Pyrénées-Orientales;76;76 - Occitanie;F;45 à 49 ans;2024;15567
67;67 - Bas-Rhin;44;44 - Grand Est;H;10 à 14 ans;2024;34674
67;67 - Bas-Rhin;44;44 - Grand Est;H;40 à 44 ans;2024;36602
67;67 - Bas-Rhin;44;44 - Grand Est;H;45 à 49 ans;2024;34900
67;67 - Bas-Rhin;44;44 - Grand Est;H;60 à 64 ans;2024;36035
67;67 - Bas-Rhin;44;44 - Grand Est;H;65 à 69 ans;2024;32072
67;67 - Bas-Rhin;44;44 - Grand Est;H;70 à 74 ans;2024;27816
67;67 - Bas-Rhin;44;44 - Grand Est;H;75 à 79 ans;2024;19439
67;67 - Bas-Rhin;44;44 - Grand Est;F;10 à 14 ans;2024;33355
67;67 - Bas-Rhin;44;44 - Grand Est;F;15 à 19 ans;2024;35943
67;67 - Bas-Rhin;44;44 - Grand Est;F;20 à 24 ans;2024;37227
67;67 - Bas-Rhin;44;44 - Grand Est;F;25 à 29 ans;2024;35980
67;67 - Bas-Rhin;44;44 - Grand Est;F;45 à 49 ans;2024;35692
67;67 - Bas-Rhin;44;44 - Grand Est;F;70 à 74 ans;2024;32174
67;67 - Bas-Rhin;44;44 - Grand Est;F;75 à 79 ans;2024;22802
67;67 - Bas-Rhin;44;44 - Grand Est;F;80 ans et plus;2024;40036
68;68 - Haut-Rhin;44;44 - Grand Est;H;5 à 9 ans;2024;22089
68;68 - Haut-Rhin;44;44 - Grand Est;H;25 à 29 ans;2024;20042
68;68 - Haut-Rhin;44;44 - Grand Est;H;30 à 34 ans;2024;21931
68;68 - Haut-Rhin;44;44 - Grand Est;H;35 à 39 ans;2024;23934
68;68 - Haut-Rhin;44;44 - Grand Est;H;50 à 54 ans;2024;27033
68;68 - Haut-Rhin;44;44 - Grand Est;H;55 à 59 ans;2024;27435
68;68 - Haut-Rhin;44;44 - Grand Est;H;60 à 64 ans;2024;25285
68;68 - Haut-Rhin;44;44 - Grand Est;F;0 à 4 ans;2024;17212
68;68 - Haut-Rhin;44;44 - Grand Est;F;40 à 44 ans;2024;25222
68;68 - Haut-Rhin;44;44 - Grand Est;F;65 à 69 ans;2024;24739
68;68 - Haut-Rhin;44;44 - Grand Est;F;75 à 79 ans;2024;16525
68;68 - Haut-Rhin;44;44 - Grand Est;F;80 ans et plus;2024;29141
69;69 - Rhône;84;84 - Auvergne-Rhône-Alpes;H;15 à 19 ans;2024;67480
69;69 - Rhône;84;84 - Auvergne-Rhône-Alpes;H;30 à 34 ans;2024;66500
69;69 - Rhône;84;84 - Auvergne-Rhône-Alpes;H;45 à 49 ans;2024;56905
69;69 - Rhône;84;84 - Auvergne-Rhône-Alpes;H;50 à 54 ans;2024;59385
69;69 - Rhône;84;84 - Auvergne-Rhône-Alpes;H;55 à 59 ans;2024;54267
69;69 - Rhône;84;84 - Auvergne-Rhône-Alpes;H;70 à 74 ans;2024;35655
69;69 - Rhône;84;84 - Auvergne-Rhône-Alpes;F;25 à 29 ans;2024;69436
69;69 - Rhône;84;84 - Auvergne-Rhône-Alpes;F;30 à 34 ans;2024;67703
69;69 - Rhône;84;84 - Auvergne-Rhône-Alpes;F;35 à 39 ans;2024;66146
69;69 - Rhône;84;84 - Auvergne-Rhône-Alpes;F;45 à 49 ans;2024;58290
69;69 - Rhône;84;84 - Auvergne-Rhône-Alpes;F;50 à 54 ans;2024;59366
69;69 - Rhône;84;84 - Auvergne-Rhône-Alpes;F;70 à 74 ans;2024;44504
69;69 - Rhône;84;84 - Auvergne-Rhône-Alpes;F;75 à 79 ans;2024;40102
70;70 - Haute-Saône;27;27 - Bourgogne-Franche-Comté;H;5 à 9 ans;2024;6562
70;70 - Haute-Saône;27;27 - Bourgogne-Franche-Comté;H;10 à 14 ans;2024;7384
70;70 - Haute-Saône;27;27 - Bourgogne-Franche-Comté;H;30 à 34 ans;2024;5831
70;70 - Haute-Saône;27;27 - Bourgogne-Franche-Comté;H;40 à 44 ans;2024;7182
70;70 - Haute-Saône;27;27 - Bourgogne-Franche-Comté;H;45 à 49 ans;2024;6860
70;70 - Haute-Saône;27;27 - Bourgogne-Franche-Comté;H;70 à 74 ans;2024;7393
70;70 - Haute-Saône;27;27 - Bourgogne-Franche-Comté;F;5 à 9 ans;2024;6232
70;70 - Haute-Saône;27;27 - Bourgogne-Franche-Comté;F;10 à 14 ans;2024;6987
70;70 - Haute-Saône;27;27 - Bourgogne-Franche-Comté;F;20 à 24 ans;2024;4802
70;70 - Haute-Saône;27;27 - Bourgogne-Franche-Comté;F;25 à 29 ans;2024;4915
70;70 - Haute-Saône;27;27 - Bourgogne-Franche-Comté;F;40 à 44 ans;2024;7068
70;70 - Haute-Saône;27;27 - Bourgogne-Franche-Comté;F;50 à 54 ans;2024;8362
70;70 - Haute-Saône;27;27 - Bourgogne-Franche-Comté;F;55 à 59 ans;2024;8202
70;70 - Haute-Saône;27;27 - Bourgogne-Franche-Comté;F;75 à 79 ans;2024;6455
71;71 - Saône-et-Loire;27;27 - Bourgogne-Franche-Comté;H;0 à 4 ans;2024;12339
71;71 - Saône-et-Loire;27;27 - Bourgogne-Franche-Comté;H;5 à 9 ans;2024;14913
71;71 - Saône-et-Loire;27;27 - Bourgogne-Franche-Comté;H;15 à 19 ans;2024;15603
71;71 - Saône-et-Loire;27;27 - Bourgogne-Franche-Comté;H;45 à 49 ans;2024;15676
71;71 - Saône-et-Loire;27;27 - Bourgogne-Franche-Comté;H;65 à 69 ans;2024;18504
71;71 - Saône-et-Loire;27;27 - Bourgogne-Franche-Comté;F;10 à 14 ans;2024;15363
71;71 - Saône-et-Loire;27;27 - Bourgogne-Franche-Comté;F;15 à 19 ans;2024;13681
71;71 - Saône-et-Loire;27;27 - Bourgogne-Franche-Comté;F;25 à 29 ans;2024;11497
71;71 - Saône-et-Loire;27;27 - Bourgogne-Franche-Comté;F;40 à 44 ans;2024;15977
71;71 - Saône-et-Loire;27;27 - Bourgogne-Franche-Comté;F;60 à 64 ans;2024;19744
71;71 - Saône-et-Loire;27;27 - Bourgogne-Franche-Comté;F;70 à 74 ans;2024;20126
72;72 - Sarthe;52;52 - Pays de la Loire;H;0 à 4 ans;2024;14482
72;72 - Sarthe;52;52 - Pays de la Loire;H;5 à 9 ans;2024;16454
72;72 - Sarthe;52;52 - Pays de la Loire;H;30 à 34 ans;2024;14545
72;72 - Sarthe;52;52 - Pays de la Loire;H;35 à 39 ans;2024;15699
72;72 - Sarthe;52;52 - Pays de la Loire;H;60 à 64 ans;2024;17824
72;72 - Sarthe;52;52 - Pays de la Loire;F;0 à 4 ans;2024;13647
72;72 - Sarthe;52;52 - Pays de la Loire;F;15 à 19 ans;2024;16808
72;72 - Sarthe;52;52 - Pays de la Loire;F;25 à 29 ans;2024;14067
72;72 - Sarthe;52;52 - Pays de la Loire;F;60 à 64 ans;2024;18695
72;72 - Sarthe;52;52 - Pays de la Loire;F;70 à 74 ans;2024;17835
73;73 - Savoie;84;84 - Auvergne-Rhône-Alpes;H;10 à 14 ans;2024;14029
73;73 - Savoie;84;84 - Auvergne-Rhône-Alpes;H;40 à 44 ans;2024;14697
73;73 - Savoie;84;84 - Auvergne-Rhône-Alpes;H;70 à 74 ans;2024;11526
73;73 - Savoie;84;84 - Auvergne-Rhône-Alpes;F;0 à 4 ans;2024;10112
73;73 - Savoie;84;84 - Auvergne-Rhône-Alpes;F;10 à 14 ans;2024;13288
73;73 - Savoie;84;84 - Auvergne-Rhône-Alpes;F;15 à 19 ans;2024;12823
73;73 - Savoie;84;84 - Auvergne-Rhône-Alpes;F;50 à 54 ans;2024;15773
74;74 - Haute-Savoie;84;84 - Auvergne-Rhône-Alpes;H;15 à 19 ans;2024;25941
74;74 - Haute-Savoie;84;84 - Auvergne-Rhône-Alpes;H;20 à 24 ans;2024;21640
74;74 - Haute-Savoie;84;84 - Auvergne-Rhône-Alpes;H;50 à 54 ans;2024;29905
01;01 - Ain;84;84 - Auvergne-Rhône-Alpes;H;15 à 19 ans;2024;21649
01;01 - Ain;84;84 - Auvergne-Rhône-Alpes;H;30 à 34 ans;2024;20854
01;01 - Ain;84;84 - Auvergne-Rhône-Alpes;H;35 à 39 ans;2024;22663
01;01 - Ain;84;84 - Auvergne-Rhône-Alpes;H;45 à 49 ans;2024;21602
01;01 - Ain;84;84 - Auvergne-Rhône-Alpes;H;60 à 64 ans;2024;20165
01;01 - Ain;84;84 - Auvergne-Rhône-Alpes;H;65 à 69 ans;2024;17259
01;01 - Ain;84;84 - Auvergne-Rhône-Alpes;F;15 à 19 ans;2024;19766
01;01 - Ain;84;84 - Auvergne-Rhône-Alpes;F;35 à 39 ans;2024;23368
01;01 - Ain;84;84 - Auvergne-Rhône-Alpes;F;40 à 44 ans;2024;24115
01;01 - Ain;84;84 - Auvergne-Rhône-Alpes;F;50 à 54 ans;2024;23997
01;01 - Ain;84;84 - Auvergne-Rhône-Alpes;F;65 à 69 ans;2024;19191
01;01 - Ain;84;84 - Auvergne-Rhône-Alpes;F;70 à 74 ans;2024;17240
01;01 - Ain;84;84 - Auvergne-Rhône-Alpes;F;80 ans et plus;2024;21337
02;02 - Aisne;32;32 - Hauts-de-France;H;0 à 4 ans;2024;13500
02;02 - Aisne;32;32 - Hauts-de-France;H;25 à 29 ans;2024;13086
02;02 - Aisne;32;32 - Hauts-de-France;H;30 à 34 ans;2024;14186
02;02 - Aisne;32;32 - Hauts-de-France;H;40 à 44 ans;2024;16256
02;02 - Aisne;32;32 - Hauts-de-France;H;50 à 54 ans;2024;17230
02;02 - Aisne;32;32 - Hauts-de-France;H;55 à 59 ans;2024;17103
02;02 - Aisne;32;32 - Hauts-de-France;H;70 à 74 ans;2024;14410
02;02 - Aisne;32;32 - Hauts-de-France;H;75 à 79 ans;2024;10513
02;02 - Aisne;32;32 - Hauts-de-France;H;80 ans et plus;2024;10329
02;02 - Aisne;32;32 - Hauts-de-France;F;10 à 14 ans;2024;17315
02;02 - Aisne;32;32 - Hauts-de-France;F;15 à 19 ans;2024;15410
02;02 - Aisne;32;32 - Hauts-de-France;F;30 à 34 ans;2024;14222
02;02 - Aisne;32;32 - Hauts-de-France;F;70 à 74 ans;2024;16614
03;03 - Allier;84;84 - Auvergne-Rhône-Alpes;H;0 à 4 ans;2024;6870
03;03 - Allier;84;84 - Auvergne-Rhône-Alpes;H;20 à 24 ans;2024;8067
03;03 - Allier;84;84 - Auvergne-Rhône-Alpes;H;30 à 34 ans;2024;8164
03;03 - Allier;84;84 - Auvergne-Rhône-Alpes;H;35 à 39 ans;2024;8176
03;03 - Allier;84;84 - Auvergne-Rhône-Alpes;H;45 à 49 ans;2024;9356
03;03 - Allier;84;84 - Auvergne-Rhône-Alpes;H;55 à 59 ans;2024;11659
03;03 - Allier;84;84 - Auvergne-Rhône-Alpes;H;80 ans et plus;2024;10532
03;03 - Allier;84;84 - Auvergne-Rhône-Alpes;F;0 à 4 ans;2024;6510
03;03 - Allier;84;84 - Auvergne-Rhône-Alpes;F;40 à 44 ans;2024;9474
03;03 - Allier;84;84 - Auvergne-Rhône-Alpes;F;60 à 64 ans;2024;12415
03;03 - Allier;84;84 - Auvergne-Rhône-Alpes;F;80 ans et plus;2024;18481
04;04 - Alpes-de-Haute-Provence;93;93 - Provence-Alpes-Côte d'Azur;H;5 à 9 ans;2024;4304
04;04 - Alpes-de-Haute-Provence;93;93 - Provence-Alpes-Côte d'Azur;H;10 à 14 ans;2024;5024
04;04 - Alpes-de-Haute-Provence;93;93 - Provence-Alpes-Côte d'Azur;H;50 à 54 ans;2024;5643
04;04 - Alpes-de-Haute-Provence;93;93 - Provence-Alpes-Côte d'Azur;H;80 ans et plus;2024;5277
04;04 - Alpes-de-Haute-Provence;93;93 - Provence-Alpes-Côte d'Azur;F;15 à 19 ans;2024;4066
04;04 - Alpes-de-Haute-Provence;93;93 - Provence-Alpes-Côte d'Azur;F;20 à 24 ans;2024;3162
04;04 - Alpes-de-Haute-Provence;93;93 - Provence-Alpes-Côte d'Azur;F;25 à 29 ans;2024;3508
04;04 - Alpes-de-Haute-Provence;93;93 - Provence-Alpes-Côte d'Azur;F;30 à 34 ans;2024;4155
04;04 - Alpes-de-Haute-Provence;93;93 - Provence-Alpes-Côte d'Azur;F;50 à 54 ans;2024;5835
04;04 - Alpes-de-Haute-Provence;93;93 - Provence-Alpes-Côte d'Azur;F;70 à 74 ans;2024;5907
04;04 - Alpes-de-Haute-Provence;93;93 - Provence-Alpes-Côte d'Azur;F;80 ans et plus;2024;8237
05;05 - Hautes-Alpes;93;93 - Provence-Alpes-Côte d'Azur;H;15 à 19 ans;2024;3787
05;05 - Hautes-Alpes;93;93 - Provence-Alpes-Côte d'Azur;H;30 à 34 ans;2024;3615
05;05 - Hautes-Alpes;93;93 - Provence-Alpes-Côte d'Azur;H;35 à 39 ans;2024;4065
05;05 - Hautes-Alpes;93;93 - Provence-Alpes-Côte d'Azur;H;60 à 64 ans;2024;5131
05;05 - Hautes-Alpes;93;93 - Provence-Alpes-Côte d'Azur;F;0 à 4 ans;2024;2980
05;05 - Hautes-Alpes;93;93 - Provence-Alpes-Côte d'Azur;F;5 à 9 ans;2024;3372
05;05 - Hautes-Alpes;93;93 - Provence-Alpes-Côte d'Azur;F;10 à 14 ans;2024;3793
05;05 - Hautes-Alpes;93;93 - Provence-Alpes-Côte d'Azur;F;25 à 29 ans;2024;2992
05;05 - Hautes-Alpes;93;93 - Provence-Alpes-Côte d'Azur;F;35 à 39 ans;2024;4288
05;05 - Hautes-Alpes;93;93 - Provence-Alpes-Côte d'Azur;F;50 à 54 ans;2024;4888
05;05 - Hautes-Alpes;93;93 - Provence-Alpes-Côte d'Azur;F;55 à 59 ans;2024;5114
05;05 - Hautes-Alpes;93;93 - Provence-Alpes-Côte d'Azur;F;65 à 69 ans;2024;5331
05;05 - Hautes-Alpes;93;93 - Provence-Alpes-Côte d'Azur;F;75 à 79 ans;2024;4413
06;06 - Alpes-Maritimes;93;93 - Provence-Alpes-Côte d'Azur;H;0 à 4 ans;2024;25967
06;06 - Alpes-Maritimes;93;93 - Provence-Alpes-Côte d'Azur;H;10 à 14 ans;2024;32299
06;06 - Alpes-Maritimes;93;93 - Provence-Alpes-Côte d'Azur;H;15 à 19 ans;2024;32209
06;06 - Alpes-Maritimes;93;93 - Provence-Alpes-Côte d'Azur;H;30 à 34 ans;2024;30003
06;06 - Alpes-Maritimes;93;93 - Provence-Alpes-Côte d'Azur;H;40 à 44 ans;2024;33450
06;06 - Alpes-Maritimes;93;93 - Provence-Alpes-Côte d'Azur;H;55 à 59 ans;2024;36852
06;06 - Alpes-Maritimes;93;93 - Provence-Alpes-Côte d'Azur;F;5 à 9 ans;2024;27183
06;06 - Alpes-Maritimes;93;93 - Provence-Alpes-Côte d'Azur;F;10 à 14 ans;2024;30138
06;06 - Alpes-Maritimes;93;93 - Provence-Alpes-Côte d'Azur;F;40 à 44 ans;2024;36719
06;06 - Alpes-Maritimes;93;93 - Provence-Alpes-Côte d'Azur;F;45 à 49 ans;2024;35481
06;06 - Alpes-Maritimes;93;93 - Provence-Alpes-Côte d'Azur;F;55 à 59 ans;2024;40278
06;06 - Alpes-Maritimes;93;93 - Provence-Alpes-Côte d'Azur;F;65 à 69 ans;2024;36070
06;06 - Alpes-Maritimes;93;93 - Provence-Alpes-Côte d'Azur;F;75 à 79 ans;2024;33535
07;07 - Ardèche;84;84 - Auvergne-Rhône-Alpes;H;5 à 9 ans;2024;9185
07;07 - Ardèche;84;84 - Auvergne-Rhône-Alpes;H;15 à 19 ans;2024;9480
07;07 - Ardèche;84;84 - Auvergne-Rhône-Alpes;H;20 à 24 ans;2024;6981
07;07 - Ardèche;84;84 - Auvergne-Rhône-Alpes;H;40 à 44 ans;2024;10027
07;07 - Ardèche;84;84 - Auvergne-Rhône-Alpes;H;50 à 54 ans;2024;11717
07;07 - Ardèche;84;84 - Auvergne-Rhône-Alpes;F;15 à 19 ans;2024;8566
07;07 - Ardèche;84;84 - Auvergne-Rhône-Alpes;F;20 à 24 ans;2024;6381
07;07 - Ardèche;84;84 - Auvergne-Rhône-Alpes;F;25 à 29 ans;2024;6919
07;07 - Ardèche;84;84 - Auvergne-Rhône-Alpes;F;60 à 64 ans;2024;12414
07;07 - Ardèche;84;84 - Auvergne-Rhône-Alpes;F;80 ans et plus;2024;15258
08;08 - Ardennes;44;44 - Grand Est;H;20 à 24 ans;2024;7151
08;08 - Ardennes;44;44 - Grand Est;H;50 à 54 ans;2024;8945
08;08 - Ardennes;44;44 - Grand Est;H;75 à 79 ans;2024;5556
08;08 - Ardennes;44;44 - Grand Est;F;25 à 29 ans;2024;6118
08;08 - Ardennes;44;44 - Grand Est;F;40 à 44 ans;2024;7881
08;08 - Ardennes;44;44 - Grand Est;F;55 à 59 ans;2024;9552
08;08 - Ardennes;44;44 - Grand Est;F;65 à 69 ans;2024;9237
08;08 - Ardennes;44;44 - Grand Est;F;70 à 74 ans;2024;8699
08;08 - Ardennes;44;44 - Grand Est;F;75 à 79 ans;2024;6653
09;09 - Ariège;76;76 - Occitanie;H;15 à 19 ans;2024;4394
09;09 - Ariège;76;76 - Occitanie;H;20 à 24 ans;2024;3871
09;09 - Ariège;76;76 - Occitanie;H;25 à 29 ans;2024;3608
09;09 - Ariège;76;76 - Occitanie;H;30 à 34 ans;2024;3719
09;09 - Ariège;76;76 - Occitanie;H;35 à 39 ans;2024;4342
09;09 - Ariège;76;76 - Occitanie;H;45 à 49 ans;2024;4578
09;09 - Ariège;76;76 - Occitanie;H;65 à 69 ans;2024;5602
09;09 - Ariège;76;76 - Occitanie;H;80 ans et plus;2024;4661
09;09 - Ariège;76;76 - Occitanie;F;5 à 9 ans;2024;3865
09;09 - Ariège;76;76 - Occitanie;F;10 à 14 ans;2024;4308
09;09 - Ariège;76;76 - Occitanie;F;15 à 19 ans;2024;3907
09;09 - Ariège;76;76 - Occitanie;F;20 à 24 ans;2024;3024
09;09 - Ariège;76;76 - Occitanie;F;30 à 34 ans;2024;3821
09;09 - Ariège;76;76 - Occitanie;F;45 à 49 ans;2024;4746
09;09 - Ariège;76;76 - Occitanie;F;50 à 54 ans;2024;5407
09;09 - Ariège;76;76 - Occitanie;F;65 à 69 ans;2024;6000
09;09 - Ariège;76;76 - Occitanie;F;70 à 74 ans;2024;5615
09;09 - Ariège;76;76 - Occitanie;F;75 à 79 ans;2024;4628
09;09 - Ariège;76;76 - Occitanie;F;80 ans et plus;2024;7349
10;10 - Aube;44;44 - Grand Est;H;5 à 9 ans;2024;9354
10;10 - Aube;44;44 - Grand Est;H;30 à 34 ans;2024;8508
10;10 - Aube;44;44 - Grand Est;H;40 à 44 ans;2024;9231
10;10 - Aube;44;44 - Grand Est;H;45 à 49 ans;2024;8966
10;10 - Aube;44;44 - Grand Est;H;55 à 59 ans;2024;9925
10;10 - Aube;44;44 - Grand Est;H;65 à 69 ans;2024;8692
10;10 - Aube;44;44 - Grand Est;F;10 à 14 ans;2024;9866
10;10 - Aube;44;44 - Grand Est;F;15 à 19 ans;2024;9477
10;10 - Aube;44;44 - Grand Est;F;35 à 39 ans;2024;9439
10;10 - Aube;44;44 - Grand Est;F;40 à 44 ans;2024;9518
10;10 - Aube;44;44 - Grand Est;F;45 à 49 ans;2024;9192
10;10 - Aube;44;44 - Grand Est;F;55 à 59 ans;2024;10180
10;10 - Aube;44;44 - Grand Est;F;60 à 64 ans;2024;10132
10;10 - Aube;44;44 - Grand Est;F;80 ans et plus;2024;12719
11;11 - Aude;76;76 - Occitanie;H;0 à 4 ans;2024;8379
11;11 - Aude;76;76 - Occitanie;H;10 à 14 ans;2024;11157
11;11 - Aude;76;76 - Occitanie;H;15 à 19 ans;2024;10487
11;11 - Aude;76;76 - Occitanie;H;25 à 29 ans;2024;8480
11;11 - Aude;76;76 - Occitanie;H;35 à 39 ans;2024;9904
11;11 - Aude;76;76 - Occitanie;H;60 à 64 ans;2024;12754
11;11 - Aude;76;76 - Occitanie;H;80 ans et plus;2024;11353
11;11 - Aude;76;76 - Occitanie;F;0 à 4 ans;2024;7785
11;11 - Aude;76;76 - Occitanie;F;5 à 9 ans;2024;9290
11;11 - Aude;76;76 - Occitanie;F;30 à 34 ans;2024;9222
11;11 - Aude;76;76 - Occitanie;F;60 à 64 ans;2024;14314
11;11 - Aude;76;76 - Occitanie;F;70 à 74 ans;2024;14445
11;11 - Aude;76;76 - Occitanie;F;75 à 79 ans;2024;11999
11;11 - Aude;76;76 - Occitanie;F;80 ans et plus;2024;18058
12;12 - Aveyron;76;76 - Occitanie;H;0 à 4 ans;2024;5666
12;12 - Aveyron;76;76 - Occitanie;H;5 à 9 ans;2024;6904
12;12 - Aveyron;76;76 - Occitanie;H;10 à 14 ans;2024;7691
12;12 - Aveyron;76;76 - Occitanie;H;15 à 19 ans;2024;7942
12;12 - Aveyron;76;76 - Occitanie;H;20 à 24 ans;2024;6345
12;12 - Aveyron;76;76 - Occitanie;H;25 à 29 ans;2024;6684
12;12 - Aveyron;76;76 - Occitanie;H;35 à 39 ans;2024;7623
12;12 - Aveyron;76;76 - Occitanie;H;45 à 49 ans;2024;8295
12;12 - Aveyron;76;76 - Occitanie;H;65 à 69 ans;2024;9878
12;12 - Aveyron;76;76 - Occitanie;H;80 ans et plus;2024;8976
12;12 - Aveyron;76;76 - Occitanie;F;5 à 9 ans;2024;6701
12;12 - Aveyron;76;76 - Occitanie;F;10 à 14 ans;2024;7497
12;12 - Aveyron;76;76 - Occitanie;F;30 à 34 ans;2024;6567
12;12 - Aveyron;76;76 - Occitanie;F;40 à 44 ans;2024;8208
12;12 - Aveyron;76;76 - Occitanie;F;65 à 69 ans;2024;10160
13;13 - Bouches-du-Rhône;93;93 - Provence-Alpes-Côte d'Azur;H;5 à 9 ans;2024;58218
13;13 - Bouches-du-Rhône;93;93 - Provence-Alpes-Côte d'Azur;H;20 à 24 ans;2024;62104
13;13 - Bouches-du-Rhône;93;93 - Provence-Alpes-Côte d'Azur;H;60 à 64 ans;2024;59619
74;74 - Haute-Savoie;84;84 - Auvergne-Rhône-Alpes;H;65 à 69 ans;2024;19665
13;13 - Bouches-du-Rhône;93;93 - Provence-Alpes-Côte d'Azur;F;0 à 4 ans;2024;52111
74;74 - Haute-Savoie;84;84 - Auvergne-Rhône-Alpes;H;70 à 74 ans;2024;17841
13;13 - Bouches-du-Rhône;93;93 - Provence-Alpes-Côte d'Azur;F;5 à 9 ans;2024;54985
74;74 - Haute-Savoie;84;84 - Auvergne-Rhône-Alpes;F;5 à 9 ans;2024;26599
13;13 - Bouches-du-Rhône;93;93 - Provence-Alpes-Côte d'Azur;F;20 à 24 ans;2024;61548
74;74 - Haute-Savoie;84;84 - Auvergne-Rhône-Alpes;F;30 à 34 ans;2024;30951
13;13 - Bouches-du-Rhône;93;93 - Provence-Alpes-Côte d'Azur;F;45 à 49 ans;2024;64630
74;74 - Haute-Savoie;84;84 - Auvergne-Rhône-Alpes;F;35 à 39 ans;2024;32526
13;13 - Bouches-du-Rhône;93;93 - Provence-Alpes-Côte d'Azur;F;50 à 54 ans;2024;70342
75;75 - Paris;11;11 - Île-de-France;H;15 à 19 ans;2024;53300
13;13 - Bouches-du-Rhône;93;93 - Provence-Alpes-Côte d'Azur;F;55 à 59 ans;2024;70153
75;75 - Paris;11;11 - Île-de-France;H;25 à 29 ans;2024;91965
13;13 - Bouches-du-Rhône;93;93 - Provence-Alpes-Côte d'Azur;F;70 à 74 ans;2024;60409
75;75 - Paris;11;11 - Île-de-France;H;30 à 34 ans;2024;89697
13;13 - Bouches-du-Rhône;93;93 - Provence-Alpes-Côte d'Azur;F;75 à 79 ans;2024;51423
75;75 - Paris;11;11 - Île-de-France;H;45 à 49 ans;2024;62244
14;14 - Calvados;28;28 - Normandie;H;0 à 4 ans;2024;16861
75;75 - Paris;11;11 - Île-de-France;H;50 à 54 ans;2024;64365
14;14 - Calvados;28;28 - Normandie;H;55 à 59 ans;2024;21527
75;75 - Paris;11;11 - Île-de-France;H;60 à 64 ans;2024;52725
14;14 - Calvados;28;28 - Normandie;H;65 à 69 ans;2024;20938
75;75 - Paris;11;11 - Île-de-France;H;65 à 69 ans;2024;43077
14;14 - Calvados;28;28 - Normandie;F;5 à 9 ans;2024;18666
75;75 - Paris;11;11 - Île-de-France;H;80 ans et plus;2024;41068
14;14 - Calvados;28;28 - Normandie;F;15 à 19 ans;2024;22044
75;75 - Paris;11;11 - Île-de-France;F;0 à 4 ans;2024;40803
14;14 - Calvados;28;28 - Normandie;F;20 à 24 ans;2024;21239
75;75 - Paris;11;11 - Île-de-France;F;10 à 14 ans;2024;45431
14;14 - Calvados;28;28 - Normandie;F;50 à 54 ans;2024;22939
75;75 - Paris;11;11 - Île-de-France;F;20 à 24 ans;2024;96001
14;14 - Calvados;28;28 - Normandie;F;60 à 64 ans;2024;23625
75;75 - Paris;11;11 - Île-de-France;F;30 à 34 ans;2024;94024
14;14 - Calvados;28;28 - Normandie;F;70 à 74 ans;2024;24271
75;75 - Paris;11;11 - Île-de-France;F;35 à 39 ans;2024;75681
14;14 - Calvados;28;28 - Normandie;F;75 à 79 ans;2024;18986
75;75 - Paris;11;11 - Île-de-France;F;40 à 44 ans;2024;66929
15;15 - Cantal;84;84 - Auvergne-Rhône-Alpes;H;15 à 19 ans;2024;3656
75;75 - Paris;11;11 - Île-de-France;F;45 à 49 ans;2024;63888
15;15 - Cantal;84;84 - Auvergne-Rhône-Alpes;H;45 à 49 ans;2024;4238
75;75 - Paris;11;11 - Île-de-France;F;50 à 54 ans;2024;66733
15;15 - Cantal;84;84 - Auvergne-Rhône-Alpes;H;50 à 54 ans;2024;4987
75;75 - Paris;11;11 - Île-de-France;F;55 à 59 ans;2024;63243
15;15 - Cantal;84;84 - Auvergne-Rhône-Alpes;H;55 à 59 ans;2024;5399
75;75 - Paris;11;11 - Île-de-France;F;75 à 79 ans;2024;46945
15;15 - Cantal;84;84 - Auvergne-Rhône-Alpes;H;65 à 69 ans;2024;5634
75;75 - Paris;11;11 - Île-de-France;F;80 ans et plus;2024;70837
15;15 - Cantal;84;84 - Auvergne-Rhône-Alpes;H;70 à 74 ans;2024;5241
76;76 - Seine-Maritime;28;28 - Normandie;H;5 à 9 ans;2024;37172
15;15 - Cantal;84;84 - Auvergne-Rhône-Alpes;H;80 ans et plus;2024;4560
76;76 - Seine-Maritime;28;28 - Normandie;H;30 à 34 ans;2024;36742
15;15 - Cantal;84;84 - Auvergne-Rhône-Alpes;F;15 à 19 ans;2024;3484
76;76 - Seine-Maritime;28;28 - Normandie;H;75 à 79 ans;2024;23933
15;15 - Cantal;84;84 - Auvergne-Rhône-Alpes;F;50 à 54 ans;2024;4985
76;76 - Seine-Maritime;28;28 - Normandie;F;5 à 9 ans;2024;36093
15;15 - Cantal;84;84 - Auvergne-Rhône-Alpes;F;55 à 59 ans;2024;5313
76;76 - Seine-Maritime;28;28 - Normandie;F;20 à 24 ans;2024;38075
15;15 - Cantal;84;84 - Auvergne-Rhône-Alpes;F;70 à 74 ans;2024;5553
76;76 - Seine-Maritime;28;28 - Normandie;F;35 à 39 ans;2024;39973
16;16 - Charente;75;75 - Nouvelle-Aquitaine;H;20 à 24 ans;2024;9117
76;76 - Seine-Maritime;28;28 - Normandie;F;40 à 44 ans;2024;39448
16;16 - Charente;75;75 - Nouvelle-Aquitaine;H;45 à 49 ans;2024;9911
76;76 - Seine-Maritime;28;28 - Normandie;F;50 à 54 ans;2024;41354
16;16 - Charente;75;75 - Nouvelle-Aquitaine;H;60 à 64 ans;2024;12161
76;76 - Seine-Maritime;28;28 - Normandie;F;65 à 69 ans;2024;39871
16;16 - Charente;75;75 - Nouvelle-Aquitaine;H;70 à 74 ans;2024;11081
76;76 - Seine-Maritime;28;28 - Normandie;F;80 ans et plus;2024;48221
16;16 - Charente;75;75 - Nouvelle-Aquitaine;F;5 à 9 ans;2024;8442
77;77 - Seine-et-Marne;11;11 - Île-de-France;H;25 à 29 ans;2024;42484
16;16 - Charente;75;75 - Nouvelle-Aquitaine;F;40 à 44 ans;2024;10256
77;77 - Seine-et-Marne;11;11 - Île-de-France;H;30 à 34 ans;2024;45367
16;16 - Charente;75;75 - Nouvelle-Aquitaine;F;55 à 59 ans;2024;12936
77;77 - Seine-et-Marne;11;11 - Île-de-France;H;35 à 39 ans;2024;48786
17;17 - Charente-Maritime;75;75 - Nouvelle-Aquitaine;H;10 à 14 ans;2024;18457
77;77 - Seine-et-Marne;11;11 - Île-de-France;H;75 à 79 ans;2024;21362
17;17 - Charente-Maritime;75;75 - Nouvelle-Aquitaine;H;15 à 19 ans;2024;18779
77;77 - Seine-et-Marne;11;11 - Île-de-France;H;80 ans et plus;2024;22687
17;17 - Charente-Maritime;75;75 - Nouvelle-Aquitaine;H;25 à 29 ans;2024;14735
77;77 - Seine-et-Marne;11;11 - Île-de-France;F;15 à 19 ans;2024;48352
17;17 - Charente-Maritime;75;75 - Nouvelle-Aquitaine;H;35 à 39 ans;2024;17634
77;77 - Seine-et-Marne;11;11 - Île-de-France;F;20 à 24 ans;2024;43632
17;17 - Charente-Maritime;75;75 - Nouvelle-Aquitaine;H;45 à 49 ans;2024;18795
77;77 - Seine-et-Marne;11;11 - Île-de-France;F;25 à 29 ans;2024;43847
17;17 - Charente-Maritime;75;75 - Nouvelle-Aquitaine;H;55 à 59 ans;2024;22074
77;77 - Seine-et-Marne;11;11 - Île-de-France;F;30 à 34 ans;2024;49169
17;17 - Charente-Maritime;75;75 - Nouvelle-Aquitaine;H;60 à 64 ans;2024;22851
77;77 - Seine-et-Marne;11;11 - Île-de-France;F;50 à 54 ans;2024;50883
17;17 - Charente-Maritime;75;75 - Nouvelle-Aquitaine;H;70 à 74 ans;2024;24079
77;77 - Seine-et-Marne;11;11 - Île-de-France;F;70 à 74 ans;2024;33211
17;17 - Charente-Maritime;75;75 - Nouvelle-Aquitaine;H;75 à 79 ans;2024;19161
78;78 - Yvelines;11;11 - Île-de-France;H;0 à 4 ans;2024;44343
17;17 - Charente-Maritime;75;75 - Nouvelle-Aquitaine;F;20 à 24 ans;2024;13981
78;78 - Yvelines;11;11 - Île-de-France;H;5 à 9 ans;2024;49011
17;17 - Charente-Maritime;75;75 - Nouvelle-Aquitaine;F;30 à 34 ans;2024;16249
78;78 - Yvelines;11;11 - Île-de-France;H;25 à 29 ans;2024;42159
17;17 - Charente-Maritime;75;75 - Nouvelle-Aquitaine;F;50 à 54 ans;2024;23821
78;78 - Yvelines;11;11 - Île-de-France;H;40 à 44 ans;2024;48316
17;17 - Charente-Maritime;75;75 - Nouvelle-Aquitaine;F;55 à 59 ans;2024;23987
78;78 - Yvelines;11;11 - Île-de-France;H;45 à 49 ans;2024;50425
17;17 - Charente-Maritime;75;75 - Nouvelle-Aquitaine;F;60 à 64 ans;2024;25434
78;78 - Yvelines;11;11 - Île-de-France;H;55 à 59 ans;2024;46947
17;17 - Charente-Maritime;75;75 - Nouvelle-Aquitaine;F;75 à 79 ans;2024;23043
78;78 - Yvelines;11;11 - Île-de-France;H;70 à 74 ans;2024;27511
17;17 - Charente-Maritime;75;75 - Nouvelle-Aquitaine;F;80 ans et plus;2024;33984
78;78 - Yvelines;11;11 - Île-de-France;F;0 à 4 ans;2024;42987
18;18 - Cher;24;24 - Centre-Val de Loire;H;15 à 19 ans;2024;8920
78;78 - Yvelines;11;11 - Île-de-France;F;10 à 14 ans;2024;50772
18;18 - Cher;24;24 - Centre-Val de Loire;H;25 à 29 ans;2024;7094
78;78 - Yvelines;11;11 - Île-de-France;F;30 à 34 ans;2024;46191
18;18 - Cher;24;24 - Centre-Val de Loire;H;30 à 34 ans;2024;7692
78;78 - Yvelines;11;11 - Île-de-France;F;45 à 49 ans;2024;50468
18;18 - Cher;24;24 - Centre-Val de Loire;H;45 à 49 ans;2024;8124
79;79 - Deux-Sèvres;75;75 - Nouvelle-Aquitaine;H;5 à 9 ans;2024;10430
18;18 - Cher;24;24 - Centre-Val de Loire;H;60 à 64 ans;2024;10323
79;79 - Deux-Sèvres;75;75 - Nouvelle-Aquitaine;H;15 à 19 ans;2024;12046
18;18 - Cher;24;24 - Centre-Val de Loire;H;75 à 79 ans;2024;7549
79;79 - Deux-Sèvres;75;75 - Nouvelle-Aquitaine;H;20 à 24 ans;2024;9549
18;18 - Cher;24;24 - Centre-Val de Loire;F;10 à 14 ans;2024;8286
79;79 - Deux-Sèvres;75;75 - Nouvelle-Aquitaine;H;25 à 29 ans;2024;8971
18;18 - Cher;24;24 - Centre-Val de Loire;F;20 à 24 ans;2024;6251
79;79 - Deux-Sèvres;75;75 - Nouvelle-Aquitaine;H;45 à 49 ans;2024;11619
18;18 - Cher;24;24 - Centre-Val de Loire;F;40 à 44 ans;2024;8582
79;79 - Deux-Sèvres;75;75 - Nouvelle-Aquitaine;H;55 à 59 ans;2024;12701
18;18 - Cher;24;24 - Centre-Val de Loire;F;45 à 49 ans;2024;8233
79;79 - Deux-Sèvres;75;75 - Nouvelle-Aquitaine;H;60 à 64 ans;2024;12811
18;18 - Cher;24;24 - Centre-Val de Loire;F;60 à 64 ans;2024;10988
79;79 - Deux-Sèvres;75;75 - Nouvelle-Aquitaine;H;75 à 79 ans;2024;8221
18;18 - Cher;24;24 - Centre-Val de Loire;F;70 à 74 ans;2024;10868
79;79 - Deux-Sèvres;75;75 - Nouvelle-Aquitaine;F;0 à 4 ans;2024;8137
18;18 - Cher;24;24 - Centre-Val de Loire;F;75 à 79 ans;2024;9122
79;79 - Deux-Sèvres;75;75 - Nouvelle-Aquitaine;F;10 à 14 ans;2024;11332
18;18 - Cher;24;24 - Centre-Val de Loire;F;80 ans et plus;2024;14296
79;79 - Deux-Sèvres;75;75 - Nouvelle-Aquitaine;F;25 à 29 ans;2024;8186
19;19 - Corrèze;75;75 - Nouvelle-Aquitaine;H;5 à 9 ans;2024;5920
79;79 - Deux-Sèvres;75;75 - Nouvelle-Aquitaine;F;45 à 49 ans;2024;11576
19;19 - Corrèze;75;75 - Nouvelle-Aquitaine;H;10 à 14 ans;2024;6588
79;79 - Deux-Sèvres;75;75 - Nouvelle-Aquitaine;F;55 à 59 ans;2024;13184
19;19 - Corrèze;75;75 - Nouvelle-Aquitaine;H;20 à 24 ans;2024;6010
79;79 - Deux-Sèvres;75;75 - Nouvelle-Aquitaine;F;60 à 64 ans;2024;13134
19;19 - Corrèze;75;75 - Nouvelle-Aquitaine;H;25 à 29 ans;2024;5950
79;79 - Deux-Sèvres;75;75 - Nouvelle-Aquitaine;F;70 à 74 ans;2024;12371
19;19 - Corrèze;75;75 - Nouvelle-Aquitaine;H;30 à 34 ans;2024;5856
79;79 - Deux-Sèvres;75;75 - Nouvelle-Aquitaine;F;75 à 79 ans;2024;9785
19;19 - Corrèze;75;75 - Nouvelle-Aquitaine;H;40 à 44 ans;2024;6735
79;79 - Deux-Sèvres;75;75 - Nouvelle-Aquitaine;F;80 ans et plus;2024;16910
19;19 - Corrèze;75;75 - Nouvelle-Aquitaine;H;45 à 49 ans;2024;6891
80;80 - Somme;32;32 - Hauts-de-France;H;10 à 14 ans;2024;17849
19;19 - Corrèze;75;75 - Nouvelle-Aquitaine;F;35 à 39 ans;2024;6505
80;80 - Somme;32;32 - Hauts-de-France;H;15 à 19 ans;2024;18683
19;19 - Corrèze;75;75 - Nouvelle-Aquitaine;F;65 à 69 ans;2024;9337
80;80 - Somme;32;32 - Hauts-de-France;H;40 à 44 ans;2024;17271
19;19 - Corrèze;75;75 - Nouvelle-Aquitaine;F;70 à 74 ans;2024;8978
80;80 - Somme;32;32 - Hauts-de-France;H;45 à 49 ans;2024;16388
19;19 - Corrèze;75;75 - Nouvelle-Aquitaine;F;75 à 79 ans;2024;7724
80;80 - Somme;32;32 - Hauts-de-France;H;55 à 59 ans;2024;17761
19;19 - Corrèze;75;75 - Nouvelle-Aquitaine;F;80 ans et plus;2024;13234
80;80 - Somme;32;32 - Hauts-de-France;H;65 à 69 ans;2024;15606
2A;2A - Corse-du-Sud;94;94 - Corse;H;20 à 24 ans;2024;3213
80;80 - Somme;32;32 - Hauts-de-France;H;70 à 74 ans;2024;14842
2A;2A - Corse-du-Sud;94;94 - Corse;H;25 à 29 ans;2024;3696
80;80 - Somme;32;32 - Hauts-de-France;H;80 ans et plus;2024;11119
2A;2A - Corse-du-Sud;94;94 - Corse;H;50 à 54 ans;2024;5852
80;80 - Somme;32;32 - Hauts-de-France;F;5 à 9 ans;2024;15065
2A;2A - Corse-du-Sud;94;94 - Corse;H;55 à 59 ans;2024;5769
80;80 - Somme;32;32 - Hauts-de-France;F;20 à 24 ans;2024;17782
2A;2A - Corse-du-Sud;94;94 - Corse;H;65 à 69 ans;2024;5147
80;80 - Somme;32;32 - Hauts-de-France;F;35 à 39 ans;2024;16984
2A;2A - Corse-du-Sud;94;94 - Corse;H;75 à 79 ans;2024;3694
80;80 - Somme;32;32 - Hauts-de-France;F;50 à 54 ans;2024;18919
2A;2A - Corse-du-Sud;94;94 - Corse;F;10 à 14 ans;2024;5000
80;80 - Somme;32;32 - Hauts-de-France;F;80 ans et plus;2024;20024
2A;2A - Corse-du-Sud;94;94 - Corse;F;15 à 19 ans;2024;3637
81;81 - Tarn;76;76 - Occitanie;H;10 à 14 ans;2024;12130
2A;2A - Corse-du-Sud;94;94 - Corse;F;20 à 24 ans;2024;3260
81;81 - Tarn;76;76 - Occitanie;H;20 à 24 ans;2024;10045
2A;2A - Corse-du-Sud;94;94 - Corse;F;65 à 69 ans;2024;5678
81;81 - Tarn;76;76 - Occitanie;H;35 à 39 ans;2024;10600
2A;2A - Corse-du-Sud;94;94 - Corse;F;70 à 74 ans;2024;5729
81;81 - Tarn;76;76 - Occitanie;H;70 à 74 ans;2024;12284
2A;2A - Corse-du-Sud;94;94 - Corse;F;80 ans et plus;2024;7368
81;81 - Tarn;76;76 - Occitanie;H;80 ans et plus;2024;12963
2B;2B - Haute-Corse;94;94 - Corse;H;10 à 14 ans;2024;5057
81;81 - Tarn;76;76 - Occitanie;F;0 à 4 ans;2024;8129
2B;2B - Haute-Corse;94;94 - Corse;H;20 à 24 ans;2024;4999
81;81 - Tarn;76;76 - Occitanie;F;20 à 24 ans;2024;8644
2B;2B - Haute-Corse;94;94 - Corse;H;45 à 49 ans;2024;5594
81;81 - Tarn;76;76 - Occitanie;F;30 à 34 ans;2024;9779
2B;2B - Haute-Corse;94;94 - Corse;H;65 à 69 ans;2024;5904
81;81 - Tarn;76;76 - Occitanie;F;70 à 74 ans;2024;13804
2B;2B - Haute-Corse;94;94 - Corse;H;70 à 74 ans;2024;5542
82;82 - Tarn-et-Garonne;76;76 - Occitanie;H;0 à 4 ans;2024;6607
2B;2B - Haute-Corse;94;94 - Corse;H;80 ans et plus;2024;5576
82;82 - Tarn-et-Garonne;76;76 - Occitanie;H;5 à 9 ans;2024;7844
2B;2B - Haute-Corse;94;94 - Corse;F;5 à 9 ans;2024;4362
82;82 - Tarn-et-Garonne;76;76 - Occitanie;H;30 à 34 ans;2024;6671
2B;2B - Haute-Corse;94;94 - Corse;F;20 à 24 ans;2024;4941
82;82 - Tarn-et-Garonne;76;76 - Occitanie;H;65 à 69 ans;2024;7722
2B;2B - Haute-Corse;94;94 - Corse;F;30 à 34 ans;2024;5360
82;82 - Tarn-et-Garonne;76;76 - Occitanie;F;0 à 4 ans;2024;6526
2B;2B - Haute-Corse;94;94 - Corse;F;50 à 54 ans;2024;6728
82;82 - Tarn-et-Garonne;76;76 - Occitanie;F;35 à 39 ans;2024;8031
2B;2B - Haute-Corse;94;94 - Corse;F;75 à 79 ans;2024;5170
82;82 - Tarn-et-Garonne;76;76 - Occitanie;F;50 à 54 ans;2024;9313
21;21 - Côte-d'Or;27;27 - Bourgogne-Franche-Comté;H;15 à 19 ans;2024;17778
82;82 - Tarn-et-Garonne;76;76 - Occitanie;F;60 à 64 ans;2024;8888
21;21 - Côte-d'Or;27;27 - Bourgogne-Franche-Comté;H;25 à 29 ans;2024;16686
82;82 - Tarn-et-Garonne;76;76 - Occitanie;F;65 à 69 ans;2024;8507
21;21 - Côte-d'Or;27;27 - Bourgogne-Franche-Comté;H;35 à 39 ans;2024;16058
82;82 - Tarn-et-Garonne;76;76 - Occitanie;F;75 à 79 ans;2024;6891
21;21 - Côte-d'Or;27;27 - Bourgogne-Franche-Comté;H;50 à 54 ans;2024;17588
82;82 - Tarn-et-Garonne;76;76 - Occitanie;F;80 ans et plus;2024;10817
21;21 - Côte-d'Or;27;27 - Bourgogne-Franche-Comté;H;55 à 59 ans;2024;16535
83;83 - Var;93;93 - Provence-Alpes-Côte d'Azur;H;5 à 9 ans;2024;28959
21;21 - Côte-d'Or;27;27 - Bourgogne-Franche-Comté;H;65 à 69 ans;2024;14919
83;83 - Var;93;93 - Provence-Alpes-Côte d'Azur;H;20 à 24 ans;2024;27353
21;21 - Côte-d'Or;27;27 - Bourgogne-Franche-Comté;H;70 à 74 ans;2024;13697
83;83 - Var;93;93 - Provence-Alpes-Côte d'Azur;H;30 à 34 ans;2024;28569
21;21 - Côte-d'Or;27;27 - Bourgogne-Franche-Comté;H;80 ans et plus;2024;12863
83;83 - Var;93;93 - Provence-Alpes-Côte d'Azur;H;40 à 44 ans;2024;33165
21;21 - Côte-d'Or;27;27 - Bourgogne-Franche-Comté;F;15 à 19 ans;2024;17738
83;83 - Var;93;93 - Provence-Alpes-Côte d'Azur;H;65 à 69 ans;2024;35845
21;21 - Côte-d'Or;27;27 - Bourgogne-Franche-Comté;F;20 à 24 ans;2024;18273
83;83 - Var;93;93 - Provence-Alpes-Côte d'Azur;F;10 à 14 ans;2024;30058
21;21 - Côte-d'Or;27;27 - Bourgogne-Franche-Comté;F;30 à 34 ans;2024;15334
83;83 - Var;93;93 - Provence-Alpes-Côte d'Azur;F;15 à 19 ans;2024;27187
21;21 - Côte-d'Or;27;27 - Bourgogne-Franche-Comté;F;80 ans et plus;2024;21590
83;83 - Var;93;93 - Provence-Alpes-Côte d'Azur;F;35 à 39 ans;2024;33519
22;22 - Côtes-d'Armor;53;53 - Bretagne;H;20 à 24 ans;2024;14306
83;83 - Var;93;93 - Provence-Alpes-Côte d'Azur;F;45 à 49 ans;2024;32615
22;22 - Côtes-d'Armor;53;53 - Bretagne;H;60 à 64 ans;2024;21264
83;83 - Var;93;93 - Provence-Alpes-Côte d'Azur;F;55 à 59 ans;2024;40926
22;22 - Côtes-d'Armor;53;53 - Bretagne;H;65 à 69 ans;2024;21491
83;83 - Var;93;93 - Provence-Alpes-Côte d'Azur;F;75 à 79 ans;2024;36662
22;22 - Côtes-d'Armor;53;53 - Bretagne;F;0 à 4 ans;2024;12954
83;83 - Var;93;93 - Provence-Alpes-Côte d'Azur;F;80 ans et plus;2024;57388
22;22 - Côtes-d'Armor;53;53 - Bretagne;F;15 à 19 ans;2024;16900
84;84 - Vaucluse;93;93 - Provence-Alpes-Côte d'Azur;H;10 à 14 ans;2024;18618
22;22 - Côtes-d'Armor;53;53 - Bretagne;F;40 à 44 ans;2024;17909
84;84 - Vaucluse;93;93 - Provence-Alpes-Côte d'Azur;H;15 à 19 ans;2024;17063
22;22 - Côtes-d'Armor;53;53 - Bretagne;F;45 à 49 ans;2024;18034
84;84 - Vaucluse;93;93 - Provence-Alpes-Côte d'Azur;H;80 ans et plus;2024;14980
22;22 - Côtes-d'Armor;53;53 - Bretagne;F;65 à 69 ans;2024;23630
84;84 - Vaucluse;93;93 - Provence-Alpes-Côte d'Azur;F;0 à 4 ans;2024;13544
23;23 - Creuse;75;75 - Nouvelle-Aquitaine;H;5 à 9 ans;2024;2570
84;84 - Vaucluse;93;93 - Provence-Alpes-Côte d'Azur;F;10 à 14 ans;2024;17269
23;23 - Creuse;75;75 - Nouvelle-Aquitaine;H;20 à 24 ans;2024;2326
84;84 - Vaucluse;93;93 - Provence-Alpes-Côte d'Azur;F;30 à 34 ans;2024;15998
23;23 - Creuse;75;75 - Nouvelle-Aquitaine;H;35 à 39 ans;2024;2832
84;84 - Vaucluse;93;93 - Provence-Alpes-Côte d'Azur;F;35 à 39 ans;2024;18195
23;23 - Creuse;75;75 - Nouvelle-Aquitaine;H;50 à 54 ans;2024;3933
84;84 - Vaucluse;93;93 - Provence-Alpes-Côte d'Azur;F;40 à 44 ans;2024;18129
23;23 - Creuse;75;75 - Nouvelle-Aquitaine;H;75 à 79 ans;2024;3459
84;84 - Vaucluse;93;93 - Provence-Alpes-Côte d'Azur;F;55 à 59 ans;2024;20655
23;23 - Creuse;75;75 - Nouvelle-Aquitaine;F;20 à 24 ans;2024;1938
84;84 - Vaucluse;93;93 - Provence-Alpes-Côte d'Azur;F;65 à 69 ans;2024;19259
23;23 - Creuse;75;75 - Nouvelle-Aquitaine;F;30 à 34 ans;2024;2530
84;84 - Vaucluse;93;93 - Provence-Alpes-Côte d'Azur;F;75 à 79 ans;2024;15806
23;23 - Creuse;75;75 - Nouvelle-Aquitaine;F;70 à 74 ans;2024;4704
85;85 - Vendée;52;52 - Pays de la Loire;H;0 à 4 ans;2024;15708
23;23 - Creuse;75;75 - Nouvelle-Aquitaine;F;75 à 79 ans;2024;3906
85;85 - Vendée;52;52 - Pays de la Loire;H;15 à 19 ans;2024;22352
24;24 - Dordogne;75;75 - Nouvelle-Aquitaine;H;15 à 19 ans;2024;11124
85;85 - Vendée;52;52 - Pays de la Loire;H;20 à 24 ans;2024;17394
24;24 - Dordogne;75;75 - Nouvelle-Aquitaine;H;20 à 24 ans;2024;8473
85;85 - Vendée;52;52 - Pays de la Loire;H;30 à 34 ans;2024;17338
24;24 - Dordogne;75;75 - Nouvelle-Aquitaine;H;30 à 34 ans;2024;9138
85;85 - Vendée;52;52 - Pays de la Loire;H;55 à 59 ans;2024;23352
24;24 - Dordogne;75;75 - Nouvelle-Aquitaine;H;50 à 54 ans;2024;14032
85;85 - Vendée;52;52 - Pays de la Loire;H;65 à 69 ans;2024;24448
24;24 - Dordogne;75;75 - Nouvelle-Aquitaine;H;60 à 64 ans;2024;16265
85;85 - Vendée;52;52 - Pays de la Loire;H;70 à 74 ans;2024;23931
24;24 - Dordogne;75;75 - Nouvelle-Aquitaine;H;65 à 69 ans;2024;16341
85;85 - Vendée;52;52 - Pays de la Loire;H;75 à 79 ans;2024;17985
24;24 - Dordogne;75;75 - Nouvelle-Aquitaine;H;70 à 74 ans;2024;15319
85;85 - Vendée;52;52 - Pays de la Loire;F;5 à 9 ans;2024;18414
24;24 - Dordogne;75;75 - Nouvelle-Aquitaine;H;75 à 79 ans;2024;12174
85;85 - Vendée;52;52 - Pays de la Loire;F;15 à 19 ans;2024;20045
24;24 - Dordogne;75;75 - Nouvelle-Aquitaine;F;10 à 14 ans;2024;10410
85;85 - Vendée;52;52 - Pays de la Loire;F;25 à 29 ans;2024;15192
24;24 - Dordogne;75;75 - Nouvelle-Aquitaine;F;30 à 34 ans;2024;9522
85;85 - Vendée;52;52 - Pays de la Loire;F;55 à 59 ans;2024;23319
24;24 - Dordogne;75;75 - Nouvelle-Aquitaine;F;40 à 44 ans;2024;11607
85;85 - Vendée;52;52 - Pays de la Loire;F;60 à 64 ans;2024;25960
24;24 - Dordogne;75;75 - Nouvelle-Aquitaine;F;70 à 74 ans;2024;17493
85;85 - Vendée;52;52 - Pays de la Loire;F;65 à 69 ans;2024;27033
24;24 - Dordogne;75;75 - Nouvelle-Aquitaine;F;80 ans et plus;2024;22228
86;86 - Vienne;75;75 - Nouvelle-Aquitaine;H;10 à 14 ans;2024;13390
25;25 - Doubs;27;27 - Bourgogne-Franche-Comté;H;10 à 14 ans;2024;18049
86;86 - Vienne;75;75 - Nouvelle-Aquitaine;H;35 à 39 ans;2024;12506
25;25 - Doubs;27;27 - Bourgogne-Franche-Comté;H;40 à 44 ans;2024;17297
86;86 - Vienne;75;75 - Nouvelle-Aquitaine;H;50 à 54 ans;2024;13905
25;25 - Doubs;27;27 - Bourgogne-Franche-Comté;H;60 à 64 ans;2024;15720
86;86 - Vienne;75;75 - Nouvelle-Aquitaine;H;55 à 59 ans;2024;13617
25;25 - Doubs;27;27 - Bourgogne-Franche-Comté;F;0 à 4 ans;2024;13371
86;86 - Vienne;75;75 - Nouvelle-Aquitaine;H;60 à 64 ans;2024;13373
25;25 - Doubs;27;27 - Bourgogne-Franche-Comté;F;5 à 9 ans;2024;16191
86;86 - Vienne;75;75 - Nouvelle-Aquitaine;H;80 ans et plus;2024;11202
25;25 - Doubs;27;27 - Bourgogne-Franche-Comté;F;10 à 14 ans;2024;17197
86;86 - Vienne;75;75 - Nouvelle-Aquitaine;F;0 à 4 ans;2024;9478
25;25 - Doubs;27;27 - Bourgogne-Franche-Comté;F;60 à 64 ans;2024;16791
86;86 - Vienne;75;75 - Nouvelle-Aquitaine;F;5 à 9 ans;2024;11328
25;25 - Doubs;27;27 - Bourgogne-Franche-Comté;F;70 à 74 ans;2024;15429
86;86 - Vienne;75;75 - Nouvelle-Aquitaine;F;20 à 24 ans;2024;14846
26;26 - Drôme;84;84 - Auvergne-Rhône-Alpes;H;0 à 4 ans;2024;13341
86;86 - Vienne;75;75 - Nouvelle-Aquitaine;F;25 à 29 ans;2024;11775
26;26 - Drôme;84;84 - Auvergne-Rhône-Alpes;H;5 à 9 ans;2024;16000
86;86 - Vienne;75;75 - Nouvelle-Aquitaine;F;30 à 34 ans;2024;11454
26;26 - Drôme;84;84 - Auvergne-Rhône-Alpes;H;15 à 19 ans;2024;16067
86;86 - Vienne;75;75 - Nouvelle-Aquitaine;F;45 à 49 ans;2024;13044
26;26 - Drôme;84;84 - Auvergne-Rhône-Alpes;H;30 à 34 ans;2024;14108
86;86 - Vienne;75;75 - Nouvelle-Aquitaine;F;65 à 69 ans;2024;14010
26;26 - Drôme;84;84 - Auvergne-Rhône-Alpes;H;35 à 39 ans;2024;15967
86;86 - Vienne;75;75 - Nouvelle-Aquitaine;F;70 à 74 ans;2024;13592
26;26 - Drôme;84;84 - Auvergne-Rhône-Alpes;H;50 à 54 ans;2024;17109
87;87 - Haute-Vienne;75;75 - Nouvelle-Aquitaine;H;0 à 4 ans;2024;8126
26;26 - Drôme;84;84 - Auvergne-Rhône-Alpes;H;65 à 69 ans;2024;15563
87;87 - Haute-Vienne;75;75 - Nouvelle-Aquitaine;H;15 à 19 ans;2024;11589
26;26 - Drôme;84;84 - Auvergne-Rhône-Alpes;H;70 à 74 ans;2024;14100
87;87 - Haute-Vienne;75;75 - Nouvelle-Aquitaine;H;20 à 24 ans;2024;10720
26;26 - Drôme;84;84 - Auvergne-Rhône-Alpes;H;80 ans et plus;2024;12985
87;87 - Haute-Vienne;75;75 - Nouvelle-Aquitaine;H;30 à 34 ans;2024;9552
26;26 - Drôme;84;84 - Auvergne-Rhône-Alpes;F;20 à 24 ans;2024;10996
87;87 - Haute-Vienne;75;75 - Nouvelle-Aquitaine;F;30 à 34 ans;2024;9424
26;26 - Drôme;84;84 - Auvergne-Rhône-Alpes;F;50 à 54 ans;2024;18155
87;87 - Haute-Vienne;75;75 - Nouvelle-Aquitaine;F;35 à 39 ans;2024;10444
26;26 - Drôme;84;84 - Auvergne-Rhône-Alpes;F;80 ans et plus;2024;21580
87;87 - Haute-Vienne;75;75 - Nouvelle-Aquitaine;F;55 à 59 ans;2024;12747
27;27 - Eure;28;28 - Normandie;H;0 à 4 ans;2024;16185
87;87 - Haute-Vienne;75;75 - Nouvelle-Aquitaine;F;65 à 69 ans;2024;13073
27;27 - Eure;28;28 - Normandie;H;10 à 14 ans;2024;21086
87;87 - Haute-Vienne;75;75 - Nouvelle-Aquitaine;F;80 ans et plus;2024;18148
27;27 - Eure;28;28 - Normandie;H;25 à 29 ans;2024;14504
88;88 - Vosges;44;44 - Grand Est;H;0 à 4 ans;2024;7607
27;27 - Eure;28;28 - Normandie;H;45 à 49 ans;2024;18294
88;88 - Vosges;44;44 - Grand Est;H;15 à 19 ans;2024;10543
27;27 - Eure;28;28 - Normandie;H;70 à 74 ans;2024;15579
88;88 - Vosges;44;44 - Grand Est;H;60 à 64 ans;2024;12583
27;27 - Eure;28;28 - Normandie;F;5 à 9 ans;2024;18618
88;88 - Vosges;44;44 - Grand Est;H;65 à 69 ans;2024;12166
27;27 - Eure;28;28 - Normandie;F;20 à 24 ans;2024;13142
88;88 - Vosges;44;44 - Grand Est;H;70 à 74 ans;2024;11448
27;27 - Eure;28;28 - Normandie;F;25 à 29 ans;2024;14087
88;88 - Vosges;44;44 - Grand Est;H;80 ans et plus;2024;8738
27;27 - Eure;28;28 - Normandie;F;30 à 34 ans;2024;17092
88;88 - Vosges;44;44 - Grand Est;F;10 à 14 ans;2024;9813
27;27 - Eure;28;28 - Normandie;F;55 à 59 ans;2024;20312
88;88 - Vosges;44;44 - Grand Est;F;25 à 29 ans;2024;7793
27;27 - Eure;28;28 - Normandie;F;70 à 74 ans;2024;18052
88;88 - Vosges;44;44 - Grand Est;F;35 à 39 ans;2024;9775
27;27 - Eure;28;28 - Normandie;F;80 ans et plus;2024;20633
88;88 - Vosges;44;44 - Grand Est;F;50 à 54 ans;2024;12222
28;28 - Eure-et-Loir;24;24 - Centre-Val de Loire;H;15 à 19 ans;2024;13994
88;88 - Vosges;44;44 - Grand Est;F;70 à 74 ans;2024;12962
28;28 - Eure-et-Loir;24;24 - Centre-Val de Loire;H;40 à 44 ans;2024;13589
89;89 - Yonne;27;27 - Bourgogne-Franche-Comté;H;0 à 4 ans;2024;7712
28;28 - Eure-et-Loir;24;24 - Centre-Val de Loire;H;50 à 54 ans;2024;15011
89;89 - Yonne;27;27 - Bourgogne-Franche-Comté;H;20 à 24 ans;2024;7675
28;28 - Eure-et-Loir;24;24 - Centre-Val de Loire;H;75 à 79 ans;2024;8622
89;89 - Yonne;27;27 - Bourgogne-Franche-Comté;H;40 à 44 ans;2024;9844
28;28 - Eure-et-Loir;24;24 - Centre-Val de Loire;F;55 à 59 ans;2024;14790
89;89 - Yonne;27;27 - Bourgogne-Franche-Comté;H;70 à 74 ans;2024;10457
28;28 - Eure-et-Loir;24;24 - Centre-Val de Loire;F;60 à 64 ans;2024;14182
89;89 - Yonne;27;27 - Bourgogne-Franche-Comté;F;5 à 9 ans;2024;9012
28;28 - Eure-et-Loir;24;24 - Centre-Val de Loire;F;70 à 74 ans;2024;13212
89;89 - Yonne;27;27 - Bourgogne-Franche-Comté;F;80 ans et plus;2024;14885
28;28 - Eure-et-Loir;24;24 - Centre-Val de Loire;F;80 ans et plus;2024;16015
90;90 - Territoire de Belfort;27;27 - Bourgogne-Franche-Comté;H;5 à 9 ans;2024;4173
29;29 - Finistère;53;53 - Bretagne;H;0 à 4 ans;2024;20988
90;90 - Territoire de Belfort;27;27 - Bourgogne-Franche-Comté;H;45 à 49 ans;2024;4195
29;29 - Finistère;53;53 - Bretagne;H;15 à 19 ans;2024;28910
90;90 - Territoire de Belfort;27;27 - Bourgogne-Franche-Comté;H;55 à 59 ans;2024;4650
29;29 - Finistère;53;53 - Bretagne;H;20 à 24 ans;2024;25392
90;90 - Territoire de Belfort;27;27 - Bourgogne-Franche-Comté;H;70 à 74 ans;2024;3440
29;29 - Finistère;53;53 - Bretagne;H;35 à 39 ans;2024;27099
90;90 - Territoire de Belfort;27;27 - Bourgogne-Franche-Comté;F;5 à 9 ans;2024;3904
29;29 - Finistère;53;53 - Bretagne;H;55 à 59 ans;2024;30569
90;90 - Territoire de Belfort;27;27 - Bourgogne-Franche-Comté;F;15 à 19 ans;2024;4107
29;29 - Finistère;53;53 - Bretagne;H;60 à 64 ans;2024;32005
90;90 - Territoire de Belfort;27;27 - Bourgogne-Franche-Comté;F;20 à 24 ans;2024;3479
29;29 - Finistère;53;53 - Bretagne;F;25 à 29 ans;2024;21760
90;90 - Territoire de Belfort;27;27 - Bourgogne-Franche-Comté;F;75 à 79 ans;2024;3224
29;29 - Finistère;53;53 - Bretagne;F;30 à 34 ans;2024;24189
91;91 - Essonne;11;11 - Île-de-France;H;0 à 4 ans;2024;42406
29;29 - Finistère;53;53 - Bretagne;F;35 à 39 ans;2024;26877
91;91 - Essonne;11;11 - Île-de-France;H;25 à 29 ans;2024;42502
29;29 - Finistère;53;53 - Bretagne;F;40 à 44 ans;2024;28531
91;91 - Essonne;11;11 - Île-de-France;H;40 à 44 ans;2024;43167
29;29 - Finistère;53;53 - Bretagne;F;45 à 49 ans;2024;27303
91;91 - Essonne;11;11 - Île-de-France;H;45 à 49 ans;2024;43066
29;29 - Finistère;53;53 - Bretagne;F;55 à 59 ans;2024;31817
91;91 - Essonne;11;11 - Île-de-France;H;50 à 54 ans;2024;43518
29;29 - Finistère;53;53 - Bretagne;F;60 à 64 ans;2024;33043
91;91 - Essonne;11;11 - Île-de-France;H;70 à 74 ans;2024;23382
30;30 - Gard;76;76 - Occitanie;H;0 à 4 ans;2024;18968
91;91 - Essonne;11;11 - Île-de-France;H;80 ans et plus;2024;23248
30;30 - Gard;76;76 - Occitanie;H;20 à 24 ans;2024;20479
91;91 - Essonne;11;11 - Île-de-France;F;5 à 9 ans;2024;43017
30;30 - Gard;76;76 - Occitanie;H;50 à 54 ans;2024;25484
91;91 - Essonne;11;11 - Île-de-France;F;10 à 14 ans;2024;45445
30;30 - Gard;76;76 - Occitanie;F;0 à 4 ans;2024;17588
91;91 - Essonne;11;11 - Île-de-France;F;15 à 19 ans;2024;42574
30;30 - Gard;76;76 - Occitanie;F;5 à 9 ans;2024;20245
91;91 - Essonne;11;11 - Île-de-France;F;20 à 24 ans;2024;40201
30;30 - Gard;76;76 - Occitanie;F;10 à 14 ans;2024;22731
91;91 - Essonne;11;11 - Île-de-France;F;25 à 29 ans;2024;41612
30;30 - Gard;76;76 - Occitanie;F;35 à 39 ans;2024;22994
91;91 - Essonne;11;11 - Île-de-France;F;30 à 34 ans;2024;44750
30;30 - Gard;76;76 - Occitanie;F;40 à 44 ans;2024;24760
91;91 - Essonne;11;11 - Île-de-France;F;35 à 39 ans;2024;47044
30;30 - Gard;76;76 - Occitanie;F;45 à 49 ans;2024;23135
92;92 - Hauts-de-Seine;11;11 - Île-de-France;H;0 à 4 ans;2024;47033
30;30 - Gard;76;76 - Occitanie;F;70 à 74 ans;2024;25952
92;92 - Hauts-de-Seine;11;11 - Île-de-France;H;5 à 9 ans;2024;47915
30;30 - Gard;76;76 - Occitanie;F;80 ans et plus;2024;32523
92;92 - Hauts-de-Seine;11;11 - Île-de-France;H;15 à 19 ans;2024;50854
31;31 - Haute-Garonne;76;76 - Occitanie;H;20 à 24 ans;2024;55507
92;92 - Hauts-de-Seine;11;11 - Île-de-France;H;20 à 24 ans;2024;53671
31;31 - Haute-Garonne;76;76 - Occitanie;H;25 à 29 ans;2024;52537
92;92 - Hauts-de-Seine;11;11 - Île-de-France;H;35 à 39 ans;2024;58801
31;31 - Haute-Garonne;76;76 - Occitanie;H;45 à 49 ans;2024;46580
92;92 - Hauts-de-Seine;11;11 - Île-de-France;F;0 à 4 ans;2024;44519
31;31 - Haute-Garonne;76;76 - Occitanie;H;55 à 59 ans;2024;44027
92;92 - Hauts-de-Seine;11;11 - Île-de-France;F;35 à 39 ans;2024;63564
31;31 - Haute-Garonne;76;76 - Occitanie;H;60 à 64 ans;2024;39780
92;92 - Hauts-de-Seine;11;11 - Île-de-France;F;45 à 49 ans;2024;57683
31;31 - Haute-Garonne;76;76 - Occitanie;H;75 à 79 ans;2024;23005
92;92 - Hauts-de-Seine;11;11 - Île-de-France;F;50 à 54 ans;2024;57510
31;31 - Haute-Garonne;76;76 - Occitanie;F;10 à 14 ans;2024;43443
92;92 - Hauts-de-Seine;11;11 - Île-de-France;F;55 à 59 ans;2024;53415
31;31 - Haute-Garonne;76;76 - Occitanie;F;20 à 24 ans;2024;54161
92;92 - Hauts-de-Seine;11;11 - Île-de-France;F;60 à 64 ans;2024;46681
31;31 - Haute-Garonne;76;76 - Occitanie;F;45 à 49 ans;2024;45915
92;92 - Hauts-de-Seine;11;11 - Île-de-France;F;80 ans et plus;2024;51398
31;31 - Haute-Garonne;76;76 - Occitanie;F;50 à 54 ans;2024;47837
93;93 - Seine-Saint-Denis;11;11 - Île-de-France;H;10 à 14 ans;2024;63302
31;31 - Haute-Garonne;76;76 - Occitanie;F;60 à 64 ans;2024;41760
93;93 - Seine-Saint-Denis;11;11 - Île-de-France;H;15 à 19 ans;2024;61396
32;32 - Gers;76;76 - Occitanie;H;5 à 9 ans;2024;4819
93;93 - Seine-Saint-Denis;11;11 - Île-de-France;H;30 à 34 ans;2024;61910
32;32 - Gers;76;76 - Occitanie;H;30 à 34 ans;2024;4262
93;93 - Seine-Saint-Denis;11;11 - Île-de-France;H;70 à 74 ans;2024;27941
32;32 - Gers;76;76 - Occitanie;H;35 à 39 ans;2024;4806
93;93 - Seine-Saint-Denis;11;11 - Île-de-France;H;80 ans et plus;2024;21765
32;32 - Gers;76;76 - Occitanie;H;45 à 49 ans;2024;5494
93;93 - Seine-Saint-Denis;11;11 - Île-de-France;F;5 à 9 ans;2024;56002
32;32 - Gers;76;76 - Occitanie;H;50 à 54 ans;2024;6797
93;93 - Seine-Saint-Denis;11;11 - Île-de-France;F;55 à 59 ans;2024;48762
32;32 - Gers;76;76 - Occitanie;H;75 à 79 ans;2024;5255
93;93 - Seine-Saint-Denis;11;11 - Île-de-France;F;60 à 64 ans;2024;43661
32;32 - Gers;76;76 - Occitanie;H;80 ans et plus;2024;6543
93;93 - Seine-Saint-Denis;11;11 - Île-de-France;F;65 à 69 ans;2024;37305
32;32 - Gers;76;76 - Occitanie;F;5 à 9 ans;2024;4423
94;94 - Val-de-Marne;11;11 - Île-de-France;H;5 à 9 ans;2024;42225
32;32 - Gers;76;76 - Occitanie;F;10 à 14 ans;2024;5200
94;94 - Val-de-Marne;11;11 - Île-de-France;H;35 à 39 ans;2024;47792
32;32 - Gers;76;76 - Occitanie;F;20 à 24 ans;2024;3508
94;94 - Val-de-Marne;11;11 - Île-de-France;H;40 à 44 ans;2024;47760
32;32 - Gers;76;76 - Occitanie;F;25 à 29 ans;2024;3643
94;94 - Val-de-Marne;11;11 - Île-de-France;H;60 à 64 ans;2024;37152
32;32 - Gers;76;76 - Occitanie;F;45 à 49 ans;2024;5734
94;94 - Val-de-Marne;11;11 - Île-de-France;H;70 à 74 ans;2024;24248
33;33 - Gironde;75;75 - Nouvelle-Aquitaine;H;35 à 39 ans;2024;54937
94;94 - Val-de-Marne;11;11 - Île-de-France;F;10 à 14 ans;2024;43916
33;33 - Gironde;75;75 - Nouvelle-Aquitaine;H;40 à 44 ans;2024;56658
94;94 - Val-de-Marne;11;11 - Île-de-France;F;20 à 24 ans;2024;49951
33;33 - Gironde;75;75 - Nouvelle-Aquitaine;H;55 à 59 ans;2024;50960
94;94 - Val-de-Marne;11;11 - Île-de-France;F;35 à 39 ans;2024;52405
33;33 - Gironde;75;75 - Nouvelle-Aquitaine;H;65 à 69 ans;2024;41426
94;94 - Val-de-Marne;11;11 - Île-de-France;F;45 à 49 ans;2024;46581
33;33 - Gironde;75;75 - Nouvelle-Aquitaine;H;70 à 74 ans;2024;39587
94;94 - Val-de-Marne;11;11 - Île-de-France;F;60 à 64 ans;2024;41325
33;33 - Gironde;75;75 - Nouvelle-Aquitaine;H;80 ans et plus;2024;35145
94;94 - Val-de-Marne;11;11 - Île-de-France;F;70 à 74 ans;2024;30811
33;33 - Gironde;75;75 - Nouvelle-Aquitaine;F;10 à 14 ans;2024;48921
94;94 - Val-de-Marne;11;11 - Île-de-France;F;80 ans et plus;2024;42453
33;33 - Gironde;75;75 - Nouvelle-Aquitaine;F;15 à 19 ans;2024;53216
95;95 - Val-d'Oise;11;11 - Île-de-France;H;5 à 9 ans;2024;45721
33;33 - Gironde;75;75 - Nouvelle-Aquitaine;F;30 à 34 ans;2024;55894
95;95 - Val-d'Oise;11;11 - Île-de-France;H;15 à 19 ans;2024;45893
33;33 - Gironde;75;75 - Nouvelle-Aquitaine;F;45 à 49 ans;2024;55081
95;95 - Val-d'Oise;11;11 - Île-de-France;H;20 à 24 ans;2024;42035
33;33 - Gironde;75;75 - Nouvelle-Aquitaine;F;55 à 59 ans;2024;54489
95;95 - Val-d'Oise;11;11 - Île-de-France;H;25 à 29 ans;2024;38532
33;33 - Gironde;75;75 - Nouvelle-Aquitaine;F;75 à 79 ans;2024;40048
95;95 - Val-d'Oise;11;11 - Île-de-France;H;30 à 34 ans;2024;41084
34;34 - Hérault;76;76 - Occitanie;H;0 à 4 ans;2024;29916
95;95 - Val-d'Oise;11;11 - Île-de-France;H;45 à 49 ans;2024;41430
34;34 - Hérault;76;76 - Occitanie;H;20 à 24 ans;2024;38843
95;95 - Val-d'Oise;11;11 - Île-de-France;H;75 à 79 ans;2024;17134
34;34 - Hérault;76;76 - Occitanie;F;5 à 9 ans;2024;31681
95;95 - Val-d'Oise;11;11 - Île-de-France;F;30 à 34 ans;2024;43986
34;34 - Hérault;76;76 - Occitanie;F;30 à 34 ans;2024;38031
95;95 - Val-d'Oise;11;11 - Île-de-France;F;50 à 54 ans;2024;40579
34;34 - Hérault;76;76 - Occitanie;F;60 à 64 ans;2024;39843
95;95 - Val-d'Oise;11;11 - Île-de-France;F;65 à 69 ans;2024;30888
35;35 - Ille-et-Vilaine;53;53 - Bretagne;H;15 à 19 ans;2024;38426
95;95 - Val-d'Oise;11;11 - Île-de-France;F;75 à 79 ans;2024;20412
35;35 - Ille-et-Vilaine;53;53 - Bretagne;H;25 à 29 ans;2024;35584
971;971 - Guadeloupe;01;01 - Guadeloupe;H;5 à 9 ans;2024;10145
35;35 - Ille-et-Vilaine;53;53 - Bretagne;H;40 à 44 ans;2024;36854
971;971 - Guadeloupe;01;01 - Guadeloupe;H;15 à 19 ans;2024;12478
35;35 - Ille-et-Vilaine;53;53 - Bretagne;H;60 à 64 ans;2024;30967
971;971 - Guadeloupe;01;01 - Guadeloupe;H;40 à 44 ans;2024;8119
35;35 - Ille-et-Vilaine;53;53 - Bretagne;F;40 à 44 ans;2024;36953
971;971 - Guadeloupe;01;01 - Guadeloupe;H;50 à 54 ans;2024;12691
35;35 - Ille-et-Vilaine;53;53 - Bretagne;F;60 à 64 ans;2024;32659
971;971 - Guadeloupe;01;01 - Guadeloupe;H;65 à 69 ans;2024;12784
35;35 - Ille-et-Vilaine;53;53 - Bretagne;F;65 à 69 ans;2024;29635
971;971 - Guadeloupe;01;01 - Guadeloupe;H;80 ans et plus;2024;8624
35;35 - Ille-et-Vilaine;53;53 - Bretagne;F;75 à 79 ans;2024;23795
971;971 - Guadeloupe;01;01 - Guadeloupe;F;40 à 44 ans;2024;12193
36;36 - Indre;24;24 - Centre-Val de Loire;H;0 à 4 ans;2024;4658
971;971 - Guadeloupe;01;01 - Guadeloupe;F;80 ans et plus;2024;13301
36;36 - Indre;24;24 - Centre-Val de Loire;H;5 à 9 ans;2024;5176
972;972 - Martinique;02;02 - Martinique;H;5 à 9 ans;2024;9213
36;36 - Indre;24;24 - Centre-Val de Loire;H;15 à 19 ans;2024;5794
972;972 - Martinique;02;02 - Martinique;H;35 à 39 ans;2024;7581
36;36 - Indre;24;24 - Centre-Val de Loire;H;30 à 34 ans;2024;4788
972;972 - Martinique;02;02 - Martinique;H;60 à 64 ans;2024;14581
36;36 - Indre;24;24 - Centre-Val de Loire;H;50 à 54 ans;2024;7330
972;972 - Martinique;02;02 - Martinique;F;5 à 9 ans;2024;8960
36;36 - Indre;24;24 - Centre-Val de Loire;H;60 à 64 ans;2024;7801
972;972 - Martinique;02;02 - Martinique;F;60 à 64 ans;2024;16914
36;36 - Indre;24;24 - Centre-Val de Loire;H;70 à 74 ans;2024;7478
973;973 - Guyane;03;03 - Guyane;H;5 à 9 ans;2024;15267
36;36 - Indre;24;24 - Centre-Val de Loire;F;20 à 24 ans;2024;4318
973;973 - Guyane;03;03 - Guyane;H;35 à 39 ans;2024;9135
36;36 - Indre;24;24 - Centre-Val de Loire;F;35 à 39 ans;2024;5439
973;973 - Guyane;03;03 - Guyane;H;50 à 54 ans;2024;7357
36;36 - Indre;24;24 - Centre-Val de Loire;F;40 à 44 ans;2024;5824
973;973 - Guyane;03;03 - Guyane;H;65 à 69 ans;2024;3994
37;37 - Indre-et-Loire;24;24 - Centre-Val de Loire;H;10 à 14 ans;2024;18402
973;973 - Guyane;03;03 - Guyane;F;5 à 9 ans;2024;15176
37;37 - Indre-et-Loire;24;24 - Centre-Val de Loire;H;55 à 59 ans;2024;19417
973;973 - Guyane;03;03 - Guyane;F;20 à 24 ans;2024;10841
37;37 - Indre-et-Loire;24;24 - Centre-Val de Loire;H;70 à 74 ans;2024;16105
973;973 - Guyane;03;03 - Guyane;F;30 à 34 ans;2024;10739
37;37 - Indre-et-Loire;24;24 - Centre-Val de Loire;F;10 à 14 ans;2024;17871
973;973 - Guyane;03;03 - Guyane;F;35 à 39 ans;2024;10617
37;37 - Indre-et-Loire;24;24 - Centre-Val de Loire;F;40 à 44 ans;2024;19028
973;973 - Guyane;03;03 - Guyane;F;55 à 59 ans;2024;6677
37;37 - Indre-et-Loire;24;24 - Centre-Val de Loire;F;45 à 49 ans;2024;18435
973;973 - Guyane;03;03 - Guyane;F;70 à 74 ans;2024;2944
37;37 - Indre-et-Loire;24;24 - Centre-Val de Loire;F;55 à 59 ans;2024;20581
973;973 - Guyane;03;03 - Guyane;F;75 à 79 ans;2024;1950
38;38 - Isère;84;84 - Auvergne-Rhône-Alpes;H;0 à 4 ans;2024;33903
974;974 - La Réunion;04;04 - La Réunion;H;20 à 24 ans;2024;24260
38;38 - Isère;84;84 - Auvergne-Rhône-Alpes;H;15 à 19 ans;2024;44112
974;974 - La Réunion;04;04 - La Réunion;H;25 à 29 ans;2024;20849
38;38 - Isère;84;84 - Auvergne-Rhône-Alpes;H;20 à 24 ans;2024;40935
974;974 - La Réunion;04;04 - La Réunion;H;35 à 39 ans;2024;25116
38;38 - Isère;84;84 - Auvergne-Rhône-Alpes;H;35 à 39 ans;2024;40669
974;974 - La Réunion;04;04 - La Réunion;H;55 à 59 ans;2024;32150
38;38 - Isère;84;84 - Auvergne-Rhône-Alpes;H;40 à 44 ans;2024;41500
974;974 - La Réunion;04;04 - La Réunion;H;70 à 74 ans;2024;15969
38;38 - Isère;84;84 - Auvergne-Rhône-Alpes;H;80 ans et plus;2024;27657
974;974 - La Réunion;04;04 - La Réunion;H;75 à 79 ans;2024;10382
38;38 - Isère;84;84 - Auvergne-Rhône-Alpes;F;10 à 14 ans;2024;42080
974;974 - La Réunion;04;04 - La Réunion;F;15 à 19 ans;2024;32825
38;38 - Isère;84;84 - Auvergne-Rhône-Alpes;F;15 à 19 ans;2024;41180
974;974 - La Réunion;04;04 - La Réunion;F;20 à 24 ans;2024;24926
39;39 - Jura;27;27 - Bourgogne-Franche-Comté;H;15 à 19 ans;2024;7635
974;974 - La Réunion;04;04 - La Réunion;F;25 à 29 ans;2024;25090
39;39 - Jura;27;27 - Bourgogne-Franche-Comté;H;30 à 34 ans;2024;6714
974;974 - La Réunion;04;04 - La Réunion;F;65 à 69 ans;2024;24381
39;39 - Jura;27;27 - Bourgogne-Franche-Comté;H;45 à 49 ans;2024;7572
974;974 - La Réunion;04;04 - La Réunion;F;70 à 74 ans;2024;18909
39;39 - Jura;27;27 - Bourgogne-Franche-Comté;H;55 à 59 ans;2024;8953
974;974 - La Réunion;04;04 - La Réunion;F;75 à 79 ans;2024;13077
39;39 - Jura;27;27 - Bourgogne-Franche-Comté;F;5 à 9 ans;2024;7009
976;976 - Mayotte;06;06 - Mayotte;H;10 à 14 ans;2024;21114
39;39 - Jura;27;27 - Bourgogne-Franche-Comté;F;20 à 24 ans;2024;5331
976;976 - Mayotte;06;06 - Mayotte;H;45 à 49 ans;2024;7577
39;39 - Jura;27;27 - Bourgogne-Franche-Comté;F;30 à 34 ans;2024;6667
976;976 - Mayotte;06;06 - Mayotte;H;50 à 54 ans;2024;4774
39;39 - Jura;27;27 - Bourgogne-Franche-Comté;F;35 à 39 ans;2024;7585
976;976 - Mayotte;06;06 - Mayotte;H;55 à 59 ans;2024;3927
39;39 - Jura;27;27 - Bourgogne-Franche-Comté;F;45 à 49 ans;2024;7756
976;976 - Mayotte;06;06 - Mayotte;H;65 à 69 ans;2024;1921
39;39 - Jura;27;27 - Bourgogne-Franche-Comté;F;50 à 54 ans;2024;8951
976;976 - Mayotte;06;06 - Mayotte;H;75 à 79 ans;2024;679
39;39 - Jura;27;27 - Bourgogne-Franche-Comté;F;60 à 64 ans;2024;9009
976;976 - Mayotte;06;06 - Mayotte;H;80 ans et plus;2024;700
40;40 - Landes;75;75 - Nouvelle-Aquitaine;H;5 à 9 ans;2024;11174
976;976 - Mayotte;06;06 - Mayotte;F;0 à 4 ans;2024;24904
40;40 - Landes;75;75 - Nouvelle-Aquitaine;H;10 à 14 ans;2024;12833
976;976 - Mayotte;06;06 - Mayotte;F;5 à 9 ans;2024;23881
40;40 - Landes;75;75 - Nouvelle-Aquitaine;H;15 à 19 ans;2024;12021
976;976 - Mayotte;06;06 - Mayotte;F;10 à 14 ans;2024;21717
40;40 - Landes;75;75 - Nouvelle-Aquitaine;H;20 à 24 ans;2024;9602
976;976 - Mayotte;06;06 - Mayotte;F;15 à 19 ans;2024;16525
40;40 - Landes;75;75 - Nouvelle-Aquitaine;H;25 à 29 ans;2024;9083
976;976 - Mayotte;06;06 - Mayotte;F;30 à 34 ans;2024;12870
40;40 - Landes;75;75 - Nouvelle-Aquitaine;H;30 à 34 ans;2024;10622
976;976 - Mayotte;06;06 - Mayotte;F;55 à 59 ans;2024;3648
40;40 - Landes;75;75 - Nouvelle-Aquitaine;H;75 à 79 ans;2024;11167
976;976 - Mayotte;06;06 - Mayotte;F;70 à 74 ans;2024;1056
40;40 - Landes;75;75 - Nouvelle-Aquitaine;F;0 à 4 ans;2024;8715
40;40 - Landes;75;75 - Nouvelle-Aquitaine;F;5 à 9 ans;2024;10676
40;40 - Landes;75;75 - Nouvelle-Aquitaine;F;55 à 59 ans;2024;15987
40;40 - Landes;75;75 - Nouvelle-Aquitaine;F;70 à 74 ans;2024;16209
41;41 - Loir-et-Cher;24;24 - Centre-Val de Loire;H;0 à 4 ans;2024;7586
41;41 - Loir-et-Cher;24;24 - Centre-Val de Loire;H;15 à 19 ans;2024;9798
41;41 - Loir-et-Cher;24;24 - Centre-Val de Loire;H;45 à 49 ans;2024;9596
41;41 - Loir-et-Cher;24;24 - Centre-Val de Loire;H;55 à 59 ans;2024;11321
41;41 - Loir-et-Cher;24;24 - Centre-Val de Loire;H;65 à 69 ans;2024;10417
41;41 - Loir-et-Cher;24;24 - Centre-Val de Loire;H;80 ans et plus;2024;9810
41;41 - Loir-et-Cher;24;24 - Centre-Val de Loire;F;0 à 4 ans;2024;7366
41;41 - Loir-et-Cher;24;24 - Centre-Val de Loire;F;15 à 19 ans;2024;8791
41;41 - Loir-et-Cher;24;24 - Centre-Val de Loire;F;30 à 34 ans;2024;8414
41;41 - Loir-et-Cher;24;24 - Centre-Val de Loire;F;35 à 39 ans;2024;9249
41;41 - Loir-et-Cher;24;24 - Centre-Val de Loire;F;65 à 69 ans;2024;11665
41;41 - Loir-et-Cher;24;24 - Centre-Val de Loire;F;75 à 79 ans;2024;9478
41;41 - Loir-et-Cher;24;24 - Centre-Val de Loire;F;80 ans et plus;2024;15863
42;42 - Loire;84;84 - Auvergne-Rhône-Alpes;H;30 à 34 ans;2024;20277
42;42 - Loire;84;84 - Auvergne-Rhône-Alpes;H;45 à 49 ans;2024;22368
42;42 - Loire;84;84 - Auvergne-Rhône-Alpes;H;55 à 59 ans;2024;24385
42;42 - Loire;84;84 - Auvergne-Rhône-Alpes;F;10 à 14 ans;2024;24116
42;42 - Loire;84;84 - Auvergne-Rhône-Alpes;F;50 à 54 ans;2024;25239
42;42 - Loire;84;84 - Auvergne-Rhône-Alpes;F;60 à 64 ans;2024;24029
42;42 - Loire;84;84 - Auvergne-Rhône-Alpes;F;75 à 79 ans;2024;20718
43;43 - Haute-Loire;84;84 - Auvergne-Rhône-Alpes;H;5 à 9 ans;2024;6441
43;43 - Haute-Loire;84;84 - Auvergne-Rhône-Alpes;H;15 à 19 ans;2024;6788
43;43 - Haute-Loire;84;84 - Auvergne-Rhône-Alpes;H;20 à 24 ans;2024;5531
43;43 - Haute-Loire;84;84 - Auvergne-Rhône-Alpes;H;25 à 29 ans;2024;5221
43;43 - Haute-Loire;84;84 - Auvergne-Rhône-Alpes;H;50 à 54 ans;2024;8039
43;43 - Haute-Loire;84;84 - Auvergne-Rhône-Alpes;H;60 à 64 ans;2024;8094
43;43 - Haute-Loire;84;84 - Auvergne-Rhône-Alpes;H;80 ans et plus;2024;5887
43;43 - Haute-Loire;84;84 - Auvergne-Rhône-Alpes;F;0 à 4 ans;2024;4834
43;43 - Haute-Loire;84;84 - Auvergne-Rhône-Alpes;F;5 à 9 ans;2024;6094
43;43 - Haute-Loire;84;84 - Auvergne-Rhône-Alpes;F;25 à 29 ans;2024;4898
43;43 - Haute-Loire;84;84 - Auvergne-Rhône-Alpes;F;30 à 34 ans;2024;5543
43;43 - Haute-Loire;84;84 - Auvergne-Rhône-Alpes;F;45 à 49 ans;2024;6857
43;43 - Haute-Loire;84;84 - Auvergne-Rhône-Alpes;F;65 à 69 ans;2024;8241
43;43 - Haute-Loire;84;84 - Auvergne-Rhône-Alpes;F;75 à 79 ans;2024;6424
44;44 - Loire-Atlantique;52;52 - Pays de la Loire;H;5 à 9 ans;2024;45571
44;44 - Loire-Atlantique;52;52 - Pays de la Loire;H;20 à 24 ans;2024;47450
44;44 - Loire-Atlantique;52;52 - Pays de la Loire;H;25 à 29 ans;2024;44594
44;44 - Loire-Atlantique;52;52 - Pays de la Loire;H;30 à 34 ans;2024;48605
44;44 - Loire-Atlantique;52;52 - Pays de la Loire;H;80 ans et plus;2024;29025
44;44 - Loire-Atlantique;52;52 - Pays de la Loire;F;0 à 4 ans;2024;38142
44;44 - Loire-Atlantique;52;52 - Pays de la Loire;F;10 à 14 ans;2024;47218
44;44 - Loire-Atlantique;52;52 - Pays de la Loire;F;15 à 19 ans;2024;46780
44;44 - Loire-Atlantique;52;52 - Pays de la Loire;F;25 à 29 ans;2024;43520
44;44 - Loire-Atlantique;52;52 - Pays de la Loire;F;35 à 39 ans;2024;50211
44;44 - Loire-Atlantique;52;52 - Pays de la Loire;F;45 à 49 ans;2024;47416
44;44 - Loire-Atlantique;52;52 - Pays de la Loire;F;50 à 54 ans;2024;49520
44;44 - Loire-Atlantique;52;52 - Pays de la Loire;F;60 à 64 ans;2024;43964
44;44 - Loire-Atlantique;52;52 - Pays de la Loire;F;70 à 74 ans;2024;41860
44;44 - Loire-Atlantique;52;52 - Pays de la Loire;F;75 à 79 ans;2024;33015
45;45 - Loiret;24;24 - Centre-Val de Loire;H;20 à 24 ans;2024;20132
45;45 - Loiret;24;24 - Centre-Val de Loire;H;25 à 29 ans;2024;18536
45;45 - Loiret;24;24 - Centre-Val de Loire;H;35 à 39 ans;2024;20601
45;45 - Loiret;24;24 - Centre-Val de Loire;H;40 à 44 ans;2024;20743
45;45 - Loiret;24;24 - Centre-Val de Loire;H;50 à 54 ans;2024;22719
45;45 - Loiret;24;24 - Centre-Val de Loire;H;65 à 69 ans;2024;18156
45;45 - Loiret;24;24 - Centre-Val de Loire;H;70 à 74 ans;2024;17594
45;45 - Loiret;24;24 - Centre-Val de Loire;F;5 à 9 ans;2024;20071
45;45 - Loiret;24;24 - Centre-Val de Loire;F;25 à 29 ans;2024;17880
45;45 - Loiret;24;24 - Centre-Val de Loire;F;30 à 34 ans;2024;20213
45;45 - Loiret;24;24 - Centre-Val de Loire;F;35 à 39 ans;2024;21597
45;45 - Loiret;24;24 - Centre-Val de Loire;F;45 à 49 ans;2024;20912
45;45 - Loiret;24;24 - Centre-Val de Loire;F;55 à 59 ans;2024;22335
45;45 - Loiret;24;24 - Centre-Val de Loire;F;75 à 79 ans;2024;16513
45;45 - Loiret;24;24 - Centre-Val de Loire;F;80 ans et plus;2024;25592
46;46 - Lot;76;76 - Occitanie;H;5 à 9 ans;2024;4073
46;46 - Lot;76;76 - Occitanie;H;20 à 24 ans;2024;3514
46;46 - Lot;76;76 - Occitanie;H;30 à 34 ans;2024;4046
46;46 - Lot;76;76 - Occitanie;H;35 à 39 ans;2024;4261
46;46 - Lot;76;76 - Occitanie;H;40 à 44 ans;2024;4688
46;46 - Lot;76;76 - Occitanie;H;45 à 49 ans;2024;4818
46;46 - Lot;76;76 - Occitanie;H;50 à 54 ans;2024;5833
46;46 - Lot;76;76 - Occitanie;H;70 à 74 ans;2024;6877
46;46 - Lot;76;76 - Occitanie;H;75 à 79 ans;2024;5397
46;46 - Lot;76;76 - Occitanie;F;5 à 9 ans;2024;3774
46;46 - Lot;76;76 - Occitanie;F;20 à 24 ans;2024;2953
46;46 - Lot;76;76 - Occitanie;F;60 à 64 ans;2024;7240
46;46 - Lot;76;76 - Occitanie;F;70 à 74 ans;2024;7290
47;47 - Lot-et-Garonne;75;75 - Nouvelle-Aquitaine;H;5 à 9 ans;2024;9168
47;47 - Lot-et-Garonne;75;75 - Nouvelle-Aquitaine;H;20 à 24 ans;2024;7560
47;47 - Lot-et-Garonne;75;75 - Nouvelle-Aquitaine;H;25 à 29 ans;2024;7218
47;47 - Lot-et-Garonne;75;75 - Nouvelle-Aquitaine;H;65 à 69 ans;2024;10805
47;47 - Lot-et-Garonne;75;75 - Nouvelle-Aquitaine;H;70 à 74 ans;2024;10662
47;47 - Lot-et-Garonne;75;75 - Nouvelle-Aquitaine;F;5 à 9 ans;2024;8275
47;47 - Lot-et-Garonne;75;75 - Nouvelle-Aquitaine;F;20 à 24 ans;2024;6921
47;47 - Lot-et-Garonne;75;75 - Nouvelle-Aquitaine;F;35 à 39 ans;2024;9310
47;47 - Lot-et-Garonne;75;75 - Nouvelle-Aquitaine;F;45 à 49 ans;2024;9571
47;47 - Lot-et-Garonne;75;75 - Nouvelle-Aquitaine;F;60 à 64 ans;2024;12254
47;47 - Lot-et-Garonne;75;75 - Nouvelle-Aquitaine;F;75 à 79 ans;2024;10290
48;48 - Lozère;76;76 - Occitanie;H;0 à 4 ans;2024;1572
48;48 - Lozère;76;76 - Occitanie;H;10 à 14 ans;2024;2134
48;48 - Lozère;76;76 - Occitanie;H;15 à 19 ans;2024;2438
48;48 - Lozère;76;76 - Occitanie;H;60 à 64 ans;2024;2905
48;48 - Lozère;76;76 - Occitanie;H;70 à 74 ans;2024;2666
48;48 - Lozère;76;76 - Occitanie;F;0 à 4 ans;2024;1551
48;48 - Lozère;76;76 - Occitanie;F;5 à 9 ans;2024;1792
48;48 - Lozère;76;76 - Occitanie;F;10 à 14 ans;2024;2099
48;48 - Lozère;76;76 - Occitanie;F;65 à 69 ans;2024;2716
48;48 - Lozère;76;76 - Occitanie;F;70 à 74 ans;2024;2662
48;48 - Lozère;76;76 - Occitanie;F;80 ans et plus;2024;3649
49;49 - Maine-et-Loire;52;52 - Pays de la Loire;H;0 à 4 ans;2024;21569
49;49 - Maine-et-Loire;52;52 - Pays de la Loire;H;10 à 14 ans;2024;28342
49;49 - Maine-et-Loire;52;52 - Pays de la Loire;H;15 à 19 ans;2024;29463
49;49 - Maine-et-Loire;52;52 - Pays de la Loire;H;25 à 29 ans;2024;22712
49;49 - Maine-et-Loire;52;52 - Pays de la Loire;H;30 à 34 ans;2024;23152
49;49 - Maine-et-Loire;52;52 - Pays de la Loire;H;40 à 44 ans;2024;25842
49;49 - Maine-et-Loire;52;52 - Pays de la Loire;H;45 à 49 ans;2024;25055
49;49 - Maine-et-Loire;52;52 - Pays de la Loire;H;50 à 54 ans;2024;27088
49;49 - Maine-et-Loire;52;52 - Pays de la Loire;H;75 à 79 ans;2024;15289
49;49 - Maine-et-Loire;52;52 - Pays de la Loire;F;25 à 29 ans;2024;23026
49;49 - Maine-et-Loire;52;52 - Pays de la Loire;F;30 à 34 ans;2024;23031
49;49 - Maine-et-Loire;52;52 - Pays de la Loire;F;45 à 49 ans;2024;24821
49;49 - Maine-et-Loire;52;52 - Pays de la Loire;F;65 à 69 ans;2024;24331
49;49 - Maine-et-Loire;52;52 - Pays de la Loire;F;70 à 74 ans;2024;23806
50;50 - Manche;28;28 - Normandie;H;45 à 49 ans;2024;13679
50;50 - Manche;28;28 - Normandie;F;0 à 4 ans;2024;11020
50;50 - Manche;28;28 - Normandie;F;5 à 9 ans;2024;12574
50;50 - Manche;28;28 - Normandie;F;15 à 19 ans;2024;12871
50;50 - Manche;28;28 - Normandie;F;30 à 34 ans;2024;12699
50;50 - Manche;28;28 - Normandie;F;35 à 39 ans;2024;13694
51;51 - Marne;44;44 - Grand Est;H;15 à 19 ans;2024;18610
51;51 - Marne;44;44 - Grand Est;H;25 à 29 ans;2024;16610
51;51 - Marne;44;44 - Grand Est;H;30 à 34 ans;2024;16294
51;51 - Marne;44;44 - Grand Est;H;50 à 54 ans;2024;18009
51;51 - Marne;44;44 - Grand Est;H;65 à 69 ans;2024;14669
51;51 - Marne;44;44 - Grand Est;H;75 à 79 ans;2024;11117
51;51 - Marne;44;44 - Grand Est;F;0 à 4 ans;2024;13265
51;51 - Marne;44;44 - Grand Est;F;15 à 19 ans;2024;18067
51;51 - Marne;44;44 - Grand Est;F;25 à 29 ans;2024;16599
51;51 - Marne;44;44 - Grand Est;F;30 à 34 ans;2024;16837
51;51 - Marne;44;44 - Grand Est;F;50 à 54 ans;2024;18841
51;51 - Marne;44;44 - Grand Est;F;55 à 59 ans;2024;18051
51;51 - Marne;44;44 - Grand Est;F;65 à 69 ans;2024;17556
51;51 - Marne;44;44 - Grand Est;F;75 à 79 ans;2024;13496
52;52 - Haute-Marne;44;44 - Grand Est;H;10 à 14 ans;2024;4893
52;52 - Haute-Marne;44;44 - Grand Est;H;20 à 24 ans;2024;4676
52;52 - Haute-Marne;44;44 - Grand Est;H;35 à 39 ans;2024;4616
52;52 - Haute-Marne;44;44 - Grand Est;H;45 à 49 ans;2024;4592
52;52 - Haute-Marne;44;44 - Grand Est;H;60 à 64 ans;2024;6017
52;52 - Haute-Marne;44;44 - Grand Est;H;75 à 79 ans;2024;4195
52;52 - Haute-Marne;44;44 - Grand Est;F;10 à 14 ans;2024;4511
52;52 - Haute-Marne;44;44 - Grand Est;F;25 à 29 ans;2024;3657
52;52 - Haute-Marne;44;44 - Grand Est;F;40 à 44 ans;2024;4584
52;52 - Haute-Marne;44;44 - Grand Est;F;55 à 59 ans;2024;5881
52;52 - Haute-Marne;44;44 - Grand Est;F;65 à 69 ans;2024;6207
52;52 - Haute-Marne;44;44 - Grand Est;F;75 à 79 ans;2024;4867
53;53 - Mayenne;52;52 - Pays de la Loire;H;35 à 39 ans;2024;8567
53;53 - Mayenne;52;52 - Pays de la Loire;H;50 à 54 ans;2024;10466
53;53 - Mayenne;52;52 - Pays de la Loire;H;55 à 59 ans;2024;10330
53;53 - Mayenne;52;52 - Pays de la Loire;H;60 à 64 ans;2024;9708
53;53 - Mayenne;52;52 - Pays de la Loire;H;75 à 79 ans;2024;6334
53;53 - Mayenne;52;52 - Pays de la Loire;F;0 à 4 ans;2024;7189
53;53 - Mayenne;52;52 - Pays de la Loire;F;5 à 9 ans;2024;8525
53;53 - Mayenne;52;52 - Pays de la Loire;F;15 à 19 ans;2024;9301
53;53 - Mayenne;52;52 - Pays de la Loire;F;25 à 29 ans;2024;7243
53;53 - Mayenne;52;52 - Pays de la Loire;F;40 à 44 ans;2024;9014
53;53 - Mayenne;52;52 - Pays de la Loire;F;55 à 59 ans;2024;9995
53;53 - Mayenne;52;52 - Pays de la Loire;F;60 à 64 ans;2024;10048
53;53 - Mayenne;52;52 - Pays de la Loire;F;65 à 69 ans;2024;9617
54;54 - Meurthe-et-Moselle;44;44 - Grand Est;H;5 à 9 ans;2024;20715
54;54 - Meurthe-et-Moselle;44;44 - Grand Est;H;20 à 24 ans;2024;25104
54;54 - Meurthe-et-Moselle;44;44 - Grand Est;H;40 à 44 ans;2024;23288
54;54 - Meurthe-et-Moselle;44;44 - Grand Est;H;55 à 59 ans;2024;22218
54;54 - Meurthe-et-Moselle;44;44 - Grand Est;H;60 à 64 ans;2024;21677
54;54 - Meurthe-et-Moselle;44;44 - Grand Est;H;65 à 69 ans;2024;19258
54;54 - Meurthe-et-Moselle;44;44 - Grand Est;H;75 à 79 ans;2024;13295
54;54 - Meurthe-et-Moselle;44;44 - Grand Est;F;10 à 14 ans;2024;21237
54;54 - Meurthe-et-Moselle;44;44 - Grand Est;F;20 à 24 ans;2024;24900
54;54 - Meurthe-et-Moselle;44;44 - Grand Est;F;25 à 29 ans;2024;21191
54;54 - Meurthe-et-Moselle;44;44 - Grand Est;F;30 à 34 ans;2024;21909
54;54 - Meurthe-et-Moselle;44;44 - Grand Est;F;35 à 39 ans;2024;23432
54;54 - Meurthe-et-Moselle;44;44 - Grand Est;F;55 à 59 ans;2024;23276
54;54 - Meurthe-et-Moselle;44;44 - Grand Est;F;80 ans et plus;2024;26598
55;55 - Meuse;44;44 - Grand Est;H;0 à 4 ans;2024;4018
55;55 - Meuse;44;44 - Grand Est;H;15 à 19 ans;2024;5460
55;55 - Meuse;44;44 - Grand Est;H;20 à 24 ans;2024;4861
55;55 - Meuse;44;44 - Grand Est;H;35 à 39 ans;2024;5126
55;55 - Meuse;44;44 - Grand Est;H;40 à 44 ans;2024;5388
55;55 - Meuse;44;44 - Grand Est;H;45 à 49 ans;2024;5172
55;55 - Meuse;44;44 - Grand Est;H;55 à 59 ans;2024;6200
55;55 - Meuse;44;44 - Grand Est;H;60 à 64 ans;2024;6497
55;55 - Meuse;44;44 - Grand Est;H;70 à 74 ans;2024;5697
55;55 - Meuse;44;44 - Grand Est;F;10 à 14 ans;2024;5158
55;55 - Meuse;44;44 - Grand Est;F;20 à 24 ans;2024;3643
55;55 - Meuse;44;44 - Grand Est;F;40 à 44 ans;2024;5283
55;55 - Meuse;44;44 - Grand Est;F;45 à 49 ans;2024;5089
55;55 - Meuse;44;44 - Grand Est;F;75 à 79 ans;2024;4675
55;55 - Meuse;44;44 - Grand Est;F;80 ans et plus;2024;7651
56;56 - Morbihan;53;53 - Bretagne;H;0 à 4 ans;2024;17711
56;56 - Morbihan;53;53 - Bretagne;H;30 à 34 ans;2024;18930
56;56 - Morbihan;53;53 - Bretagne;H;35 à 39 ans;2024;21141
56;56 - Morbihan;53;53 - Bretagne;H;45 à 49 ans;2024;22982
56;56 - Morbihan;53;53 - Bretagne;H;50 à 54 ans;2024;26601
56;56 - Morbihan;53;53 - Bretagne;F;5 à 9 ans;2024;19497
56;56 - Morbihan;53;53 - Bretagne;F;15 à 19 ans;2024;20762
56;56 - Morbihan;53;53 - Bretagne;F;25 à 29 ans;2024;16688
56;56 - Morbihan;53;53 - Bretagne;F;35 à 39 ans;2024;21903
56;56 - Morbihan;53;53 - Bretagne;F;45 à 49 ans;2024;23435
56;56 - Morbihan;53;53 - Bretagne;F;55 à 59 ans;2024;27264
57;57 - Moselle;44;44 - Grand Est;H;15 à 19 ans;2024;30969
57;57 - Moselle;44;44 - Grand Est;H;30 à 34 ans;2024;32356
57;57 - Moselle;44;44 - Grand Est;H;35 à 39 ans;2024;34374
57;57 - Moselle;44;44 - Grand Est;H;40 à 44 ans;2024;34520
57;57 - Moselle;44;44 - Grand Est;H;55 à 59 ans;2024;35769
57;57 - Moselle;44;44 - Grand Est;H;80 ans et plus;2024;22233
57;57 - Moselle;44;44 - Grand Est;F;0 à 4 ans;2024;23878
57;57 - Moselle;44;44 - Grand Est;F;5 à 9 ans;2024;28394
57;57 - Moselle;44;44 - Grand Est;F;15 à 19 ans;2024;28666
57;57 - Moselle;44;44 - Grand Est;F;30 à 34 ans;2024;32027
57;57 - Moselle;44;44 - Grand Est;F;55 à 59 ans;2024;36561
57;57 - Moselle;44;44 - Grand Est;F;70 à 74 ans;2024;31297
58;58 - Nièvre;27;27 - Bourgogne-Franche-Comté;H;5 à 9 ans;2024;4668
58;58 - Nièvre;27;27 - Bourgogne-Franche-Comté;H;25 à 29 ans;2024;4358
58;58 - Nièvre;27;27 - Bourgogne-Franche-Comté;H;40 à 44 ans;2024;5341
58;58 - Nièvre;27;27 - Bourgogne-Franche-Comté;H;55 à 59 ans;2024;7052
58;58 - Nièvre;27;27 - Bourgogne-Franche-Comté;F;10 à 14 ans;2024;4977
58;58 - Nièvre;27;27 - Bourgogne-Franche-Comté;F;30 à 34 ans;2024;4475
58;58 - Nièvre;27;27 - Bourgogne-Franche-Comté;F;45 à 49 ans;2024;5550
58;58 - Nièvre;27;27 - Bourgogne-Franche-Comté;F;50 à 54 ans;2024;6454
59;59 - Nord;32;32 - Hauts-de-France;H;0 à 4 ans;2024;71009
59;59 - Nord;32;32 - Hauts-de-France;H;40 à 44 ans;2024;83854
59;59 - Nord;32;32 - Hauts-de-France;H;65 à 69 ans;2024;63117
59;59 - Nord;32;32 - Hauts-de-France;H;70 à 74 ans;2024;56587
59;59 - Nord;32;32 - Hauts-de-France;H;75 à 79 ans;2024;42359
59;59 - Nord;32;32 - Hauts-de-France;F;0 à 4 ans;2024;67469
59;59 - Nord;32;32 - Hauts-de-France;F;5 à 9 ans;2024;77335
59;59 - Nord;32;32 - Hauts-de-France;F;15 à 19 ans;2024;88941
59;59 - Nord;32;32 - Hauts-de-France;F;25 à 29 ans;2024;80332
59;59 - Nord;32;32 - Hauts-de-France;F;30 à 34 ans;2024;82491
59;59 - Nord;32;32 - Hauts-de-France;F;40 à 44 ans;2024;85929
59;59 - Nord;32;32 - Hauts-de-France;F;50 à 54 ans;2024;84613
59;59 - Nord;32;32 - Hauts-de-France;F;65 à 69 ans;2024;75392
59;59 - Nord;32;32 - Hauts-de-France;F;70 à 74 ans;2024;71568
59;59 - Nord;32;32 - Hauts-de-France;F;75 à 79 ans;2024;56346
60;60 - Oise;32;32 - Hauts-de-France;H;55 à 59 ans;2024;27294
60;60 - Oise;32;32 - Hauts-de-France;H;60 à 64 ans;2024;24505
60;60 - Oise;32;32 - Hauts-de-France;F;30 à 34 ans;2024;24565
60;60 - Oise;32;32 - Hauts-de-France;F;40 à 44 ans;2024;28245
60;60 - Oise;32;32 - Hauts-de-France;F;55 à 59 ans;2024;27770
60;60 - Oise;32;32 - Hauts-de-France;F;70 à 74 ans;2024;21919
60;60 - Oise;32;32 - Hauts-de-France;F;75 à 79 ans;2024;16836
61;61 - Orne;28;28 - Normandie;H;15 à 19 ans;2024;8376
61;61 - Orne;28;28 - Normandie;H;20 à 24 ans;2024;6689
61;61 - Orne;28;28 - Normandie;H;25 à 29 ans;2024;6234
61;61 - Orne;28;28 - Normandie;H;40 à 44 ans;2024;7771
61;61 - Orne;28;28 - Normandie;H;45 à 49 ans;2024;7414
61;61 - Orne;28;28 - Normandie;H;55 à 59 ans;2024;9454
61;61 - Orne;28;28 - Normandie;H;70 à 74 ans;2024;9223
61;61 - Orne;28;28 - Normandie;F;5 à 9 ans;2024;6721
61;61 - Orne;28;28 - Normandie;F;10 à 14 ans;2024;7855
61;61 - Orne;28;28 - Normandie;F;35 à 39 ans;2024;7156
61;61 - Orne;28;28 - Normandie;F;50 à 54 ans;2024;9169
61;61 - Orne;28;28 - Normandie;F;55 à 59 ans;2024;9620
61;61 - Orne;28;28 - Normandie;F;60 à 64 ans;2024;10220
61;61 - Orne;28;28 - Normandie;F;65 à 69 ans;2024;10300
61;61 - Orne;28;28 - Normandie;F;75 à 79 ans;2024;8171
61;61 - Orne;28;28 - Normandie;F;80 ans et plus;2024;14337
62;62 - Pas-de-Calais;32;32 - Hauts-de-France;H;10 à 14 ans;2024;50720
62;62 - Pas-de-Calais;32;32 - Hauts-de-France;H;20 à 24 ans;2024;41585
62;62 - Pas-de-Calais;32;32 - Hauts-de-France;H;25 à 29 ans;2024;38305
62;62 - Pas-de-Calais;32;32 - Hauts-de-France;H;35 à 39 ans;2024;45569
62;62 - Pas-de-Calais;32;32 - Hauts-de-France;H;40 à 44 ans;2024;46223
62;62 - Pas-de-Calais;32;32 - Hauts-de-France;H;50 à 54 ans;2024;48394
62;62 - Pas-de-Calais;32;32 - Hauts-de-France;H;70 à 74 ans;2024;36395
62;62 - Pas-de-Calais;32;32 - Hauts-de-France;F;10 à 14 ans;2024;47885
62;62 - Pas-de-Calais;32;32 - Hauts-de-France;F;15 à 19 ans;2024;45443
62;62 - Pas-de-Calais;32;32 - Hauts-de-France;F;35 à 39 ans;2024;46096
62;62 - Pas-de-Calais;32;32 - Hauts-de-France;F;40 à 44 ans;2024;46954
62;62 - Pas-de-Calais;32;32 - Hauts-de-France;F;45 à 49 ans;2024;44572
62;62 - Pas-de-Calais;32;32 - Hauts-de-France;F;70 à 74 ans;2024;44470
63;63 - Puy-de-Dôme;84;84 - Auvergne-Rhône-Alpes;H;5 à 9 ans;2024;17710
63;63 - Puy-de-Dôme;84;84 - Auvergne-Rhône-Alpes;H;10 à 14 ans;2024;19214
63;63 - Puy-de-Dôme;84;84 - Auvergne-Rhône-Alpes;H;20 à 24 ans;2024;21366
63;63 - Puy-de-Dôme;84;84 - Auvergne-Rhône-Alpes;H;35 à 39 ans;2024;20217
63;63 - Puy-de-Dôme;84;84 - Auvergne-Rhône-Alpes;H;55 à 59 ans;2024;21142
63;63 - Puy-de-Dôme;84;84 - Auvergne-Rhône-Alpes;H;60 à 64 ans;2024;20091
63;63 - Puy-de-Dôme;84;84 - Auvergne-Rhône-Alpes;H;65 à 69 ans;2024;18581
63;63 - Puy-de-Dôme;84;84 - Auvergne-Rhône-Alpes;H;75 à 79 ans;2024;14126
63;63 - Puy-de-Dôme;84;84 - Auvergne-Rhône-Alpes;F;10 à 14 ans;2024;18696
63;63 - Puy-de-Dôme;84;84 - Auvergne-Rhône-Alpes;F;15 à 19 ans;2024;20832
63;63 - Puy-de-Dôme;84;84 - Auvergne-Rhône-Alpes;F;25 à 29 ans;2024;17729
63;63 - Puy-de-Dôme;84;84 - Auvergne-Rhône-Alpes;F;50 à 54 ans;2024;22269
63;63 - Puy-de-Dôme;84;84 - Auvergne-Rhône-Alpes;F;60 à 64 ans;2024;21736
63;63 - Puy-de-Dôme;84;84 - Auvergne-Rhône-Alpes;F;75 à 79 ans;2024;17443
64;64 - Pyrénées-Atlantiques;75;75 - Nouvelle-Aquitaine;H;0 à 4 ans;2024;15380
64;64 - Pyrénées-Atlantiques;75;75 - Nouvelle-Aquitaine;H;20 à 24 ans;2024;18139
64;64 - Pyrénées-Atlantiques;75;75 - Nouvelle-Aquitaine;H;35 à 39 ans;2024;20240
64;64 - Pyrénées-Atlantiques;75;75 - Nouvelle-Aquitaine;H;45 à 49 ans;2024;21044
64;64 - Pyrénées-Atlantiques;75;75 - Nouvelle-Aquitaine;H;60 à 64 ans;2024;23248
64;64 - Pyrénées-Atlantiques;75;75 - Nouvelle-Aquitaine;H;65 à 69 ans;2024;21966
64;64 - Pyrénées-Atlantiques;75;75 - Nouvelle-Aquitaine;F;0 à 4 ans;2024;14400
64;64 - Pyrénées-Atlantiques;75;75 - Nouvelle-Aquitaine;F;5 à 9 ans;2024;16765
64;64 - Pyrénées-Atlantiques;75;75 - Nouvelle-Aquitaine;F;15 à 19 ans;2024;18456
64;64 - Pyrénées-Atlantiques;75;75 - Nouvelle-Aquitaine;F;25 à 29 ans;2024;16983
64;64 - Pyrénées-Atlantiques;75;75 - Nouvelle-Aquitaine;F;50 à 54 ans;2024;24993
64;64 - Pyrénées-Atlantiques;75;75 - Nouvelle-Aquitaine;F;55 à 59 ans;2024;25238
64;64 - Pyrénées-Atlantiques;75;75 - Nouvelle-Aquitaine;F;65 à 69 ans;2024;24714
65;65 - Hautes-Pyrénées;76;76 - Occitanie;H;15 à 19 ans;2024;6660
65;65 - Hautes-Pyrénées;76;76 - Occitanie;H;55 à 59 ans;2024;7998
65;65 - Hautes-Pyrénées;76;76 - Occitanie;H;70 à 74 ans;2024;7579
65;65 - Hautes-Pyrénées;76;76 - Occitanie;F;25 à 29 ans;2024;4985
65;65 - Hautes-Pyrénées;76;76 - Occitanie;F;35 à 39 ans;2024;6544
65;65 - Hautes-Pyrénées;76;76 - Occitanie;F;55 à 59 ans;2024;8621
65;65 - Hautes-Pyrénées;76;76 - Occitanie;F;65 à 69 ans;2024;8802
65;65 - Hautes-Pyrénées;76;76 - Occitanie;F;75 à 79 ans;2024;6991
66;66 - Pyrénées-Orientales;76;76 - Occitanie;H;40 à 44 ans;2024;13883
66;66 - Pyrénées-Orientales;76;76 - Occitanie;H;50 à 54 ans;2024;16248
66;66 - Pyrénées-Orientales;76;76 - Occitanie;H;55 à 59 ans;2024;16142
66;66 - Pyrénées-Orientales;76;76 - Occitanie;H;70 à 74 ans;2024;15612
66;66 - Pyrénées-Orientales;76;76 - Occitanie;F;0 à 4 ans;2024;11153
66;66 - Pyrénées-Orientales;76;76 - Occitanie;F;5 à 9 ans;2024;12498
66;66 - Pyrénées-Orientales;76;76 - Occitanie;F;10 à 14 ans;2024;14448
66;66 - Pyrénées-Orientales;76;76 - Occitanie;F;55 à 59 ans;2024;17501
66;66 - Pyrénées-Orientales;76;76 - Occitanie;F;60 à 64 ans;2024;18533
66;66 - Pyrénées-Orientales;76;76 - Occitanie;F;65 à 69 ans;2024;18415
66;66 - Pyrénées-Orientales;76;76 - Occitanie;F;70 à 74 ans;2024;18411
66;66 - Pyrénées-Orientales;76;76 - Occitanie;F;75 à 79 ans;2024;16210
67;67 - Bas-Rhin;44;44 - Grand Est;H;5 à 9 ans;2024;32358
67;67 - Bas-Rhin;44;44 - Grand Est;H;30 à 34 ans;2024;37117
67;67 - Bas-Rhin;44;44 - Grand Est;H;35 à 39 ans;2024;36248
67;67 - Bas-Rhin;44;44 - Grand Est;H;55 à 59 ans;2024;38643
67;67 - Bas-Rhin;44;44 - Grand Est;H;80 ans et plus;2024;24305
67;67 - Bas-Rhin;44;44 - Grand Est;F;0 à 4 ans;2024;27160
67;67 - Bas-Rhin;44;44 - Grand Est;F;5 à 9 ans;2024;30134
67;67 - Bas-Rhin;44;44 - Grand Est;F;55 à 59 ans;2024;39306
67;67 - Bas-Rhin;44;44 - Grand Est;F;60 à 64 ans;2024;37734
68;68 - Haut-Rhin;44;44 - Grand Est;H;15 à 19 ans;2024;23335
68;68 - Haut-Rhin;44;44 - Grand Est;H;65 à 69 ans;2024;22753
68;68 - Haut-Rhin;44;44 - Grand Est;F;5 à 9 ans;2024;20506
68;68 - Haut-Rhin;44;44 - Grand Est;F;10 à 14 ans;2024;23065
68;68 - Haut-Rhin;44;44 - Grand Est;F;25 à 29 ans;2024;19598
68;68 - Haut-Rhin;44;44 - Grand Est;F;30 à 34 ans;2024;22104
68;68 - Haut-Rhin;44;44 - Grand Est;F;45 à 49 ans;2024;23786
68;68 - Haut-Rhin;44;44 - Grand Est;F;50 à 54 ans;2024;27569
68;68 - Haut-Rhin;44;44 - Grand Est;F;70 à 74 ans;2024;22670
69;69 - Rhône;84;84 - Auvergne-Rhône-Alpes;H;5 à 9 ans;2024;57768
69;69 - Rhône;84;84 - Auvergne-Rhône-Alpes;H;20 à 24 ans;2024;68569
69;69 - Rhône;84;84 - Auvergne-Rhône-Alpes;H;35 à 39 ans;2024;63204
69;69 - Rhône;84;84 - Auvergne-Rhône-Alpes;F;0 à 4 ans;2024;49583
69;69 - Rhône;84;84 - Auvergne-Rhône-Alpes;F;10 à 14 ans;2024;59353
69;69 - Rhône;84;84 - Auvergne-Rhône-Alpes;F;15 à 19 ans;2024;65575
69;69 - Rhône;84;84 - Auvergne-Rhône-Alpes;F;60 à 64 ans;2024;51072
70;70 - Haute-Saône;27;27 - Bourgogne-Franche-Comté;H;0 à 4 ans;2024;5082
70;70 - Haute-Saône;27;27 - Bourgogne-Franche-Comté;H;15 à 19 ans;2024;7319
70;70 - Haute-Saône;27;27 - Bourgogne-Franche-Comté;H;20 à 24 ans;2024;5584
70;70 - Haute-Saône;27;27 - Bourgogne-Franche-Comté;H;35 à 39 ans;2024;6543
70;70 - Haute-Saône;27;27 - Bourgogne-Franche-Comté;H;50 à 54 ans;2024;8421
70;70 - Haute-Saône;27;27 - Bourgogne-Franche-Comté;H;55 à 59 ans;2024;8221
70;70 - Haute-Saône;27;27 - Bourgogne-Franche-Comté;H;60 à 64 ans;2024;8195
70;70 - Haute-Saône;27;27 - Bourgogne-Franche-Comté;H;65 à 69 ans;2024;7638
70;70 - Haute-Saône;27;27 - Bourgogne-Franche-Comté;H;80 ans et plus;2024;5748
70;70 - Haute-Saône;27;27 - Bourgogne-Franche-Comté;F;0 à 4 ans;2024;4870
70;70 - Haute-Saône;27;27 - Bourgogne-Franche-Comté;F;15 à 19 ans;2024;6309
70;70 - Haute-Saône;27;27 - Bourgogne-Franche-Comté;F;30 à 34 ans;2024;5837
70;70 - Haute-Saône;27;27 - Bourgogne-Franche-Comté;F;35 à 39 ans;2024;6634
70;70 - Haute-Saône;27;27 - Bourgogne-Franche-Comté;F;45 à 49 ans;2024;6958
71;71 - Saône-et-Loire;27;27 - Bourgogne-Franche-Comté;H;10 à 14 ans;2024;16304
71;71 - Saône-et-Loire;27;27 - Bourgogne-Franche-Comté;H;20 à 24 ans;2024;12972
71;71 - Saône-et-Loire;27;27 - Bourgogne-Franche-Comté;H;25 à 29 ans;2024;12547
71;71 - Saône-et-Loire;27;27 - Bourgogne-Franche-Comté;H;50 à 54 ans;2024;18269
71;71 - Saône-et-Loire;27;27 - Bourgogne-Franche-Comté;H;55 à 59 ans;2024;18932
71;71 - Saône-et-Loire;27;27 - Bourgogne-Franche-Comté;H;60 à 64 ans;2024;19159
71;71 - Saône-et-Loire;27;27 - Bourgogne-Franche-Comté;F;20 à 24 ans;2024;10862
71;71 - Saône-et-Loire;27;27 - Bourgogne-Franche-Comté;F;45 à 49 ans;2024;15642
71;71 - Saône-et-Loire;27;27 - Bourgogne-Franche-Comté;F;50 à 54 ans;2024;18692
71;71 - Saône-et-Loire;27;27 - Bourgogne-Franche-Comté;F;55 à 59 ans;2024;19681
71;71 - Saône-et-Loire;27;27 - Bourgogne-Franche-Comté;F;65 à 69 ans;2024;20191
71;71 - Saône-et-Loire;27;27 - Bourgogne-Franche-Comté;F;75 à 79 ans;2024;16707
71;71 - Saône-et-Loire;27;27 - Bourgogne-Franche-Comté;F;80 ans et plus;2024;27781
72;72 - Sarthe;52;52 - Pays de la Loire;H;25 à 29 ans;2024;14509
72;72 - Sarthe;52;52 - Pays de la Loire;H;40 à 44 ans;2024;16321
72;72 - Sarthe;52;52 - Pays de la Loire;H;45 à 49 ans;2024;16849
72;72 - Sarthe;52;52 - Pays de la Loire;H;55 à 59 ans;2024;18239
72;72 - Sarthe;52;52 - Pays de la Loire;H;65 à 69 ans;2024;16639
72;72 - Sarthe;52;52 - Pays de la Loire;H;80 ans et plus;2024;14272
72;72 - Sarthe;52;52 - Pays de la Loire;F;30 à 34 ans;2024;15176
72;72 - Sarthe;52;52 - Pays de la Loire;F;35 à 39 ans;2024;16363
72;72 - Sarthe;52;52 - Pays de la Loire;F;45 à 49 ans;2024;16804
72;72 - Sarthe;52;52 - Pays de la Loire;F;50 à 54 ans;2024;19116
72;72 - Sarthe;52;52 - Pays de la Loire;F;65 à 69 ans;2024;18549
73;73 - Savoie;84;84 - Auvergne-Rhône-Alpes;H;0 à 4 ans;2024;10944
73;73 - Savoie;84;84 - Auvergne-Rhône-Alpes;H;5 à 9 ans;2024;13097
73;73 - Savoie;84;84 - Auvergne-Rhône-Alpes;H;15 à 19 ans;2024;13983
73;73 - Savoie;84;84 - Auvergne-Rhône-Alpes;H;25 à 29 ans;2024;11850
73;73 - Savoie;84;84 - Auvergne-Rhône-Alpes;H;30 à 34 ans;2024;13261
73;73 - Savoie;84;84 - Auvergne-Rhône-Alpes;H;35 à 39 ans;2024;14459
73;73 - Savoie;84;84 - Auvergne-Rhône-Alpes;H;50 à 54 ans;2024;15760
73;73 - Savoie;84;84 - Auvergne-Rhône-Alpes;H;55 à 59 ans;2024;15395
73;73 - Savoie;84;84 - Auvergne-Rhône-Alpes;H;60 à 64 ans;2024;14252
73;73 - Savoie;84;84 - Auvergne-Rhône-Alpes;H;80 ans et plus;2024;10221
73;73 - Savoie;84;84 - Auvergne-Rhône-Alpes;F;25 à 29 ans;2024;10982
73;73 - Savoie;84;84 - Auvergne-Rhône-Alpes;F;40 à 44 ans;2024;14975
73;73 - Savoie;84;84 - Auvergne-Rhône-Alpes;F;55 à 59 ans;2024;15283
73;73 - Savoie;84;84 - Auvergne-Rhône-Alpes;F;65 à 69 ans;2024;13940
73;73 - Savoie;84;84 - Auvergne-Rhône-Alpes;F;75 à 79 ans;2024;10975
74;74 - Haute-Savoie;84;84 - Auvergne-Rhône-Alpes;H;10 à 14 ans;2024;28184
74;74 - Haute-Savoie;84;84 - Auvergne-Rhône-Alpes;H;45 à 49 ans;2024;28974
74;74 - Haute-Savoie;84;84 - Auvergne-Rhône-Alpes;H;60 à 64 ans;2024;23897
74;74 - Haute-Savoie;84;84 - Auvergne-Rhône-Alpes;F;0 à 4 ans;2024;23437
74;74 - Haute-Savoie;84;84 - Auvergne-Rhône-Alpes;F;10 à 14 ans;2024;26775
74;74 - Haute-Savoie;84;84 - Auvergne-Rhône-Alpes;F;15 à 19 ans;2024;23119
74;74 - Haute-Savoie;84;84 - Auvergne-Rhône-Alpes;F;40 à 44 ans;2024;31927
74;74 - Haute-Savoie;84;84 - Auvergne-Rhône-Alpes;F;45 à 49 ans;2024;28553
74;74 - Haute-Savoie;84;84 - Auvergne-Rhône-Alpes;F;50 à 54 ans;2024;29977
74;74 - Haute-Savoie;84;84 - Auvergne-Rhône-Alpes;F;55 à 59 ans;2024;28294
74;74 - Haute-Savoie;84;84 - Auvergne-Rhône-Alpes;F;80 ans et plus;2024;26531
75;75 - Paris;11;11 - Île-de-France;H;5 à 9 ans;2024;40236
75;75 - Paris;11;11 - Île-de-France;H;35 à 39 ans;2024;74146
75;75 - Paris;11;11 - Île-de-France;H;40 à 44 ans;2024;63185
75;75 - Paris;11;11 - Île-de-France;H;55 à 59 ans;2024;59103
75;75 - Paris;11;11 - Île-de-France;H;75 à 79 ans;2024;34559
75;75 - Paris;11;11 - Île-de-France;F;5 à 9 ans;2024;38353
75;75 - Paris;11;11 - Île-de-France;F;25 à 29 ans;2024;106831
75;75 - Paris;11;11 - Île-de-France;F;60 à 64 ans;2024;59254
76;76 - Seine-Maritime;28;28 - Normandie;H;35 à 39 ans;2024;38583
76;76 - Seine-Maritime;28;28 - Normandie;H;50 à 54 ans;2024;39773
76;76 - Seine-Maritime;28;28 - Normandie;H;60 à 64 ans;2024;37157
76;76 - Seine-Maritime;28;28 - Normandie;H;65 à 69 ans;2024;34069
76;76 - Seine-Maritime;28;28 - Normandie;H;70 à 74 ans;2024;31675
76;76 - Seine-Maritime;28;28 - Normandie;H;80 ans et plus;2024;26389
76;76 - Seine-Maritime;28;28 - Normandie;F;0 à 4 ans;2024;31705
76;76 - Seine-Maritime;28;28 - Normandie;F;30 à 34 ans;2024;37371
76;76 - Seine-Maritime;28;28 - Normandie;F;55 à 59 ans;2024;40904
76;76 - Seine-Maritime;28;28 - Normandie;F;70 à 74 ans;2024;38875
76;76 - Seine-Maritime;28;28 - Normandie;F;75 à 79 ans;2024;30750
77;77 - Seine-et-Marne;11;11 - Île-de-France;H;5 à 9 ans;2024;49679
77;77 - Seine-et-Marne;11;11 - Île-de-France;H;50 à 54 ans;2024;48858
77;77 - Seine-et-Marne;11;11 - Île-de-France;H;55 à 59 ans;2024;45414
77;77 - Seine-et-Marne;11;11 - Île-de-France;H;60 à 64 ans;2024;40040
77;77 - Seine-et-Marne;11;11 - Île-de-France;F;0 à 4 ans;2024;43367
77;77 - Seine-et-Marne;11;11 - Île-de-France;F;10 à 14 ans;2024;51293
77;77 - Seine-et-Marne;11;11 - Île-de-France;F;55 à 59 ans;2024;46752
77;77 - Seine-et-Marne;11;11 - Île-de-France;F;60 à 64 ans;2024;41991
78;78 - Yvelines;11;11 - Île-de-France;H;10 à 14 ans;2024;54017
78;78 - Yvelines;11;11 - Île-de-France;H;15 à 19 ans;2024;50627
78;78 - Yvelines;11;11 - Île-de-France;H;20 à 24 ans;2024;44915
78;78 - Yvelines;11;11 - Île-de-France;H;60 à 64 ans;2024;39584
78;78 - Yvelines;11;11 - Île-de-France;H;75 à 79 ans;2024;23452
78;78 - Yvelines;11;11 - Île-de-France;H;80 ans et plus;2024;29038
78;78 - Yvelines;11;11 - Île-de-France;F;15 à 19 ans;2024;46813
78;78 - Yvelines;11;11 - Île-de-France;F;20 à 24 ans;2024;42602
78;78 - Yvelines;11;11 - Île-de-France;F;25 à 29 ans;2024;41355
78;78 - Yvelines;11;11 - Île-de-France;F;50 à 54 ans;2024;51122
78;78 - Yvelines;11;11 - Île-de-France;F;55 à 59 ans;2024;48528
78;78 - Yvelines;11;11 - Île-de-France;F;60 à 64 ans;2024;43101
78;78 - Yvelines;11;11 - Île-de-France;F;70 à 74 ans;2024;33676
79;79 - Deux-Sèvres;75;75 - Nouvelle-Aquitaine;H;10 à 14 ans;2024;12004
79;79 - Deux-Sèvres;75;75 - Nouvelle-Aquitaine;H;40 à 44 ans;2024;11429
79;79 - Deux-Sèvres;75;75 - Nouvelle-Aquitaine;H;65 à 69 ans;2024;11825
79;79 - Deux-Sèvres;75;75 - Nouvelle-Aquitaine;H;70 à 74 ans;2024;10755
79;79 - Deux-Sèvres;75;75 - Nouvelle-Aquitaine;F;5 à 9 ans;2024;10037
79;79 - Deux-Sèvres;75;75 - Nouvelle-Aquitaine;F;20 à 24 ans;2024;7589
79;79 - Deux-Sèvres;75;75 - Nouvelle-Aquitaine;F;30 à 34 ans;2024;9476
79;79 - Deux-Sèvres;75;75 - Nouvelle-Aquitaine;F;65 à 69 ans;2024;12675
80;80 - Somme;32;32 - Hauts-de-France;H;0 à 4 ans;2024;13552
80;80 - Somme;32;32 - Hauts-de-France;H;5 à 9 ans;2024;15864
80;80 - Somme;32;32 - Hauts-de-France;H;30 à 34 ans;2024;15946
80;80 - Somme;32;32 - Hauts-de-France;H;35 à 39 ans;2024;16841
80;80 - Somme;32;32 - Hauts-de-France;H;50 à 54 ans;2024;18718
80;80 - Somme;32;32 - Hauts-de-France;H;75 à 79 ans;2024;11203
80;80 - Somme;32;32 - Hauts-de-France;F;25 à 29 ans;2024;15698
80;80 - Somme;32;32 - Hauts-de-France;F;55 à 59 ans;2024;18212
80;80 - Somme;32;32 - Hauts-de-France;F;60 à 64 ans;2024;18012
80;80 - Somme;32;32 - Hauts-de-France;F;75 à 79 ans;2024;14097
81;81 - Tarn;76;76 - Occitanie;H;0 à 4 ans;2024;8377
81;81 - Tarn;76;76 - Occitanie;H;5 à 9 ans;2024;10614
81;81 - Tarn;76;76 - Occitanie;H;25 à 29 ans;2024;8793
81;81 - Tarn;76;76 - Occitanie;H;55 à 59 ans;2024;13518
81;81 - Tarn;76;76 - Occitanie;H;60 à 64 ans;2024;13547
81;81 - Tarn;76;76 - Occitanie;F;5 à 9 ans;2024;10265
81;81 - Tarn;76;76 - Occitanie;F;25 à 29 ans;2024;8723
81;81 - Tarn;76;76 - Occitanie;F;35 à 39 ans;2024;11140
81;81 - Tarn;76;76 - Occitanie;F;55 à 59 ans;2024;14201
81;81 - Tarn;76;76 - Occitanie;F;65 à 69 ans;2024;14075
81;81 - Tarn;76;76 - Occitanie;F;80 ans et plus;2024;20492
82;82 - Tarn-et-Garonne;76;76 - Occitanie;H;10 à 14 ans;2024;9232
82;82 - Tarn-et-Garonne;76;76 - Occitanie;H;20 à 24 ans;2024;6608
82;82 - Tarn-et-Garonne;76;76 - Occitanie;H;25 à 29 ans;2024;6004
82;82 - Tarn-et-Garonne;76;76 - Occitanie;H;40 à 44 ans;2024;8421
82;82 - Tarn-et-Garonne;76;76 - Occitanie;H;45 à 49 ans;2024;8466
82;82 - Tarn-et-Garonne;76;76 - Occitanie;H;55 à 59 ans;2024;8641
82;82 - Tarn-et-Garonne;76;76 - Occitanie;H;75 à 79 ans;2024;5919
82;82 - Tarn-et-Garonne;76;76 - Occitanie;H;80 ans et plus;2024;6847
82;82 - Tarn-et-Garonne;76;76 - Occitanie;F;10 à 14 ans;2024;8917
82;82 - Tarn-et-Garonne;76;76 - Occitanie;F;15 à 19 ans;2024;7503
82;82 - Tarn-et-Garonne;76;76 - Occitanie;F;25 à 29 ans;2024;5897
82;82 - Tarn-et-Garonne;76;76 - Occitanie;F;30 à 34 ans;2024;7014
82;82 - Tarn-et-Garonne;76;76 - Occitanie;F;40 à 44 ans;2024;8804
82;82 - Tarn-et-Garonne;76;76 - Occitanie;F;45 à 49 ans;2024;8653
82;82 - Tarn-et-Garonne;76;76 - Occitanie;F;55 à 59 ans;2024;8906
83;83 - Var;93;93 - Provence-Alpes-Côte d'Azur;H;0 à 4 ans;2024;25747
83;83 - Var;93;93 - Provence-Alpes-Côte d'Azur;H;10 à 14 ans;2024;31611
83;83 - Var;93;93 - Provence-Alpes-Côte d'Azur;H;15 à 19 ans;2024;30192
83;83 - Var;93;93 - Provence-Alpes-Côte d'Azur;H;25 à 29 ans;2024;26561
83;83 - Var;93;93 - Provence-Alpes-Côte d'Azur;H;35 à 39 ans;2024;31935
83;83 - Var;93;93 - Provence-Alpes-Côte d'Azur;H;45 à 49 ans;2024;32046
83;83 - Var;93;93 - Provence-Alpes-Côte d'Azur;H;50 à 54 ans;2024;36211
83;83 - Var;93;93 - Provence-Alpes-Côte d'Azur;H;60 à 64 ans;2024;36866
83;83 - Var;93;93 - Provence-Alpes-Côte d'Azur;H;70 à 74 ans;2024;34066
83;83 - Var;93;93 - Provence-Alpes-Côte d'Azur;F;0 à 4 ans;2024;23747
83;83 - Var;93;93 - Provence-Alpes-Côte d'Azur;F;5 à 9 ans;2024;26829
83;83 - Var;93;93 - Provence-Alpes-Côte d'Azur;F;25 à 29 ans;2024;25749
83;83 - Var;93;93 - Provence-Alpes-Côte d'Azur;F;40 à 44 ans;2024;34060
83;83 - Var;93;93 - Provence-Alpes-Côte d'Azur;F;50 à 54 ans;2024;38661
83;83 - Var;93;93 - Provence-Alpes-Côte d'Azur;F;60 à 64 ans;2024;40752
83;83 - Var;93;93 - Provence-Alpes-Côte d'Azur;F;65 à 69 ans;2024;41290
84;84 - Vaucluse;93;93 - Provence-Alpes-Côte d'Azur;H;0 à 4 ans;2024;14374
84;84 - Vaucluse;93;93 - Provence-Alpes-Côte d'Azur;H;5 à 9 ans;2024;16783
84;84 - Vaucluse;93;93 - Provence-Alpes-Côte d'Azur;H;20 à 24 ans;2024;13906
84;84 - Vaucluse;93;93 - Provence-Alpes-Côte d'Azur;H;30 à 34 ans;2024;14922
84;84 - Vaucluse;93;93 - Provence-Alpes-Côte d'Azur;H;35 à 39 ans;2024;16379
84;84 - Vaucluse;93;93 - Provence-Alpes-Côte d'Azur;H;40 à 44 ans;2024;16945
84;84 - Vaucluse;93;93 - Provence-Alpes-Côte d'Azur;H;50 à 54 ans;2024;18454
84;84 - Vaucluse;93;93 - Provence-Alpes-Côte d'Azur;H;70 à 74 ans;2024;15562
84;84 - Vaucluse;93;93 - Provence-Alpes-Côte d'Azur;F;15 à 19 ans;2024;16094
84;84 - Vaucluse;93;93 - Provence-Alpes-Côte d'Azur;F;25 à 29 ans;2024;13426
84;84 - Vaucluse;93;93 - Provence-Alpes-Côte d'Azur;F;50 à 54 ans;2024;19327
84;84 - Vaucluse;93;93 - Provence-Alpes-Côte d'Azur;F;60 à 64 ans;2024;20357
84;84 - Vaucluse;93;93 - Provence-Alpes-Côte d'Azur;F;80 ans et plus;2024;24595
85;85 - Vendée;52;52 - Pays de la Loire;H;5 à 9 ans;2024;19614
85;85 - Vendée;52;52 - Pays de la Loire;H;10 à 14 ans;2024;22906
85;85 - Vendée;52;52 - Pays de la Loire;H;25 à 29 ans;2024;16062
85;85 - Vendée;52;52 - Pays de la Loire;H;40 à 44 ans;2024;22307
85;85 - Vendée;52;52 - Pays de la Loire;H;80 ans et plus;2024;19943
85;85 - Vendée;52;52 - Pays de la Loire;F;0 à 4 ans;2024;14416
86;86 - Vienne;75;75 - Nouvelle-Aquitaine;H;5 à 9 ans;2024;11753
86;86 - Vienne;75;75 - Nouvelle-Aquitaine;H;30 à 34 ans;2024;11472
86;86 - Vienne;75;75 - Nouvelle-Aquitaine;H;40 à 44 ans;2024;12823
86;86 - Vienne;75;75 - Nouvelle-Aquitaine;H;45 à 49 ans;2024;12476
86;86 - Vienne;75;75 - Nouvelle-Aquitaine;H;75 à 79 ans;2024;9168
86;86 - Vienne;75;75 - Nouvelle-Aquitaine;F;15 à 19 ans;2024;14567
86;86 - Vienne;75;75 - Nouvelle-Aquitaine;F;35 à 39 ans;2024;12579
86;86 - Vienne;75;75 - Nouvelle-Aquitaine;F;40 à 44 ans;2024;13447
86;86 - Vienne;75;75 - Nouvelle-Aquitaine;F;50 à 54 ans;2024;14325
86;86 - Vienne;75;75 - Nouvelle-Aquitaine;F;55 à 59 ans;2024;14362
86;86 - Vienne;75;75 - Nouvelle-Aquitaine;F;60 à 64 ans;2024;14069
87;87 - Haute-Vienne;75;75 - Nouvelle-Aquitaine;H;5 à 9 ans;2024;9403
87;87 - Haute-Vienne;75;75 - Nouvelle-Aquitaine;H;10 à 14 ans;2024;10069
87;87 - Haute-Vienne;75;75 - Nouvelle-Aquitaine;H;55 à 59 ans;2024;11916
87;87 - Haute-Vienne;75;75 - Nouvelle-Aquitaine;H;60 à 64 ans;2024;11887
87;87 - Haute-Vienne;75;75 - Nouvelle-Aquitaine;H;65 à 69 ans;2024;11490
87;87 - Haute-Vienne;75;75 - Nouvelle-Aquitaine;H;75 à 79 ans;2024;9035
87;87 - Haute-Vienne;75;75 - Nouvelle-Aquitaine;F;0 à 4 ans;2024;7652
87;87 - Haute-Vienne;75;75 - Nouvelle-Aquitaine;F;10 à 14 ans;2024;10171
87;87 - Haute-Vienne;75;75 - Nouvelle-Aquitaine;F;15 à 19 ans;2024;11012
87;87 - Haute-Vienne;75;75 - Nouvelle-Aquitaine;F;20 à 24 ans;2024;11049
87;87 - Haute-Vienne;75;75 - Nouvelle-Aquitaine;F;70 à 74 ans;2024;13564
87;87 - Haute-Vienne;75;75 - Nouvelle-Aquitaine;F;75 à 79 ans;2024;10917
88;88 - Vosges;44;44 - Grand Est;H;10 à 14 ans;2024;10461
88;88 - Vosges;44;44 - Grand Est;H;20 à 24 ans;2024;9121
88;88 - Vosges;44;44 - Grand Est;H;25 à 29 ans;2024;8516
88;88 - Vosges;44;44 - Grand Est;H;30 à 34 ans;2024;8959
88;88 - Vosges;44;44 - Grand Est;H;40 à 44 ans;2024;10402
88;88 - Vosges;44;44 - Grand Est;H;45 à 49 ans;2024;10102
88;88 - Vosges;44;44 - Grand Est;H;75 à 79 ans;2024;8581
88;88 - Vosges;44;44 - Grand Est;F;5 à 9 ans;2024;8900
88;88 - Vosges;44;44 - Grand Est;F;15 à 19 ans;2024;9331
88;88 - Vosges;44;44 - Grand Est;F;20 à 24 ans;2024;7611
88;88 - Vosges;44;44 - Grand Est;F;40 à 44 ans;2024;10452
88;88 - Vosges;44;44 - Grand Est;F;75 à 79 ans;2024;10353
89;89 - Yonne;27;27 - Bourgogne-Franche-Comté;H;5 à 9 ans;2024;9482
89;89 - Yonne;27;27 - Bourgogne-Franche-Comté;H;15 à 19 ans;2024;10024
89;89 - Yonne;27;27 - Bourgogne-Franche-Comté;H;30 à 34 ans;2024;8395
89;89 - Yonne;27;27 - Bourgogne-Franche-Comté;H;45 à 49 ans;2024;9851
89;89 - Yonne;27;27 - Bourgogne-Franche-Comté;H;50 à 54 ans;2024;11358
89;89 - Yonne;27;27 - Bourgogne-Franche-Comté;H;65 à 69 ans;2024;10833
89;89 - Yonne;27;27 - Bourgogne-Franche-Comté;H;80 ans et plus;2024;8601
89;89 - Yonne;27;27 - Bourgogne-Franche-Comté;F;20 à 24 ans;2024;6249
89;89 - Yonne;27;27 - Bourgogne-Franche-Comté;F;25 à 29 ans;2024;7004
89;89 - Yonne;27;27 - Bourgogne-Franche-Comté;F;30 à 34 ans;2024;8329
89;89 - Yonne;27;27 - Bourgogne-Franche-Comté;F;50 à 54 ans;2024;11466
89;89 - Yonne;27;27 - Bourgogne-Franche-Comté;F;55 à 59 ans;2024;11762
89;89 - Yonne;27;27 - Bourgogne-Franche-Comté;F;60 à 64 ans;2024;11924
89;89 - Yonne;27;27 - Bourgogne-Franche-Comté;F;65 à 69 ans;2024;11819
89;89 - Yonne;27;27 - Bourgogne-Franche-Comté;F;75 à 79 ans;2024;9346
90;90 - Territoire de Belfort;27;27 - Bourgogne-Franche-Comté;H;0 à 4 ans;2024;3382
90;90 - Territoire de Belfort;27;27 - Bourgogne-Franche-Comté;H;15 à 19 ans;2024;4941
90;90 - Territoire de Belfort;27;27 - Bourgogne-Franche-Comté;H;25 à 29 ans;2024;4125
90;90 - Territoire de Belfort;27;27 - Bourgogne-Franche-Comté;H;30 à 34 ans;2024;4072
90;90 - Territoire de Belfort;27;27 - Bourgogne-Franche-Comté;H;40 à 44 ans;2024;4276
90;90 - Territoire de Belfort;27;27 - Bourgogne-Franche-Comté;H;60 à 64 ans;2024;4034
90;90 - Territoire de Belfort;27;27 - Bourgogne-Franche-Comté;H;75 à 79 ans;2024;2704
90;90 - Territoire de Belfort;27;27 - Bourgogne-Franche-Comté;F;0 à 4 ans;2024;3175
90;90 - Territoire de Belfort;27;27 - Bourgogne-Franche-Comté;F;30 à 34 ans;2024;3920
90;90 - Territoire de Belfort;27;27 - Bourgogne-Franche-Comté;F;35 à 39 ans;2024;4237
90;90 - Territoire de Belfort;27;27 - Bourgogne-Franche-Comté;F;40 à 44 ans;2024;4446
90;90 - Territoire de Belfort;27;27 - Bourgogne-Franche-Comté;F;45 à 49 ans;2024;4255
90;90 - Territoire de Belfort;27;27 - Bourgogne-Franche-Comté;F;50 à 54 ans;2024;4652
90;90 - Territoire de Belfort;27;27 - Bourgogne-Franche-Comté;F;55 à 59 ans;2024;4540
90;90 - Territoire de Belfort;27;27 - Bourgogne-Franche-Comté;F;60 à 64 ans;2024;4470
90;90 - Territoire de Belfort;27;27 - Bourgogne-Franche-Comté;F;65 à 69 ans;2024;4369
90;90 - Territoire de Belfort;27;27 - Bourgogne-Franche-Comté;F;80 ans et plus;2024;5103
91;91 - Essonne;11;11 - Île-de-France;H;10 à 14 ans;2024;47889
91;91 - Essonne;11;11 - Île-de-France;H;15 à 19 ans;2024;46243
91;91 - Essonne;11;11 - Île-de-France;H;60 à 64 ans;2024;36255
91;91 - Essonne;11;11 - Île-de-France;F;0 à 4 ans;2024;41059
91;91 - Essonne;11;11 - Île-de-France;F;50 à 54 ans;2024;43884
91;91 - Essonne;11;11 - Île-de-France;F;55 à 59 ans;2024;41942
91;91 - Essonne;11;11 - Île-de-France;F;60 à 64 ans;2024;37352
91;91 - Essonne;11;11 - Île-de-France;F;65 à 69 ans;2024;31328
91;91 - Essonne;11;11 - Île-de-France;F;70 à 74 ans;2024;28375
91;91 - Essonne;11;11 - Île-de-France;F;75 à 79 ans;2024;24151
92;92 - Hauts-de-Seine;11;11 - Île-de-France;H;10 à 14 ans;2024;52193
92;92 - Hauts-de-Seine;11;11 - Île-de-France;H;25 à 29 ans;2024;57765
92;92 - Hauts-de-Seine;11;11 - Île-de-France;H;30 à 34 ans;2024;60139
92;92 - Hauts-de-Seine;11;11 - Île-de-France;H;40 à 44 ans;2024;57235
92;92 - Hauts-de-Seine;11;11 - Île-de-France;H;60 à 64 ans;2024;40426
92;92 - Hauts-de-Seine;11;11 - Île-de-France;H;75 à 79 ans;2024;23484
92;92 - Hauts-de-Seine;11;11 - Île-de-France;H;80 ans et plus;2024;28591
92;92 - Hauts-de-Seine;11;11 - Île-de-France;F;15 à 19 ans;2024;49816
92;92 - Hauts-de-Seine;11;11 - Île-de-France;F;25 à 29 ans;2024;60376
92;92 - Hauts-de-Seine;11;11 - Île-de-France;F;70 à 74 ans;2024;35815
93;93 - Seine-Saint-Denis;11;11 - Île-de-France;H;0 à 4 ans;2024;57658
93;93 - Seine-Saint-Denis;11;11 - Île-de-France;H;5 à 9 ans;2024;59177
93;93 - Seine-Saint-Denis;11;11 - Île-de-France;H;20 à 24 ans;2024;60075
93;93 - Seine-Saint-Denis;11;11 - Île-de-France;H;35 à 39 ans;2024;61276
93;93 - Seine-Saint-Denis;11;11 - Île-de-France;H;40 à 44 ans;2024;59937
93;93 - Seine-Saint-Denis;11;11 - Île-de-France;H;45 à 49 ans;2024;56656
93;93 - Seine-Saint-Denis;11;11 - Île-de-France;H;50 à 54 ans;2024;53067
93;93 - Seine-Saint-Denis;11;11 - Île-de-France;H;55 à 59 ans;2024;47630
93;93 - Seine-Saint-Denis;11;11 - Île-de-France;H;75 à 79 ans;2024;20116
93;93 - Seine-Saint-Denis;11;11 - Île-de-France;F;0 à 4 ans;2024;54923
93;93 - Seine-Saint-Denis;11;11 - Île-de-France;F;15 à 19 ans;2024;57549
93;93 - Seine-Saint-Denis;11;11 - Île-de-France;F;40 à 44 ans;2024;61555
94;94 - Val-de-Marne;11;11 - Île-de-France;H;0 à 4 ans;2024;41071
94;94 - Val-de-Marne;11;11 - Île-de-France;H;15 à 19 ans;2024;46519
94;94 - Val-de-Marne;11;11 - Île-de-France;H;25 à 29 ans;2024;50339
94;94 - Val-de-Marne;11;11 - Île-de-France;H;45 à 49 ans;2024;45417
94;94 - Val-de-Marne;11;11 - Île-de-France;H;50 à 54 ans;2024;44697
94;94 - Val-de-Marne;11;11 - Île-de-France;H;55 à 59 ans;2024;41150
94;94 - Val-de-Marne;11;11 - Île-de-France;H;80 ans et plus;2024;24057
94;94 - Val-de-Marne;11;11 - Île-de-France;F;0 à 4 ans;2024;40200
94;94 - Val-de-Marne;11;11 - Île-de-France;F;5 à 9 ans;2024;41745
94;94 - Val-de-Marne;11;11 - Île-de-France;F;15 à 19 ans;2024;43588
94;94 - Val-de-Marne;11;11 - Île-de-France;F;25 à 29 ans;2024;50847
94;94 - Val-de-Marne;11;11 - Île-de-France;F;40 à 44 ans;2024;50498
94;94 - Val-de-Marne;11;11 - Île-de-France;F;50 à 54 ans;2024;46357
94;94 - Val-de-Marne;11;11 - Île-de-France;F;55 à 59 ans;2024;45049
95;95 - Val-d'Oise;11;11 - Île-de-France;H;10 à 14 ans;2024;47806
95;95 - Val-d'Oise;11;11 - Île-de-France;H;65 à 69 ans;2024;26064
95;95 - Val-d'Oise;11;11 - Île-de-France;H;70 à 74 ans;2024;22549
95;95 - Val-d'Oise;11;11 - Île-de-France;H;80 ans et plus;2024;18136
95;95 - Val-d'Oise;11;11 - Île-de-France;F;0 à 4 ans;2024;41058
95;95 - Val-d'Oise;11;11 - Île-de-France;F;10 à 14 ans;2024;45469
95;95 - Val-d'Oise;11;11 - Île-de-France;F;15 à 19 ans;2024;42689
95;95 - Val-d'Oise;11;11 - Île-de-France;F;20 à 24 ans;2024;40447
95;95 - Val-d'Oise;11;11 - Île-de-France;F;25 à 29 ans;2024;40437
95;95 - Val-d'Oise;11;11 - Île-de-France;F;60 à 64 ans;2024;35848
95;95 - Val-d'Oise;11;11 - Île-de-France;F;70 à 74 ans;2024;27112
971;971 - Guadeloupe;01;01 - Guadeloupe;H;25 à 29 ans;2024;7318
971;971 - Guadeloupe;01;01 - Guadeloupe;H;35 à 39 ans;2024;7689
971;971 - Guadeloupe;01;01 - Guadeloupe;H;45 à 49 ans;2024;9878
971;971 - Guadeloupe;01;01 - Guadeloupe;H;60 à 64 ans;2024;14795
971;971 - Guadeloupe;01;01 - Guadeloupe;H;75 à 79 ans;2024;7342
971;971 - Guadeloupe;01;01 - Guadeloupe;F;15 à 19 ans;2024;11623
971;971 - Guadeloupe;01;01 - Guadeloupe;F;25 à 29 ans;2024;8774
971;971 - Guadeloupe;01;01 - Guadeloupe;F;35 à 39 ans;2024;11204
971;971 - Guadeloupe;01;01 - Guadeloupe;F;45 à 49 ans;2024;13572
971;971 - Guadeloupe;01;01 - Guadeloupe;F;60 à 64 ans;2024;16446
971;971 - Guadeloupe;01;01 - Guadeloupe;F;75 à 79 ans;2024;9689
972;972 - Martinique;02;02 - Martinique;H;0 à 4 ans;2024;7804
972;972 - Martinique;02;02 - Martinique;H;25 à 29 ans;2024;6704
972;972 - Martinique;02;02 - Martinique;H;45 à 49 ans;2024;8549
972;972 - Martinique;02;02 - Martinique;H;55 à 59 ans;2024;14142
972;972 - Martinique;02;02 - Martinique;H;65 à 69 ans;2024;12281
972;972 - Martinique;02;02 - Martinique;H;70 à 74 ans;2024;10066
972;972 - Martinique;02;02 - Martinique;H;75 à 79 ans;2024;7188
972;972 - Martinique;02;02 - Martinique;H;80 ans et plus;2024;8922
972;972 - Martinique;02;02 - Martinique;F;20 à 24 ans;2024;7758
972;972 - Martinique;02;02 - Martinique;F;45 à 49 ans;2024;11452
972;972 - Martinique;02;02 - Martinique;F;50 à 54 ans;2024;15068
972;972 - Martinique;02;02 - Martinique;F;65 à 69 ans;2024;14537
973;973 - Guyane;03;03 - Guyane;H;20 à 24 ans;2024;9373
973;973 - Guyane;03;03 - Guyane;H;30 à 34 ans;2024;8898
973;973 - Guyane;03;03 - Guyane;H;40 à 44 ans;2024;9043
973;973 - Guyane;03;03 - Guyane;H;60 à 64 ans;2024;5332
973;973 - Guyane;03;03 - Guyane;H;75 à 79 ans;2024;1700
973;973 - Guyane;03;03 - Guyane;H;80 ans et plus;2024;1514
973;973 - Guyane;03;03 - Guyane;F;0 à 4 ans;2024;14110
973;973 - Guyane;03;03 - Guyane;F;10 à 14 ans;2024;15021
973;973 - Guyane;03;03 - Guyane;F;15 à 19 ans;2024;13736
973;973 - Guyane;03;03 - Guyane;F;40 à 44 ans;2024;10528
973;973 - Guyane;03;03 - Guyane;F;50 à 54 ans;2024;8070
973;973 - Guyane;03;03 - Guyane;F;65 à 69 ans;2024;4048
973;973 - Guyane;03;03 - Guyane;F;80 ans et plus;2024;2217
974;974 - La Réunion;04;04 - La Réunion;H;0 à 4 ans;2024;27860
974;974 - La Réunion;04;04 - La Réunion;H;5 à 9 ans;2024;32297
974;974 - La Réunion;04;04 - La Réunion;H;10 à 14 ans;2024;34470
974;974 - La Réunion;04;04 - La Réunion;H;40 à 44 ans;2024;25394
974;974 - La Réunion;04;04 - La Réunion;H;45 à 49 ans;2024;26044
974;974 - La Réunion;04;04 - La Réunion;H;80 ans et plus;2024;11500
974;974 - La Réunion;04;04 - La Réunion;F;10 à 14 ans;2024;33807
974;974 - La Réunion;04;04 - La Réunion;F;35 à 39 ans;2024;30932
974;974 - La Réunion;04;04 - La Réunion;F;40 à 44 ans;2024;31294
974;974 - La Réunion;04;04 - La Réunion;F;45 à 49 ans;2024;30568
974;974 - La Réunion;04;04 - La Réunion;F;60 à 64 ans;2024;29796
974;974 - La Réunion;04;04 - La Réunion;F;80 ans et plus;2024;18016
976;976 - Mayotte;06;06 - Mayotte;H;5 à 9 ans;2024;23126
976;976 - Mayotte;06;06 - Mayotte;H;25 à 29 ans;2024;8588
976;976 - Mayotte;06;06 - Mayotte;H;40 à 44 ans;2024;8396
976;976 - Mayotte;06;06 - Mayotte;H;60 à 64 ans;2024;2782
976;976 - Mayotte;06;06 - Mayotte;F;20 à 24 ans;2024;11966
976;976 - Mayotte;06;06 - Mayotte;F;35 à 39 ans;2024;11830
976;976 - Mayotte;06;06 - Mayotte;F;50 à 54 ans;2024;4561
976;976 - Mayotte;06;06 - Mayotte;F;75 à 79 ans;2024;759
976;976 - Mayotte;06;06 - Mayotte;F;80 ans et plus;2024;758
